timestamp,open,high,low,close,volume
2025-11-11 15:00:00,104552.0,104552.0,103909.0,103960.0,493.6669
2025-11-11 15:15:00,103959.0,104245.0,103664.0,103674.0,407.30426
2025-11-11 15:30:00,103674.0,103697.0,103355.0,103511.0,1160.30331
2025-11-11 15:45:00,103510.0,103561.0,103163.0,103455.0,998.94653
2025-11-11 16:00:00,103455.0,103585.0,103184.0,103538.0,572.19168
2025-11-11 16:15:00,103538.0,103730.0,103350.0,103413.0,282.00142
2025-11-11 16:30:00,103413.0,103594.0,103264.0,103497.0,261.82536
2025-11-11 16:45:00,103499.0,103640.0,103324.0,103391.0,226.7282
2025-11-11 17:00:00,103391.0,103636.0,103260.0,103570.0,334.76567
2025-11-11 17:15:00,103568.0,103626.0,103350.0,103392.0,150.8059
2025-11-11 17:30:00,103392.0,103450.0,102794.0,102964.0,1537.80751
2025-11-11 17:45:00,102965.0,103383.0,102889.0,103313.0,458.54855
2025-11-11 18:00:00,103313.0,103550.0,103127.0,103217.0,341.78453
2025-11-11 18:15:00,103218.0,103378.0,103037.0,103281.0,349.20634
2025-11-11 18:30:00,103282.0,103419.0,103109.0,103143.0,349.05549
2025-11-11 18:45:00,103142.0,103511.0,103131.0,103380.0,249.63035
2025-11-11 19:00:00,103377.0,103377.0,102880.0,103071.0,796.43355
2025-11-11 19:15:00,103071.0,103429.0,103071.0,103393.0,210.61792
2025-11-11 19:30:00,103393.0,103441.0,103116.0,103166.0,227.61909
2025-11-11 19:45:00,103166.0,103376.0,103052.0,103095.0,171.37411
2025-11-11 20:00:00,103096.0,103096.0,102745.0,102982.0,598.3267
2025-11-11 20:15:00,102983.0,103201.0,102908.0,102917.0,244.30089
2025-11-11 20:30:00,102916.0,102916.0,102705.0,102802.0,425.59511
2025-11-11 20:45:00,102802.0,102878.0,102638.0,102765.0,186.3681
2025-11-11 21:00:00,102766.0,103088.0,102617.0,102946.0,394.16777
2025-11-11 21:15:00,102945.0,103045.0,102747.0,102754.0,179.42964
2025-11-11 21:30:00,102754.0,102767.0,102456.0,102527.0,538.74841
2025-11-11 21:45:00,102528.0,102811.0,102455.0,102611.0,345.14323
2025-11-11 22:00:00,102610.0,102826.0,102454.0,102754.0,357.05435
2025-11-11 22:15:00,102754.0,103000.0,102576.0,102928.0,350.33712
2025-11-11 22:30:00,102929.0,103056.0,102850.0,103015.0,194.56603
2025-11-11 22:45:00,103015.0,103121.0,102911.0,102975.0,78.04984
2025-11-11 23:00:00,102975.0,102994.0,102798.0,102977.0,302.3257
2025-11-11 23:15:00,102977.0,103181.0,102970.0,103098.0,572.74387
2025-11-11 23:30:00,103098.0,103098.0,102773.0,102971.0,548.7607
2025-11-11 23:45:00,102971.0,103098.0,102815.0,103034.0,521.80572
2025-11-12 00:00:00,103033.0,103309.0,102791.0,102898.0,447.26584
2025-11-12 00:15:00,102898.0,103182.0,102866.0,103051.0,184.87845
2025-11-12 00:30:00,103049.0,103059.0,102831.0,102963.0,133.09934
2025-11-12 00:45:00,102963.0,103041.0,102810.0,102865.0,95.95546
2025-11-12 01:00:00,102865.0,103219.0,102642.0,103145.0,540.36294
2025-11-12 01:15:00,103145.0,103263.0,103002.0,103128.0,130.32243
2025-11-12 01:30:00,103129.0,103267.0,103097.0,103160.0,165.7656
2025-11-12 01:45:00,103160.0,103356.0,103135.0,103229.0,389.95606
2025-11-12 02:00:00,103229.0,103350.0,103168.0,103306.0,103.21411
2025-11-12 02:15:00,103306.0,103389.0,103181.0,103282.0,112.32619
2025-11-12 02:30:00,103281.0,103294.0,102912.0,103012.0,338.19854
2025-11-12 02:45:00,103013.0,103227.0,102950.0,103125.0,186.45073
2025-11-12 03:00:00,103124.0,103233.0,103069.0,103190.0,51.85619
2025-11-12 03:15:00,103190.0,103364.0,103167.0,103297.0,146.54682
2025-11-12 03:30:00,103300.0,103361.0,103268.0,103323.0,45.88062
2025-11-12 03:45:00,103323.0,103439.0,103244.0,103295.0,250.76347
2025-11-12 04:00:00,103295.0,103428.0,103211.0,103428.0,71.23595
2025-11-12 04:15:00,103428.0,103453.0,103181.0,103186.0,73.05902
2025-11-12 04:30:00,103186.0,103212.0,102987.0,103044.0,160.35519
2025-11-12 04:45:00,103045.0,103228.0,103005.0,103225.0,217.7833
2025-11-12 05:00:00,103224.0,103337.0,103208.0,103280.0,209.38446
2025-11-12 05:15:00,103280.0,103446.0,103252.0,103355.0,168.03472
2025-11-12 05:30:00,103352.0,103376.0,103256.0,103375.0,66.95427
2025-11-12 05:45:00,103376.0,103463.0,103283.0,103393.0,44.4262
2025-11-12 06:00:00,103393.0,103630.0,103349.0,103540.0,247.90794
2025-11-12 06:15:00,103540.0,103648.0,103473.0,103517.0,80.29948
2025-11-12 06:30:00,103517.0,103550.0,103381.0,103432.0,110.73653
2025-11-12 06:45:00,103433.0,103458.0,103334.0,103345.0,77.23429
2025-11-12 07:00:00,103346.0,103532.0,103320.0,103502.0,131.6463
2025-11-12 07:15:00,103503.0,103538.0,103408.0,103418.0,55.49421
2025-11-12 07:30:00,103418.0,103503.0,103350.0,103379.0,47.30927
2025-11-12 07:45:00,103378.0,103379.0,103043.0,103110.0,153.75931
2025-11-12 08:00:00,103110.0,103300.0,103110.0,103269.0,50.89733
2025-11-12 08:15:00,103269.0,103866.0,103269.0,103832.0,264.7824
2025-11-12 08:30:00,103832.0,104204.0,103728.0,104034.0,257.65045
2025-11-12 08:45:00,104034.0,104196.0,103990.0,104128.0,156.58056
2025-11-12 09:00:00,104129.0,104891.0,104125.0,104778.0,456.50534
2025-11-12 09:15:00,104778.0,105062.0,104709.0,104719.0,379.87799
2025-11-12 09:30:00,104719.0,104832.0,104403.0,104577.0,348.86206
2025-11-12 09:45:00,104581.0,104581.0,104435.0,104506.0,51.10672
2025-11-12 10:00:00,104505.0,104814.0,104493.0,104794.0,149.97651
2025-11-12 10:15:00,104793.0,104851.0,104677.0,104738.0,147.01448
2025-11-12 10:30:00,104738.0,105038.0,104698.0,104813.0,157.09201
2025-11-12 10:45:00,104813.0,104937.0,104787.0,104887.0,85.58741
2025-11-12 11:00:00,104887.0,105198.0,104860.0,105056.0,173.49594
2025-11-12 11:15:00,105057.0,105144.0,104759.0,104761.0,369.77413
2025-11-12 11:30:00,104761.0,104928.0,104722.0,104726.0,225.05911
2025-11-12 11:45:00,104727.0,105000.0,104722.0,104994.0,132.02211
2025-11-12 12:00:00,104993.0,105150.0,104838.0,105120.0,124.34557
2025-11-12 12:15:00,105120.0,105299.0,104928.0,104928.0,239.58405
2025-11-12 12:30:00,104929.0,105029.0,104785.0,104824.0,97.31093
2025-11-12 12:45:00,104825.0,105067.0,104823.0,104960.0,114.44191
2025-11-12 13:00:00,104961.0,105000.0,104754.0,104847.0,112.34536
2025-11-12 13:15:00,104848.0,104972.0,104633.0,104933.0,439.30894
2025-11-12 13:30:00,104934.0,105133.0,104807.0,105057.0,245.33627
2025-11-12 13:45:00,105058.0,105142.0,104970.0,105019.0,99.49993
2025-11-12 14:00:00,105018.0,105018.0,104714.0,104914.0,193.14308
2025-11-12 14:15:00,104905.0,104939.0,104718.0,104741.0,347.05987
2025-11-12 14:30:00,104740.0,104873.0,104502.0,104678.0,632.24007
2025-11-12 14:45:00,104678.0,104836.0,103567.0,103952.0,1759.23275
2025-11-12 15:00:00,103951.0,104292.0,103700.0,103715.0,503.4812
2025-11-12 15:15:00,103725.0,103870.0,103245.0,103440.0,844.43346
2025-11-12 15:30:00,103439.0,103669.0,102631.0,102742.0,1263.81038
2025-11-12 15:45:00,102742.0,102781.0,101889.0,102169.0,1644.37104
2025-11-12 16:00:00,102168.0,102281.0,101285.0,101461.0,2026.48206
2025-11-12 16:15:00,101462.0,101896.0,101420.0,101796.0,1013.62834
2025-11-12 16:30:00,101785.0,102079.0,101578.0,101677.0,709.93094
2025-11-12 16:45:00,101678.0,101783.0,101358.0,101400.0,1043.84138
2025-11-12 17:00:00,101399.0,101796.0,101380.0,101514.0,623.57838
2025-11-12 17:15:00,101514.0,101640.0,101360.0,101569.0,341.76827
2025-11-12 17:30:00,101570.0,102131.0,101516.0,101824.0,325.09275
2025-11-12 17:45:00,101825.0,101840.0,101509.0,101727.0,337.18677
2025-11-12 18:00:00,101727.0,101931.0,101556.0,101635.0,283.87675
2025-11-12 18:15:00,101635.0,101774.0,101551.0,101570.0,202.89953
2025-11-12 18:30:00,101569.0,101820.0,101438.0,101465.0,273.41669
2025-11-12 18:45:00,101468.0,101572.0,101374.0,101506.0,271.62705
2025-11-12 19:00:00,101507.0,101532.0,101000.0,101112.0,816.04734
2025-11-12 19:15:00,101112.0,101267.0,100729.0,101035.0,689.34886
2025-11-12 19:30:00,101040.0,101520.0,100802.0,101321.0,929.34612
2025-11-12 19:45:00,101322.0,101390.0,101173.0,101249.0,352.83499
2025-11-12 20:00:00,101250.0,101514.0,101077.0,101410.0,517.70961
2025-11-12 20:15:00,101409.0,101764.0,101390.0,101700.0,340.54825
2025-11-12 20:30:00,101700.0,101825.0,101586.0,101665.0,305.08843
2025-11-12 20:45:00,101665.0,101690.0,101439.0,101500.0,225.16611
2025-11-12 21:00:00,101506.0,101872.0,101476.0,101866.0,295.63948
2025-11-12 21:15:00,101866.0,101866.0,101645.0,101694.0,143.38115
2025-11-12 21:30:00,101694.0,101887.0,101693.0,101771.0,262.52489
2025-11-12 21:45:00,101770.0,101907.0,101689.0,101895.0,180.54947
2025-11-12 22:00:00,101895.0,101895.0,101403.0,101436.0,357.00482
2025-11-12 22:15:00,101435.0,101717.0,101428.0,101660.0,205.52028
2025-11-12 22:30:00,101660.0,101795.0,101564.0,101795.0,235.66884
2025-11-12 22:45:00,101794.0,102000.0,101752.0,101980.0,347.62688
2025-11-12 23:00:00,101980.0,101981.0,101567.0,101762.0,424.30228
2025-11-12 23:15:00,101762.0,101970.0,101742.0,101851.0,198.96359
2025-11-12 23:30:00,101852.0,101906.0,101506.0,101519.0,254.88874
2025-11-12 23:45:00,101519.0,101650.0,101427.0,101623.0,279.867
2025-11-13 00:00:00,101624.0,101767.0,101573.0,101690.0,164.33007
2025-11-13 00:15:00,101690.0,101820.0,101425.0,101456.0,304.48165
2025-11-13 00:30:00,101456.0,102040.0,101455.0,101815.0,694.13517
2025-11-13 00:45:00,101816.0,101939.0,101763.0,101850.0,148.52162
2025-11-13 01:00:00,101849.0,102600.0,101815.0,102380.0,576.47924
2025-11-13 01:15:00,102380.0,102449.0,101837.0,101972.0,911.51812
2025-11-13 01:30:00,101975.0,102434.0,101936.0,102415.0,368.54462
2025-11-13 01:45:00,102418.0,102458.0,101932.0,101997.0,395.55654
2025-11-13 02:00:00,101997.0,102206.0,101962.0,102168.0,168.9583
2025-11-13 02:15:00,102168.0,102330.0,101976.0,101977.0,384.01798
2025-11-13 02:30:00,101977.0,102324.0,101977.0,102114.0,81.59266
2025-11-13 02:45:00,102113.0,102144.0,102010.0,102071.0,276.59615
2025-11-13 03:00:00,102071.0,102095.0,101272.0,101310.0,1124.14143
2025-11-13 03:15:00,101309.0,102120.0,100851.0,102087.0,972.92428
2025-11-13 03:30:00,102087.0,102516.0,102086.0,102387.0,359.38012
2025-11-13 03:45:00,102388.0,102500.0,102091.0,102091.0,243.59828
2025-11-13 04:00:00,102092.0,102159.0,101628.0,101970.0,579.0028
2025-11-13 04:15:00,101970.0,102383.0,101801.0,102103.0,358.12081
2025-11-13 04:30:00,102104.0,102179.0,101888.0,101967.0,156.45797
2025-11-13 04:45:00,101966.0,102178.0,101761.0,102089.0,110.14369
2025-11-13 05:00:00,102087.0,102087.0,101747.0,101829.0,85.78525
2025-11-13 05:15:00,101830.0,102222.0,101830.0,102217.0,94.13458
2025-11-13 05:30:00,102218.0,102519.0,102176.0,102515.0,261.63172
2025-11-13 05:45:00,102514.0,103387.0,102479.0,103122.0,1909.62154
2025-11-13 06:00:00,103122.0,103373.0,102910.0,103180.0,297.85725
2025-11-13 06:15:00,103180.0,103623.0,103175.0,103575.0,294.84947
2025-11-13 06:30:00,103577.0,103610.0,103288.0,103440.0,676.13387
2025-11-13 06:45:00,103440.0,103655.0,103386.0,103573.0,168.35166
2025-11-13 07:00:00,103572.0,103840.0,103572.0,103796.0,699.63829
2025-11-13 07:15:00,103797.0,104000.0,103713.0,103900.0,371.76466
2025-11-13 07:30:00,103900.0,103975.0,103479.0,103525.0,465.01833
2025-11-13 07:45:00,103523.0,103561.0,103306.0,103451.0,323.5408
2025-11-13 08:00:00,103451.0,103600.0,103235.0,103436.0,929.88065
2025-11-13 08:15:00,103436.0,103733.0,103353.0,103679.0,137.33654
2025-11-13 08:30:00,103679.0,103763.0,103578.0,103763.0,268.66666
2025-11-13 08:45:00,103763.0,103772.0,103524.0,103656.0,176.41019
2025-11-13 09:00:00,103656.0,103732.0,102527.0,102805.0,1091.97505
2025-11-13 09:15:00,102804.0,103166.0,102600.0,102882.0,309.31268
2025-11-13 09:30:00,102881.0,103144.0,102837.0,103060.0,234.17578
2025-11-13 09:45:00,103060.0,103071.0,102599.0,102814.0,196.42454
2025-11-13 10:00:00,102815.0,103066.0,102796.0,102797.0,143.68872
2025-11-13 10:15:00,102796.0,103278.0,102754.0,103054.0,93.12924
2025-11-13 10:30:00,103054.0,103100.0,102856.0,102961.0,118.06615
2025-11-13 10:45:00,102961.0,102994.0,102862.0,102972.0,90.04424
2025-11-13 11:00:00,102971.0,103161.0,102953.0,103082.0,124.60816
2025-11-13 11:15:00,103083.0,103127.0,102857.0,102897.0,151.44356
2025-11-13 11:30:00,102896.0,102978.0,102662.0,102945.0,390.57839
2025-11-13 11:45:00,102944.0,103048.0,102837.0,102908.0,204.84032
2025-11-13 12:00:00,102909.0,103100.0,102700.0,102841.0,253.0531
2025-11-13 12:15:00,102841.0,102997.0,102840.0,102907.0,81.54784
2025-11-13 12:30:00,102908.0,103250.0,102901.0,103131.0,152.98597
2025-11-13 12:45:00,103133.0,103235.0,103058.0,103113.0,80.49173
2025-11-13 13:00:00,103114.0,103137.0,102856.0,102881.0,133.9328
2025-11-13 13:15:00,102881.0,102938.0,102364.0,102507.0,725.11238
2025-11-13 13:30:00,102507.0,102600.0,102102.0,102492.0,693.56689
2025-11-13 13:45:00,102493.0,102620.0,102199.0,102276.0,296.4982
2025-11-13 14:00:00,102277.0,102475.0,102100.0,102205.0,390.13924
2025-11-13 14:15:00,102204.0,102500.0,102065.0,102409.0,717.7123
2025-11-13 14:30:00,102411.0,102571.0,101711.0,101794.0,1487.24868
2025-11-13 14:45:00,101787.0,103471.0,101731.0,102828.0,2211.08993
2025-11-13 15:00:00,102829.0,102829.0,101959.0,102816.0,1414.98712
2025-11-13 15:15:00,102817.0,103017.0,102028.0,102165.0,1084.87562
2025-11-13 15:30:00,102166.0,102188.0,101529.0,101536.0,1240.43374
2025-11-13 15:45:00,101537.0,101584.0,101138.0,101351.0,849.01852
2025-11-13 16:00:00,101350.0,101506.0,100975.0,101138.0,941.32431
2025-11-13 16:15:00,101139.0,101220.0,100661.0,101024.0,951.94952
2025-11-13 16:30:00,101031.0,101413.0,100780.0,100883.0,1295.98072
2025-11-13 16:45:00,100892.0,101099.0,100468.0,100587.0,939.04666
2025-11-13 17:00:00,100592.0,100777.0,100386.0,100505.0,635.84825
2025-11-13 17:15:00,100504.0,100754.0,100044.0,100268.0,1803.48312
2025-11-13 17:30:00,100267.0,100465.0,99777.0,99985.0,1018.77562
2025-11-13 17:45:00,99982.0,100137.0,99543.0,99584.0,965.27276
2025-11-13 18:00:00,99585.0,99875.0,99223.0,99321.0,1697.12381
2025-11-13 18:15:00,99320.0,99500.0,98688.0,99053.0,2624.97327
2025-11-13 18:30:00,99053.0,99065.0,98200.0,98644.0,2528.11181
2025-11-13 18:45:00,98648.0,98801.0,98111.0,98587.0,1243.06569
2025-11-13 19:00:00,98587.0,98907.0,98349.0,98709.0,2212.55175
2025-11-13 19:15:00,98710.0,99317.0,98414.0,99182.0,2196.66666
2025-11-13 19:30:00,99181.0,99227.0,98576.0,98931.0,1116.08987
2025-11-13 19:45:00,98931.0,98984.0,98355.0,98686.0,703.32252
2025-11-13 20:00:00,98685.0,98685.0,98107.0,98286.0,908.05827
2025-11-13 20:15:00,98305.0,98691.0,98000.0,98565.0,2088.15687
2025-11-13 20:30:00,98564.0,99085.0,98387.0,98594.0,1318.75927
2025-11-13 20:45:00,98594.0,98608.0,98125.0,98177.0,926.15663
2025-11-13 21:00:00,98178.0,98769.0,98064.0,98666.0,925.76014
2025-11-13 21:15:00,98666.0,98666.0,98250.0,98524.0,632.46875
2025-11-13 21:30:00,98527.0,98884.0,98513.0,98854.0,408.70155
2025-11-13 21:45:00,98854.0,98937.0,98702.0,98850.0,241.70114
2025-11-13 22:00:00,98849.0,99424.0,98739.0,99326.0,749.31984
2025-11-13 22:15:00,99326.0,99587.0,99159.0,99535.0,1353.52716
2025-11-13 22:30:00,99537.0,99993.0,99430.0,99834.0,998.729
2025-11-13 22:45:00,99834.0,99965.0,99716.0,99917.0,834.48727
2025-11-13 23:00:00,99916.0,100136.0,99618.0,100135.0,792.86322
2025-11-13 23:15:00,100136.0,100459.0,100102.0,100273.0,602.27059
2025-11-13 23:30:00,100273.0,100587.0,100234.0,100474.0,695.91861
2025-11-13 23:45:00,100473.0,100473.0,99636.0,99735.0,924.55038
2025-11-14 00:00:00,99735.0,99778.0,99095.0,99357.0,1668.24259
2025-11-14 00:15:00,99358.0,99574.0,98792.0,99489.0,1288.62053
2025-11-14 00:30:00,99488.0,99841.0,99053.0,99368.0,1117.23536
2025-11-14 00:45:00,99367.0,99375.0,98720.0,98984.0,764.16393
2025-11-14 01:00:00,98985.0,99166.0,98706.0,98954.0,416.42305
2025-11-14 01:15:00,98973.0,99444.0,98813.0,99127.0,293.17746
2025-11-14 01:30:00,99127.0,99573.0,99016.0,99249.0,319.37753
2025-11-14 01:45:00,99250.0,99496.0,99210.0,99277.0,256.05451
2025-11-14 02:00:00,99277.0,99620.0,99276.0,99524.0,148.14456
2025-11-14 02:15:00,99524.0,99887.0,99524.0,99708.0,195.97921
2025-11-14 02:30:00,99709.0,99884.0,99634.0,99851.0,167.56446
2025-11-14 02:45:00,99851.0,99864.0,99461.0,99652.0,350.13785
2025-11-14 03:00:00,99651.0,99675.0,99309.0,99349.0,425.66551
2025-11-14 03:15:00,99348.0,99358.0,98964.0,99291.0,810.71827
2025-11-14 03:30:00,99290.0,99316.0,98832.0,98888.0,663.37481
2025-11-14 03:45:00,98888.0,99130.0,98780.0,99130.0,268.55848
2025-11-14 04:00:00,99130.0,99164.0,98767.0,98902.0,269.67005
2025-11-14 04:15:00,98902.0,99016.0,98790.0,98973.0,213.49416
2025-11-14 04:30:00,98973.0,98973.0,96658.0,97562.0,4128.51802
2025-11-14 04:45:00,97562.0,97962.0,97173.0,97779.0,1525.27114
2025-11-14 05:00:00,97779.0,98009.0,97374.0,97435.0,468.31524
2025-11-14 05:15:00,97435.0,97826.0,97231.0,97237.0,422.18686
2025-11-14 05:30:00,97237.0,97599.0,97005.0,97280.0,973.65858
2025-11-14 05:45:00,97279.0,97652.0,97147.0,97504.0,561.59772
2025-11-14 06:00:00,97504.0,97504.0,96951.0,97114.0,453.05653
2025-11-14 06:15:00,97114.0,97138.0,96812.0,96976.0,500.97593
2025-11-14 06:30:00,96977.0,97070.0,96662.0,96763.0,661.51245
2025-11-14 06:45:00,96764.0,97612.0,95900.0,97558.0,2941.57085
2025-11-14 07:00:00,97559.0,97736.0,96911.0,97386.0,1438.37988
2025-11-14 07:15:00,97385.0,97698.0,97296.0,97697.0,796.42434
2025-11-14 07:30:00,97698.0,97698.0,96768.0,97161.0,602.80516
2025-11-14 07:45:00,97161.0,97672.0,97109.0,97151.0,503.73369
2025-11-14 08:00:00,97150.0,97206.0,96849.0,96929.0,400.22043
2025-11-14 08:15:00,96928.0,97470.0,96839.0,96918.0,825.42585
2025-11-14 08:30:00,96917.0,97238.0,96777.0,97195.0,675.78472
2025-11-14 08:45:00,97196.0,97427.0,96960.0,97358.0,326.67353
2025-11-14 09:00:00,97358.0,97547.0,97210.0,97315.0,278.59215
2025-11-14 09:15:00,97321.0,97387.0,96986.0,97059.0,241.88568
2025-11-14 09:30:00,97052.0,97148.0,96656.0,97145.0,471.81622
2025-11-14 09:45:00,97136.0,97147.0,96745.0,96822.0,376.86287
2025-11-14 10:00:00,96822.0,97029.0,96707.0,96947.0,147.28094
2025-11-14 10:15:00,96947.0,97090.0,96888.0,96978.0,116.53941
2025-11-14 10:30:00,96978.0,97292.0,96895.0,97201.0,435.57737
2025-11-14 10:45:00,97201.0,97201.0,96658.0,96740.0,466.29269
2025-11-14 11:00:00,96738.0,96929.0,96666.0,96756.0,246.85576
2025-11-14 11:15:00,96757.0,96806.0,96373.0,96526.0,1180.50167
2025-11-14 11:30:00,96527.0,96557.0,95651.0,96161.0,1549.21758
2025-11-14 11:45:00,96161.0,96222.0,95728.0,96136.0,930.14141
2025-11-14 12:00:00,96136.0,96137.0,95520.0,95582.0,1411.12425
2025-11-14 12:15:00,95585.0,95922.0,95517.0,95735.0,848.90636
2025-11-14 12:30:00,95736.0,95892.0,94471.0,94831.0,3388.90659
2025-11-14 12:45:00,94833.0,95534.0,94743.0,95323.0,1475.85186
2025-11-14 13:00:00,95323.0,95678.0,95000.0,95033.0,659.71762
2025-11-14 13:15:00,95033.0,95181.0,94667.0,95059.0,946.11218
2025-11-14 13:30:00,95059.0,95147.0,94557.0,94714.0,605.33099
2025-11-14 13:45:00,94714.0,95608.0,94563.0,95226.0,765.56792
2025-11-14 14:00:00,95224.0,95824.0,95014.0,95333.0,1265.09939
2025-11-14 14:15:00,95333.0,95757.0,95297.0,95395.0,728.08442
2025-11-14 14:30:00,95394.0,96531.0,94955.0,96408.0,2485.72463
2025-11-14 14:45:00,96408.0,96809.0,96176.0,96509.0,3268.9842
2025-11-14 15:00:00,96510.0,96554.0,95821.0,96059.0,986.7583
2025-11-14 15:15:00,96072.0,96800.0,95905.0,96519.0,414.85307
2025-11-14 15:30:00,96517.0,96857.0,96450.0,96763.0,650.47704
2025-11-14 15:45:00,96737.0,97348.0,96663.0,96800.0,2563.64003
2025-11-14 16:00:00,96800.0,96809.0,96241.0,96478.0,1464.89298
2025-11-14 16:15:00,96479.0,97168.0,96235.0,96935.0,738.80707
2025-11-14 16:30:00,96935.0,97398.0,96867.0,97069.0,621.17088
2025-11-14 16:45:00,97069.0,97245.0,96891.0,96986.0,405.4911
2025-11-14 17:00:00,96986.0,97073.0,96911.0,96971.0,344.18923
2025-11-14 17:15:00,96970.0,97092.0,96455.0,96679.0,503.77442
2025-11-14 17:30:00,96679.0,96679.0,96251.0,96306.0,589.39059
2025-11-14 17:45:00,96305.0,96354.0,95566.0,95850.0,2106.92872
2025-11-14 18:00:00,95851.0,96300.0,95609.0,96298.0,941.81795
2025-11-14 18:15:00,96299.0,96325.0,95727.0,96049.0,374.04714
2025-11-14 18:30:00,96050.0,96186.0,95260.0,95369.0,945.36734
2025-11-14 18:45:00,95369.0,95558.0,94987.0,95080.0,1237.23106
2025-11-14 19:00:00,95076.0,95429.0,94800.0,95408.0,763.20928
2025-11-14 19:15:00,95403.0,95937.0,95393.0,95734.0,758.59497
2025-11-14 19:30:00,95733.0,95748.0,95367.0,95367.0,468.3334
2025-11-14 19:45:00,95366.0,95846.0,95294.0,95791.0,485.84678
2025-11-14 20:00:00,95790.0,95950.0,95379.0,95482.0,324.43585
2025-11-14 20:15:00,95482.0,95566.0,94925.0,94943.0,526.85721
2025-11-14 20:30:00,94942.0,95105.0,94206.0,94380.0,1861.77174
2025-11-14 20:45:00,94381.0,94469.0,94208.0,94374.0,1018.72506
2025-11-14 21:00:00,94375.0,95030.0,94276.0,94912.0,1578.61465
2025-11-14 21:15:00,94912.0,95139.0,94664.0,94714.0,599.94382
2025-11-14 21:30:00,94715.0,95092.0,94696.0,95060.0,494.47576
2025-11-14 21:45:00,95060.0,95178.0,95000.0,95098.0,208.07894
2025-11-14 22:00:00,95097.0,95408.0,94757.0,94758.0,613.62264
2025-11-14 22:15:00,94764.0,95376.0,94756.0,95336.0,660.53497
2025-11-14 22:30:00,95336.0,95558.0,95264.0,95427.0,315.74775
2025-11-14 22:45:00,95426.0,95540.0,94868.0,95262.0,764.94945
2025-11-14 23:00:00,95262.0,95262.0,94079.0,94723.0,1327.82586
2025-11-14 23:15:00,94722.0,94846.0,94215.0,94382.0,326.9275
2025-11-14 23:30:00,94382.0,94748.0,94253.0,94717.0,208.41629
2025-11-14 23:45:00,94717.0,95058.0,94430.0,94634.0,479.11162
2025-11-15 00:00:00,94633.0,95357.0,94615.0,95251.0,815.2195
2025-11-15 00:15:00,95252.0,95468.0,95189.0,95424.0,268.42097
2025-11-15 00:30:00,95419.0,95421.0,94942.0,94979.0,257.20607
2025-11-15 00:45:00,94982.0,95203.0,94745.0,95199.0,188.64099
2025-11-15 01:00:00,95199.0,95238.0,94787.0,95143.0,377.40043
2025-11-15 01:15:00,95143.0,95370.0,95103.0,95169.0,229.35166
2025-11-15 01:30:00,95168.0,95494.0,95168.0,95485.0,101.95827
2025-11-15 01:45:00,95484.0,95848.0,95335.0,95704.0,455.38913
2025-11-15 02:00:00,95705.0,95719.0,95467.0,95553.0,146.5946
2025-11-15 02:15:00,95553.0,95920.0,95471.0,95920.0,162.29036
2025-11-15 02:30:00,95920.0,96210.0,95685.0,96184.0,191.11527
2025-11-15 02:45:00,96185.0,96573.0,95958.0,96545.0,310.3316
2025-11-15 03:00:00,96548.0,96569.0,96246.0,96556.0,233.10011
2025-11-15 03:15:00,96556.0,96857.0,96447.0,96711.0,557.40208
2025-11-15 03:30:00,96711.0,96732.0,96161.0,96342.0,1116.84206
2025-11-15 03:45:00,96342.0,96445.0,96242.0,96444.0,409.57004
2025-11-15 04:00:00,96444.0,96444.0,96101.0,96259.0,388.05408
2025-11-15 04:15:00,96260.0,96520.0,96074.0,96102.0,299.05699
2025-11-15 04:30:00,96103.0,96192.0,95969.0,95969.0,305.99024
2025-11-15 04:45:00,95970.0,96217.0,95948.0,96124.0,201.17114
2025-11-15 05:00:00,96124.0,96230.0,95994.0,96016.0,103.93576
2025-11-15 05:15:00,96017.0,96233.0,96010.0,96096.0,52.36217
2025-11-15 05:30:00,96097.0,96171.0,95996.0,96169.0,108.67621
2025-11-15 05:45:00,96170.0,96449.0,96142.0,96360.0,404.36983
2025-11-15 06:00:00,96364.0,96500.0,96288.0,96457.0,110.91855
2025-11-15 06:15:00,96453.0,96535.0,96395.0,96444.0,165.48692
2025-11-15 06:30:00,96445.0,96622.0,96107.0,96143.0,122.08774
2025-11-15 06:45:00,96143.0,96367.0,96001.0,96165.0,494.53214
2025-11-15 07:00:00,96166.0,96240.0,96005.0,96198.0,164.88226
2025-11-15 07:15:00,96198.0,96396.0,96025.0,96363.0,318.67867
2025-11-15 07:30:00,96363.0,96371.0,96158.0,96192.0,115.88571
2025-11-15 07:45:00,96192.0,96405.0,96139.0,96352.0,85.57624
2025-11-15 08:00:00,96352.0,96369.0,96023.0,96177.0,84.2122
2025-11-15 08:15:00,96177.0,96177.0,95814.0,95988.0,376.19909
2025-11-15 08:30:00,95988.0,96319.0,95912.0,95930.0,265.06231
2025-11-15 08:45:00,95931.0,95978.0,95660.0,95935.0,383.07383
2025-11-15 09:00:00,95936.0,96114.0,95684.0,96078.0,145.16616
2025-11-15 09:15:00,96078.0,96152.0,95940.0,95959.0,50.05815
2025-11-15 09:30:00,95960.0,96087.0,95883.0,96059.0,61.35809
2025-11-15 09:45:00,96059.0,96059.0,95720.0,95827.0,111.13281
2025-11-15 10:00:00,95828.0,95877.0,95702.0,95867.0,143.56878
2025-11-15 10:15:00,95867.0,95956.0,95726.0,95897.0,61.24604
2025-11-15 10:30:00,95897.0,96082.0,95836.0,96081.0,92.36125
2025-11-15 10:45:00,96081.0,96081.0,95955.0,95962.0,112.55854
2025-11-15 11:00:00,95963.0,95993.0,95792.0,95849.0,82.72008
2025-11-15 11:15:00,95851.0,95870.0,95739.0,95852.0,69.34095
2025-11-15 11:30:00,95852.0,95913.0,95750.0,95823.0,56.52537
2025-11-15 11:45:00,95823.0,95823.0,95638.0,95717.0,247.37365
2025-11-15 12:00:00,95718.0,95790.0,95585.0,95774.0,99.25337
2025-11-15 12:15:00,95785.0,95902.0,95662.0,95873.0,211.69744
2025-11-15 12:30:00,95873.0,95894.0,95670.0,95721.0,64.08952
2025-11-15 12:45:00,95720.0,95876.0,95680.0,95830.0,48.95322
2025-11-15 13:00:00,95831.0,95978.0,95743.0,95910.0,116.33218
2025-11-15 13:15:00,95910.0,96204.0,95876.0,96090.0,275.24703
2025-11-15 13:30:00,96090.0,96250.0,96003.0,96122.0,265.98185
2025-11-15 13:45:00,96123.0,96400.0,96027.0,96395.0,242.54496
2025-11-15 14:00:00,96395.0,96511.0,96328.0,96487.0,184.07251
2025-11-15 14:15:00,96487.0,96500.0,96128.0,96172.0,211.73847
2025-11-15 14:30:00,96172.0,96367.0,96063.0,96221.0,182.72493
2025-11-15 14:45:00,96222.0,96373.0,96118.0,96284.0,116.35309
2025-11-15 15:00:00,96285.0,96433.0,96156.0,96347.0,90.20874
2025-11-15 15:15:00,96347.0,96470.0,96200.0,96421.0,89.27838
2025-11-15 15:30:00,96421.0,96421.0,96162.0,96219.0,269.60389
2025-11-15 15:45:00,96219.0,96389.0,96202.0,96283.0,119.17962
2025-11-15 16:00:00,96284.0,96365.0,95723.0,95882.0,1747.29422
2025-11-15 16:15:00,95882.0,96032.0,95741.0,95771.0,762.29546
2025-11-15 16:30:00,95771.0,96083.0,95716.0,96033.0,169.79523
2025-11-15 16:45:00,96034.0,96195.0,95966.0,96152.0,151.15772
2025-11-15 17:00:00,96153.0,96229.0,95884.0,95895.0,237.96544
2025-11-15 17:15:00,95896.0,96395.0,95828.0,96007.0,333.0395
2025-11-15 17:30:00,96018.0,96100.0,95881.0,96072.0,165.03276
2025-11-15 17:45:00,96076.0,96300.0,96058.0,96219.0,131.69681
2025-11-15 18:00:00,96219.0,96353.0,96154.0,96287.0,70.14763
2025-11-15 18:15:00,96288.0,96288.0,95957.0,96066.0,224.31952
2025-11-15 18:30:00,96066.0,96190.0,96010.0,96120.0,85.42156
2025-11-15 18:45:00,96121.0,96132.0,95977.0,96047.0,55.77281
2025-11-15 19:00:00,96047.0,96150.0,96020.0,96129.0,46.73688
2025-11-15 19:15:00,96129.0,96129.0,95960.0,96057.0,48.14364
2025-11-15 19:30:00,96058.0,96061.0,95919.0,95986.0,143.72939
2025-11-15 19:45:00,95986.0,96069.0,95915.0,96007.0,60.79354
2025-11-15 20:00:00,96007.0,96021.0,95840.0,95851.0,501.63671
2025-11-15 20:15:00,95851.0,95851.0,95620.0,95711.0,207.89049
2025-11-15 20:30:00,95711.0,95711.0,95415.0,95438.0,259.83641
2025-11-15 20:45:00,95438.0,95546.0,95115.0,95277.0,639.69436
2025-11-15 21:00:00,95277.0,95638.0,95200.0,95555.0,589.05527
2025-11-15 21:15:00,95555.0,95691.0,95405.0,95406.0,290.26089
2025-11-15 21:30:00,95406.0,95496.0,95146.0,95221.0,403.62389
2025-11-15 21:45:00,95221.0,95304.0,95121.0,95282.0,147.82543
2025-11-15 22:00:00,95282.0,95558.0,95219.0,95557.0,227.89942
2025-11-15 22:15:00,95558.0,95661.0,95428.0,95610.0,556.36183
2025-11-15 22:30:00,95610.0,95645.0,95369.0,95495.0,231.94287
2025-11-15 22:45:00,95495.0,95654.0,95395.0,95617.0,142.31158
2025-11-15 23:00:00,95616.0,95636.0,95480.0,95537.0,84.37567
2025-11-15 23:15:00,95537.0,95680.0,95535.0,95637.0,242.92266
2025-11-15 23:30:00,95637.0,95676.0,95529.0,95561.0,103.16236
2025-11-15 23:45:00,95561.0,95635.0,95550.0,95592.0,42.65515
2025-11-16 00:00:00,95593.0,95704.0,95352.0,95372.0,118.69291
2025-11-16 00:15:00,95372.0,95385.0,95234.0,95270.0,220.10125
2025-11-16 00:30:00,95270.0,95461.0,95201.0,95461.0,255.86344
2025-11-16 00:45:00,95463.0,95581.0,95368.0,95368.0,193.24304
2025-11-16 01:00:00,95369.0,95498.0,95074.0,95495.0,601.50681
2025-11-16 01:15:00,95496.0,95503.0,95241.0,95448.0,197.63336
2025-11-16 01:30:00,95449.0,95466.0,94849.0,95018.0,335.03052
2025-11-16 01:45:00,95019.0,95396.0,94838.0,95274.0,197.18563
2025-11-16 02:00:00,95274.0,95459.0,95099.0,95298.0,182.21338
2025-11-16 02:15:00,95298.0,95817.0,95298.0,95665.0,169.0592
2025-11-16 02:30:00,95665.0,95746.0,95601.0,95719.0,127.11132
2025-11-16 02:45:00,95720.0,95972.0,95668.0,95972.0,150.82821
2025-11-16 03:00:00,95972.0,95984.0,95775.0,95782.0,124.09627
2025-11-16 03:15:00,95782.0,95954.0,95768.0,95809.0,99.97977
2025-11-16 03:30:00,95813.0,95838.0,95661.0,95795.0,135.68079
2025-11-16 03:45:00,95794.0,95835.0,95631.0,95809.0,97.00647
2025-11-16 04:00:00,95816.0,95940.0,95726.0,95873.0,88.82114
2025-11-16 04:15:00,95874.0,95909.0,95695.0,95832.0,80.05538
2025-11-16 04:30:00,95832.0,95832.0,95651.0,95685.0,85.41587
2025-11-16 04:45:00,95686.0,95832.0,95677.0,95826.0,37.03175
2025-11-16 05:00:00,95826.0,96052.0,95814.0,96045.0,304.0697
2025-11-16 05:15:00,96045.0,96207.0,95883.0,95957.0,804.34998
2025-11-16 05:30:00,95957.0,95975.0,95855.0,95929.0,88.58679
2025-11-16 05:45:00,95929.0,95972.0,95858.0,95883.0,55.2256
2025-11-16 06:00:00,95883.0,96036.0,95766.0,95940.0,166.81117
2025-11-16 06:15:00,95940.0,95990.0,95897.0,95977.0,43.66964
2025-11-16 06:30:00,95976.0,96009.0,95924.0,95934.0,55.5209
2025-11-16 06:45:00,95934.0,95974.0,95740.0,95791.0,65.36363
2025-11-16 07:00:00,95791.0,95927.0,95775.0,95847.0,36.62077
2025-11-16 07:15:00,95848.0,95971.0,95722.0,95821.0,65.96288
2025-11-16 07:30:00,95822.0,95948.0,95822.0,95918.0,114.78565
2025-11-16 07:45:00,95918.0,96100.0,95918.0,96100.0,72.96439
2025-11-16 08:00:00,96100.0,96254.0,95918.0,95956.0,198.15713
2025-11-16 08:15:00,95955.0,96026.0,95848.0,95860.0,88.29015
2025-11-16 08:30:00,95861.0,96052.0,95861.0,96052.0,263.28387
2025-11-16 08:45:00,96051.0,96184.0,95895.0,96121.0,91.31841
2025-11-16 09:00:00,96121.0,96132.0,95932.0,96067.0,88.55094
2025-11-16 09:15:00,96066.0,96145.0,95943.0,96116.0,27.30177
2025-11-16 09:30:00,96116.0,96237.0,96055.0,96207.0,232.89892
2025-11-16 09:45:00,96207.0,96654.0,96168.0,96653.0,928.27303
2025-11-16 10:00:00,96653.0,96654.0,96412.0,96539.0,240.85561
2025-11-16 10:15:00,96539.0,96640.0,96426.0,96515.0,409.78855
2025-11-16 10:30:00,96515.0,96545.0,96427.0,96460.0,46.07076
2025-11-16 10:45:00,96461.0,96534.0,96449.0,96478.0,61.17754
2025-11-16 11:00:00,96477.0,96478.0,95924.0,95961.0,679.76349
2025-11-16 11:15:00,95960.0,96117.0,95569.0,95630.0,507.98027
2025-11-16 11:30:00,95630.0,95794.0,95523.0,95601.0,340.26837
2025-11-16 11:45:00,95598.0,95713.0,95560.0,95665.0,299.45623
2025-11-16 12:00:00,95664.0,95780.0,95614.0,95704.0,251.19918
2025-11-16 12:15:00,95704.0,95938.0,95680.0,95850.0,239.44791
2025-11-16 12:30:00,95850.0,95870.0,95483.0,95864.0,367.47839
2025-11-16 12:45:00,95866.0,95937.0,95711.0,95777.0,272.39085
2025-11-16 13:00:00,95778.0,95874.0,95579.0,95798.0,106.80017
2025-11-16 13:15:00,95796.0,95870.0,95383.0,95417.0,417.96493
2025-11-16 13:30:00,95416.0,95536.0,95233.0,95237.0,213.13846
2025-11-16 13:45:00,95237.0,95470.0,95141.0,95425.0,157.8983
2025-11-16 14:00:00,95425.0,95567.0,95322.0,95486.0,132.84921
2025-11-16 14:15:00,95481.0,95516.0,95348.0,95436.0,103.05622
2025-11-16 14:30:00,95437.0,95700.0,95393.0,95620.0,110.83896
2025-11-16 14:45:00,95619.0,95685.0,95550.0,95551.0,72.51478
2025-11-16 15:00:00,95550.0,95560.0,95323.0,95473.0,119.19511
2025-11-16 15:15:00,95473.0,95576.0,95390.0,95455.0,63.74522
2025-11-16 15:30:00,95454.0,95494.0,95360.0,95442.0,60.57553
2025-11-16 15:45:00,95442.0,95466.0,94395.0,94589.0,891.21782
2025-11-16 16:00:00,94589.0,94973.0,94387.0,94416.0,842.9294
2025-11-16 16:15:00,94438.0,94573.0,94146.0,94303.0,620.85878
2025-11-16 16:30:00,94304.0,94489.0,94041.0,94358.0,564.30138
2025-11-16 16:45:00,94337.0,94501.0,94116.0,94242.0,250.33004
2025-11-16 17:00:00,94241.0,94403.0,94208.0,94295.0,441.26892
2025-11-16 17:15:00,94294.0,94555.0,94115.0,94428.0,847.04683
2025-11-16 17:30:00,94426.0,94529.0,93894.0,94008.0,1208.23679
2025-11-16 17:45:00,94007.0,94433.0,93756.0,94361.0,1029.76321
2025-11-16 18:00:00,94362.0,95578.0,94257.0,95191.0,2502.17622
2025-11-16 18:15:00,95192.0,95284.0,94777.0,94844.0,530.21094
2025-11-16 18:30:00,94844.0,94844.0,94160.0,94188.0,491.29669
2025-11-16 18:45:00,94188.0,94195.0,93780.0,94054.0,945.48424
2025-11-16 19:00:00,94054.0,94597.0,94011.0,94509.0,749.16959
2025-11-16 19:15:00,94508.0,94602.0,94139.0,94411.0,313.21892
2025-11-16 19:30:00,94411.0,94532.0,94144.0,94203.0,231.78096
2025-11-16 19:45:00,94202.0,94327.0,93959.0,94045.0,255.47037
2025-11-16 20:00:00,94044.0,94412.0,93976.0,94398.0,158.71619
2025-11-16 20:15:00,94397.0,94745.0,94164.0,94626.0,274.29601
2025-11-16 20:30:00,94625.0,94690.0,94319.0,94353.0,109.82955
2025-11-16 20:45:00,94352.0,94360.0,94100.0,94100.0,411.44147
2025-11-16 21:00:00,94100.0,94209.0,93632.0,93793.0,704.72677
2025-11-16 21:15:00,93792.0,93886.0,93601.0,93697.0,216.01414
2025-11-16 21:30:00,93697.0,93859.0,93385.0,93511.0,387.92062
2025-11-16 21:45:00,93511.0,93683.0,93433.0,93523.0,183.19274
2025-11-16 22:00:00,93523.0,93548.0,93025.0,93369.0,1159.88689
2025-11-16 22:15:00,93369.0,93793.0,93210.0,93690.0,780.96887
2025-11-16 22:30:00,93689.0,93904.0,93584.0,93590.0,328.0986
2025-11-16 22:45:00,93589.0,94530.0,93553.0,94211.0,506.54018
2025-11-16 23:00:00,94211.0,94212.0,93030.0,93843.0,1667.50429
2025-11-16 23:15:00,93843.0,94405.0,93810.0,94272.0,606.75931
2025-11-16 23:30:00,94272.0,94443.0,94085.0,94391.0,497.52896
2025-11-16 23:45:00,94391.0,94578.0,94256.0,94291.0,450.6874
2025-11-17 00:00:00,94291.0,94500.0,94152.0,94250.0,330.69418
2025-11-17 00:15:00,94250.0,94757.0,93775.0,94743.0,561.50038
2025-11-17 00:30:00,94743.0,95044.0,94580.0,94738.0,707.0189
2025-11-17 00:45:00,94738.0,95400.0,94590.0,95323.0,333.7468
2025-11-17 01:00:00,95322.0,95507.0,95108.0,95138.0,372.63387
2025-11-17 01:15:00,95140.0,95217.0,94907.0,95185.0,185.95593
2025-11-17 01:30:00,95184.0,95185.0,94909.0,94929.0,146.94008
2025-11-17 01:45:00,94929.0,95066.0,94750.0,94792.0,155.9711
2025-11-17 02:00:00,94791.0,95400.0,94745.0,95351.0,328.23507
2025-11-17 02:15:00,95351.0,95443.0,95076.0,95195.0,299.8009
2025-11-17 02:30:00,95195.0,95286.0,94930.0,94988.0,211.21326
2025-11-17 02:45:00,94987.0,95033.0,94906.0,94982.0,200.5931
2025-11-17 03:00:00,94982.0,95369.0,94982.0,95369.0,134.28469
2025-11-17 03:15:00,95368.0,95585.0,95180.0,95456.0,411.98546
2025-11-17 03:30:00,95455.0,95536.0,95224.0,95370.0,154.79068
2025-11-17 03:45:00,95369.0,95537.0,95330.0,95537.0,110.58708
2025-11-17 04:00:00,95536.0,95605.0,95136.0,95206.0,153.64058
2025-11-17 04:15:00,95197.0,95520.0,94912.0,95450.0,190.18681
2025-11-17 04:30:00,95450.0,95467.0,95182.0,95399.0,76.10172
2025-11-17 04:45:00,95399.0,95404.0,95136.0,95137.0,226.80479
2025-11-17 05:00:00,95137.0,95242.0,94970.0,94977.0,160.45958
2025-11-17 05:15:00,94977.0,95222.0,94941.0,95190.0,84.87258
2025-11-17 05:30:00,95191.0,95251.0,95075.0,95163.0,52.78172
2025-11-17 05:45:00,95162.0,95301.0,95137.0,95145.0,42.32041
2025-11-17 06:00:00,95146.0,95274.0,94933.0,94978.0,74.44223
2025-11-17 06:15:00,94982.0,95171.0,94933.0,95095.0,52.60548
2025-11-17 06:30:00,95095.0,95115.0,94933.0,94975.0,87.96983
2025-11-17 06:45:00,94972.0,95370.0,94963.0,95322.0,189.92888
2025-11-17 07:00:00,95323.0,95500.0,95240.0,95351.0,145.54734
2025-11-17 07:15:00,95351.0,95685.0,95351.0,95484.0,225.98684
2025-11-17 07:30:00,95484.0,95830.0,95421.0,95788.0,328.23622
2025-11-17 07:45:00,95789.0,95919.0,95678.0,95678.0,314.45328
2025-11-17 08:00:00,95678.0,95802.0,95650.0,95696.0,97.17107
2025-11-17 08:15:00,95696.0,96055.0,95690.0,95879.0,568.74297
2025-11-17 08:30:00,95878.0,95951.0,95648.0,95648.0,290.58356
2025-11-17 08:45:00,95649.0,95722.0,95561.0,95654.0,182.26065
2025-11-17 09:00:00,95653.0,95724.0,95340.0,95548.0,323.75294
2025-11-17 09:15:00,95548.0,95870.0,95545.0,95756.0,81.25086
2025-11-17 09:30:00,95756.0,95900.0,95612.0,95779.0,196.57594
2025-11-17 09:45:00,95780.0,95786.0,95638.0,95682.0,86.75339
2025-11-17 10:00:00,95681.0,95848.0,95633.0,95847.0,33.77192
2025-11-17 10:15:00,95847.0,95847.0,95628.0,95661.0,53.15114
2025-11-17 10:30:00,95660.0,95914.0,95567.0,95753.0,50.13435
2025-11-17 10:45:00,95755.0,95849.0,95631.0,95671.0,78.69509
2025-11-17 11:00:00,95670.0,95813.0,95576.0,95758.0,80.79617
2025-11-17 11:15:00,95757.0,95850.0,95711.0,95746.0,79.59366
2025-11-17 11:30:00,95747.0,95979.0,95645.0,95646.0,233.42764
2025-11-17 11:45:00,95646.0,95651.0,95412.0,95592.0,172.02775
2025-11-17 12:00:00,95591.0,95606.0,95324.0,95329.0,159.18578
2025-11-17 12:15:00,95330.0,95528.0,95329.0,95494.0,79.53475
2025-11-17 12:30:00,95495.0,95597.0,95365.0,95537.0,132.76533
2025-11-17 12:45:00,95538.0,95538.0,95309.0,95343.0,236.1195
2025-11-17 13:00:00,95343.0,95421.0,94833.0,94946.0,1165.48489
2025-11-17 13:15:00,94946.0,95068.0,94512.0,94589.0,499.59381
2025-11-17 13:30:00,94588.0,94709.0,93838.0,93859.0,920.35945
2025-11-17 13:45:00,93859.0,94119.0,93583.0,93966.0,866.43378
2025-11-17 14:00:00,93966.0,94209.0,93785.0,94107.0,581.61742
2025-11-17 14:15:00,94106.0,94474.0,94031.0,94177.0,390.26112
2025-11-17 14:30:00,94174.0,96088.0,93997.0,95199.0,3650.04682
2025-11-17 14:45:00,95200.0,95664.0,94528.0,94816.0,1717.13396
2025-11-17 15:00:00,94817.0,95091.0,94203.0,94491.0,1217.38988
2025-11-17 15:15:00,94491.0,94783.0,93863.0,94564.0,761.29234
2025-11-17 15:30:00,94565.0,94739.0,94000.0,94280.0,512.70405
2025-11-17 15:45:00,94279.0,94457.0,93975.0,94013.0,396.58153
2025-11-17 16:00:00,94014.0,94059.0,93212.0,93224.0,936.78926
2025-11-17 16:15:00,93224.0,93624.0,93107.0,93536.0,1121.65149
2025-11-17 16:30:00,93537.0,94112.0,93396.0,93791.0,1054.4886
2025-11-17 16:45:00,93794.0,94477.0,93732.0,94359.0,509.16484
2025-11-17 17:00:00,94358.0,94439.0,93920.0,93953.0,311.66959
2025-11-17 17:15:00,93953.0,93982.0,93530.0,93571.0,747.11028
2025-11-17 17:30:00,93571.0,93686.0,92800.0,92883.0,1431.77232
2025-11-17 17:45:00,92883.0,93110.0,92689.0,92772.0,1765.10863
2025-11-17 18:00:00,92772.0,93220.0,92605.0,92850.0,855.01968
2025-11-17 18:15:00,92851.0,92956.0,92453.0,92481.0,828.03998
2025-11-17 18:30:00,92480.0,92739.0,92431.0,92725.0,937.71325
2025-11-17 18:45:00,92726.0,93090.0,92511.0,92567.0,495.83623
2025-11-17 19:00:00,92568.0,92685.0,92333.0,92341.0,389.60228
2025-11-17 19:15:00,92341.0,92402.0,92133.0,92329.0,782.90556
2025-11-17 19:30:00,92303.0,92509.0,91785.0,91912.0,1939.80688
2025-11-17 19:45:00,91912.0,92085.0,91631.0,91745.0,1082.31207
2025-11-17 20:00:00,91745.0,91904.0,91355.0,91458.0,1501.88844
2025-11-17 20:15:00,91458.0,92146.0,91452.0,91815.0,1069.97209
2025-11-17 20:30:00,91816.0,92020.0,91550.0,91670.0,900.9935
2025-11-17 20:45:00,91671.0,92291.0,91646.0,92071.0,1300.80256
2025-11-17 21:00:00,92072.0,92301.0,91983.0,92179.0,795.07706
2025-11-17 21:15:00,92180.0,92180.0,91632.0,91837.0,648.15248
2025-11-17 21:30:00,91838.0,92155.0,91582.0,91931.0,972.83496
2025-11-17 21:45:00,91931.0,92050.0,91654.0,92024.0,452.21874
2025-11-17 22:00:00,92025.0,92291.0,91889.0,92153.0,587.28853
2025-11-17 22:15:00,92153.0,92293.0,91973.0,92240.0,408.30723
2025-11-17 22:30:00,92240.0,92458.0,92182.0,92413.0,437.27199
2025-11-17 22:45:00,92413.0,92453.0,92301.0,92314.0,194.07142
2025-11-17 23:00:00,92315.0,92365.0,91956.0,92084.0,245.74871
2025-11-17 23:15:00,92085.0,92100.0,91879.0,91957.0,318.052
2025-11-17 23:30:00,91958.0,92122.0,91856.0,92021.0,370.43931
2025-11-17 23:45:00,92022.0,92301.0,92021.0,92272.0,228.22558
2025-11-18 00:00:00,92273.0,92415.0,92187.0,92276.0,255.61334
2025-11-18 00:15:00,92277.0,92356.0,92051.0,92085.0,229.75912
2025-11-18 00:30:00,92085.0,92125.0,91333.0,91462.0,818.88207
2025-11-18 00:45:00,91462.0,92236.0,91228.0,92195.0,542.0551
2025-11-18 01:00:00,92195.0,92252.0,91944.0,91996.0,277.19207
2025-11-18 01:15:00,91995.0,92244.0,91692.0,91849.0,265.64757
2025-11-18 01:30:00,91849.0,92100.0,91763.0,91950.0,298.60588
2025-11-18 01:45:00,91950.0,91975.0,91658.0,91791.0,180.72995
2025-11-18 02:00:00,91791.0,91791.0,91177.0,91212.0,920.68783
2025-11-18 02:15:00,91213.0,91721.0,90799.0,91720.0,1633.04282
2025-11-18 02:30:00,91721.0,91787.0,91166.0,91376.0,695.38665
2025-11-18 02:45:00,91376.0,91736.0,90749.0,90913.0,906.03077
2025-11-18 03:00:00,90913.0,90924.0,90267.0,90415.0,2215.89147
2025-11-18 03:15:00,90415.0,90569.0,90004.0,90043.0,1599.09393
2025-11-18 03:30:00,90044.0,90958.0,89704.0,90650.0,1959.06822
2025-11-18 03:45:00,90646.0,90929.0,90612.0,90872.0,558.30138
2025-11-18 04:00:00,90872.0,90883.0,90276.0,90304.0,796.96518
2025-11-18 04:15:00,90306.0,90387.0,89896.0,89936.0,951.65342
2025-11-18 04:30:00,89936.0,90170.0,89834.0,89870.0,662.68424
2025-11-18 04:45:00,89870.0,90180.0,89262.0,90098.0,2056.87329
2025-11-18 05:00:00,90098.0,90290.0,89739.0,90250.0,774.63823
2025-11-18 05:15:00,90250.0,90485.0,90200.0,90217.0,618.45414
2025-11-18 05:30:00,90218.0,90408.0,89929.0,90028.0,451.38676
2025-11-18 05:45:00,90028.0,90386.0,90027.0,90245.0,493.36364
2025-11-18 06:00:00,90245.0,90252.0,89957.0,90176.0,327.53375
2025-11-18 06:15:00,90176.0,90198.0,89982.0,90097.0,221.19089
2025-11-18 06:30:00,90097.0,90141.0,89490.0,89490.0,678.68977
2025-11-18 06:45:00,89490.0,89810.0,89410.0,89681.0,380.92969
2025-11-18 07:00:00,89682.0,89950.0,89365.0,89899.0,432.53594
2025-11-18 07:15:00,89900.0,90190.0,89657.0,90154.0,419.61209
2025-11-18 07:30:00,90155.0,90574.0,90021.0,90484.0,553.39472
2025-11-18 07:45:00,90485.0,90568.0,90400.0,90516.0,235.45302
2025-11-18 08:00:00,90516.0,90856.0,90509.0,90812.0,477.07396
2025-11-18 08:15:00,90809.0,91200.0,90749.0,90859.0,515.29908
2025-11-18 08:30:00,90860.0,91491.0,90820.0,91378.0,474.11068
2025-11-18 08:45:00,91378.0,91441.0,91211.0,91250.0,424.53329
2025-11-18 09:00:00,91250.0,91319.0,90962.0,91201.0,178.83371
2025-11-18 09:15:00,91201.0,91496.0,90910.0,90971.0,260.26887
2025-11-18 09:30:00,90971.0,91209.0,90940.0,91197.0,127.73682
2025-11-18 09:45:00,91197.0,91507.0,91156.0,91426.0,222.39672
2025-11-18 10:00:00,91427.0,91642.0,91400.0,91416.0,343.50098
2025-11-18 10:15:00,91416.0,91564.0,91280.0,91357.0,174.44519
2025-11-18 10:30:00,91358.0,91613.0,91341.0,91542.0,163.23261
2025-11-18 10:45:00,91542.0,91632.0,91283.0,91610.0,349.15013
2025-11-18 11:00:00,91610.0,91632.0,91388.0,91444.0,215.15966
2025-11-18 11:15:00,91444.0,91588.0,91257.0,91492.0,228.47564
2025-11-18 11:30:00,91492.0,91610.0,91289.0,91587.0,167.29235
2025-11-18 11:45:00,91587.0,91616.0,91505.0,91538.0,123.1071
2025-11-18 12:00:00,91538.0,91572.0,91113.0,91120.0,411.78781
2025-11-18 12:15:00,91122.0,91590.0,91122.0,91228.0,327.13651
2025-11-18 12:30:00,91230.0,91887.0,91224.0,91829.0,554.85087
2025-11-18 12:45:00,91828.0,91846.0,91404.0,91541.0,264.48738
2025-11-18 13:00:00,91540.0,91683.0,91434.0,91506.0,212.80046
2025-11-18 13:15:00,91505.0,91624.0,91287.0,91307.0,295.68165
2025-11-18 13:30:00,91306.0,91468.0,90928.0,91185.0,464.85115
2025-11-18 13:45:00,91185.0,91500.0,91184.0,91498.0,213.79835
2025-11-18 14:00:00,91498.0,91569.0,91232.0,91255.0,134.73626
2025-11-18 14:15:00,91255.0,91905.0,91254.0,91799.0,674.30142
2025-11-18 14:30:00,91800.0,92534.0,91432.0,91482.0,2132.56054
2025-11-18 14:45:00,91483.0,91869.0,91384.0,91384.0,511.12252
2025-11-18 15:00:00,91414.0,92283.0,91033.0,92054.0,1360.28757
2025-11-18 15:15:00,92055.0,93104.0,91983.0,92828.0,1705.2643
2025-11-18 15:30:00,92828.0,93030.0,92438.0,92788.0,924.48953
2025-11-18 15:45:00,92790.0,93072.0,92500.0,92943.0,875.4296
2025-11-18 16:00:00,92943.0,93274.0,92611.0,93179.0,930.75788
2025-11-18 16:15:00,93178.0,93822.0,93072.0,93740.0,812.77192
2025-11-18 16:30:00,93740.0,93851.0,93325.0,93344.0,837.67839
2025-11-18 16:45:00,93343.0,93550.0,93208.0,93513.0,479.67679
2025-11-18 17:00:00,93512.0,93678.0,93326.0,93334.0,244.6932
2025-11-18 17:15:00,93334.0,93547.0,92884.0,92962.0,477.45987
2025-11-18 17:30:00,92962.0,93495.0,92840.0,93347.0,516.4376
2025-11-18 17:45:00,93339.0,93350.0,93111.0,93270.0,515.09596
2025-11-18 18:00:00,93269.0,93778.0,93269.0,93643.0,796.12066
2025-11-18 18:15:00,93643.0,93652.0,93204.0,93231.0,388.3374
2025-11-18 18:30:00,93232.0,93445.0,93144.0,93368.0,566.0273
2025-11-18 18:45:00,93366.0,93663.0,93284.0,93325.0,307.71948
2025-11-18 19:00:00,93329.0,93534.0,93225.0,93476.0,366.20056
2025-11-18 19:15:00,93478.0,93533.0,93344.0,93447.0,163.53909
2025-11-18 19:30:00,93447.0,93621.0,93225.0,93225.0,383.17032
2025-11-18 19:45:00,93225.0,93314.0,92988.0,93182.0,362.5297
2025-11-18 20:00:00,93182.0,93306.0,92927.0,93076.0,319.23743
2025-11-18 20:15:00,93076.0,93269.0,92989.0,93134.0,204.29045
2025-11-18 20:30:00,93134.0,93177.0,92734.0,92788.0,277.59447
2025-11-18 20:45:00,92790.0,92990.0,92656.0,92789.0,524.17361
2025-11-18 21:00:00,92788.0,93002.0,92652.0,92999.0,340.74936
2025-11-18 21:15:00,92999.0,93033.0,92844.0,92944.0,74.01205
2025-11-18 21:30:00,92942.0,92942.0,92600.0,92617.0,289.18437
2025-11-18 21:45:00,92617.0,92664.0,92450.0,92486.0,386.17565
2025-11-18 22:00:00,92486.0,93090.0,92483.0,93064.0,271.37452
2025-11-18 22:15:00,93064.0,93278.0,92992.0,93252.0,307.86718
2025-11-18 22:30:00,93252.0,93430.0,93239.0,93264.0,202.78366
2025-11-18 22:45:00,93265.0,93289.0,93100.0,93160.0,95.67606
2025-11-18 23:00:00,93159.0,93168.0,92734.0,92820.0,379.05642
2025-11-18 23:15:00,92822.0,92953.0,92734.0,92842.0,198.921
2025-11-18 23:30:00,92843.0,93014.0,92816.0,92886.0,144.96535
2025-11-18 23:45:00,92886.0,93060.0,92757.0,92972.0,141.81421
2025-11-19 00:00:00,92973.0,92996.0,92503.0,92507.0,313.42868
2025-11-19 00:15:00,92507.0,92559.0,91957.0,92303.0,636.26896
2025-11-19 00:30:00,92304.0,92670.0,92058.0,92629.0,475.76471
2025-11-19 00:45:00,92628.0,92666.0,92409.0,92417.0,130.6027
2025-11-19 01:00:00,92418.0,92434.0,92007.0,92060.0,553.58783
2025-11-19 01:15:00,92060.0,92663.0,91949.0,92432.0,505.39295
2025-11-19 01:30:00,92432.0,92505.0,92210.0,92370.0,194.31902
2025-11-19 01:45:00,92371.0,92466.0,92147.0,92442.0,155.13703
2025-11-19 02:00:00,92443.0,92771.0,92339.0,92752.0,159.40154
2025-11-19 02:15:00,92753.0,92864.0,92281.0,92609.0,166.82561
2025-11-19 02:30:00,92609.0,92873.0,92573.0,92634.0,239.80871
2025-11-19 02:45:00,92635.0,92817.0,92552.0,92578.0,137.05689
2025-11-19 03:00:00,92579.0,92645.0,92357.0,92363.0,159.39777
2025-11-19 03:15:00,92362.0,92362.0,92179.0,92314.0,317.44302
2025-11-19 03:30:00,92314.0,92314.0,91757.0,91913.0,917.48181
2025-11-19 03:45:00,91914.0,92011.0,91671.0,91879.0,399.97417
2025-11-19 04:00:00,91879.0,91973.0,91690.0,91740.0,337.00823
2025-11-19 04:15:00,91740.0,91839.0,91617.0,91704.0,311.46439
2025-11-19 04:30:00,91704.0,91708.0,91322.0,91460.0,552.09739
2025-11-19 04:45:00,91459.0,91505.0,91136.0,91159.0,321.4873
2025-11-19 05:00:00,91160.0,91263.0,90851.0,90917.0,617.04975
2025-11-19 05:15:00,90916.0,91102.0,90829.0,90846.0,458.11803
2025-11-19 05:30:00,90845.0,90847.0,90324.0,90337.0,1010.66244
2025-11-19 05:45:00,90337.0,90450.0,90025.0,90450.0,1230.97418
2025-11-19 06:00:00,90450.0,90687.0,90272.0,90639.0,842.51239
2025-11-19 06:15:00,90640.0,90807.0,90471.0,90806.0,488.39341
2025-11-19 06:30:00,90807.0,91005.0,90806.0,90952.0,761.04209
2025-11-19 06:45:00,90952.0,91100.0,90798.0,90984.0,127.07
2025-11-19 07:00:00,90983.0,91354.0,90958.0,91321.0,393.43489
2025-11-19 07:15:00,91320.0,91430.0,91169.0,91267.0,221.39349
2025-11-19 07:30:00,91266.0,91787.0,91184.0,91750.0,335.51622
2025-11-19 07:45:00,91750.0,92029.0,91724.0,91874.0,448.09225
2025-11-19 08:00:00,91874.0,91909.0,91682.0,91792.0,267.10566
2025-11-19 08:15:00,91794.0,91956.0,91623.0,91918.0,374.03721
2025-11-19 08:30:00,91910.0,91918.0,91503.0,91593.0,428.60713
2025-11-19 08:45:00,91593.0,91594.0,91320.0,91466.0,349.48242
2025-11-19 09:00:00,91466.0,91503.0,91068.0,91336.0,411.92813
2025-11-19 09:15:00,91337.0,91400.0,91112.0,91279.0,113.48639
2025-11-19 09:30:00,91280.0,91495.0,91280.0,91446.0,86.26809
2025-11-19 09:45:00,91447.0,91521.0,91278.0,91516.0,160.82311
2025-11-19 10:00:00,91516.0,91689.0,91486.0,91525.0,116.4773
2025-11-19 10:15:00,91525.0,91593.0,91347.0,91487.0,140.82175
2025-11-19 10:30:00,91487.0,91504.0,91377.0,91482.0,88.71295
2025-11-19 10:45:00,91482.0,91482.0,91221.0,91307.0,261.54455
2025-11-19 11:00:00,91307.0,91644.0,91302.0,91642.0,211.94998
2025-11-19 11:15:00,91643.0,91772.0,91543.0,91543.0,224.26525
2025-11-19 11:30:00,91544.0,91613.0,91464.0,91562.0,138.39665
2025-11-19 11:45:00,91562.0,91581.0,91313.0,91399.0,251.90126
2025-11-19 12:00:00,91398.0,91591.0,91330.0,91401.0,113.61642
2025-11-19 12:15:00,91402.0,91446.0,91203.0,91342.0,156.75209
2025-11-19 12:30:00,91341.0,91501.0,91303.0,91449.0,124.52453
2025-11-19 12:45:00,91449.0,91869.0,91425.0,91770.0,415.78687
2025-11-19 13:00:00,91770.0,91800.0,91556.0,91614.0,297.23597
2025-11-19 13:15:00,91614.0,91800.0,91578.0,91790.0,177.13558
2025-11-19 13:30:00,91790.0,91920.0,91345.0,91475.0,666.68951
2025-11-19 13:45:00,91475.0,91534.0,91178.0,91383.0,372.95131
2025-11-19 14:00:00,91382.0,91526.0,91133.0,91475.0,350.56015
2025-11-19 14:15:00,91476.0,91496.0,91027.0,91100.0,269.9568
2025-11-19 14:30:00,91101.0,91849.0,91091.0,91783.0,559.95768
2025-11-19 14:45:00,91781.0,91834.0,91489.0,91690.0,372.19547
2025-11-19 15:00:00,91700.0,92333.0,91700.0,92022.0,579.54546
2025-11-19 15:15:00,92024.0,92393.0,91134.0,91249.0,864.94565
2025-11-19 15:30:00,91250.0,91250.0,90567.0,90698.0,847.3262
2025-11-19 15:45:00,90700.0,90705.0,89870.0,89939.0,1253.98066
2025-11-19 16:00:00,89938.0,90224.0,89903.0,90122.0,901.32839
2025-11-19 16:15:00,90122.0,90232.0,89579.0,89681.0,1278.11701
2025-11-19 16:30:00,89681.0,89856.0,89444.0,89704.0,976.65278
2025-11-19 16:45:00,89705.0,89911.0,89455.0,89908.0,711.0554
2025-11-19 17:00:00,89886.0,90129.0,89333.0,89350.0,775.74271
2025-11-19 17:15:00,89351.0,89648.0,89316.0,89529.0,584.30687
2025-11-19 17:30:00,89528.0,89584.0,88888.0,89312.0,1388.75505
2025-11-19 17:45:00,89321.0,89572.0,89079.0,89507.0,581.67553
2025-11-19 18:00:00,89507.0,89741.0,89325.0,89671.0,659.0622
2025-11-19 18:15:00,89670.0,89720.0,88888.0,89071.0,923.71439
2025-11-19 18:30:00,89070.0,89300.0,88891.0,88926.0,369.98101
2025-11-19 18:45:00,88926.0,89316.0,88810.0,89279.0,982.39604
2025-11-19 19:00:00,89279.0,89402.0,89035.0,89182.0,460.56387
2025-11-19 19:15:00,89182.0,89232.0,88879.0,88977.0,381.12384
2025-11-19 19:30:00,88978.0,89046.0,88696.0,88740.0,831.46536
2025-11-19 19:45:00,88740.0,89100.0,88652.0,88888.0,905.02971
2025-11-19 20:00:00,88888.0,88936.0,88617.0,88716.0,545.98599
2025-11-19 20:15:00,88715.0,89412.0,88715.0,89412.0,706.63691
2025-11-19 20:30:00,89412.0,89542.0,89109.0,89194.0,572.76912
2025-11-19 20:45:00,89195.0,89701.0,89083.0,89574.0,1195.54335
2025-11-19 21:00:00,89570.0,89942.0,89460.0,89681.0,826.56912
2025-11-19 21:15:00,89684.0,90854.0,89683.0,90094.0,2069.06117
2025-11-19 21:30:00,90095.0,90627.0,90059.0,90499.0,888.01491
2025-11-19 21:45:00,90498.0,90770.0,90410.0,90604.0,453.18542
2025-11-19 22:00:00,90603.0,90636.0,90339.0,90339.0,604.59109
2025-11-19 22:15:00,90339.0,90646.0,90100.0,90587.0,546.66265
2025-11-19 22:30:00,90585.0,90635.0,90387.0,90513.0,240.68619
2025-11-19 22:45:00,90513.0,90556.0,90332.0,90481.0,146.06752
2025-11-19 23:00:00,90481.0,91383.0,90481.0,91339.0,768.75145
2025-11-19 23:15:00,91338.0,91539.0,91215.0,91399.0,630.22891
2025-11-19 23:30:00,91398.0,91509.0,91249.0,91276.0,508.84986
2025-11-19 23:45:00,91276.0,91600.0,91259.0,91554.0,460.17391
2025-11-20 00:00:00,91554.0,91565.0,91188.0,91500.0,289.41074
2025-11-20 00:15:00,91500.0,91888.0,91442.0,91855.0,606.79249
2025-11-20 00:30:00,91855.0,92306.0,91855.0,92233.0,710.27609
2025-11-20 00:45:00,92234.0,92266.0,91859.0,91889.0,474.28123
2025-11-20 01:00:00,91890.0,92357.0,91818.0,92225.0,482.64896
2025-11-20 01:15:00,92228.0,92524.0,92155.0,92232.0,453.0059
2025-11-20 01:30:00,92239.0,92726.0,92239.0,92578.0,410.36099
2025-11-20 01:45:00,92577.0,92666.0,92490.0,92601.0,210.25379
2025-11-20 02:00:00,92600.0,92800.0,92400.0,92660.0,313.70927
2025-11-20 02:15:00,92661.0,92742.0,92451.0,92506.0,96.71532
2025-11-20 02:30:00,92507.0,92596.0,92350.0,92411.0,249.34277
2025-11-20 02:45:00,92411.0,92731.0,92326.0,92592.0,260.34602
2025-11-20 03:00:00,92594.0,92689.0,92426.0,92434.0,306.87749
2025-11-20 03:15:00,92434.0,92730.0,92390.0,92400.0,421.98206
2025-11-20 03:30:00,92398.0,92679.0,92379.0,92476.0,165.82045
2025-11-20 03:45:00,92479.0,92577.0,92421.0,92444.0,111.18852
2025-11-20 04:00:00,92444.0,92565.0,92395.0,92467.0,107.00253
2025-11-20 04:15:00,92467.0,92467.0,92131.0,92293.0,244.43901
2025-11-20 04:30:00,92292.0,92403.0,92189.0,92305.0,91.17145
2025-11-20 04:45:00,92305.0,92989.0,92297.0,92958.0,469.26292
2025-11-20 05:00:00,92958.0,93167.0,92808.0,92882.0,492.84099
2025-11-20 05:15:00,92882.0,92930.0,92652.0,92674.0,236.38495
2025-11-20 05:30:00,92675.0,92676.0,92570.0,92573.0,100.45675
2025-11-20 05:45:00,92572.0,92745.0,92572.0,92604.0,158.80271
2025-11-20 06:00:00,92605.0,92852.0,92604.0,92700.0,109.87055
2025-11-20 06:15:00,92701.0,92701.0,92401.0,92461.0,97.45186
2025-11-20 06:30:00,92458.0,92500.0,91804.0,91847.0,360.54977
2025-11-20 06:45:00,91848.0,91991.0,91680.0,91969.0,316.30167
2025-11-20 07:00:00,91968.0,92096.0,91803.0,92048.0,147.59263
2025-11-20 07:15:00,92049.0,92075.0,91850.0,91941.0,245.94205
2025-11-20 07:30:00,91941.0,92193.0,91938.0,92151.0,160.33732
2025-11-20 07:45:00,92152.0,92452.0,92152.0,92324.0,288.7525
2025-11-20 08:00:00,92325.0,92415.0,92110.0,92139.0,195.40664
2025-11-20 08:15:00,92138.0,92290.0,92085.0,92282.0,42.85318
2025-11-20 08:30:00,92281.0,92341.0,92193.0,92270.0,80.21505
2025-11-20 08:45:00,92270.0,92323.0,92036.0,92118.0,100.62344
2025-11-20 09:00:00,92119.0,92132.0,91973.0,92083.0,105.39436
2025-11-20 09:15:00,92083.0,92118.0,91758.0,91812.0,116.3705
2025-11-20 09:30:00,91812.0,91925.0,91685.0,91686.0,166.28998
2025-11-20 09:45:00,91686.0,91945.0,91450.0,91886.0,325.30544
2025-11-20 10:00:00,91890.0,92030.0,91604.0,91626.0,253.62828
2025-11-20 10:15:00,91627.0,91988.0,91626.0,91966.0,148.11652
2025-11-20 10:30:00,91975.0,92053.0,91752.0,91804.0,67.92408
2025-11-20 10:45:00,91804.0,91844.0,91738.0,91807.0,58.21613
2025-11-20 11:00:00,91807.0,91830.0,91651.0,91754.0,50.66415
2025-11-20 11:15:00,91755.0,91799.0,91500.0,91572.0,117.16099
2025-11-20 11:30:00,91572.0,91841.0,91572.0,91799.0,64.44867
2025-11-20 11:45:00,91799.0,92028.0,91765.0,91941.0,127.21026
2025-11-20 12:00:00,91940.0,91997.0,91696.0,91701.0,51.18524
2025-11-20 12:15:00,91702.0,91893.0,91697.0,91738.0,68.88348
2025-11-20 12:30:00,91738.0,91952.0,91719.0,91770.0,92.52981
2025-11-20 12:45:00,91770.0,92008.0,91743.0,91835.0,89.77171
2025-11-20 13:00:00,91836.0,92022.0,91725.0,92012.0,130.72488
2025-11-20 13:15:00,92012.0,92170.0,91744.0,91889.0,219.13093
2025-11-20 13:30:00,91899.0,92522.0,91617.0,91618.0,953.16897
2025-11-20 13:45:00,91618.0,92000.0,91503.0,91521.0,484.45676
2025-11-20 14:00:00,91522.0,91526.0,90469.0,90705.0,1498.77868
2025-11-20 14:15:00,90705.0,91517.0,90642.0,91459.0,888.33021
2025-11-20 14:30:00,91460.0,91711.0,90851.0,91039.0,1056.2107
2025-11-20 14:45:00,91037.0,91277.0,90667.0,91101.0,807.95616
2025-11-20 15:00:00,91104.0,91192.0,90360.0,90409.0,786.91725
2025-11-20 15:15:00,90409.0,90852.0,90252.0,90645.0,662.96179
2025-11-20 15:30:00,90645.0,90691.0,90223.0,90607.0,294.7173
2025-11-20 15:45:00,90608.0,90609.0,89825.0,89880.0,819.35753
2025-11-20 16:00:00,89880.0,89926.0,88465.0,88726.0,3426.70467
2025-11-20 16:15:00,88720.0,89100.0,88251.0,88727.0,2173.0844
2025-11-20 16:30:00,88720.0,88933.0,88120.0,88216.0,1300.98075
2025-11-20 16:45:00,88217.0,88406.0,87473.0,87894.0,2325.91069
2025-11-20 17:00:00,87894.0,88167.0,86736.0,87036.0,2351.83871
2025-11-20 17:15:00,87039.0,87386.0,86805.0,87148.0,1720.79448
2025-11-20 17:30:00,87148.0,87373.0,86384.0,86784.0,1636.40522
2025-11-20 17:45:00,86784.0,87300.0,86646.0,87253.0,903.37638
2025-11-20 18:00:00,87253.0,87735.0,86981.0,87723.0,1043.17235
2025-11-20 18:15:00,87723.0,87796.0,86882.0,86979.0,1071.79671
2025-11-20 18:30:00,86979.0,87056.0,86646.0,86790.0,737.22742
2025-11-20 18:45:00,86790.0,86790.0,86332.0,86499.0,1405.35613
2025-11-20 19:00:00,86500.0,86605.0,86109.0,86444.0,1545.65752
2025-11-20 19:15:00,86443.0,87182.0,86287.0,86931.0,1265.4954
2025-11-20 19:30:00,86931.0,86931.0,86445.0,86706.0,904.67011
2025-11-20 19:45:00,86706.0,87022.0,86481.0,86936.0,450.6287
2025-11-20 20:00:00,86937.0,86937.0,86345.0,86361.0,456.09031
2025-11-20 20:15:00,86354.0,87089.0,86343.0,87068.0,887.82188
2025-11-20 20:30:00,87069.0,87155.0,86468.0,86616.0,734.36814
2025-11-20 20:45:00,86608.0,86767.0,86401.0,86491.0,423.89787
2025-11-20 21:00:00,86492.0,86979.0,86465.0,86953.0,429.89398
2025-11-20 21:15:00,86954.0,87526.0,86906.0,87186.0,1032.16357
2025-11-20 21:30:00,87185.0,87652.0,87100.0,87638.0,440.13212
2025-11-20 21:45:00,87639.0,87720.0,87299.0,87335.0,541.70512
2025-11-20 22:00:00,87335.0,87950.0,87259.0,87936.0,663.27672
2025-11-20 22:15:00,87935.0,88180.0,87812.0,88180.0,392.90468
2025-11-20 22:30:00,88180.0,88282.0,87704.0,88151.0,602.42513
2025-11-20 22:45:00,88151.0,88254.0,87954.0,88094.0,533.53122
2025-11-20 23:00:00,88097.0,88223.0,87350.0,87590.0,769.5101
2025-11-20 23:15:00,87589.0,87778.0,87221.0,87276.0,516.96237
2025-11-20 23:30:00,87286.0,87305.0,86800.0,87063.0,889.55505
2025-11-20 23:45:00,87062.0,87077.0,86553.0,86650.0,496.95761
2025-11-21 00:00:00,86650.0,87302.0,86606.0,87299.0,702.76591
2025-11-21 00:15:00,87298.0,87435.0,87085.0,87299.0,344.87626
2025-11-21 00:30:00,87300.0,87516.0,87034.0,87246.0,545.8553
2025-11-21 00:45:00,87246.0,87457.0,87205.0,87281.0,222.17622
2025-11-21 01:00:00,87281.0,87489.0,87098.0,87162.0,458.56733
2025-11-21 01:15:00,87161.0,87419.0,86836.0,87296.0,765.27912
2025-11-21 01:30:00,87295.0,87346.0,86926.0,87249.0,276.08893
2025-11-21 01:45:00,87250.0,87339.0,87005.0,87063.0,302.95166
2025-11-21 02:00:00,87064.0,87083.0,86428.0,86440.0,806.88184
2025-11-21 02:15:00,86439.0,86816.0,86186.0,86503.0,960.95392
2025-11-21 02:30:00,86503.0,86676.0,85833.0,85833.0,1033.11465
2025-11-21 02:45:00,85888.0,86266.0,85334.0,85463.0,1728.71223
2025-11-21 03:00:00,85463.0,86069.0,85445.0,85777.0,1074.27693
2025-11-21 03:15:00,85776.0,85979.0,85428.0,85687.0,1070.87164
2025-11-21 03:30:00,85686.0,86136.0,85563.0,86054.0,694.98063
2025-11-21 03:45:00,86054.0,86132.0,85807.0,85807.0,316.99693
2025-11-21 04:00:00,85808.0,85885.0,85607.0,85705.0,290.73356
2025-11-21 04:15:00,85703.0,85898.0,85599.0,85839.0,374.24645
2025-11-21 04:30:00,85840.0,86003.0,85387.0,85870.0,610.30068
2025-11-21 04:45:00,85884.0,86100.0,85722.0,86041.0,281.59506
2025-11-21 05:00:00,86042.0,86242.0,85955.0,86199.0,228.03595
2025-11-21 05:15:00,86200.0,86347.0,86140.0,86206.0,200.11049
2025-11-21 05:30:00,86206.0,86293.0,85829.0,86037.0,256.65803
2025-11-21 05:45:00,86037.0,86214.0,85958.0,86186.0,223.076
2025-11-21 06:00:00,86188.0,86250.0,85828.0,85981.0,197.99192
2025-11-21 06:15:00,85975.0,85975.0,85599.0,85624.0,290.59607
2025-11-21 06:30:00,85623.0,85829.0,85531.0,85666.0,444.34387
2025-11-21 06:45:00,85663.0,85725.0,85534.0,85568.0,258.28532
2025-11-21 07:00:00,85567.0,85753.0,85450.0,85510.0,276.48023
2025-11-21 07:15:00,85511.0,85521.0,85135.0,85202.0,978.44696
2025-11-21 07:30:00,85203.0,85305.0,80255.0,84331.0,8032.55441
2025-11-21 07:45:00,84332.0,84352.0,83750.0,84030.0,1726.74289
2025-11-21 08:00:00,84027.0,84677.0,83660.0,84464.0,1501.30095
2025-11-21 08:15:00,84464.0,84674.0,84192.0,84202.0,933.5947
2025-11-21 08:30:00,84203.0,84414.0,83750.0,83798.0,913.51098
2025-11-21 08:45:00,83790.0,83968.0,83554.0,83633.0,955.10256
2025-11-21 09:00:00,83634.0,83980.0,83580.0,83706.0,626.36618
2025-11-21 09:15:00,83707.0,83761.0,83053.0,83060.0,1021.92526
2025-11-21 09:30:00,83058.0,83209.0,82454.0,82631.0,1997.05198
2025-11-21 09:45:00,82631.0,82732.0,82082.0,82210.0,1132.02891
2025-11-21 10:00:00,82209.0,82495.0,81715.0,82104.0,2167.0179
2025-11-21 10:15:00,82104.0,82453.0,81651.0,82048.0,1456.84191
2025-11-21 10:30:00,82053.0,82890.0,82053.0,82535.0,1106.10385
2025-11-21 10:45:00,82535.0,82799.0,82345.0,82706.0,472.13648
2025-11-21 11:00:00,82706.0,83341.0,82617.0,83078.0,1103.53724
2025-11-21 11:15:00,83079.0,83219.0,82839.0,82925.0,329.67773
2025-11-21 11:30:00,82922.0,83095.0,82378.0,82515.0,785.97493
2025-11-21 11:45:00,82511.0,82512.0,82177.0,82315.0,827.34634
2025-11-21 12:00:00,82308.0,82442.0,81925.0,82289.0,1197.33353
2025-11-21 12:15:00,82283.0,82297.0,80614.0,80929.0,2836.20953
2025-11-21 12:30:00,80929.0,83026.0,80928.0,82984.0,4528.82822
2025-11-21 12:45:00,82986.0,83595.0,82986.0,83250.0,1915.37584
2025-11-21 13:00:00,83253.0,83860.0,83112.0,83800.0,976.74458
2025-11-21 13:15:00,83800.0,84336.0,83358.0,83405.0,1217.26113
2025-11-21 13:30:00,83406.0,84190.0,83283.0,84149.0,1237.95175
2025-11-21 13:45:00,84149.0,84411.0,84031.0,84104.0,1122.91006
2025-11-21 14:00:00,84103.0,84198.0,83728.0,83827.0,1111.0393
2025-11-21 14:15:00,83827.0,83827.0,83533.0,83628.0,663.14633
2025-11-21 14:30:00,83628.0,85296.0,83570.0,84885.0,4438.03866
2025-11-21 14:45:00,84884.0,85457.0,84218.0,84812.0,2201.26801
2025-11-21 15:00:00,84817.0,85071.0,84014.0,84149.0,1332.24223
2025-11-21 15:15:00,84148.0,84300.0,83568.0,83601.0,1242.54887
2025-11-21 15:30:00,83600.0,83836.0,82777.0,83203.0,2474.29045
2025-11-21 15:45:00,83202.0,83355.0,82698.0,82898.0,1209.3898
2025-11-21 16:00:00,82898.0,83078.0,82288.0,82895.0,2546.69553
2025-11-21 16:15:00,82895.0,83273.0,82535.0,83259.0,948.00242
2025-11-21 16:30:00,83258.0,83767.0,82918.0,83340.0,950.00473
2025-11-21 16:45:00,83339.0,84899.0,83110.0,84898.0,2222.6683
2025-11-21 17:00:00,84898.0,85478.0,84588.0,85100.0,1901.24932
2025-11-21 17:15:00,85109.0,85539.0,84935.0,85181.0,1013.33821
2025-11-21 17:30:00,85180.0,85465.0,84986.0,85168.0,936.51475
2025-11-21 17:45:00,85168.0,85362.0,84771.0,84847.0,891.89772
2025-11-21 18:00:00,84835.0,84921.0,83512.0,83639.0,1645.32652
2025-11-21 18:15:00,83630.0,84155.0,83251.0,84059.0,1846.71402
2025-11-21 18:30:00,84058.0,84562.0,83952.0,84520.0,1042.53248
2025-11-21 18:45:00,84514.0,85076.0,84393.0,84567.0,892.68995
2025-11-21 19:00:00,84568.0,84868.0,84416.0,84536.0,628.85764
2025-11-21 19:15:00,84536.0,85000.0,84470.0,84886.0,681.74944
2025-11-21 19:30:00,84885.0,84990.0,84334.0,84428.0,577.37871
2025-11-21 19:45:00,84428.0,84435.0,84059.0,84185.0,565.04808
2025-11-21 20:00:00,84184.0,84352.0,83828.0,84192.0,696.61807
2025-11-21 20:15:00,84191.0,84193.0,83495.0,83518.0,596.82985
2025-11-21 20:30:00,83518.0,84261.0,83433.0,84231.0,1101.80552
2025-11-21 20:45:00,84234.0,84632.0,84233.0,84555.0,1061.15327
2025-11-21 21:00:00,84555.0,84760.0,84340.0,84598.0,455.68654
2025-11-21 21:15:00,84597.0,84991.0,84417.0,84956.0,382.36781
2025-11-21 21:30:00,84955.0,85381.0,84935.0,85241.0,464.73992
2025-11-21 21:45:00,85241.0,85403.0,85127.0,85166.0,587.09787
2025-11-21 22:00:00,85166.0,85389.0,85061.0,85145.0,297.87106
2025-11-21 22:15:00,85146.0,85192.0,84715.0,84803.0,837.13721
2025-11-21 22:30:00,84803.0,84804.0,84304.0,84644.0,904.34994
2025-11-21 22:45:00,84643.0,84950.0,84227.0,84254.0,1142.40859
2025-11-21 23:00:00,84254.0,84439.0,84089.0,84428.0,391.82147
2025-11-21 23:15:00,84427.0,85038.0,84427.0,85028.0,631.19857
2025-11-21 23:30:00,85027.0,85252.0,84865.0,85220.0,495.65737
2025-11-21 23:45:00,85236.0,85343.0,85016.0,85111.0,612.2395
2025-11-22 00:00:00,85112.0,85611.0,85081.0,85499.0,492.7425
2025-11-22 00:15:00,85494.0,85499.0,84809.0,84869.0,590.13947
2025-11-22 00:30:00,84869.0,85263.0,84869.0,85039.0,517.81443
2025-11-22 00:45:00,85038.0,85049.0,84523.0,84697.0,1586.84648
2025-11-22 01:00:00,84696.0,84862.0,84548.0,84703.0,545.44088
2025-11-22 01:15:00,84702.0,84903.0,84628.0,84856.0,285.91873
2025-11-22 01:30:00,84855.0,85174.0,84852.0,84866.0,257.20455
2025-11-22 01:45:00,84865.0,85139.0,84864.0,85139.0,204.26126
2025-11-22 02:00:00,85138.0,85180.0,84641.0,84667.0,415.23096
2025-11-22 02:15:00,84668.0,84774.0,84553.0,84655.0,426.90009
2025-11-22 02:30:00,84655.0,84666.0,84248.0,84293.0,379.51064
2025-11-22 02:45:00,84293.0,84505.0,84252.0,84498.0,374.1692
2025-11-22 03:00:00,84497.0,84571.0,84268.0,84556.0,302.14772
2025-11-22 03:15:00,84555.0,84556.0,84228.0,84378.0,296.43035
2025-11-22 03:30:00,84377.0,84465.0,84181.0,84338.0,322.12439
2025-11-22 03:45:00,84339.0,84452.0,84166.0,84400.0,152.4336
2025-11-22 04:00:00,84399.0,84502.0,84015.0,84073.0,256.7188
2025-11-22 04:15:00,84072.0,84218.0,83858.0,83963.0,341.41597
2025-11-22 04:30:00,83962.0,84082.0,83788.0,83929.0,148.42453
2025-11-22 04:45:00,83938.0,84279.0,83841.0,84200.0,308.01538
2025-11-22 05:00:00,84199.0,84274.0,84096.0,84126.0,97.16919
2025-11-22 05:15:00,84125.0,84125.0,83869.0,84036.0,214.90458
2025-11-22 05:30:00,84036.0,84063.0,83835.0,83903.0,234.85307
2025-11-22 05:45:00,83903.0,84273.0,83903.0,84250.0,207.39422
2025-11-22 06:00:00,84250.0,84327.0,84032.0,84239.0,183.11199
2025-11-22 06:15:00,84239.0,84523.0,84193.0,84473.0,181.03844
2025-11-22 06:30:00,84472.0,84763.0,84472.0,84602.0,200.13951
2025-11-22 06:45:00,84601.0,84702.0,84486.0,84600.0,165.55492
2025-11-22 07:00:00,84600.0,84635.0,84382.0,84434.0,95.62447
2025-11-22 07:15:00,84433.0,84590.0,84365.0,84452.0,66.51474
2025-11-22 07:30:00,84452.0,84573.0,84362.0,84541.0,54.49752
2025-11-22 07:45:00,84541.0,84621.0,84467.0,84547.0,127.59748
2025-11-22 08:00:00,84547.0,84548.0,84397.0,84481.0,185.77142
2025-11-22 08:15:00,84480.0,84499.0,84170.0,84183.0,116.36012
2025-11-22 08:30:00,84182.0,84188.0,83903.0,84033.0,422.16092
2025-11-22 08:45:00,84033.0,84150.0,83908.0,83987.0,411.05034
2025-11-22 09:00:00,83987.0,84312.0,83919.0,84274.0,253.45928
2025-11-22 09:15:00,84273.0,84274.0,84016.0,84079.0,124.48671
2025-11-22 09:30:00,84078.0,84208.0,83820.0,83908.0,345.42576
2025-11-22 09:45:00,83908.0,84089.0,83841.0,83892.0,124.13348
2025-11-22 10:00:00,83891.0,84193.0,83876.0,84136.0,467.21273
2025-11-22 10:15:00,84136.0,84163.0,83570.0,83651.0,763.87184
2025-11-22 10:30:00,83650.0,83754.0,83527.0,83638.0,239.37401
2025-11-22 10:45:00,83637.0,83743.0,83450.0,83655.0,266.73433
2025-11-22 11:00:00,83653.0,84044.0,83549.0,83982.0,437.46075
2025-11-22 11:15:00,83978.0,84250.0,83844.0,84185.0,455.13912
2025-11-22 11:30:00,84185.0,84308.0,84082.0,84255.0,376.79973
2025-11-22 11:45:00,84254.0,84254.0,84062.0,84062.0,253.46139
2025-11-22 12:00:00,84061.0,84114.0,83639.0,83649.0,363.25192
2025-11-22 12:15:00,83649.0,83840.0,83581.0,83622.0,455.56299
2025-11-22 12:30:00,83622.0,83800.0,83617.0,83687.0,131.66209
2025-11-22 12:45:00,83687.0,83880.0,83587.0,83844.0,153.98331
2025-11-22 13:00:00,83845.0,84098.0,83611.0,84068.0,337.78025
2025-11-22 13:15:00,84067.0,84095.0,83774.0,83854.0,146.94986
2025-11-22 13:30:00,83854.0,83893.0,83669.0,83869.0,85.97732
2025-11-22 13:45:00,83869.0,84001.0,83834.0,83906.0,103.26474
2025-11-22 14:00:00,83908.0,84424.0,83908.0,84424.0,244.44306
2025-11-22 14:15:00,84420.0,84715.0,84302.0,84540.0,303.6919
2025-11-22 14:30:00,84540.0,84606.0,84350.0,84350.0,154.14304
2025-11-22 14:45:00,84350.0,84504.0,84211.0,84453.0,205.87018
2025-11-22 15:00:00,84452.0,84544.0,84257.0,84351.0,128.05906
2025-11-22 15:15:00,84351.0,84469.0,84304.0,84407.0,104.31382
2025-11-22 15:30:00,84406.0,84410.0,84004.0,84078.0,239.49665
2025-11-22 15:45:00,84079.0,84285.0,83972.0,84245.0,205.20497
2025-11-22 16:00:00,84245.0,84569.0,84184.0,84568.0,235.84656
2025-11-22 16:15:00,84568.0,84640.0,84443.0,84576.0,353.92372
2025-11-22 16:30:00,84575.0,84812.0,84476.0,84812.0,154.73376
2025-11-22 16:45:00,84811.0,84875.0,84569.0,84672.0,130.27323
2025-11-22 17:00:00,84672.0,84691.0,84403.0,84520.0,452.49895
2025-11-22 17:15:00,84519.0,84687.0,84444.0,84668.0,265.3024
2025-11-22 17:30:00,84667.0,84692.0,84477.0,84509.0,52.43129
2025-11-22 17:45:00,84509.0,84604.0,84444.0,84524.0,203.31991
2025-11-22 18:00:00,84524.0,84647.0,84469.0,84583.0,83.20126
2025-11-22 18:15:00,84582.0,84603.0,84490.0,84557.0,92.90193
2025-11-22 18:30:00,84557.0,84568.0,84450.0,84525.0,124.58666
2025-11-22 18:45:00,84526.0,84651.0,84500.0,84631.0,120.13324
2025-11-22 19:00:00,84630.0,84774.0,84549.0,84678.0,97.88529
2025-11-22 19:15:00,84678.0,84758.0,84546.0,84588.0,40.70702
2025-11-22 19:30:00,84590.0,84609.0,84462.0,84547.0,142.28262
2025-11-22 19:45:00,84546.0,84705.0,84534.0,84571.0,162.41925
2025-11-22 20:00:00,84571.0,84789.0,84566.0,84737.0,373.78979
2025-11-22 20:15:00,84737.0,84763.0,84624.0,84736.0,66.51875
2025-11-22 20:30:00,84735.0,84735.0,84394.0,84402.0,368.16281
2025-11-22 20:45:00,84396.0,84474.0,84222.0,84433.0,733.17024
2025-11-22 21:00:00,84434.0,84488.0,84222.0,84263.0,218.13036
2025-11-22 21:15:00,84261.0,84406.0,84260.0,84280.0,55.4659
2025-11-22 21:30:00,84284.0,84411.0,84246.0,84376.0,173.29407
2025-11-22 21:45:00,84377.0,84418.0,84275.0,84378.0,56.28019
2025-11-22 22:00:00,84377.0,84558.0,84241.0,84552.0,120.92254
2025-11-22 22:15:00,84552.0,84657.0,84502.0,84590.0,179.90824
2025-11-22 22:30:00,84588.0,84720.0,84531.0,84719.0,90.4752
2025-11-22 22:45:00,84719.0,85241.0,84698.0,85030.0,502.36432
2025-11-22 23:00:00,85030.0,85140.0,84813.0,85020.0,172.52636
2025-11-22 23:15:00,85010.0,85016.0,84742.0,84836.0,272.87922
2025-11-22 23:30:00,84837.0,85028.0,84707.0,84789.0,402.76612
2025-11-22 23:45:00,84785.0,84799.0,84636.0,84711.0,182.72956
2025-11-23 00:00:00,84711.0,85163.0,84648.0,85151.0,272.66104
2025-11-23 00:15:00,85154.0,85285.0,84976.0,85039.0,909.07982
2025-11-23 00:30:00,85046.0,85116.0,84865.0,84949.0,271.61795
2025-11-23 00:45:00,84956.0,85095.0,84857.0,84935.0,106.51547
2025-11-23 01:00:00,84935.0,85321.0,84910.0,85318.0,677.63234
2025-11-23 01:15:00,85318.0,85586.0,85271.0,85500.0,663.27202
2025-11-23 01:30:00,85501.0,85886.0,85426.0,85843.0,537.69388
2025-11-23 01:45:00,85843.0,86121.0,85689.0,85866.0,875.62152
2025-11-23 02:00:00,85866.0,86070.0,85662.0,85791.0,1104.6217
2025-11-23 02:15:00,85790.0,86171.0,85698.0,86002.0,658.2571
2025-11-23 02:30:00,86004.0,86315.0,86004.0,86141.0,358.61309
2025-11-23 02:45:00,86142.0,86251.0,85922.0,85965.0,451.9232
2025-11-23 03:00:00,85965.0,86058.0,85807.0,85861.0,381.73482
2025-11-23 03:15:00,85861.0,85927.0,85811.0,85925.0,488.77947
2025-11-23 03:30:00,85925.0,86136.0,85870.0,86057.0,370.54427
2025-11-23 03:45:00,86056.0,86304.0,85968.0,86295.0,663.35622
2025-11-23 04:00:00,86296.0,86488.0,86139.0,86447.0,1127.34212
2025-11-23 04:15:00,86447.0,86845.0,86357.0,86481.0,810.12683
2025-11-23 04:30:00,86482.0,86611.0,86411.0,86558.0,131.71648
2025-11-23 04:45:00,86558.0,86706.0,86421.0,86518.0,586.95279
2025-11-23 05:00:00,86518.0,86561.0,86342.0,86412.0,342.02555
2025-11-23 05:15:00,86411.0,86411.0,86192.0,86203.0,168.94713
2025-11-23 05:30:00,86202.0,86236.0,85957.0,86001.0,331.59441
2025-11-23 05:45:00,86000.0,86318.0,86000.0,86318.0,133.71421
2025-11-23 06:00:00,86319.0,86466.0,86232.0,86254.0,198.59397
2025-11-23 06:15:00,86254.0,86269.0,86040.0,86119.0,180.80664
2025-11-23 06:30:00,86118.0,86153.0,85957.0,85989.0,223.17626
2025-11-23 06:45:00,85988.0,86066.0,85830.0,85830.0,180.67573
2025-11-23 07:00:00,85831.0,85875.0,85568.0,85835.0,306.18654
2025-11-23 07:15:00,85836.0,85860.0,85357.0,85492.0,257.27046
2025-11-23 07:30:00,85492.0,85694.0,85413.0,85667.0,164.61384
2025-11-23 07:45:00,85666.0,85767.0,85598.0,85752.0,159.66161
2025-11-23 08:00:00,85747.0,86041.0,85741.0,85955.0,220.40029
2025-11-23 08:15:00,85956.0,86074.0,85911.0,85946.0,192.37339
2025-11-23 08:30:00,85949.0,85998.0,85822.0,85837.0,111.498
2025-11-23 08:45:00,85838.0,86171.0,85838.0,86116.0,320.05979
2025-11-23 09:00:00,86116.0,86208.0,86047.0,86201.0,128.32026
2025-11-23 09:15:00,86199.0,86224.0,86072.0,86132.0,156.62655
2025-11-23 09:30:00,86131.0,86439.0,86075.0,86421.0,138.1442
2025-11-23 09:45:00,86422.0,86439.0,86299.0,86368.0,103.43323
2025-11-23 10:00:00,86368.0,86420.0,86207.0,86252.0,151.74261
2025-11-23 10:15:00,86251.0,86344.0,86115.0,86135.0,84.34925
2025-11-23 10:30:00,86135.0,86285.0,86057.0,86195.0,118.25781
2025-11-23 10:45:00,86194.0,86259.0,86019.0,86030.0,128.40379
2025-11-23 11:00:00,86030.0,86030.0,85798.0,85916.0,150.39412
2025-11-23 11:15:00,85915.0,86113.0,85847.0,86015.0,115.48937
2025-11-23 11:30:00,86016.0,86247.0,85998.0,86225.0,169.48252
2025-11-23 11:45:00,86225.0,86394.0,86157.0,86284.0,152.19584
2025-11-23 12:00:00,86284.0,86599.0,86230.0,86562.0,232.50029
2025-11-23 12:15:00,86563.0,86825.0,86563.0,86750.0,478.07797
2025-11-23 12:30:00,86749.0,86859.0,86476.0,86566.0,291.35823
2025-11-23 12:45:00,86569.0,86659.0,86424.0,86501.0,499.5193
2025-11-23 13:00:00,86501.0,86734.0,86289.0,86322.0,456.19036
2025-11-23 13:15:00,86324.0,86612.0,86324.0,86447.0,428.55895
2025-11-23 13:30:00,86449.0,86706.0,86381.0,86680.0,164.89572
2025-11-23 13:45:00,86681.0,86917.0,86621.0,86917.0,447.79305
2025-11-23 14:00:00,86918.0,87197.0,86728.0,86791.0,871.13395
2025-11-23 14:15:00,86791.0,86830.0,86626.0,86776.0,272.555
2025-11-23 14:30:00,86775.0,86935.0,86637.0,86749.0,194.26858
2025-11-23 14:45:00,86749.0,86826.0,86467.0,86530.0,379.05817
2025-11-23 15:00:00,86530.0,86750.0,86422.0,86681.0,323.16712
2025-11-23 15:15:00,86681.0,86790.0,86575.0,86677.0,101.00677
2025-11-23 15:30:00,86677.0,87026.0,86653.0,86991.0,381.15677
2025-11-23 15:45:00,86992.0,87200.0,86874.0,87060.0,256.99958
2025-11-23 16:00:00,87061.0,87502.0,87048.0,87161.0,710.13613
2025-11-23 16:15:00,87161.0,87175.0,86930.0,87017.0,328.64049
2025-11-23 16:30:00,87019.0,87370.0,86907.0,87286.0,553.03484
2025-11-23 16:45:00,87299.0,87299.0,86603.0,86626.0,1086.81946
2025-11-23 17:00:00,86626.0,86785.0,86451.0,86669.0,1098.39373
2025-11-23 17:15:00,86669.0,86881.0,86500.0,86852.0,578.68358
2025-11-23 17:30:00,86853.0,86922.0,86723.0,86835.0,299.20044
2025-11-23 17:45:00,86835.0,86836.0,86566.0,86700.0,87.70562
2025-11-23 18:00:00,86701.0,86892.0,86669.0,86752.0,333.30127
2025-11-23 18:15:00,86751.0,87124.0,86740.0,86828.0,695.51186
2025-11-23 18:30:00,86828.0,87217.0,86827.0,87161.0,416.93201
2025-11-23 18:45:00,87162.0,87162.0,86876.0,86939.0,609.40493
2025-11-23 19:00:00,86939.0,87220.0,86892.0,87200.0,601.26192
2025-11-23 19:15:00,87200.0,87500.0,87200.0,87283.0,338.03369
2025-11-23 19:30:00,87284.0,87643.0,87283.0,87590.0,546.70395
2025-11-23 19:45:00,87589.0,87617.0,87233.0,87289.0,368.82031
2025-11-23 20:00:00,87290.0,87487.0,87199.0,87404.0,241.81844
2025-11-23 20:15:00,87404.0,87652.0,87367.0,87588.0,255.71956
2025-11-23 20:30:00,87588.0,87615.0,87384.0,87487.0,239.9723
2025-11-23 20:45:00,87487.0,87536.0,87374.0,87430.0,151.27258
2025-11-23 21:00:00,87430.0,87489.0,87127.0,87240.0,296.28927
2025-11-23 21:15:00,87240.0,87558.0,87223.0,87558.0,342.5792
2025-11-23 21:30:00,87558.0,87790.0,87551.0,87620.0,724.34294
2025-11-23 21:45:00,87619.0,87979.0,87592.0,87969.0,474.92782
2025-11-23 22:00:00,87969.0,88130.0,87640.0,87712.0,1306.8287
2025-11-23 22:15:00,87713.0,87977.0,87527.0,87874.0,720.15178
2025-11-23 22:30:00,87872.0,87872.0,87632.0,87725.0,429.1904
2025-11-23 22:45:00,87724.0,88013.0,87704.0,87967.0,251.23416
2025-11-23 23:00:00,87968.0,88049.0,87280.0,87296.0,988.17241
2025-11-23 23:15:00,87297.0,87396.0,86827.0,87035.0,1061.95312
2025-11-23 23:30:00,87035.0,87035.0,86718.0,86828.0,460.29061
2025-11-23 23:45:00,86829.0,86915.0,86712.0,86807.0,239.06128
2025-11-24 00:00:00,86807.0,86807.0,86250.0,86297.0,1086.66189
2025-11-24 00:15:00,86296.0,86421.0,85881.0,86402.0,1082.16158
2025-11-24 00:30:00,86403.0,86968.0,86227.0,86850.0,1185.20406
2025-11-24 00:45:00,86850.0,87198.0,86643.0,86705.0,370.67479
2025-11-24 01:00:00,86705.0,86988.0,86500.0,86736.0,301.30265
2025-11-24 01:15:00,86737.0,86898.0,86572.0,86789.0,287.71947
2025-11-24 01:30:00,86789.0,86821.0,86359.0,86500.0,217.66799
2025-11-24 01:45:00,86500.0,87058.0,86403.0,87041.0,551.72562
2025-11-24 02:00:00,87041.0,87913.0,86998.0,87871.0,741.66053
2025-11-24 02:15:00,87872.0,88000.0,87660.0,87668.0,686.20848
2025-11-24 02:30:00,87668.0,87748.0,87218.0,87333.0,577.49857
2025-11-24 02:45:00,87333.0,87472.0,87199.0,87472.0,253.25399
2025-11-24 03:00:00,87472.0,87525.0,87140.0,87271.0,390.3062
2025-11-24 03:15:00,87271.0,87739.0,87192.0,87548.0,464.51437
2025-11-24 03:30:00,87548.0,87621.0,87318.0,87405.0,486.62369
2025-11-24 03:45:00,87406.0,87472.0,87197.0,87401.0,592.23451
2025-11-24 04:00:00,87405.0,87544.0,87280.0,87284.0,476.74532
2025-11-24 04:15:00,87283.0,87283.0,86382.0,86551.0,861.15629
2025-11-24 04:30:00,86538.0,86772.0,86535.0,86661.0,337.32827
2025-11-24 04:45:00,86660.0,86775.0,86546.0,86685.0,512.48222
2025-11-24 05:00:00,86685.0,87632.0,86629.0,87525.0,1093.74756
2025-11-24 05:15:00,87532.0,87795.0,87463.0,87581.0,120.4001
2025-11-24 05:30:00,87571.0,87598.0,87369.0,87503.0,159.80286
2025-11-24 05:45:00,87504.0,87520.0,87218.0,87426.0,201.69228
2025-11-24 06:00:00,87425.0,87471.0,86873.0,86884.0,434.99596
2025-11-24 06:15:00,86892.0,87124.0,86892.0,87113.0,262.44446
2025-11-24 06:30:00,87113.0,87113.0,86813.0,86992.0,276.92685
2025-11-24 06:45:00,86991.0,87048.0,86747.0,86858.0,267.67654
2025-11-24 07:00:00,86858.0,86890.0,86638.0,86813.0,270.69801
2025-11-24 07:15:00,86813.0,86997.0,86695.0,86830.0,282.942
2025-11-24 07:30:00,86829.0,87298.0,86757.0,87258.0,219.89109
2025-11-24 07:45:00,87257.0,87300.0,86921.0,86996.0,222.40664
2025-11-24 08:00:00,86995.0,86996.0,86707.0,86889.0,276.60156
2025-11-24 08:15:00,86889.0,86982.0,86736.0,86786.0,172.90049
2025-11-24 08:30:00,86786.0,86856.0,86656.0,86792.0,197.49554
2025-11-24 08:45:00,86791.0,86980.0,86681.0,86915.0,152.73916
2025-11-24 09:00:00,86914.0,86914.0,86500.0,86572.0,168.60819
2025-11-24 09:15:00,86574.0,86581.0,85805.0,85900.0,863.37205
2025-11-24 09:30:00,85897.0,86144.0,85776.0,85956.0,775.04246
2025-11-24 09:45:00,85956.0,86076.0,85888.0,85896.0,151.23244
2025-11-24 10:00:00,85897.0,86152.0,85842.0,85858.0,249.24508
2025-11-24 10:15:00,85859.0,85992.0,85730.0,85789.0,168.67626
2025-11-24 10:30:00,85790.0,86026.0,85672.0,85916.0,1010.47783
2025-11-24 10:45:00,85917.0,86086.0,85916.0,86027.0,399.20988
2025-11-24 11:00:00,86027.0,86194.0,85823.0,86082.0,379.2924
2025-11-24 11:15:00,86080.0,86174.0,85986.0,86064.0,226.34649
2025-11-24 11:30:00,86064.0,86392.0,86064.0,86387.0,611.71254
2025-11-24 11:45:00,86388.0,86429.0,86238.0,86255.0,196.38577
2025-11-24 12:00:00,86254.0,86254.0,85946.0,86010.0,311.52298
2025-11-24 12:15:00,86011.0,86192.0,85914.0,86187.0,221.55398
2025-11-24 12:30:00,86188.0,86296.0,85877.0,85932.0,265.17708
2025-11-24 12:45:00,85932.0,86117.0,85861.0,85988.0,311.91258
2025-11-24 13:00:00,85986.0,86488.0,85940.0,86306.0,644.80837
2025-11-24 13:15:00,86306.0,86530.0,86155.0,86489.0,342.74907
2025-11-24 13:30:00,86490.0,86561.0,86343.0,86508.0,289.9463
2025-11-24 13:45:00,86508.0,86509.0,86048.0,86126.0,247.63215
2025-11-24 14:00:00,86127.0,86127.0,85900.0,86038.0,505.07651
2025-11-24 14:15:00,86034.0,86082.0,85883.0,85895.0,316.89294
2025-11-24 14:30:00,85898.0,86667.0,85428.0,85547.0,1749.66462
2025-11-24 14:45:00,85547.0,86085.0,85231.0,86085.0,2011.08644
2025-11-24 15:00:00,86085.0,86708.0,86056.0,86504.0,1454.62291
2025-11-24 15:15:00,86504.0,86527.0,85865.0,86062.0,873.74522
2025-11-24 15:30:00,86061.0,86611.0,85948.0,86503.0,462.9088
2025-11-24 15:45:00,86504.0,86707.0,86377.0,86621.0,943.54639
2025-11-24 16:00:00,86622.0,87201.0,86621.0,86864.0,1838.16349
2025-11-24 16:15:00,86863.0,87320.0,86857.0,87208.0,1119.29693
2025-11-24 16:30:00,87207.0,87500.0,87021.0,87485.0,604.72112
2025-11-24 16:45:00,87486.0,87699.0,87115.0,87127.0,1699.64163
2025-11-24 17:00:00,87127.0,87271.0,86914.0,86946.0,490.61544
2025-11-24 17:15:00,86946.0,87700.0,86902.0,87684.0,571.34257
2025-11-24 17:30:00,87683.0,87980.0,87583.0,87880.0,650.65502
2025-11-24 17:45:00,87879.0,88408.0,87831.0,88307.0,964.75051
2025-11-24 18:00:00,88308.0,88541.0,88140.0,88433.0,1456.1392
2025-11-24 18:15:00,88433.0,88489.0,88171.0,88309.0,315.11505
2025-11-24 18:30:00,88310.0,88430.0,88160.0,88350.0,630.78752
2025-11-24 18:45:00,88351.0,88676.0,88351.0,88673.0,562.18582
2025-11-24 19:00:00,88672.0,88796.0,88511.0,88640.0,538.1324
2025-11-24 19:15:00,88640.0,88735.0,88460.0,88586.0,209.07618
2025-11-24 19:30:00,88587.0,88752.0,88304.0,88387.0,676.40486
2025-11-24 19:45:00,88386.0,88423.0,88081.0,88291.0,792.42695
2025-11-24 20:00:00,88290.0,88732.0,88290.0,88605.0,887.83078
2025-11-24 20:15:00,88606.0,88830.0,88547.0,88809.0,653.73613
2025-11-24 20:30:00,88809.0,88900.0,88695.0,88880.0,488.47394
2025-11-24 20:45:00,88880.0,89165.0,88879.0,89026.0,795.1274
2025-11-24 21:00:00,89022.0,89071.0,88823.0,88972.0,738.05852
2025-11-24 21:15:00,88972.0,88994.0,88777.0,88856.0,336.71224
2025-11-24 21:30:00,88856.0,89038.0,88726.0,88726.0,262.44169
2025-11-24 21:45:00,88724.0,88825.0,88656.0,88715.0,413.88441
2025-11-24 22:00:00,88713.0,89048.0,88701.0,88992.0,456.32841
2025-11-24 22:15:00,88992.0,88995.0,88672.0,88740.0,143.16859
2025-11-24 22:30:00,88738.0,88888.0,88714.0,88787.0,110.30392
2025-11-24 22:45:00,88788.0,88788.0,88519.0,88565.0,530.58667
2025-11-24 23:00:00,88564.0,88638.0,88431.0,88456.0,146.42994
2025-11-24 23:15:00,88456.0,88565.0,88425.0,88543.0,180.31973
2025-11-24 23:30:00,88543.0,88543.0,88250.0,88364.0,174.52331
2025-11-24 23:45:00,88364.0,88364.0,88189.0,88232.0,118.15542
2025-11-25 00:00:00,88233.0,88233.0,87933.0,87979.0,252.21911
2025-11-25 00:15:00,87980.0,88020.0,87823.0,87837.0,277.94084
2025-11-25 00:30:00,87838.0,88234.0,87833.0,88141.0,215.57452
2025-11-25 00:45:00,88142.0,88208.0,87925.0,88051.0,156.45135
2025-11-25 01:00:00,88053.0,88140.0,87861.0,88092.0,185.84498
2025-11-25 01:15:00,88092.0,88142.0,87883.0,87999.0,294.4854
2025-11-25 01:30:00,87999.0,88041.0,87870.0,87932.0,166.05726
2025-11-25 01:45:00,87931.0,87931.0,87655.0,87676.0,236.11314
2025-11-25 02:00:00,87676.0,87901.0,87564.0,87759.0,225.48445
2025-11-25 02:15:00,87759.0,87844.0,87559.0,87606.0,216.70584
2025-11-25 02:30:00,87607.0,87653.0,87416.0,87626.0,371.70921
2025-11-25 02:45:00,87625.0,87882.0,87623.0,87862.0,281.22561
2025-11-25 03:00:00,87862.0,87990.0,87748.0,87777.0,248.85756
2025-11-25 03:15:00,87777.0,87928.0,87703.0,87898.0,176.49366
2025-11-25 03:30:00,87898.0,87898.0,87543.0,87621.0,292.48248
2025-11-25 03:45:00,87622.0,87779.0,87496.0,87767.0,200.24479
2025-11-25 04:00:00,87768.0,88098.0,87746.0,88084.0,255.84104
2025-11-25 04:15:00,88084.0,88084.0,87906.0,87991.0,106.07136
2025-11-25 04:30:00,87991.0,88299.0,87973.0,88118.0,242.3606
2025-11-25 04:45:00,88118.0,88473.0,88089.0,88299.0,164.47762
2025-11-25 05:00:00,88300.0,88300.0,88126.0,88133.0,124.836
2025-11-25 05:15:00,88133.0,88151.0,87877.0,87952.0,530.43734
2025-11-25 05:30:00,87953.0,88150.0,87948.0,88128.0,387.2549
2025-11-25 05:45:00,88128.0,88155.0,88021.0,88049.0,305.10771
2025-11-25 06:00:00,88049.0,88089.0,87971.0,88005.0,381.46569
2025-11-25 06:15:00,88005.0,88046.0,87856.0,87888.0,308.71845
2025-11-25 06:30:00,87888.0,87928.0,87775.0,87811.0,306.8273
2025-11-25 06:45:00,87812.0,88000.0,87728.0,87950.0,292.17123
2025-11-25 07:00:00,87951.0,87989.0,87808.0,87963.0,116.57558
2025-11-25 07:15:00,87964.0,87964.0,87649.0,87657.0,230.43595
2025-11-25 07:30:00,87657.0,87744.0,87572.0,87647.0,114.14526
2025-11-25 07:45:00,87647.0,87703.0,87291.0,87346.0,248.57586
2025-11-25 08:00:00,87346.0,87424.0,87291.0,87353.0,279.35063
2025-11-25 08:15:00,87354.0,87561.0,87354.0,87483.0,192.00259
2025-11-25 08:30:00,87485.0,87506.0,87282.0,87351.0,139.33651
2025-11-25 08:45:00,87352.0,87368.0,86934.0,86959.0,426.12128
2025-11-25 09:00:00,86958.0,87019.0,86771.0,86771.0,311.34887
2025-11-25 09:15:00,86775.0,86882.0,86637.0,86638.0,312.53974
2025-11-25 09:30:00,86639.0,87084.0,86638.0,87070.0,590.05121
2025-11-25 09:45:00,87070.0,87233.0,86848.0,87201.0,493.17878
2025-11-25 10:00:00,87202.0,87205.0,86993.0,87020.0,110.87757
2025-11-25 10:15:00,87021.0,87189.0,86909.0,87185.0,122.67625
2025-11-25 10:30:00,87183.0,87287.0,87115.0,87193.0,103.46365
2025-11-25 10:45:00,87193.0,87385.0,87131.0,87364.0,107.79959
2025-11-25 11:00:00,87365.0,87434.0,87275.0,87421.0,319.17577
2025-11-25 11:15:00,87421.0,87477.0,87271.0,87387.0,80.05311
2025-11-25 11:30:00,87388.0,87489.0,87317.0,87397.0,100.9386
2025-11-25 11:45:00,87397.0,87507.0,87275.0,87313.0,198.98075
2025-11-25 12:00:00,87314.0,87673.0,87314.0,87643.0,110.68994
2025-11-25 12:15:00,87643.0,87673.0,87490.0,87587.0,127.72751
2025-11-25 12:30:00,87588.0,87721.0,87341.0,87605.0,255.5168
2025-11-25 12:45:00,87606.0,87630.0,87424.0,87476.0,108.93826
2025-11-25 13:00:00,87476.0,87583.0,87280.0,87551.0,325.06084
2025-11-25 13:15:00,87552.0,87680.0,87474.0,87578.0,151.51701
2025-11-25 13:30:00,87583.0,87660.0,86983.0,86991.0,374.23455
2025-11-25 13:45:00,86992.0,87088.0,86801.0,87030.0,1337.41096
2025-11-25 14:00:00,87031.0,87269.0,86803.0,86953.0,831.97715
2025-11-25 14:15:00,86953.0,87190.0,86836.0,87147.0,267.58798
2025-11-25 14:30:00,87147.0,87185.0,86500.0,86565.0,754.10698
2025-11-25 14:45:00,86561.0,86767.0,86050.0,86708.0,1220.58876
2025-11-25 15:00:00,86707.0,86870.0,86147.0,86536.0,1368.45905
2025-11-25 15:15:00,86537.0,86713.0,86309.0,86707.0,355.47675
2025-11-25 15:30:00,86710.0,87145.0,86710.0,87141.0,690.3967
2025-11-25 15:45:00,87141.0,87276.0,86837.0,86944.0,499.39631
2025-11-25 16:00:00,86945.0,87050.0,86675.0,86813.0,442.52439
2025-11-25 16:15:00,86813.0,87258.0,86751.0,87183.0,976.66996
2025-11-25 16:30:00,87183.0,87258.0,86994.0,87068.0,502.89781
2025-11-25 16:45:00,87069.0,87141.0,86923.0,87093.0,384.2219
2025-11-25 17:00:00,87092.0,87473.0,87016.0,87440.0,407.96253
2025-11-25 17:15:00,87440.0,87601.0,87208.0,87462.0,457.79282
2025-11-25 17:30:00,87463.0,88127.0,87447.0,87916.0,925.40827
2025-11-25 17:45:00,87917.0,87951.0,87567.0,87592.0,561.85161
2025-11-25 18:00:00,87591.0,87764.0,87500.0,87605.0,502.0684
2025-11-25 18:15:00,87602.0,87809.0,87518.0,87618.0,314.48124
2025-11-25 18:30:00,87618.0,87683.0,87401.0,87468.0,264.96139
2025-11-25 18:45:00,87469.0,87612.0,87185.0,87199.0,550.33064
2025-11-25 19:00:00,87198.0,87301.0,86725.0,86930.0,1112.34741
2025-11-25 19:15:00,86929.0,86930.0,86168.0,86239.0,979.52105
2025-11-25 19:30:00,86240.0,86594.0,86129.0,86585.0,838.75184
2025-11-25 19:45:00,86589.0,86884.0,86525.0,86854.0,567.71165
2025-11-25 20:00:00,86855.0,87087.0,86668.0,87067.0,556.98408
2025-11-25 20:15:00,87066.0,87115.0,86850.0,87016.0,648.46696
2025-11-25 20:30:00,87015.0,87309.0,87015.0,87157.0,434.59055
2025-11-25 20:45:00,87155.0,87436.0,87100.0,87377.0,812.95902
2025-11-25 21:00:00,87374.0,87415.0,87061.0,87135.0,740.10477
2025-11-25 21:15:00,87136.0,87352.0,87136.0,87250.0,154.11706
2025-11-25 21:30:00,87250.0,87313.0,86995.0,87143.0,909.19548
2025-11-25 21:45:00,87143.0,87240.0,86931.0,86984.0,207.15846
2025-11-25 22:00:00,86979.0,86980.0,86525.0,86601.0,633.94406
2025-11-25 22:15:00,86600.0,87159.0,86590.0,87104.0,1392.55543
2025-11-25 22:30:00,87103.0,87578.0,87021.0,87292.0,878.00814
2025-11-25 22:45:00,87292.0,87668.0,87159.0,87593.0,627.65164
2025-11-25 23:00:00,87592.0,87857.0,87343.0,87777.0,680.25136
2025-11-25 23:15:00,87781.0,87781.0,87470.0,87488.0,279.99037
2025-11-25 23:30:00,87487.0,87607.0,87363.0,87366.0,294.71446
2025-11-25 23:45:00,87365.0,87461.0,87280.0,87332.0,455.83957
2025-11-26 00:00:00,87331.0,87588.0,87322.0,87438.0,634.2748
2025-11-26 00:15:00,87438.0,87743.0,87349.0,87602.0,290.96058
2025-11-26 00:30:00,87602.0,87719.0,87366.0,87505.0,521.34502
2025-11-26 00:45:00,87506.0,87715.0,87458.0,87544.0,357.44513
2025-11-26 01:00:00,87544.0,87544.0,87318.0,87490.0,627.12821
2025-11-26 01:15:00,87490.0,87634.0,87394.0,87550.0,235.7308
2025-11-26 01:30:00,87550.0,88232.0,87506.0,88062.0,572.28942
2025-11-26 01:45:00,88061.0,88075.0,87838.0,87891.0,230.89111
2025-11-26 02:00:00,87891.0,87999.0,87793.0,87969.0,158.72965
2025-11-26 02:15:00,87970.0,88069.0,87728.0,87774.0,222.297
2025-11-26 02:30:00,87773.0,87938.0,87638.0,87858.0,245.56255
2025-11-26 02:45:00,87858.0,87858.0,87631.0,87684.0,311.62633
2025-11-26 03:00:00,87678.0,87734.0,87629.0,87663.0,302.51332
2025-11-26 03:15:00,87663.0,87857.0,87615.0,87786.0,254.80981
2025-11-26 03:30:00,87783.0,87784.0,87223.0,87322.0,643.00924
2025-11-26 03:45:00,87323.0,87333.0,87029.0,87079.0,256.62132
2025-11-26 04:00:00,87080.0,87251.0,86847.0,86863.0,428.69758
2025-11-26 04:15:00,86862.0,87217.0,86862.0,87202.0,211.70428
2025-11-26 04:30:00,87203.0,87331.0,87164.0,87237.0,224.2871
2025-11-26 04:45:00,87237.0,87296.0,87137.0,87197.0,166.89567
2025-11-26 05:00:00,87196.0,87436.0,87183.0,87380.0,252.56623
2025-11-26 05:15:00,87379.0,87661.0,87375.0,87489.0,212.66258
2025-11-26 05:30:00,87490.0,87708.0,87490.0,87587.0,234.22991
2025-11-26 05:45:00,87583.0,87600.0,87428.0,87486.0,268.28729
2025-11-26 06:00:00,87486.0,87671.0,87408.0,87618.0,186.34151
2025-11-26 06:15:00,87616.0,87628.0,87446.0,87574.0,73.6591
2025-11-26 06:30:00,87573.0,87646.0,87420.0,87639.0,78.26143
2025-11-26 06:45:00,87639.0,87875.0,87568.0,87781.0,355.94376
2025-11-26 07:00:00,87781.0,87842.0,87667.0,87789.0,301.98665
2025-11-26 07:15:00,87789.0,87851.0,87703.0,87776.0,52.49356
2025-11-26 07:30:00,87769.0,87780.0,87681.0,87771.0,103.35903
2025-11-26 07:45:00,87771.0,87943.0,87709.0,87914.0,189.55822
2025-11-26 08:00:00,87908.0,87914.0,87533.0,87570.0,206.2553
2025-11-26 08:15:00,87570.0,87653.0,87495.0,87521.0,144.94249
2025-11-26 08:30:00,87522.0,87594.0,87423.0,87506.0,120.86617
2025-11-26 08:45:00,87506.0,87538.0,87378.0,87379.0,125.70575
2025-11-26 09:00:00,87379.0,87405.0,87271.0,87325.0,154.03349
2025-11-26 09:15:00,87326.0,87331.0,87060.0,87076.0,332.54127
2025-11-26 09:30:00,87072.0,87090.0,86901.0,86925.0,237.83673
2025-11-26 09:45:00,86926.0,86933.0,86718.0,86798.0,196.33951
2025-11-26 10:00:00,86798.0,87027.0,86797.0,86887.0,120.44702
2025-11-26 10:15:00,86888.0,86888.0,86749.0,86820.0,280.04499
2025-11-26 10:30:00,86820.0,86905.0,86622.0,86862.0,366.01784
2025-11-26 10:45:00,86863.0,86964.0,86773.0,86923.0,160.7882
2025-11-26 11:00:00,86923.0,86967.0,86816.0,86958.0,85.85957
2025-11-26 11:15:00,86958.0,86977.0,86838.0,86860.0,59.28468
2025-11-26 11:30:00,86861.0,87028.0,86828.0,87018.0,84.19181
2025-11-26 11:45:00,87017.0,87068.0,86911.0,87057.0,32.87323
2025-11-26 12:00:00,87056.0,87142.0,86505.0,86529.0,538.83135
2025-11-26 12:15:00,86529.0,86569.0,86207.0,86483.0,493.72249
2025-11-26 12:30:00,86482.0,86651.0,86398.0,86591.0,306.19988
2025-11-26 12:45:00,86591.0,86691.0,86564.0,86615.0,157.08014
2025-11-26 13:00:00,86614.0,86661.0,86528.0,86564.0,91.05222
2025-11-26 13:15:00,86563.0,86794.0,86527.0,86677.0,343.78466
2025-11-26 13:30:00,86677.0,87093.0,86545.0,86982.0,1326.34731
2025-11-26 13:45:00,86981.0,87116.0,86904.0,87101.0,310.57126
2025-11-26 14:00:00,87102.0,87322.0,86926.0,87294.0,392.06285
2025-11-26 14:15:00,87295.0,87324.0,87183.0,87276.0,181.84757
2025-11-26 14:30:00,87276.0,87523.0,87068.0,87249.0,1291.79609
2025-11-26 14:45:00,87250.0,87636.0,86765.0,86842.0,608.11689
2025-11-26 15:00:00,86845.0,87177.0,86818.0,86978.0,324.73444
2025-11-26 15:15:00,86981.0,87297.0,86832.0,87242.0,382.41626
2025-11-26 15:30:00,87241.0,87319.0,86853.0,86854.0,322.14074
2025-11-26 15:45:00,86854.0,86975.0,86653.0,86936.0,376.47347
2025-11-26 16:00:00,86935.0,87544.0,86930.0,87522.0,720.97984
2025-11-26 16:15:00,87523.0,87811.0,87523.0,87549.0,417.80103
2025-11-26 16:30:00,87549.0,87899.0,87533.0,87567.0,664.36926
2025-11-26 16:45:00,87567.0,87813.0,87455.0,87778.0,842.97348
2025-11-26 17:00:00,87780.0,87943.0,87708.0,87819.0,321.84134
2025-11-26 17:15:00,87818.0,88792.0,87669.0,88631.0,1209.46566
2025-11-26 17:30:00,88630.0,89488.0,88524.0,89488.0,1566.54597
2025-11-26 17:45:00,89488.0,89900.0,89470.0,89773.0,2072.12337
2025-11-26 18:00:00,89774.0,90073.0,89605.0,90008.0,1468.25224
2025-11-26 18:15:00,90008.0,90371.0,90008.0,90284.0,942.06536
2025-11-26 18:30:00,90285.0,90320.0,89649.0,89684.0,834.66513
2025-11-26 18:45:00,89684.0,90117.0,89664.0,90099.0,593.73723
2025-11-26 19:00:00,90099.0,90153.0,89693.0,89776.0,455.54539
2025-11-26 19:15:00,89776.0,89975.0,89689.0,89748.0,285.48156
2025-11-26 19:30:00,89747.0,89989.0,89688.0,89819.0,364.87345
2025-11-26 19:45:00,89818.0,90017.0,89750.0,89916.0,124.54052
2025-11-26 20:00:00,89917.0,89958.0,89453.0,89938.0,624.35056
2025-11-26 20:15:00,89937.0,90083.0,89765.0,89959.0,336.81017
2025-11-26 20:30:00,89959.0,90013.0,89616.0,89616.0,440.8441
2025-11-26 20:45:00,89615.0,89892.0,89585.0,89808.0,202.42472
2025-11-26 21:00:00,89809.0,89970.0,89770.0,89770.0,102.92544
2025-11-26 21:15:00,89770.0,90243.0,89755.0,90211.0,302.66037
2025-11-26 21:30:00,90218.0,90421.0,90089.0,90177.0,419.5904
2025-11-26 21:45:00,90177.0,90329.0,90098.0,90133.0,310.71552
2025-11-26 22:00:00,90133.0,90602.0,90064.0,90272.0,320.49491
2025-11-26 22:15:00,90271.0,90498.0,90152.0,90277.0,297.34916
2025-11-26 22:30:00,90278.0,90318.0,90150.0,90191.0,122.14584
2025-11-26 22:45:00,90192.0,90404.0,90156.0,90341.0,66.20092
2025-11-26 23:00:00,90337.0,90560.0,90297.0,90454.0,145.63244
2025-11-26 23:15:00,90453.0,90467.0,90276.0,90277.0,159.09853
2025-11-26 23:30:00,90277.0,90407.0,90252.0,90357.0,86.69262
2025-11-26 23:45:00,90357.0,90531.0,90355.0,90420.0,173.60971
2025-11-27 00:00:00,90421.0,90493.0,90065.0,90118.0,196.21552
2025-11-27 00:15:00,90118.0,90212.0,90026.0,90160.0,216.48246
2025-11-27 00:30:00,90158.0,90335.0,90152.0,90299.0,161.78239
2025-11-27 00:45:00,90299.0,90541.0,90290.0,90419.0,189.27479
2025-11-27 01:00:00,90420.0,90822.0,90330.0,90630.0,431.57381
2025-11-27 01:15:00,90630.0,90760.0,90544.0,90670.0,103.0955
2025-11-27 01:30:00,90668.0,90669.0,90550.0,90658.0,60.81901
2025-11-27 01:45:00,90658.0,91210.0,90576.0,91087.0,486.1073
2025-11-27 02:00:00,91086.0,91146.0,90832.0,90975.0,218.74459
2025-11-27 02:15:00,90976.0,91416.0,90955.0,91416.0,756.72372
2025-11-27 02:30:00,91415.0,91801.0,91306.0,91772.0,1112.81285
2025-11-27 02:45:00,91773.0,91852.0,91297.0,91330.0,1131.53833
2025-11-27 03:00:00,91331.0,91572.0,91250.0,91320.0,336.74534
2025-11-27 03:15:00,91320.0,91558.0,91270.0,91288.0,290.59467
2025-11-27 03:30:00,91287.0,91287.0,91055.0,91116.0,181.65141
2025-11-27 03:45:00,91116.0,91181.0,91004.0,91049.0,99.95148
2025-11-27 04:00:00,91049.0,91316.0,91008.0,91241.0,421.43314
2025-11-27 04:15:00,91242.0,91311.0,91063.0,91083.0,160.02904
2025-11-27 04:30:00,91084.0,91251.0,91043.0,91114.0,222.94964
2025-11-27 04:45:00,91115.0,91268.0,91115.0,91239.0,70.98167
2025-11-27 05:00:00,91240.0,91290.0,91109.0,91262.0,87.01654
2025-11-27 05:15:00,91262.0,91524.0,91194.0,91454.0,493.18189
2025-11-27 05:30:00,91455.0,91455.0,90845.0,90913.0,1133.56493
2025-11-27 05:45:00,90914.0,91049.0,90869.0,90922.0,424.00289
2025-11-27 06:00:00,90923.0,91226.0,90922.0,91225.0,147.17487
2025-11-27 06:15:00,91226.0,91379.0,91170.0,91342.0,437.97872
2025-11-27 06:30:00,91342.0,91412.0,91233.0,91293.0,67.88216
2025-11-27 06:45:00,91294.0,91333.0,91139.0,91200.0,163.70112
2025-11-27 07:00:00,91200.0,91292.0,91100.0,91235.0,131.79813
2025-11-27 07:15:00,91236.0,91418.0,91201.0,91399.0,69.80831
2025-11-27 07:30:00,91399.0,91415.0,91320.0,91326.0,31.75403
2025-11-27 07:45:00,91327.0,91469.0,91300.0,91370.0,91.21352
2025-11-27 08:00:00,91371.0,91480.0,91181.0,91214.0,216.4221
2025-11-27 08:15:00,91215.0,91348.0,91214.0,91327.0,181.7896
2025-11-27 08:30:00,91327.0,91415.0,91257.0,91358.0,93.51888
2025-11-27 08:45:00,91358.0,91482.0,91333.0,91448.0,75.49922
2025-11-27 09:00:00,91449.0,91493.0,91437.0,91470.0,84.8504
2025-11-27 09:15:00,91471.0,91731.0,91470.0,91559.0,311.54239
2025-11-27 09:30:00,91560.0,91911.0,91560.0,91781.0,457.00821
2025-11-27 09:45:00,91781.0,91781.0,91506.0,91524.0,176.99856
2025-11-27 10:00:00,91526.0,91676.0,91499.0,91548.0,469.3399
2025-11-27 10:15:00,91547.0,91700.0,91538.0,91610.0,78.61962
2025-11-27 10:30:00,91611.0,91628.0,91303.0,91539.0,350.59579
2025-11-27 10:45:00,91540.0,91627.0,91445.0,91570.0,193.986
2025-11-27 11:00:00,91571.0,91571.0,91453.0,91480.0,171.38404
2025-11-27 11:15:00,91480.0,91517.0,91322.0,91322.0,153.11739
2025-11-27 11:30:00,91322.0,91441.0,91255.0,91425.0,140.45747
2025-11-27 11:45:00,91426.0,91431.0,91324.0,91331.0,127.80893
2025-11-27 12:00:00,91331.0,91414.0,91259.0,91364.0,175.73361
2025-11-27 12:15:00,91364.0,91378.0,91146.0,91227.0,224.9546
2025-11-27 12:30:00,91228.0,91318.0,91039.0,91049.0,359.68527
2025-11-27 12:45:00,91050.0,91160.0,90901.0,90930.0,310.3268
2025-11-27 13:00:00,90930.0,91031.0,90678.0,90775.0,408.98078
2025-11-27 13:15:00,90772.0,90833.0,90409.0,90671.0,603.9583
2025-11-27 13:30:00,90672.0,90844.0,90461.0,90777.0,212.09623
2025-11-27 13:45:00,90777.0,90976.0,90665.0,90805.0,356.2607
2025-11-27 14:00:00,90806.0,90855.0,90718.0,90778.0,227.16187
2025-11-27 14:15:00,90779.0,90937.0,90568.0,90903.0,205.20051
2025-11-27 14:30:00,90903.0,90912.0,90525.0,90672.0,570.5713
2025-11-27 14:45:00,90692.0,90804.0,90600.0,90749.0,237.0654
2025-11-27 15:00:00,90745.0,90923.0,90600.0,90651.0,340.69724
2025-11-27 15:15:00,90651.0,90930.0,90650.0,90873.0,282.57516
2025-11-27 15:30:00,90874.0,90933.0,90723.0,90838.0,459.45228
2025-11-27 15:45:00,90838.0,90937.0,90800.0,90916.0,240.29901
2025-11-27 16:00:00,90916.0,91239.0,90810.0,91195.0,451.07197
2025-11-27 16:15:00,91195.0,91328.0,91068.0,91154.0,286.62983
2025-11-27 16:30:00,91154.0,91515.0,91123.0,91264.0,354.91054
2025-11-27 16:45:00,91264.0,91449.0,91200.0,91440.0,276.35121
2025-11-27 17:00:00,91440.0,91500.0,91347.0,91444.0,287.98778
2025-11-27 17:15:00,91444.0,91606.0,91321.0,91347.0,416.01559
2025-11-27 17:30:00,91348.0,91505.0,91285.0,91416.0,497.91566
2025-11-27 17:45:00,91417.0,91479.0,91365.0,91454.0,270.97023
2025-11-27 18:00:00,91454.0,91477.0,91383.0,91401.0,243.33736
2025-11-27 18:15:00,91401.0,91484.0,91321.0,91398.0,299.97262
2025-11-27 18:30:00,91399.0,91771.0,91348.0,91738.0,219.87297
2025-11-27 18:45:00,91737.0,91822.0,91645.0,91755.0,325.49246
2025-11-27 19:00:00,91756.0,91756.0,91511.0,91600.0,280.74423
2025-11-27 19:15:00,91600.0,91647.0,91524.0,91574.0,170.75586
2025-11-27 19:30:00,91574.0,91696.0,91469.0,91677.0,160.61405
2025-11-27 19:45:00,91677.0,91677.0,91472.0,91489.0,168.21801
2025-11-27 20:00:00,91489.0,91533.0,91414.0,91453.0,108.59233
2025-11-27 20:15:00,91454.0,91454.0,91351.0,91384.0,137.90142
2025-11-27 20:30:00,91384.0,91560.0,91356.0,91413.0,91.01396
2025-11-27 20:45:00,91414.0,91477.0,91360.0,91391.0,137.1979
2025-11-27 21:00:00,91392.0,91404.0,91182.0,91382.0,336.81471
2025-11-27 21:15:00,91382.0,91512.0,91351.0,91487.0,146.54811
2025-11-27 21:30:00,91487.0,91560.0,91451.0,91506.0,63.76089
2025-11-27 21:45:00,91506.0,91543.0,91344.0,91352.0,137.34338
2025-11-27 22:00:00,91352.0,91432.0,91300.0,91432.0,259.64372
2025-11-27 22:15:00,91432.0,91569.0,91424.0,91520.0,220.72227
2025-11-27 22:30:00,91520.0,91559.0,91200.0,91200.0,284.10886
2025-11-27 22:45:00,91201.0,91360.0,91064.0,91293.0,332.83757
2025-11-27 23:00:00,91291.0,91487.0,91281.0,91483.0,381.79117
2025-11-27 23:15:00,91482.0,91538.0,91309.0,91359.0,173.17789
2025-11-27 23:30:00,91359.0,91370.0,91173.0,91366.0,272.09771
2025-11-27 23:45:00,91365.0,91366.0,91244.0,91310.0,61.50613
2025-11-28 00:00:00,91310.0,91327.0,91102.0,91123.0,178.84812
2025-11-28 00:15:00,91125.0,91251.0,91027.0,91191.0,191.89786
2025-11-28 00:30:00,91190.0,91388.0,91158.0,91182.0,80.52606
2025-11-28 00:45:00,91181.0,91227.0,91099.0,91156.0,38.68748
2025-11-28 01:00:00,91156.0,91158.0,90826.0,90847.0,316.5906
2025-11-28 01:15:00,90847.0,90980.0,90771.0,90903.0,154.25634
2025-11-28 01:30:00,90903.0,91038.0,90775.0,90988.0,117.72804
2025-11-28 01:45:00,90990.0,91024.0,90751.0,90753.0,131.07469
2025-11-28 02:00:00,90754.0,90866.0,90700.0,90864.0,212.55473
2025-11-28 02:15:00,90865.0,90937.0,90639.0,90639.0,160.58271
2025-11-28 02:30:00,90640.0,90814.0,90611.0,90776.0,151.8569
2025-11-28 02:45:00,90777.0,91099.0,90776.0,91042.0,245.23495
2025-11-28 03:00:00,91043.0,91129.0,90958.0,91072.0,136.59175
2025-11-28 03:15:00,91071.0,91199.0,91006.0,91168.0,144.5282
2025-11-28 03:30:00,91168.0,91265.0,91078.0,91096.0,71.67436
2025-11-28 03:45:00,91097.0,91198.0,91088.0,91161.0,78.44376
2025-11-28 04:00:00,91162.0,91372.0,91092.0,91322.0,120.83239
2025-11-28 04:15:00,91322.0,91400.0,91266.0,91367.0,138.76674
2025-11-28 04:30:00,91367.0,91454.0,91336.0,91423.0,96.19828
2025-11-28 04:45:00,91424.0,91451.0,91380.0,91399.0,73.28429
2025-11-28 05:00:00,91396.0,91542.0,91276.0,91475.0,322.75769
2025-11-28 05:15:00,91477.0,91537.0,91405.0,91507.0,330.4038
2025-11-28 05:30:00,91507.0,91589.0,91451.0,91552.0,183.21651
2025-11-28 05:45:00,91553.0,91700.0,91544.0,91605.0,264.16759
2025-11-28 06:00:00,91605.0,91606.0,91380.0,91388.0,435.15369
2025-11-28 06:15:00,91387.0,91428.0,91292.0,91299.0,146.51872
2025-11-28 06:30:00,91298.0,91450.0,91154.0,91420.0,608.80891
2025-11-28 06:45:00,91419.0,91422.0,91303.0,91304.0,126.74407
2025-11-28 07:00:00,91303.0,91417.0,91303.0,91387.0,211.92633
2025-11-28 07:15:00,91387.0,91560.0,91362.0,91459.0,178.48321
2025-11-28 07:30:00,91459.0,91460.0,91043.0,91043.0,396.95968
2025-11-28 07:45:00,91043.0,91072.0,90842.0,90893.0,263.03166
2025-11-28 08:00:00,90893.0,91229.0,90879.0,91100.0,221.4366
2025-11-28 08:15:00,91100.0,91212.0,91080.0,91124.0,70.86106
2025-11-28 08:30:00,91124.0,91253.0,90985.0,91104.0,123.47516
2025-11-28 08:45:00,91104.0,91686.0,91079.0,91654.0,472.39992
2025-11-28 09:00:00,91650.0,91830.0,91500.0,91651.0,168.42388
2025-11-28 09:15:00,91650.0,91675.0,91504.0,91603.0,97.45044
2025-11-28 09:30:00,91603.0,91622.0,91419.0,91462.0,71.44127
2025-11-28 09:45:00,91462.0,91585.0,91462.0,91582.0,69.76998
2025-11-28 10:00:00,91582.0,91585.0,91461.0,91503.0,133.40895
2025-11-28 10:15:00,91503.0,91618.0,91458.0,91544.0,87.98616
2025-11-28 10:30:00,91543.0,91643.0,91507.0,91612.0,47.03131
2025-11-28 10:45:00,91612.0,91844.0,91563.0,91824.0,249.72568
2025-11-28 11:00:00,91824.0,92019.0,91359.0,91359.0,876.83808
2025-11-28 11:15:00,91359.0,91359.0,91048.0,91265.0,423.67001
2025-11-28 11:30:00,91268.0,91354.0,91199.0,91271.0,66.9997
2025-11-28 11:45:00,91271.0,91462.0,91271.0,91418.0,90.27745
2025-11-28 12:00:00,91418.0,91591.0,91393.0,91506.0,107.52271
2025-11-28 12:15:00,91504.0,91602.0,91387.0,91538.0,197.75551
2025-11-28 12:30:00,91539.0,91692.0,91442.0,91465.0,238.78005
2025-11-28 12:45:00,91457.0,91512.0,91390.0,91489.0,183.18895
2025-11-28 13:00:00,91490.0,91619.0,91362.0,91468.0,180.67052
2025-11-28 13:15:00,91467.0,91592.0,91412.0,91520.0,206.00999
2025-11-28 13:30:00,91521.0,91924.0,91473.0,91817.0,329.41947
2025-11-28 13:45:00,91817.0,92650.0,91817.0,92347.0,1474.8939
2025-11-28 14:00:00,92348.0,92525.0,92181.0,92335.0,516.10253
2025-11-28 14:15:00,92335.0,92959.0,92306.0,92945.0,851.30476
2025-11-28 14:30:00,92946.0,93089.0,91943.0,91993.0,1414.52342
2025-11-28 14:45:00,91993.0,92301.0,91812.0,92231.0,1148.38469
2025-11-28 15:00:00,92232.0,92397.0,91922.0,92256.0,833.60376
2025-11-28 15:15:00,92257.0,92721.0,92256.0,92644.0,483.14736
2025-11-28 15:30:00,92643.0,92762.0,92474.0,92501.0,513.05064
2025-11-28 15:45:00,92511.0,92511.0,92245.0,92312.0,482.10517
2025-11-28 16:00:00,92311.0,92332.0,91814.0,91847.0,395.01781
2025-11-28 16:15:00,91848.0,91997.0,91075.0,91146.0,1482.87282
2025-11-28 16:30:00,91146.0,91549.0,90924.0,91549.0,855.05818
2025-11-28 16:45:00,91548.0,91586.0,90823.0,90882.0,907.28129
2025-11-28 17:00:00,90882.0,91130.0,90780.0,90862.0,794.70503
2025-11-28 17:15:00,90862.0,90863.0,90414.0,90431.0,1115.16148
2025-11-28 17:30:00,90431.0,90554.0,90147.0,90210.0,1281.98538
2025-11-28 17:45:00,90210.0,90778.0,90210.0,90532.0,602.89475
2025-11-28 18:00:00,90531.0,90866.0,90378.0,90841.0,530.7499
2025-11-28 18:15:00,90840.0,90855.0,90556.0,90754.0,304.36493
2025-11-28 18:30:00,90753.0,90843.0,90640.0,90775.0,151.76884
2025-11-28 18:45:00,90774.0,90924.0,90650.0,90789.0,243.01713
2025-11-28 19:00:00,90785.0,90942.0,90756.0,90941.0,117.60612
2025-11-28 19:15:00,90941.0,91125.0,90863.0,91058.0,302.96233
2025-11-28 19:30:00,91055.0,91160.0,90963.0,91079.0,199.50101
2025-11-28 19:45:00,91079.0,91151.0,91018.0,91103.0,136.0014
2025-11-28 20:00:00,91103.0,91103.0,90813.0,90975.0,320.03989
2025-11-28 20:15:00,90974.0,91152.0,90897.0,91116.0,169.73816
2025-11-28 20:30:00,91115.0,91175.0,91026.0,91075.0,93.55106
2025-11-28 20:45:00,91075.0,91154.0,90992.0,91146.0,77.02135
2025-11-28 21:00:00,91146.0,91195.0,91084.0,91100.0,124.0186
2025-11-28 21:15:00,91100.0,91106.0,90964.0,91086.0,79.99777
2025-11-28 21:30:00,91087.0,91195.0,91063.0,91188.0,69.46403
2025-11-28 21:45:00,91187.0,91188.0,90819.0,90820.0,196.16088
2025-11-28 22:00:00,90821.0,90969.0,90699.0,90761.0,230.51859
2025-11-28 22:15:00,90762.0,90909.0,90654.0,90819.0,285.64715
2025-11-28 22:30:00,90820.0,90979.0,90820.0,90960.0,159.43324
2025-11-28 22:45:00,90961.0,91117.0,90960.0,91086.0,218.37689
2025-11-28 23:00:00,91073.0,91146.0,90957.0,91073.0,245.85262
2025-11-28 23:15:00,91071.0,91080.0,90924.0,90924.0,181.10583
2025-11-28 23:30:00,90925.0,91003.0,90867.0,90950.0,101.34602
2025-11-28 23:45:00,90948.0,90948.0,90823.0,90842.0,231.1752
2025-11-29 00:00:00,90842.0,90914.0,90808.0,90816.0,149.13021
2025-11-29 00:15:00,90813.0,90903.0,90716.0,90844.0,190.79463
2025-11-29 00:30:00,90844.0,90931.0,90756.0,90899.0,187.36095
2025-11-29 00:45:00,90899.0,90900.0,90800.0,90832.0,79.08199
2025-11-29 01:00:00,90831.0,91001.0,90801.0,91000.0,267.78314
2025-11-29 01:15:00,91000.0,91064.0,90903.0,90917.0,172.658
2025-11-29 01:30:00,90917.0,90918.0,90740.0,90813.0,134.59126
2025-11-29 01:45:00,90814.0,90871.0,90760.0,90827.0,38.24184
2025-11-29 02:00:00,90828.0,90849.0,90745.0,90806.0,82.16012
2025-11-29 02:15:00,90806.0,90879.0,90791.0,90795.0,120.60578
2025-11-29 02:30:00,90794.0,90797.0,90490.0,90615.0,401.2623
2025-11-29 02:45:00,90614.0,90761.0,90542.0,90761.0,103.64299
2025-11-29 03:00:00,90761.0,90825.0,90750.0,90778.0,66.13952
2025-11-29 03:15:00,90779.0,90796.0,90680.0,90680.0,35.78397
2025-11-29 03:30:00,90680.0,90729.0,90628.0,90648.0,47.52783
2025-11-29 03:45:00,90648.0,90657.0,90625.0,90636.0,20.99799
2025-11-29 04:00:00,90637.0,90657.0,90565.0,90569.0,101.43026
2025-11-29 04:15:00,90569.0,90661.0,90509.0,90645.0,89.7895
2025-11-29 04:30:00,90644.0,90758.0,90636.0,90740.0,52.24248
2025-11-29 04:45:00,90739.0,90874.0,90739.0,90863.0,88.9364
2025-11-29 05:00:00,90864.0,90864.0,90746.0,90750.0,52.91912
2025-11-29 05:15:00,90749.0,90889.0,90733.0,90859.0,57.92071
2025-11-29 05:30:00,90860.0,90878.0,90796.0,90815.0,26.86294
2025-11-29 05:45:00,90815.0,90829.0,90675.0,90709.0,119.45736
2025-11-29 06:00:00,90709.0,90791.0,90672.0,90780.0,61.49977
2025-11-29 06:15:00,90781.0,90785.0,90312.0,90512.0,444.15449
2025-11-29 06:30:00,90511.0,90542.0,90251.0,90513.0,467.18461
2025-11-29 06:45:00,90513.0,90550.0,90435.0,90526.0,143.98312
2025-11-29 07:00:00,90527.0,90630.0,90445.0,90501.0,182.91265
2025-11-29 07:15:00,90502.0,90592.0,90392.0,90442.0,254.51419
2025-11-29 07:30:00,90441.0,90475.0,90319.0,90375.0,103.5789
2025-11-29 07:45:00,90376.0,90529.0,90373.0,90523.0,118.05656
2025-11-29 08:00:00,90523.0,90619.0,90425.0,90584.0,79.5955
2025-11-29 08:15:00,90584.0,90684.0,90564.0,90564.0,62.26416
2025-11-29 08:30:00,90564.0,90650.0,90511.0,90578.0,63.96257
2025-11-29 08:45:00,90577.0,90579.0,90509.0,90578.0,83.0788
2025-11-29 09:00:00,90579.0,90629.0,90468.0,90550.0,78.73732
2025-11-29 09:15:00,90549.0,90584.0,90479.0,90488.0,53.28326
2025-11-29 09:30:00,90488.0,90542.0,90457.0,90538.0,27.48036
2025-11-29 09:45:00,90538.0,90572.0,90511.0,90513.0,22.35622
2025-11-29 10:00:00,90513.0,90591.0,90454.0,90522.0,44.94307
2025-11-29 10:15:00,90522.0,90572.0,90329.0,90540.0,301.40505
2025-11-29 10:30:00,90540.0,90594.0,90536.0,90561.0,62.51032
2025-11-29 10:45:00,90560.0,90597.0,90483.0,90506.0,72.99868
2025-11-29 11:00:00,90506.0,90571.0,90405.0,90549.0,50.63903
2025-11-29 11:15:00,90548.0,90570.0,90456.0,90499.0,19.03021
2025-11-29 11:30:00,90499.0,90579.0,90450.0,90565.0,122.55373
2025-11-29 11:45:00,90564.0,90643.0,90553.0,90633.0,129.41551
2025-11-29 12:00:00,90633.0,90779.0,90601.0,90606.0,320.99355
2025-11-29 12:15:00,90607.0,90622.0,90510.0,90510.0,91.50345
2025-11-29 12:30:00,90510.0,90586.0,90478.0,90583.0,49.93731
2025-11-29 12:45:00,90584.0,90675.0,90569.0,90580.0,51.13792
2025-11-29 13:00:00,90579.0,90658.0,90549.0,90574.0,117.23821
2025-11-29 13:15:00,90574.0,90749.0,90546.0,90729.0,129.94039
2025-11-29 13:30:00,90730.0,90768.0,90658.0,90703.0,104.53422
2025-11-29 13:45:00,90704.0,90773.0,90704.0,90739.0,114.47372
2025-11-29 14:00:00,90739.0,90740.0,90626.0,90682.0,160.41912
2025-11-29 14:15:00,90683.0,90699.0,90611.0,90632.0,25.71053
2025-11-29 14:30:00,90632.0,90668.0,90583.0,90626.0,36.78874
2025-11-29 14:45:00,90626.0,90648.0,90577.0,90578.0,63.30517
2025-11-29 15:00:00,90578.0,90717.0,90578.0,90709.0,82.23539
2025-11-29 15:15:00,90709.0,91071.0,90709.0,90847.0,379.35327
2025-11-29 15:30:00,90845.0,90901.0,90809.0,90838.0,47.46282
2025-11-29 15:45:00,90838.0,91024.0,90837.0,91024.0,111.60323
2025-11-29 16:00:00,91024.0,91054.0,90920.0,90969.0,129.58044
2025-11-29 16:15:00,90968.0,91140.0,90819.0,90873.0,309.549
2025-11-29 16:30:00,90872.0,90927.0,90865.0,90890.0,24.87352
2025-11-29 16:45:00,90891.0,90987.0,90822.0,90969.0,192.92946
2025-11-29 17:00:00,90969.0,90986.0,90664.0,90664.0,302.96887
2025-11-29 17:15:00,90665.0,90700.0,90549.0,90671.0,166.30273
2025-11-29 17:30:00,90670.0,90672.0,90415.0,90537.0,194.05519
2025-11-29 17:45:00,90536.0,90584.0,90376.0,90377.0,346.22486
2025-11-29 18:00:00,90377.0,90514.0,90091.0,90339.0,524.66227
2025-11-29 18:15:00,90339.0,90484.0,90165.0,90247.0,174.76031
2025-11-29 18:30:00,90247.0,90611.0,90170.0,90540.0,232.40929
2025-11-29 18:45:00,90541.0,90688.0,90525.0,90653.0,240.77436
2025-11-29 19:00:00,90653.0,90750.0,90571.0,90684.0,114.9132
2025-11-29 19:15:00,90685.0,90811.0,90653.0,90773.0,81.07141
2025-11-29 19:30:00,90773.0,90789.0,90588.0,90601.0,129.27165
2025-11-29 19:45:00,90602.0,90636.0,90549.0,90608.0,56.6899
2025-11-29 20:00:00,90608.0,90608.0,90365.0,90411.0,137.04966
2025-11-29 20:15:00,90412.0,90647.0,90408.0,90623.0,168.54989
2025-11-29 20:30:00,90622.0,90780.0,90605.0,90773.0,175.21396
2025-11-29 20:45:00,90773.0,90998.0,90737.0,90918.0,200.37386
2025-11-29 21:00:00,90918.0,90972.0,90782.0,90816.0,182.91079
2025-11-29 21:15:00,90816.0,90941.0,90779.0,90910.0,69.31853
2025-11-29 21:30:00,90910.0,91026.0,90883.0,90994.0,100.67567
2025-11-29 21:45:00,90994.0,91022.0,90899.0,90970.0,93.01206
2025-11-29 22:00:00,90971.0,90971.0,90685.0,90705.0,45.54017
2025-11-29 22:15:00,90704.0,90791.0,90667.0,90697.0,87.68441
2025-11-29 22:30:00,90696.0,90871.0,90678.0,90862.0,17.64432
2025-11-29 22:45:00,90861.0,90891.0,90685.0,90712.0,87.79989
2025-11-29 23:00:00,90713.0,90775.0,90650.0,90667.0,88.66741
2025-11-29 23:15:00,90668.0,90852.0,90659.0,90779.0,27.71682
2025-11-29 23:30:00,90779.0,90852.0,90778.0,90811.0,26.04145
2025-11-29 23:45:00,90810.0,90814.0,90708.0,90768.0,47.31034
2025-11-30 00:00:00,90769.0,90882.0,90722.0,90858.0,70.74329
2025-11-30 00:15:00,90858.0,90921.0,90805.0,90833.0,47.78323
2025-11-30 00:30:00,90833.0,90870.0,90780.0,90831.0,22.5503
2025-11-30 00:45:00,90829.0,90859.0,90768.0,90855.0,15.55617
2025-11-30 01:00:00,90855.0,90986.0,90823.0,90971.0,116.60126
2025-11-30 01:15:00,90972.0,91021.0,90868.0,90926.0,37.29689
2025-11-30 01:30:00,90926.0,91003.0,90900.0,90935.0,86.03191
2025-11-30 01:45:00,90936.0,90936.0,90860.0,90870.0,20.6357
2025-11-30 02:00:00,90870.0,91002.0,90869.0,90921.0,40.65344
2025-11-30 02:15:00,90920.0,90961.0,90878.0,90920.0,65.62382
2025-11-30 02:30:00,90919.0,90955.0,90789.0,90806.0,100.15228
2025-11-30 02:45:00,90807.0,90838.0,90700.0,90734.0,187.89664
2025-11-30 03:00:00,90735.0,90775.0,90573.0,90579.0,140.26462
2025-11-30 03:15:00,90578.0,90701.0,90430.0,90655.0,167.07271
2025-11-30 03:30:00,90655.0,90873.0,90647.0,90870.0,262.71205
2025-11-30 03:45:00,90871.0,90891.0,90833.0,90872.0,34.04652
2025-11-30 04:00:00,90871.0,90950.0,90852.0,90907.0,60.55136
2025-11-30 04:15:00,90906.0,90907.0,90834.0,90846.0,18.41934
2025-11-30 04:30:00,90846.0,90868.0,90782.0,90810.0,53.85115
2025-11-30 04:45:00,90809.0,90824.0,90752.0,90821.0,21.01699
2025-11-30 05:00:00,90820.0,90820.0,90694.0,90747.0,45.62245
2025-11-30 05:15:00,90746.0,90767.0,90621.0,90646.0,57.69723
2025-11-30 05:30:00,90645.0,90754.0,90644.0,90730.0,159.29913
2025-11-30 05:45:00,90730.0,90786.0,90690.0,90754.0,58.36683
2025-11-30 06:00:00,90755.0,90842.0,90690.0,90723.0,43.18835
2025-11-30 06:15:00,90723.0,90869.0,90681.0,90868.0,30.55214
2025-11-30 06:30:00,90869.0,90907.0,90855.0,90886.0,46.04514
2025-11-30 06:45:00,90887.0,90887.0,90833.0,90850.0,20.69748
2025-11-30 07:00:00,90849.0,90943.0,90815.0,90937.0,73.55987
2025-11-30 07:15:00,90936.0,90953.0,90881.0,90918.0,67.78779
2025-11-30 07:30:00,90918.0,90938.0,90865.0,90870.0,45.37293
2025-11-30 07:45:00,90870.0,91000.0,90870.0,90930.0,44.6427
2025-11-30 08:00:00,90930.0,91000.0,90897.0,90954.0,51.89439
2025-11-30 08:15:00,90953.0,91379.0,90933.0,91120.0,278.04915
2025-11-30 08:30:00,91120.0,91180.0,90900.0,91124.0,232.32233
2025-11-30 08:45:00,91125.0,91250.0,91069.0,91130.0,51.51488
2025-11-30 09:00:00,91129.0,91551.0,91087.0,91453.0,326.40635
2025-11-30 09:15:00,91454.0,91578.0,91283.0,91390.0,183.41088
2025-11-30 09:30:00,91389.0,91391.0,91285.0,91377.0,85.21248
2025-11-30 09:45:00,91377.0,91401.0,91268.0,91369.0,67.85308
2025-11-30 10:00:00,91368.0,91430.0,91205.0,91225.0,184.90009
2025-11-30 10:15:00,91225.0,91357.0,91191.0,91353.0,39.22431
2025-11-30 10:30:00,91352.0,91353.0,91170.0,91175.0,96.28012
2025-11-30 10:45:00,91175.0,91245.0,91153.0,91177.0,97.07879
2025-11-30 11:00:00,91177.0,91355.0,91162.0,91278.0,60.40772
2025-11-30 11:15:00,91278.0,91293.0,91180.0,91212.0,49.81857
2025-11-30 11:30:00,91212.0,91230.0,91081.0,91098.0,117.02538
2025-11-30 11:45:00,91098.0,91156.0,90949.0,91003.0,144.32983
2025-11-30 12:00:00,91003.0,91212.0,90959.0,91199.0,36.2523
2025-11-30 12:15:00,91199.0,91331.0,91196.0,91222.0,55.39665
2025-11-30 12:30:00,91223.0,91437.0,91172.0,91401.0,68.00433
2025-11-30 12:45:00,91402.0,91477.0,91357.0,91427.0,115.42084
2025-11-30 13:00:00,91428.0,91477.0,91362.0,91428.0,63.28931
2025-11-30 13:15:00,91428.0,91923.0,91427.0,91806.0,423.359
2025-11-30 13:30:00,91806.0,91846.0,91638.0,91638.0,162.94125
2025-11-30 13:45:00,91638.0,91742.0,91591.0,91717.0,106.99906
2025-11-30 14:00:00,91718.0,91738.0,91605.0,91639.0,63.15257
2025-11-30 14:15:00,91640.0,91676.0,91437.0,91507.0,98.66199
2025-11-30 14:30:00,91507.0,91536.0,91214.0,91316.0,387.19331
2025-11-30 14:45:00,91315.0,91478.0,91301.0,91460.0,155.95109
2025-11-30 15:00:00,91459.0,91459.0,91282.0,91377.0,68.12383
2025-11-30 15:15:00,91377.0,91580.0,91326.0,91554.0,208.07435
2025-11-30 15:30:00,91554.0,91555.0,91350.0,91412.0,108.01312
2025-11-30 15:45:00,91407.0,91465.0,91390.0,91400.0,86.0497
2025-11-30 16:00:00,91399.0,91467.0,91362.0,91467.0,77.06465
2025-11-30 16:15:00,91466.0,91747.0,91446.0,91724.0,235.19594
2025-11-30 16:30:00,91724.0,91726.0,91600.0,91660.0,126.88448
2025-11-30 16:45:00,91661.0,91820.0,91644.0,91790.0,327.15286
2025-11-30 17:00:00,91791.0,91791.0,91313.0,91386.0,130.42805
2025-11-30 17:15:00,91386.0,91483.0,91312.0,91330.0,206.72454
2025-11-30 17:30:00,91329.0,91490.0,91270.0,91447.0,185.9036
2025-11-30 17:45:00,91447.0,91514.0,91431.0,91452.0,64.98048
2025-11-30 18:00:00,91453.0,91453.0,91109.0,91258.0,147.34699
2025-11-30 18:15:00,91258.0,91371.0,91187.0,91349.0,68.67498
2025-11-30 18:30:00,91349.0,91396.0,91293.0,91355.0,28.28601
2025-11-30 18:45:00,91355.0,91443.0,91345.0,91417.0,19.59939
2025-11-30 19:00:00,91418.0,91459.0,91372.0,91413.0,38.44074
2025-11-30 19:15:00,91413.0,91462.0,91252.0,91310.0,55.51093
2025-11-30 19:30:00,91310.0,91441.0,91267.0,91426.0,56.94704
2025-11-30 19:45:00,91426.0,91448.0,91386.0,91419.0,40.90049
2025-11-30 20:00:00,91419.0,91591.0,91385.0,91523.0,73.97254
2025-11-30 20:15:00,91524.0,91524.0,91259.0,91282.0,149.14919
2025-11-30 20:30:00,91282.0,91304.0,91138.0,91244.0,153.62539
2025-11-30 20:45:00,91243.0,91314.0,91221.0,91273.0,76.37442
2025-11-30 21:00:00,91273.0,91285.0,90955.0,91124.0,454.71238
2025-11-30 21:15:00,91124.0,91177.0,90849.0,91014.0,122.57051
2025-11-30 21:30:00,91015.0,91137.0,90995.0,91018.0,102.54778
2025-11-30 21:45:00,91019.0,91154.0,91017.0,91135.0,189.29256
2025-11-30 22:00:00,91135.0,91286.0,91135.0,91234.0,221.7973
2025-11-30 22:15:00,91234.0,91313.0,91148.0,91182.0,67.45908
2025-11-30 22:30:00,91183.0,91183.0,91004.0,91044.0,182.80824
2025-11-30 22:45:00,91045.0,91244.0,91003.0,91182.0,58.67806
2025-11-30 23:00:00,91183.0,91208.0,90812.0,90932.0,263.74455
2025-11-30 23:15:00,90931.0,90932.0,90596.0,90615.0,403.48802
2025-11-30 23:30:00,90614.0,90676.0,90475.0,90627.0,636.23779
2025-11-30 23:45:00,90626.0,90706.0,90293.0,90326.0,487.75921
2025-12-01 00:00:00,90325.0,90376.0,88814.0,88880.0,3605.32114
2025-12-01 00:15:00,88880.0,89077.0,88306.0,88330.0,2309.21009
2025-12-01 00:30:00,88331.0,88406.0,87601.0,87683.0,2348.22599
2025-12-01 00:45:00,87683.0,87726.0,86931.0,86958.0,1413.76406
2025-12-01 01:00:00,86958.0,87661.0,86900.0,87374.0,1636.84949
2025-12-01 01:15:00,87374.0,87715.0,87188.0,87222.0,649.70433
2025-12-01 01:30:00,87221.0,87560.0,87141.0,87388.0,460.08634
2025-12-01 01:45:00,87387.0,87420.0,87108.0,87117.0,443.7609
2025-12-01 02:00:00,87117.0,87466.0,87027.0,87366.0,601.70936
2025-12-01 02:15:00,87367.0,87416.0,87047.0,87049.0,225.04154
2025-12-01 02:30:00,87046.0,87103.0,86540.0,86764.0,1872.6254
2025-12-01 02:45:00,86764.0,86790.0,86424.0,86678.0,873.28933
2025-12-01 03:00:00,86679.0,86770.0,86341.0,86360.0,754.83402
2025-12-01 03:15:00,86359.0,86572.0,86258.0,86348.0,354.72351
2025-12-01 03:30:00,86348.0,86409.0,86135.0,86409.0,494.62029
2025-12-01 03:45:00,86409.0,86437.0,86206.0,86314.0,282.83
2025-12-01 04:00:00,86314.0,86326.0,85951.0,86008.0,730.70692
2025-12-01 04:15:00,86007.0,86022.0,85660.0,85700.0,732.23643
2025-12-01 04:30:00,85699.0,85967.0,85660.0,85857.0,503.15323
2025-12-01 04:45:00,85858.0,85874.0,85717.0,85763.0,247.80172
2025-12-01 05:00:00,85763.0,85893.0,85576.0,85731.0,510.18663
2025-12-01 05:15:00,85732.0,85975.0,85661.0,85975.0,277.52856
2025-12-01 05:30:00,85975.0,85976.0,85615.0,85711.0,385.68678
2025-12-01 05:45:00,85710.0,85983.0,85710.0,85974.0,303.1223
2025-12-01 06:00:00,85974.0,86247.0,85944.0,86247.0,723.23523
2025-12-01 06:15:00,86247.0,86247.0,85980.0,86048.0,264.98871
2025-12-01 06:30:00,86048.0,86274.0,85946.0,86265.0,401.36184
2025-12-01 06:45:00,86265.0,86333.0,86084.0,86210.0,175.75406
2025-12-01 07:00:00,86209.0,86245.0,86053.0,86130.0,280.58547
2025-12-01 07:15:00,86129.0,86265.0,86017.0,86227.0,121.3777
2025-12-01 07:30:00,86223.0,86465.0,86118.0,86425.0,196.88131
2025-12-01 07:45:00,86425.0,86540.0,86420.0,86516.0,262.45881
2025-12-01 08:00:00,86516.0,86629.0,86348.0,86438.0,345.99301
2025-12-01 08:15:00,86437.0,86611.0,86413.0,86610.0,127.78135
2025-12-01 08:30:00,86610.0,86770.0,86457.0,86762.0,201.50523
2025-12-01 08:45:00,86763.0,86856.0,86709.0,86828.0,165.27054
2025-12-01 09:00:00,86827.0,86890.0,86560.0,86610.0,281.36283
2025-12-01 09:15:00,86610.0,86741.0,86472.0,86567.0,416.70941
2025-12-01 09:30:00,86567.0,86799.0,86531.0,86799.0,175.24854
2025-12-01 09:45:00,86798.0,86861.0,86631.0,86666.0,142.151
2025-12-01 10:00:00,86666.0,86780.0,86627.0,86628.0,277.82831
2025-12-01 10:15:00,86627.0,86650.0,86513.0,86551.0,157.75534
2025-12-01 10:30:00,86552.0,86625.0,86519.0,86593.0,156.35436
2025-12-01 10:45:00,86592.0,86658.0,86565.0,86606.0,133.00977
2025-12-01 11:00:00,86606.0,86675.0,86445.0,86451.0,282.83316
2025-12-01 11:15:00,86451.0,86496.0,86378.0,86444.0,125.79126
2025-12-01 11:30:00,86443.0,86452.0,86222.0,86226.0,168.44978
2025-12-01 11:45:00,86227.0,86340.0,86088.0,86097.0,253.63639
2025-12-01 12:00:00,86097.0,86195.0,85757.0,85833.0,1006.84723
2025-12-01 12:15:00,85832.0,86015.0,85767.0,85800.0,339.46428
2025-12-01 12:30:00,85800.0,85830.0,85337.0,85419.0,1555.74803
2025-12-01 12:45:00,85419.0,85493.0,84700.0,85390.0,2479.32524
2025-12-01 13:00:00,85389.0,86105.0,85309.0,86026.0,1454.04508
2025-12-01 13:15:00,86027.0,86100.0,85888.0,85952.0,514.69694
2025-12-01 13:30:00,85950.0,85980.0,85625.0,85737.0,632.28432
2025-12-01 13:45:00,85737.0,86070.0,85692.0,85955.0,546.98119
2025-12-01 14:00:00,85955.0,86288.0,85912.0,86192.0,649.54451
2025-12-01 14:15:00,86192.0,86247.0,85914.0,86220.0,334.42575
2025-12-01 14:30:00,86220.0,86652.0,85859.0,86004.0,1267.81754
2025-12-01 14:45:00,86003.0,86280.0,85825.0,86019.0,614.03303
2025-12-01 15:00:00,86018.0,86085.0,85552.0,85553.0,617.17799
2025-12-01 15:15:00,85554.0,85705.0,84900.0,84926.0,1408.375
2025-12-01 15:30:00,84926.0,84936.0,83834.0,83887.0,3964.52163
2025-12-01 15:45:00,83887.0,84856.0,83769.0,84645.0,2126.23809
2025-12-01 16:00:00,84645.0,84799.0,84056.0,84092.0,1051.05716
2025-12-01 16:15:00,84093.0,84628.0,84000.0,84514.0,1190.31614
2025-12-01 16:30:00,84514.0,85406.0,84504.0,85101.0,883.87196
2025-12-01 16:45:00,85101.0,85143.0,84436.0,84503.0,1376.30352
2025-12-01 17:00:00,84503.0,84946.0,84498.0,84520.0,742.79364
2025-12-01 17:15:00,84521.0,85018.0,84397.0,84948.0,499.05812
2025-12-01 17:30:00,84948.0,85168.0,84609.0,85157.0,461.51377
2025-12-01 17:45:00,85157.0,85230.0,84871.0,84894.0,893.20678
2025-12-01 18:00:00,84894.0,85476.0,84893.0,85396.0,517.76819
2025-12-01 18:15:00,85395.0,85509.0,85196.0,85234.0,413.14107
2025-12-01 18:30:00,85237.0,85288.0,84680.0,84729.0,1028.63877
2025-12-01 18:45:00,84730.0,85275.0,84699.0,85164.0,676.58084
2025-12-01 19:00:00,85163.0,85267.0,84722.0,84984.0,796.99004
2025-12-01 19:15:00,84985.0,85044.0,84682.0,84695.0,261.7557
2025-12-01 19:30:00,84696.0,85037.0,84556.0,84703.0,440.92485
2025-12-01 19:45:00,84703.0,85066.0,84652.0,84990.0,269.7117
2025-12-01 20:00:00,84989.0,85790.0,84975.0,85488.0,1016.71198
2025-12-01 20:15:00,85485.0,85532.0,85194.0,85212.0,441.87663
2025-12-01 20:30:00,85211.0,85425.0,85128.0,85425.0,475.12069
2025-12-01 20:45:00,85426.0,85511.0,85259.0,85473.0,286.9738
2025-12-01 21:00:00,85474.0,85878.0,85460.0,85612.0,875.29842
2025-12-01 21:15:00,85612.0,86335.0,85577.0,86125.0,1195.85801
2025-12-01 21:30:00,86125.0,86440.0,86117.0,86388.0,755.45862
2025-12-01 21:45:00,86387.0,86420.0,86174.0,86394.0,540.8532
2025-12-01 22:00:00,86392.0,86768.0,86378.0,86459.0,1187.98028
2025-12-01 22:15:00,86461.0,86599.0,86357.0,86389.0,474.66729
2025-12-01 22:30:00,86389.0,86653.0,86242.0,86580.0,423.38912
2025-12-01 22:45:00,86579.0,86811.0,86520.0,86521.0,312.95977
2025-12-01 23:00:00,86521.0,86695.0,86377.0,86392.0,398.57927
2025-12-01 23:15:00,86392.0,86692.0,86392.0,86692.0,171.55939
2025-12-01 23:30:00,86691.0,86777.0,86429.0,86442.0,371.78616
2025-12-01 23:45:00,86441.0,86453.0,86178.0,86216.0,345.04442
2025-12-02 00:00:00,86218.0,86518.0,86212.0,86266.0,256.71054
2025-12-02 00:15:00,86265.0,86369.0,86123.0,86286.0,318.91483
2025-12-02 00:30:00,86287.0,86442.0,86231.0,86300.0,158.68529
2025-12-02 00:45:00,86300.0,86626.0,86273.0,86465.0,216.66199
2025-12-02 01:00:00,86465.0,87295.0,86405.0,86718.0,789.75386
2025-12-02 01:15:00,86718.0,86817.0,86519.0,86696.0,241.5709
2025-12-02 01:30:00,86696.0,86774.0,86460.0,86508.0,160.64373
2025-12-02 01:45:00,86508.0,86537.0,86331.0,86396.0,218.29697
2025-12-02 02:00:00,86396.0,86555.0,86204.0,86513.0,240.33744
2025-12-02 02:15:00,86514.0,86811.0,86514.0,86622.0,461.98976
2025-12-02 02:30:00,86622.0,86800.0,86587.0,86709.0,152.54232
2025-12-02 02:45:00,86709.0,86752.0,86476.0,86486.0,222.23033
2025-12-02 03:00:00,86483.0,86593.0,86387.0,86570.0,167.49853
2025-12-02 03:15:00,86570.0,86571.0,86257.0,86298.0,261.23544
2025-12-02 03:30:00,86298.0,86895.0,86147.0,86890.0,428.12925
2025-12-02 03:45:00,86890.0,87055.0,86724.0,86928.0,488.99863
2025-12-02 04:00:00,86930.0,87187.0,86909.0,87043.0,423.62561
2025-12-02 04:15:00,87044.0,87228.0,86961.0,86974.0,192.65446
2025-12-02 04:30:00,86975.0,87007.0,86856.0,86880.0,194.4744
2025-12-02 04:45:00,86882.0,86980.0,86843.0,86922.0,231.44881
2025-12-02 05:00:00,86922.0,87079.0,86765.0,86952.0,253.91319
2025-12-02 05:15:00,86953.0,86995.0,86861.0,86863.0,69.75115
2025-12-02 05:30:00,86864.0,86930.0,86818.0,86897.0,57.63154
2025-12-02 05:45:00,86897.0,87020.0,86897.0,86963.0,108.79961
2025-12-02 06:00:00,86963.0,86963.0,86831.0,86915.0,203.88505
2025-12-02 06:15:00,86915.0,86948.0,86811.0,86869.0,180.31717
2025-12-02 06:30:00,86869.0,87139.0,86865.0,87106.0,261.09041
2025-12-02 06:45:00,87106.0,87118.0,87035.0,87050.0,73.76696
2025-12-02 07:00:00,87051.0,87070.0,86866.0,86889.0,149.9477
2025-12-02 07:15:00,86889.0,86947.0,86827.0,86867.0,225.50675
2025-12-02 07:30:00,86867.0,86984.0,86864.0,86954.0,103.37057
2025-12-02 07:45:00,86955.0,87021.0,86929.0,86959.0,133.2357
2025-12-02 08:00:00,86960.0,86996.0,86629.0,86712.0,305.6994
2025-12-02 08:15:00,86712.0,86739.0,86396.0,86441.0,283.50134
2025-12-02 08:30:00,86441.0,86664.0,86318.0,86411.0,1002.56883
2025-12-02 08:45:00,86412.0,86599.0,86318.0,86398.0,177.34688
2025-12-02 09:00:00,86399.0,86839.0,86399.0,86600.0,203.28978
2025-12-02 09:15:00,86600.0,86952.0,86505.0,86819.0,554.55539
2025-12-02 09:30:00,86820.0,86820.0,86600.0,86610.0,75.27123
2025-12-02 09:45:00,86610.0,86746.0,86564.0,86717.0,117.02901
2025-12-02 10:00:00,86718.0,86912.0,86711.0,86857.0,118.78085
2025-12-02 10:15:00,86857.0,86900.0,86741.0,86754.0,49.0427
2025-12-02 10:30:00,86755.0,87032.0,86754.0,87006.0,114.52485
2025-12-02 10:45:00,87006.0,87562.0,87006.0,87234.0,565.59581
2025-12-02 11:00:00,87237.0,87340.0,86966.0,87032.0,197.25514
2025-12-02 11:15:00,87032.0,87388.0,86944.0,87378.0,229.11388
2025-12-02 11:30:00,87378.0,87410.0,87273.0,87282.0,194.18006
2025-12-02 11:45:00,87283.0,87550.0,87270.0,87325.0,120.5407
2025-12-02 12:00:00,87325.0,87485.0,87259.0,87408.0,130.37713
2025-12-02 12:15:00,87407.0,87446.0,87313.0,87400.0,110.28411
2025-12-02 12:30:00,87401.0,87519.0,87173.0,87286.0,387.3933
2025-12-02 12:45:00,87286.0,87321.0,87170.0,87223.0,129.31068
2025-12-02 13:00:00,87223.0,87277.0,87005.0,87114.0,145.62634
2025-12-02 13:15:00,87114.0,87393.0,87114.0,87270.0,197.21095
2025-12-02 13:30:00,87270.0,87536.0,87249.0,87431.0,261.33004
2025-12-02 13:45:00,87431.0,87841.0,87431.0,87688.0,634.78038
2025-12-02 14:00:00,87687.0,88433.0,87556.0,88301.0,1009.02379
2025-12-02 14:15:00,88300.0,88753.0,88224.0,88616.0,892.43385
2025-12-02 14:30:00,88616.0,88863.0,88349.0,88759.0,1370.53139
2025-12-02 14:45:00,88760.0,89228.0,88738.0,89226.0,1320.16309
2025-12-02 15:00:00,89225.0,90844.0,89224.0,90590.0,3993.83919
2025-12-02 15:15:00,90590.0,90798.0,90088.0,90101.0,1601.56592
2025-12-02 15:30:00,90100.0,90723.0,89877.0,90487.0,1747.61594
2025-12-02 15:45:00,90487.0,91132.0,90480.0,90800.0,1111.10453
2025-12-02 16:00:00,90800.0,91240.0,90737.0,90836.0,1403.62344
2025-12-02 16:15:00,90836.0,90852.0,90165.0,90226.0,1258.07399
2025-12-02 16:30:00,90225.0,90797.0,90213.0,90525.0,941.14052
2025-12-02 16:45:00,90515.0,91058.0,90492.0,90699.0,518.1126
2025-12-02 17:00:00,90699.0,91110.0,90685.0,90924.0,491.1334
2025-12-02 17:15:00,90923.0,91963.0,90898.0,91707.0,1806.27064
2025-12-02 17:30:00,91706.0,91925.0,91555.0,91676.0,479.95844
2025-12-02 17:45:00,91677.0,91677.0,91349.0,91391.0,946.77399
2025-12-02 18:00:00,91390.0,91810.0,91322.0,91762.0,564.13616
2025-12-02 18:15:00,91759.0,92191.0,91687.0,91868.0,1082.92755
2025-12-02 18:30:00,91868.0,92165.0,91763.0,91860.0,553.01228
2025-12-02 18:45:00,91859.0,91997.0,91707.0,91893.0,521.62131
2025-12-02 19:00:00,91894.0,92187.0,91885.0,91972.0,685.93348
2025-12-02 19:15:00,91973.0,92042.0,91837.0,91919.0,725.10718
2025-12-02 19:30:00,91919.0,92217.0,91910.0,92072.0,866.81223
2025-12-02 19:45:00,92072.0,92072.0,91789.0,91842.0,473.74739
2025-12-02 20:00:00,91841.0,91874.0,91475.0,91488.0,537.30728
2025-12-02 20:15:00,91487.0,91488.0,90897.0,90911.0,806.355
2025-12-02 20:30:00,90910.0,91076.0,90667.0,90894.0,616.62514
2025-12-02 20:45:00,90893.0,91137.0,90794.0,90966.0,725.73929
2025-12-02 21:00:00,90969.0,91233.0,90918.0,91177.0,557.18964
2025-12-02 21:15:00,91177.0,91416.0,91118.0,91365.0,428.1119
2025-12-02 21:30:00,91366.0,91446.0,91243.0,91416.0,265.44614
2025-12-02 21:45:00,91416.0,91579.0,91373.0,91502.0,214.57422
2025-12-02 22:00:00,91502.0,91834.0,91448.0,91795.0,425.9669
2025-12-02 22:15:00,91795.0,91834.0,91556.0,91557.0,179.77588
2025-12-02 22:30:00,91556.0,91871.0,91500.0,91744.0,198.49714
2025-12-02 22:45:00,91748.0,91956.0,91652.0,91935.0,404.05791
2025-12-02 23:00:00,91935.0,91935.0,91800.0,91800.0,320.20169
2025-12-02 23:15:00,91801.0,91862.0,91577.0,91626.0,199.43943
2025-12-02 23:30:00,91626.0,91633.0,91344.0,91381.0,316.89994
2025-12-02 23:45:00,91380.0,91399.0,91228.0,91237.0,196.36605
2025-12-03 00:00:00,91237.0,91481.0,91129.0,91269.0,259.68272
2025-12-03 00:15:00,91269.0,91450.0,91081.0,91132.0,271.76965
2025-12-03 00:30:00,91132.0,91437.0,90945.0,91429.0,292.17549
2025-12-03 00:45:00,91429.0,91703.0,91365.0,91607.0,289.41434
2025-12-03 01:00:00,91607.0,91792.0,91412.0,91672.0,108.36409
2025-12-03 01:15:00,91672.0,91937.0,91600.0,91846.0,269.34189
2025-12-03 01:30:00,91845.0,91963.0,91803.0,91928.0,170.08984
2025-12-03 01:45:00,91927.0,92400.0,91920.0,92203.0,873.54057
2025-12-03 02:00:00,92204.0,92868.0,92115.0,92855.0,1128.66462
2025-12-03 02:15:00,92854.0,93027.0,92565.0,92787.0,885.64329
2025-12-03 02:30:00,92786.0,92805.0,92572.0,92631.0,337.72256
2025-12-03 02:45:00,92632.0,92823.0,92285.0,92793.0,743.2541
2025-12-03 03:00:00,92794.0,93051.0,92573.0,92740.0,441.98934
2025-12-03 03:15:00,92740.0,92838.0,92595.0,92793.0,119.02018
2025-12-03 03:30:00,92793.0,92809.0,92624.0,92686.0,97.36283
2025-12-03 03:45:00,92686.0,92742.0,92591.0,92594.0,138.18213
2025-12-03 04:00:00,92594.0,92952.0,92591.0,92846.0,209.79975
2025-12-03 04:15:00,92846.0,93200.0,92720.0,92800.0,860.12933
2025-12-03 04:30:00,92800.0,93107.0,92781.0,92922.0,428.81174
2025-12-03 04:45:00,92922.0,93426.0,92868.0,93318.0,525.35407
2025-12-03 05:00:00,93318.0,93539.0,93165.0,93292.0,655.83364
2025-12-03 05:15:00,93292.0,93375.0,93100.0,93317.0,469.54915
2025-12-03 05:30:00,93317.0,93637.0,93215.0,93395.0,341.46419
2025-12-03 05:45:00,93396.0,93639.0,93352.0,93617.0,167.65964
2025-12-03 06:00:00,93617.0,93866.0,93554.0,93673.0,427.65409
2025-12-03 06:15:00,93672.0,93935.0,93641.0,93896.0,343.18299
2025-12-03 06:30:00,93897.0,93900.0,93233.0,93280.0,421.21566
2025-12-03 06:45:00,93280.0,93410.0,93133.0,93400.0,502.76689
2025-12-03 07:00:00,93400.0,93431.0,93171.0,93174.0,264.34216
2025-12-03 07:15:00,93173.0,93173.0,92833.0,93006.0,757.22702
2025-12-03 07:30:00,93006.0,93088.0,92915.0,93065.0,209.3032
2025-12-03 07:45:00,93064.0,93064.0,92871.0,92973.0,97.92927
2025-12-03 08:00:00,92974.0,93157.0,92868.0,92952.0,139.39946
2025-12-03 08:15:00,92953.0,92966.0,92793.0,92873.0,205.54062
2025-12-03 08:30:00,92874.0,92958.0,92701.0,92778.0,412.07642
2025-12-03 08:45:00,92778.0,92889.0,92648.0,92730.0,193.67233
2025-12-03 09:00:00,92729.0,92926.0,92673.0,92925.0,311.32482
2025-12-03 09:15:00,92925.0,92930.0,92754.0,92881.0,340.4513
2025-12-03 09:30:00,92884.0,92918.0,92736.0,92854.0,282.28858
2025-12-03 09:45:00,92854.0,93175.0,92842.0,93145.0,311.09604
2025-12-03 10:00:00,93145.0,93148.0,92971.0,93092.0,197.21497
2025-12-03 10:15:00,93092.0,93344.0,93084.0,93173.0,409.80442
2025-12-03 10:30:00,93173.0,93174.0,92813.0,92890.0,635.53749
2025-12-03 10:45:00,92890.0,93021.0,92811.0,92886.0,575.45042
2025-12-03 11:00:00,92887.0,92971.0,92670.0,92713.0,331.10366
2025-12-03 11:15:00,92712.0,92985.0,92610.0,92954.0,260.6092
2025-12-03 11:30:00,92953.0,92999.0,92798.0,92854.0,148.48487
2025-12-03 11:45:00,92853.0,92989.0,92853.0,92961.0,101.71462
2025-12-03 12:00:00,92961.0,93046.0,92749.0,92812.0,123.9066
2025-12-03 12:15:00,92813.0,92885.0,92652.0,92690.0,189.64846
2025-12-03 12:30:00,92689.0,92840.0,92650.0,92821.0,90.09402
2025-12-03 12:45:00,92812.0,92935.0,92757.0,92894.0,203.01402
2025-12-03 13:00:00,92893.0,93039.0,92841.0,92886.0,157.55957
2025-12-03 13:15:00,92886.0,93091.0,92870.0,92968.0,170.7401
2025-12-03 13:30:00,92968.0,93167.0,92871.0,93152.0,172.30175
2025-12-03 13:45:00,93152.0,93199.0,93033.0,93077.0,177.98007
2025-12-03 14:00:00,93079.0,93102.0,91631.0,91992.0,2140.43565
2025-12-03 14:15:00,91991.0,92535.0,91961.0,92496.0,1013.48128
2025-12-03 14:30:00,92495.0,93642.0,92100.0,93451.0,2210.51253
2025-12-03 14:45:00,93450.0,93481.0,92316.0,92316.0,1498.90654
2025-12-03 15:00:00,92329.0,92937.0,92122.0,92200.0,843.81414
2025-12-03 15:15:00,92200.0,92452.0,91900.0,92272.0,672.69618
2025-12-03 15:30:00,92273.0,92716.0,92200.0,92317.0,641.08928
2025-12-03 15:45:00,92315.0,92605.0,92274.0,92338.0,242.869
2025-12-03 16:00:00,92338.0,92433.0,91772.0,92006.0,1556.66005
2025-12-03 16:15:00,92007.0,92270.0,91962.0,92249.0,264.36866
2025-12-03 16:30:00,92249.0,92721.0,92238.0,92710.0,437.51191
2025-12-03 16:45:00,92710.0,92710.0,92200.0,92216.0,261.14744
2025-12-03 17:00:00,92216.0,92604.0,92168.0,92591.0,364.45717
2025-12-03 17:15:00,92593.0,92668.0,92195.0,92475.0,298.00895
2025-12-03 17:30:00,92475.0,92854.0,92475.0,92727.0,310.13701
2025-12-03 17:45:00,92727.0,93019.0,92668.0,92931.0,183.30143
2025-12-03 18:00:00,92931.0,93486.0,92931.0,93392.0,734.64101
2025-12-03 18:15:00,93391.0,93401.0,92879.0,93070.0,400.55753
2025-12-03 18:30:00,93069.0,93168.0,92949.0,93094.0,211.23384
2025-12-03 18:45:00,93095.0,93107.0,92350.0,92593.0,449.66816
2025-12-03 19:00:00,92593.0,92823.0,92547.0,92653.0,333.21514
2025-12-03 19:15:00,92654.0,92751.0,92507.0,92684.0,108.78511
2025-12-03 19:30:00,92686.0,92800.0,92586.0,92799.0,115.05264
2025-12-03 19:45:00,92799.0,93067.0,92779.0,92990.0,200.57316
2025-12-03 20:00:00,92994.0,93130.0,92800.0,92950.0,308.41155
2025-12-03 20:15:00,92951.0,93092.0,92853.0,92999.0,86.51115
2025-12-03 20:30:00,92999.0,93184.0,92937.0,93160.0,333.17006
2025-12-03 20:45:00,93158.0,93350.0,92850.0,92934.0,330.10161
2025-12-03 21:00:00,92936.0,93082.0,92820.0,93017.0,111.88664
2025-12-03 21:15:00,93015.0,93294.0,92982.0,93235.0,350.01322
2025-12-03 21:30:00,93234.0,93450.0,93223.0,93449.0,233.29609
2025-12-03 21:45:00,93450.0,93726.0,93322.0,93655.0,386.53498
2025-12-03 22:00:00,93655.0,93785.0,93414.0,93657.0,349.01993
2025-12-03 22:15:00,93657.0,93664.0,93326.0,93381.0,154.14249
2025-12-03 22:30:00,93381.0,93704.0,93266.0,93549.0,228.81338
2025-12-03 22:45:00,93550.0,94140.0,93550.0,93748.0,601.47106
2025-12-03 23:00:00,93749.0,94069.0,93652.0,93736.0,458.83303
2025-12-03 23:15:00,93736.0,93749.0,93543.0,93612.0,310.99472
2025-12-03 23:30:00,93611.0,93614.0,93400.0,93483.0,248.16153
2025-12-03 23:45:00,93483.0,93626.0,93351.0,93395.0,163.90263
2025-12-04 00:00:00,93395.0,93439.0,92901.0,92910.0,983.2112
2025-12-04 00:15:00,92910.0,93064.0,92678.0,92788.0,428.56361
2025-12-04 00:30:00,92788.0,93023.0,92631.0,93006.0,430.33886
2025-12-04 00:45:00,93005.0,93126.0,92858.0,93022.0,694.76272
2025-12-04 01:00:00,93022.0,93695.0,92950.0,93654.0,283.77573
2025-12-04 01:15:00,93654.0,93712.0,93189.0,93323.0,324.72963
2025-12-04 01:30:00,93324.0,93514.0,93295.0,93405.0,134.95985
2025-12-04 01:45:00,93406.0,93437.0,93121.0,93137.0,308.55096
2025-12-04 02:00:00,93138.0,93671.0,93065.0,93641.0,279.6142
2025-12-04 02:15:00,93641.0,94018.0,93585.0,93756.0,573.6083
2025-12-04 02:30:00,93756.0,93960.0,93550.0,93827.0,709.97603
2025-12-04 02:45:00,93828.0,93938.0,93695.0,93888.0,168.26926
2025-12-04 03:00:00,93889.0,94031.0,93746.0,93761.0,258.64335
2025-12-04 03:15:00,93761.0,93761.0,93509.0,93560.0,204.06131
2025-12-04 03:30:00,93561.0,93587.0,93361.0,93430.0,173.55122
2025-12-04 03:45:00,93430.0,93570.0,93374.0,93498.0,226.45988
2025-12-04 04:00:00,93498.0,93542.0,93300.0,93421.0,224.37738
2025-12-04 04:15:00,93422.0,93472.0,93278.0,93356.0,122.30589
2025-12-04 04:30:00,93357.0,93478.0,93267.0,93330.0,185.69594
2025-12-04 04:45:00,93331.0,93340.0,93170.0,93314.0,131.17376
2025-12-04 05:00:00,93315.0,93334.0,93000.0,93152.0,433.8021
2025-12-04 05:15:00,93152.0,93219.0,92941.0,93158.0,416.9613
2025-12-04 05:30:00,93158.0,93158.0,92901.0,92920.0,110.77253
2025-12-04 05:45:00,92921.0,92955.0,92730.0,92924.0,268.73037
2025-12-04 06:00:00,92924.0,92999.0,92800.0,92982.0,121.52504
2025-12-04 06:15:00,92983.0,93198.0,92962.0,93150.0,210.65442
2025-12-04 06:30:00,93151.0,93327.0,93069.0,93081.0,209.87576
2025-12-04 06:45:00,93081.0,93151.0,92957.0,93100.0,123.34438
2025-12-04 07:00:00,93100.0,93125.0,92832.0,93009.0,172.89767
2025-12-04 07:15:00,93009.0,93123.0,92954.0,93058.0,131.48727
2025-12-04 07:30:00,93058.0,93244.0,93057.0,93232.0,139.3047
2025-12-04 07:45:00,93233.0,93379.0,93164.0,93345.0,163.73031
2025-12-04 08:00:00,93346.0,93563.0,93020.0,93095.0,304.1252
2025-12-04 08:15:00,93095.0,93189.0,93065.0,93083.0,154.22425
2025-12-04 08:30:00,93083.0,93336.0,93008.0,93289.0,140.66031
2025-12-04 08:45:00,93288.0,93346.0,93101.0,93233.0,296.63676
2025-12-04 09:00:00,93223.0,93581.0,93213.0,93324.0,241.40758
2025-12-04 09:15:00,93324.0,93343.0,93200.0,93330.0,88.37051
2025-12-04 09:30:00,93330.0,93463.0,93305.0,93437.0,151.24167
2025-12-04 09:45:00,93435.0,93553.0,93371.0,93404.0,69.74596
2025-12-04 10:00:00,93404.0,93500.0,93324.0,93347.0,112.67554
2025-12-04 10:15:00,93347.0,93352.0,93213.0,93263.0,148.89153
2025-12-04 10:30:00,93263.0,93355.0,93161.0,93249.0,69.4024
2025-12-04 10:45:00,93249.0,93343.0,93133.0,93215.0,238.49505
2025-12-04 11:00:00,93214.0,93271.0,93150.0,93188.0,71.30672
2025-12-04 11:15:00,93188.0,93216.0,92949.0,92953.0,136.13842
2025-12-04 11:30:00,92952.0,92991.0,92700.0,92808.0,231.19507
2025-12-04 11:45:00,92807.0,92962.0,92760.0,92898.0,102.63942
2025-12-04 12:00:00,92899.0,93003.0,92867.0,92913.0,70.1933
2025-12-04 12:15:00,92912.0,92968.0,92726.0,92830.0,126.87195
2025-12-04 12:30:00,92830.0,93131.0,92811.0,93054.0,182.94271
2025-12-04 12:45:00,93054.0,93144.0,92911.0,92947.0,304.51644
2025-12-04 13:00:00,92951.0,93005.0,92410.0,92501.0,768.28861
2025-12-04 13:15:00,92501.0,92813.0,92501.0,92740.0,111.4327
2025-12-04 13:30:00,92741.0,92920.0,92612.0,92706.0,306.82621
2025-12-04 13:45:00,92706.0,92721.0,92387.0,92476.0,262.17179
2025-12-04 14:00:00,92477.0,92644.0,92446.0,92616.0,133.76011
2025-12-04 14:15:00,92616.0,92780.0,92553.0,92752.0,176.99896
2025-12-04 14:30:00,92753.0,92753.0,92337.0,92554.0,488.79322
2025-12-04 14:45:00,92553.0,92584.0,91761.0,91867.0,1152.11951
2025-12-04 15:00:00,91867.0,92660.0,91866.0,92611.0,1095.04826
2025-12-04 15:15:00,92611.0,92889.0,92288.0,92542.0,648.08663
2025-12-04 15:30:00,92542.0,93236.0,92400.0,93005.0,806.84557
2025-12-04 15:45:00,93005.0,93052.0,92680.0,92940.0,627.31434
2025-12-04 16:00:00,92939.0,92978.0,92435.0,92778.0,603.6042
2025-12-04 16:15:00,92779.0,93130.0,92754.0,92874.0,337.00082
2025-12-04 16:30:00,92874.0,92874.0,92419.0,92476.0,374.84106
2025-12-04 16:45:00,92478.0,92698.0,92222.0,92384.0,274.55142
2025-12-04 17:00:00,92385.0,92513.0,92048.0,92228.0,449.3337
2025-12-04 17:15:00,92227.0,92261.0,92008.0,92084.0,354.57448
2025-12-04 17:30:00,92084.0,92265.0,91702.0,91948.0,687.86878
2025-12-04 17:45:00,91949.0,92421.0,91823.0,92393.0,310.20663
2025-12-04 18:00:00,92393.0,92401.0,92137.0,92329.0,260.5985
2025-12-04 18:15:00,92330.0,92500.0,92115.0,92421.0,371.01041
2025-12-04 18:30:00,92421.0,92503.0,91907.0,91983.0,432.49004
2025-12-04 18:45:00,91982.0,92196.0,91899.0,92087.0,334.8664
2025-12-04 19:00:00,92086.0,92123.0,91250.0,91251.0,904.16476
2025-12-04 19:15:00,91250.0,91492.0,90806.0,91304.0,1707.745
2025-12-04 19:30:00,91303.0,91924.0,91249.0,91890.0,588.5464
2025-12-04 19:45:00,91891.0,92078.0,91784.0,91927.0,370.7835
2025-12-04 20:00:00,91933.0,92180.0,91634.0,91956.0,599.04581
2025-12-04 20:15:00,91951.0,92200.0,91835.0,91960.0,253.01175
2025-12-04 20:30:00,91961.0,92311.0,91913.0,92276.0,188.87862
2025-12-04 20:45:00,92276.0,92496.0,92232.0,92459.0,379.93914
2025-12-04 21:00:00,92457.0,92683.0,92323.0,92397.0,368.59133
2025-12-04 21:15:00,92396.0,92528.0,92257.0,92258.0,128.80656
2025-12-04 21:30:00,92258.0,92317.0,92164.0,92194.0,151.71396
2025-12-04 21:45:00,92195.0,92214.0,92041.0,92113.0,114.7934
2025-12-04 22:00:00,92114.0,92343.0,92114.0,92255.0,125.61536
2025-12-04 22:15:00,92254.0,92324.0,92106.0,92155.0,128.41754
2025-12-04 22:30:00,92154.0,92442.0,92154.0,92418.0,178.37899
2025-12-04 22:45:00,92418.0,92461.0,92303.0,92304.0,57.40776
2025-12-04 23:00:00,92304.0,92410.0,92205.0,92275.0,235.04158
2025-12-04 23:15:00,92275.0,92340.0,92165.0,92167.0,62.62536
2025-12-04 23:30:00,92168.0,92255.0,92035.0,92070.0,178.18472
2025-12-04 23:45:00,92075.0,92127.0,92034.0,92034.0,71.88417
2025-12-05 00:00:00,92034.0,92240.0,92027.0,92027.0,132.57907
2025-12-05 00:15:00,92028.0,92439.0,92027.0,92275.0,222.11879
2025-12-05 00:30:00,92276.0,92360.0,92228.0,92348.0,203.5335
2025-12-05 00:45:00,92349.0,92355.0,92188.0,92253.0,87.10621
2025-12-05 01:00:00,92253.0,92455.0,92181.0,92303.0,222.82991
2025-12-05 01:15:00,92303.0,92562.0,92302.0,92457.0,140.97168
2025-12-05 01:30:00,92457.0,92504.0,92324.0,92407.0,35.50121
2025-12-05 01:45:00,92408.0,92450.0,92292.0,92315.0,47.82165
2025-12-05 02:00:00,92315.0,92396.0,92209.0,92396.0,73.03439
2025-12-05 02:15:00,92395.0,92576.0,92369.0,92525.0,152.14641
2025-12-05 02:30:00,92526.0,92660.0,92418.0,92620.0,540.70203
2025-12-05 02:45:00,92620.0,92620.0,92472.0,92490.0,174.92121
2025-12-05 03:00:00,92491.0,92632.0,92474.0,92547.0,166.18606
2025-12-05 03:15:00,92546.0,92547.0,92327.0,92380.0,235.74415
2025-12-05 03:30:00,92380.0,92396.0,92297.0,92310.0,162.75254
2025-12-05 03:45:00,92310.0,92318.0,91956.0,92143.0,325.64466
2025-12-05 04:00:00,92144.0,92336.0,92109.0,92296.0,124.51344
2025-12-05 04:15:00,92295.0,92368.0,92141.0,92167.0,172.04733
2025-12-05 04:30:00,92168.0,92168.0,91816.0,91835.0,273.27791
2025-12-05 04:45:00,91834.0,92052.0,91780.0,91991.0,201.51273
2025-12-05 05:00:00,91992.0,92173.0,91980.0,92099.0,139.81848
2025-12-05 05:15:00,92099.0,92120.0,91875.0,91937.0,114.80854
2025-12-05 05:30:00,91937.0,91995.0,91828.0,91995.0,84.8003
2025-12-05 05:45:00,91994.0,91994.0,91853.0,91904.0,130.94112
2025-12-05 06:00:00,91903.0,92114.0,91880.0,92066.0,144.61745
2025-12-05 06:15:00,92063.0,92072.0,91962.0,91995.0,99.15153
2025-12-05 06:30:00,91996.0,92059.0,91900.0,92058.0,62.20466
2025-12-05 06:45:00,92059.0,92250.0,92054.0,92237.0,175.62377
2025-12-05 07:00:00,92238.0,92419.0,92164.0,92309.0,80.4009
2025-12-05 07:15:00,92309.0,92464.0,92297.0,92420.0,93.65731
2025-12-05 07:30:00,92420.0,92428.0,92262.0,92278.0,112.898
2025-12-05 07:45:00,92278.0,92292.0,92156.0,92205.0,94.85102
2025-12-05 08:00:00,92206.0,92223.0,92012.0,92068.0,77.14742
2025-12-05 08:15:00,92069.0,92137.0,91983.0,92028.0,176.86495
2025-12-05 08:30:00,92029.0,92052.0,91871.0,91979.0,111.07379
2025-12-05 08:45:00,91979.0,92120.0,91970.0,92081.0,129.36306
2025-12-05 09:00:00,92082.0,92082.0,91798.0,91813.0,333.26182
2025-12-05 09:15:00,91813.0,91825.0,91265.0,91303.0,519.47603
2025-12-05 09:30:00,91304.0,91430.0,90940.0,91013.0,410.43828
2025-12-05 09:45:00,91012.0,91118.0,90950.0,91091.0,183.57795
2025-12-05 10:00:00,91090.0,91286.0,91048.0,91214.0,258.62182
2025-12-05 10:15:00,91214.0,91421.0,91186.0,91323.0,90.32286
2025-12-05 10:30:00,91324.0,91451.0,91238.0,91448.0,149.58098
2025-12-05 10:45:00,91448.0,91448.0,91228.0,91241.0,133.92043
2025-12-05 11:00:00,91241.0,91505.0,91198.0,91482.0,174.88697
2025-12-05 11:15:00,91483.0,91520.0,91262.0,91382.0,179.17692
2025-12-05 11:30:00,91382.0,91382.0,91075.0,91075.0,415.42757
2025-12-05 11:45:00,91077.0,91363.0,91077.0,91298.0,137.44383
2025-12-05 12:00:00,91298.0,91388.0,91170.0,91209.0,174.93446
2025-12-05 12:15:00,91210.0,91308.0,91033.0,91175.0,58.66613
2025-12-05 12:30:00,91175.0,91251.0,91083.0,91131.0,127.02795
2025-12-05 12:45:00,91131.0,91218.0,91094.0,91196.0,95.99115
2025-12-05 13:00:00,91197.0,91320.0,91038.0,91070.0,202.72813
2025-12-05 13:15:00,91072.0,91079.0,90555.0,90776.0,491.68642
2025-12-05 13:30:00,90776.0,90901.0,90236.0,90386.0,739.79759
2025-12-05 13:45:00,90386.0,90653.0,90215.0,90419.0,1207.22053
2025-12-05 14:00:00,90419.0,90690.0,90415.0,90458.0,285.53298
2025-12-05 14:15:00,90459.0,90480.0,90287.0,90395.0,541.03052
2025-12-05 14:30:00,90396.0,90664.0,89868.0,90170.0,2026.9436
2025-12-05 14:45:00,90171.0,90465.0,89930.0,90260.0,1139.18384
2025-12-05 15:00:00,90260.0,91440.0,90260.0,90991.0,1839.69223
2025-12-05 15:15:00,90991.0,91170.0,90813.0,91170.0,454.36829
2025-12-05 15:30:00,91170.0,91321.0,90851.0,90969.0,387.17479
2025-12-05 15:45:00,90969.0,91064.0,90216.0,90406.0,992.84281
2025-12-05 16:00:00,90406.0,90455.0,89182.0,89319.0,2521.26929
2025-12-05 16:15:00,89319.0,89319.0,88830.0,89022.0,1771.31812
2025-12-05 16:30:00,89023.0,89083.0,88032.0,88338.0,2189.96959
2025-12-05 16:45:00,88339.0,88964.0,88290.0,88759.0,1204.11438
2025-12-05 17:00:00,88760.0,88952.0,88581.0,88663.0,711.19089
2025-12-05 17:15:00,88663.0,89014.0,88618.0,88725.0,412.81809
2025-12-05 17:30:00,88726.0,89140.0,88654.0,88993.0,667.63715
2025-12-05 17:45:00,88993.0,89422.0,88912.0,89289.0,1400.33631
2025-12-05 18:00:00,89290.0,89771.0,89197.0,89565.0,527.75574
2025-12-05 18:15:00,89565.0,89632.0,89163.0,89354.0,732.39432
2025-12-05 18:30:00,89355.0,89456.0,88972.0,89058.0,680.69316
2025-12-05 18:45:00,89058.0,89155.0,88858.0,88899.0,565.49976
2025-12-05 19:00:00,88898.0,89156.0,88772.0,89084.0,689.68498
2025-12-05 19:15:00,89083.0,89498.0,88987.0,89388.0,588.64945
2025-12-05 19:30:00,89388.0,89601.0,89283.0,89427.0,423.04971
2025-12-05 19:45:00,89427.0,89767.0,89317.0,89586.0,211.64614
2025-12-05 20:00:00,89587.0,89678.0,89313.0,89630.0,429.12816
2025-12-05 20:15:00,89631.0,89706.0,89479.0,89525.0,195.98854
2025-12-05 20:30:00,89521.0,89521.0,89213.0,89230.0,535.42051
2025-12-05 20:45:00,89229.0,89287.0,89140.0,89272.0,375.14186
2025-12-05 21:00:00,89268.0,89399.0,89235.0,89395.0,228.94637
2025-12-05 21:15:00,89395.0,89422.0,89317.0,89385.0,173.63956
2025-12-05 21:30:00,89386.0,89421.0,89187.0,89215.0,290.42492
2025-12-05 21:45:00,89216.0,89245.0,89030.0,89117.0,252.11917
2025-12-05 22:00:00,89119.0,89149.0,88844.0,88906.0,326.21692
2025-12-05 22:15:00,88906.0,89188.0,88906.0,89188.0,79.5447
2025-12-05 22:30:00,89188.0,89266.0,88995.0,89239.0,337.23243
2025-12-05 22:45:00,89239.0,89326.0,89179.0,89194.0,89.84137
2025-12-05 23:00:00,89194.0,89207.0,88873.0,89077.0,547.00392
2025-12-05 23:15:00,89078.0,89220.0,89038.0,89195.0,144.71748
2025-12-05 23:30:00,89194.0,89304.0,89181.0,89182.0,54.30505
2025-12-05 23:45:00,89182.0,89341.0,89159.0,89294.0,115.67239
2025-12-06 00:00:00,89294.0,89294.0,89001.0,89065.0,152.29586
2025-12-06 00:15:00,89065.0,89161.0,89022.0,89146.0,65.18221
2025-12-06 00:30:00,89144.0,89434.0,89119.0,89385.0,256.54006
2025-12-06 00:45:00,89385.0,89409.0,89316.0,89383.0,72.52713
2025-12-06 01:00:00,89383.0,89384.0,89251.0,89342.0,90.16826
2025-12-06 01:15:00,89342.0,89478.0,89319.0,89417.0,215.38902
2025-12-06 01:30:00,89416.0,89416.0,89174.0,89219.0,69.67076
2025-12-06 01:45:00,89219.0,89328.0,89182.0,89280.0,92.54344
2025-12-06 02:00:00,89281.0,89295.0,89129.0,89254.0,155.64428
2025-12-06 02:15:00,89254.0,89319.0,89177.0,89229.0,44.11365
2025-12-06 02:30:00,89229.0,89261.0,89164.0,89198.0,31.64161
2025-12-06 02:45:00,89198.0,89366.0,89197.0,89354.0,67.65198
2025-12-06 03:00:00,89354.0,89769.0,89346.0,89734.0,439.76639
2025-12-06 03:15:00,89734.0,89757.0,89504.0,89512.0,77.08134
2025-12-06 03:30:00,89512.0,89695.0,89489.0,89632.0,88.60753
2025-12-06 03:45:00,89632.0,89700.0,89614.0,89634.0,37.847
2025-12-06 04:00:00,89634.0,89666.0,89489.0,89536.0,88.76691
2025-12-06 04:15:00,89536.0,89600.0,89503.0,89577.0,28.199
2025-12-06 04:30:00,89580.0,89612.0,89517.0,89538.0,18.46082
2025-12-06 04:45:00,89533.0,89651.0,89531.0,89623.0,20.67643
2025-12-06 05:00:00,89623.0,89698.0,89622.0,89661.0,31.96305
2025-12-06 05:15:00,89660.0,89661.0,89506.0,89570.0,63.77428
2025-12-06 05:30:00,89570.0,89570.0,89500.0,89511.0,29.24579
2025-12-06 05:45:00,89511.0,89599.0,89502.0,89565.0,39.08341
2025-12-06 06:00:00,89565.0,89648.0,89479.0,89636.0,63.10935
2025-12-06 06:15:00,89636.0,89724.0,89575.0,89709.0,31.0479
2025-12-06 06:30:00,89709.0,89710.0,89599.0,89618.0,55.02824
2025-12-06 06:45:00,89618.0,89663.0,89585.0,89638.0,58.56194
2025-12-06 07:00:00,89638.0,89662.0,89610.0,89649.0,33.50047
2025-12-06 07:15:00,89649.0,89668.0,89530.0,89532.0,63.47512
2025-12-06 07:30:00,89533.0,89609.0,89422.0,89594.0,103.87919
2025-12-06 07:45:00,89594.0,89669.0,89522.0,89546.0,30.07861
2025-12-06 08:00:00,89546.0,89571.0,89493.0,89494.0,79.35444
2025-12-06 08:15:00,89494.0,89586.0,89219.0,89245.0,180.5191
2025-12-06 08:30:00,89245.0,89382.0,89171.0,89352.0,69.41496
2025-12-06 08:45:00,89352.0,89362.0,89213.0,89237.0,103.74756
2025-12-06 09:00:00,89237.0,89523.0,89222.0,89450.0,126.81914
2025-12-06 09:15:00,89450.0,89621.0,89450.0,89601.0,63.42366
2025-12-06 09:30:00,89600.0,89635.0,89463.0,89582.0,31.82623
2025-12-06 09:45:00,89583.0,89630.0,89527.0,89528.0,22.74815
2025-12-06 10:00:00,89528.0,89568.0,89448.0,89527.0,281.25564
2025-12-06 10:15:00,89527.0,89641.0,89476.0,89490.0,79.5275
2025-12-06 10:30:00,89490.0,89544.0,89470.0,89533.0,94.88694
2025-12-06 10:45:00,89534.0,89534.0,89406.0,89471.0,114.38481
2025-12-06 11:00:00,89471.0,89530.0,89461.0,89462.0,15.99456
2025-12-06 11:15:00,89461.0,89561.0,89461.0,89526.0,36.40693
2025-12-06 11:30:00,89525.0,89678.0,89522.0,89639.0,152.76246
2025-12-06 11:45:00,89639.0,89668.0,89558.0,89581.0,112.00729
2025-12-06 12:00:00,89582.0,89582.0,89516.0,89534.0,58.59891
2025-12-06 12:15:00,89534.0,89592.0,89529.0,89561.0,14.66992
2025-12-06 12:30:00,89561.0,89601.0,89519.0,89547.0,36.36205
2025-12-06 12:45:00,89546.0,89573.0,89522.0,89535.0,43.44258
2025-12-06 13:00:00,89535.0,89588.0,89535.0,89560.0,79.38849
2025-12-06 13:15:00,89561.0,89651.0,89560.0,89631.0,54.48974
2025-12-06 13:30:00,89632.0,89734.0,89580.0,89732.0,178.567
2025-12-06 13:45:00,89732.0,89737.0,89598.0,89617.0,154.97909
2025-12-06 14:00:00,89618.0,89692.0,89602.0,89690.0,71.60689
2025-12-06 14:15:00,89689.0,90249.0,89689.0,89873.0,737.16645
2025-12-06 14:30:00,89872.0,90042.0,89863.0,90011.0,309.37167
2025-12-06 14:45:00,90011.0,90143.0,89923.0,89946.0,308.58346
2025-12-06 15:00:00,89947.0,89999.0,89768.0,89800.0,287.87883
2025-12-06 15:15:00,89799.0,89800.0,89451.0,89589.0,300.52285
2025-12-06 15:30:00,89589.0,89855.0,89512.0,89814.0,295.74879
2025-12-06 15:45:00,89814.0,89893.0,89673.0,89712.0,73.28777
2025-12-06 16:00:00,89712.0,89941.0,89695.0,89893.0,175.28755
2025-12-06 16:15:00,89893.0,89942.0,89818.0,89835.0,38.29432
2025-12-06 16:30:00,89834.0,89869.0,89747.0,89784.0,100.18731
2025-12-06 16:45:00,89784.0,89790.0,89623.0,89665.0,219.96646
2025-12-06 17:00:00,89664.0,89739.0,89582.0,89649.0,293.21444
2025-12-06 17:15:00,89649.0,89809.0,89587.0,89791.0,109.26913
2025-12-06 17:30:00,89790.0,89790.0,89602.0,89617.0,130.08455
2025-12-06 17:45:00,89616.0,89677.0,89562.0,89665.0,44.38296
2025-12-06 18:00:00,89665.0,89723.0,89576.0,89719.0,187.31976
2025-12-06 18:15:00,89719.0,89750.0,89653.0,89710.0,51.2793
2025-12-06 18:30:00,89709.0,89710.0,89600.0,89601.0,29.90143
2025-12-06 18:45:00,89600.0,89601.0,89460.0,89597.0,162.15894
2025-12-06 19:00:00,89597.0,89699.0,89298.0,89434.0,483.45343
2025-12-06 19:15:00,89434.0,89525.0,89326.0,89506.0,213.61863
2025-12-06 19:30:00,89507.0,89508.0,89229.0,89390.0,283.48558
2025-12-06 19:45:00,89390.0,89431.0,89321.0,89359.0,75.104
2025-12-06 20:00:00,89359.0,89457.0,89285.0,89345.0,66.04691
2025-12-06 20:15:00,89345.0,89415.0,89332.0,89408.0,44.24626
2025-12-06 20:30:00,89408.0,89521.0,89380.0,89498.0,85.26567
2025-12-06 20:45:00,89497.0,89514.0,89464.0,89500.0,16.86043
2025-12-06 21:00:00,89499.0,89577.0,89424.0,89440.0,41.02479
2025-12-06 21:15:00,89439.0,89466.0,89340.0,89379.0,63.37128
2025-12-06 21:30:00,89378.0,89510.0,89351.0,89422.0,198.29539
2025-12-06 21:45:00,89421.0,89442.0,89356.0,89359.0,218.44991
2025-12-06 22:00:00,89359.0,89453.0,89231.0,89453.0,229.8919
2025-12-06 22:15:00,89452.0,89485.0,89292.0,89292.0,191.13943
2025-12-06 22:30:00,89292.0,89390.0,89288.0,89289.0,95.33858
2025-12-06 22:45:00,89289.0,89306.0,89199.0,89235.0,146.16535
2025-12-06 23:00:00,89235.0,89279.0,88919.0,89105.0,422.9479
2025-12-06 23:15:00,89108.0,89150.0,88848.0,88961.0,459.26144
2025-12-06 23:30:00,88961.0,89122.0,88939.0,89049.0,327.38376
2025-12-06 23:45:00,89045.0,89215.0,89040.0,89181.0,173.90186
2025-12-07 00:00:00,89182.0,89322.0,89133.0,89134.0,94.87569
2025-12-07 00:15:00,89134.0,89315.0,89128.0,89314.0,41.15701
2025-12-07 00:30:00,89313.0,89509.0,89299.0,89451.0,154.40073
2025-12-07 00:45:00,89451.0,89478.0,89330.0,89330.0,190.88401
2025-12-07 01:00:00,89330.0,89483.0,89330.0,89441.0,202.40703
2025-12-07 01:15:00,89441.0,89540.0,89372.0,89402.0,80.05282
2025-12-07 01:30:00,89404.0,89439.0,89330.0,89344.0,25.45594
2025-12-07 01:45:00,89338.0,89405.0,89235.0,89236.0,89.1323
2025-12-07 02:00:00,89235.0,89374.0,89235.0,89323.0,67.22615
2025-12-07 02:15:00,89324.0,89464.0,89323.0,89396.0,197.87029
2025-12-07 02:30:00,89396.0,89410.0,89330.0,89398.0,47.81266
2025-12-07 02:45:00,89398.0,89652.0,89397.0,89586.0,208.96353
2025-12-07 03:00:00,89578.0,89591.0,89505.0,89545.0,30.77401
2025-12-07 03:15:00,89540.0,89562.0,89506.0,89529.0,19.1766
2025-12-07 03:30:00,89529.0,89699.0,89520.0,89654.0,74.01355
2025-12-07 03:45:00,89654.0,89695.0,89644.0,89669.0,127.24037
2025-12-07 04:00:00,89669.0,89749.0,89624.0,89650.0,34.89697
2025-12-07 04:15:00,89650.0,89652.0,89583.0,89584.0,59.93003
2025-12-07 04:30:00,89584.0,89584.0,89445.0,89512.0,55.28182
2025-12-07 04:45:00,89513.0,89513.0,89471.0,89485.0,89.59569
2025-12-07 05:00:00,89487.0,89513.0,89369.0,89416.0,71.41465
2025-12-07 05:15:00,89416.0,89445.0,89381.0,89434.0,31.31697
2025-12-07 05:30:00,89433.0,89489.0,89422.0,89489.0,32.99867
2025-12-07 05:45:00,89489.0,89501.0,89419.0,89467.0,71.71571
2025-12-07 06:00:00,89466.0,89576.0,89450.0,89534.0,84.61168
2025-12-07 06:15:00,89533.0,89635.0,89497.0,89623.0,53.39637
2025-12-07 06:30:00,89622.0,89635.0,89605.0,89622.0,50.68929
2025-12-07 06:45:00,89620.0,89659.0,89531.0,89658.0,50.7719
2025-12-07 07:00:00,89660.0,89690.0,89377.0,89435.0,245.47953
2025-12-07 07:15:00,89431.0,89439.0,89275.0,89350.0,80.6088
2025-12-07 07:30:00,89351.0,89351.0,89151.0,89211.0,80.66365
2025-12-07 07:45:00,89210.0,89371.0,89140.0,89335.0,92.34684
2025-12-07 08:00:00,89336.0,89336.0,89162.0,89173.0,40.31014
2025-12-07 08:15:00,89174.0,89340.0,89153.0,89313.0,140.52906
2025-12-07 08:30:00,89313.0,89497.0,89292.0,89432.0,137.35758
2025-12-07 08:45:00,89432.0,89432.0,89221.0,89269.0,334.66152
2025-12-07 09:00:00,89268.0,89341.0,89245.0,89331.0,54.31803
2025-12-07 09:15:00,89331.0,89358.0,89037.0,89140.0,199.48032
2025-12-07 09:30:00,89141.0,89220.0,89122.0,89135.0,24.87554
2025-12-07 09:45:00,89135.0,89155.0,88996.0,89062.0,139.22403
2025-12-07 10:00:00,89061.0,89257.0,89055.0,89257.0,155.82444
2025-12-07 10:15:00,89257.0,89257.0,89137.0,89148.0,104.6636
2025-12-07 10:30:00,89149.0,89307.0,89057.0,89239.0,36.95061
2025-12-07 10:45:00,89240.0,89347.0,89179.0,89180.0,223.811
2025-12-07 11:00:00,89180.0,89203.0,89135.0,89202.0,195.7369
2025-12-07 11:15:00,89202.0,89222.0,89120.0,89121.0,115.49088
2025-12-07 11:30:00,89120.0,89208.0,89120.0,89158.0,45.48436
2025-12-07 11:45:00,89157.0,89157.0,89090.0,89091.0,120.97875
2025-12-07 12:00:00,89091.0,89278.0,89062.0,89231.0,180.36988
2025-12-07 12:15:00,89231.0,89298.0,89159.0,89216.0,173.74075
2025-12-07 12:30:00,89216.0,89270.0,89205.0,89270.0,22.99702
2025-12-07 12:45:00,89270.0,89544.0,89269.0,89428.0,626.03453
2025-12-07 13:00:00,89429.0,89452.0,89242.0,89282.0,178.10107
2025-12-07 13:15:00,89282.0,89300.0,88543.0,88875.0,1571.18796
2025-12-07 13:30:00,88874.0,89009.0,88814.0,88916.0,207.18333
2025-12-07 13:45:00,88916.0,89059.0,88863.0,88971.0,415.06322
2025-12-07 14:00:00,88971.0,89052.0,88746.0,88755.0,283.62485
2025-12-07 14:15:00,88754.0,88814.0,87758.0,87870.0,1445.37528
2025-12-07 14:30:00,87870.0,88356.0,87666.0,88192.0,1160.45503
2025-12-07 14:45:00,88193.0,88329.0,88054.0,88192.0,332.78133
2025-12-07 15:00:00,88192.0,89000.0,88119.0,88819.0,769.12328
2025-12-07 15:15:00,88818.0,88911.0,88610.0,88689.0,410.66208
2025-12-07 15:30:00,88688.0,89026.0,88688.0,88863.0,383.76695
2025-12-07 15:45:00,88862.0,89686.0,88857.0,89508.0,1321.39458
2025-12-07 16:00:00,89507.0,89507.0,89119.0,89159.0,476.5737
2025-12-07 16:15:00,89162.0,89400.0,89059.0,89280.0,279.50767
2025-12-07 16:30:00,89280.0,89529.0,89191.0,89428.0,425.60603
2025-12-07 16:45:00,89428.0,89869.0,89325.0,89859.0,653.75527
2025-12-07 17:00:00,89859.0,89911.0,89557.0,89841.0,516.97996
2025-12-07 17:15:00,89841.0,90698.0,89807.0,90671.0,1244.21896
2025-12-07 17:30:00,90674.0,91266.0,90650.0,90797.0,1201.13449
2025-12-07 17:45:00,90798.0,91094.0,90669.0,90906.0,776.31051
2025-12-07 18:00:00,90907.0,91417.0,90906.0,91271.0,547.27162
2025-12-07 18:15:00,91271.0,91647.0,91271.0,91524.0,424.36845
2025-12-07 18:30:00,91524.0,91721.0,91279.0,91282.0,428.54364
2025-12-07 18:45:00,91283.0,91492.0,91163.0,91306.0,689.33851
2025-12-07 19:00:00,91305.0,91496.0,91188.0,91491.0,745.15334
2025-12-07 19:15:00,91490.0,91491.0,91183.0,91210.0,291.921
2025-12-07 19:30:00,91211.0,91363.0,91155.0,91329.0,324.42599
2025-12-07 19:45:00,91328.0,91380.0,91234.0,91372.0,176.73184
2025-12-07 20:00:00,91372.0,91422.0,91259.0,91312.0,213.39755
2025-12-07 20:15:00,91313.0,91451.0,91279.0,91392.0,457.52135
2025-12-07 20:30:00,91393.0,91475.0,91278.0,91460.0,116.77768
2025-12-07 20:45:00,91459.0,91459.0,91332.0,91390.0,98.89032
2025-12-07 21:00:00,91387.0,91387.0,91204.0,91252.0,144.56047
2025-12-07 21:15:00,91252.0,91252.0,90755.0,90827.0,963.65914
2025-12-07 21:30:00,90827.0,90983.0,90425.0,90474.0,864.29842
2025-12-07 21:45:00,90474.0,90477.0,89803.0,90187.0,1261.69943
2025-12-07 22:00:00,90186.0,90187.0,88893.0,89329.0,1501.50642
2025-12-07 22:15:00,89329.0,89716.0,89175.0,89641.0,573.41491
2025-12-07 22:30:00,89641.0,90222.0,89588.0,90045.0,1153.52982
2025-12-07 22:45:00,90045.0,90144.0,89286.0,89558.0,1052.52254
2025-12-07 23:00:00,89557.0,89775.0,89465.0,89680.0,424.47468
2025-12-07 23:15:00,89682.0,90031.0,89682.0,90011.0,167.06763
2025-12-07 23:30:00,90010.0,90010.0,89773.0,89876.0,132.3997
2025-12-07 23:45:00,89876.0,90455.0,89864.0,90344.0,378.2716
2025-12-08 00:00:00,90345.0,90362.0,90004.0,90028.0,188.38761
2025-12-08 00:15:00,90026.0,90246.0,89794.0,90209.0,145.66897
2025-12-08 00:30:00,90208.0,90569.0,90171.0,90267.0,244.96741
2025-12-08 00:45:00,90268.0,90426.0,90174.0,90311.0,284.49648
2025-12-08 01:00:00,90310.0,90722.0,90274.0,90631.0,223.05521
2025-12-08 01:15:00,90632.0,91197.0,90544.0,91088.0,669.39823
2025-12-08 01:30:00,91089.0,91636.0,91088.0,91201.0,1060.99087
2025-12-08 01:45:00,91204.0,91222.0,90774.0,90851.0,422.15388
2025-12-08 02:00:00,90854.0,90994.0,90761.0,90914.0,412.03727
2025-12-08 02:15:00,90912.0,91060.0,90865.0,90989.0,241.29382
2025-12-08 02:30:00,90989.0,91191.0,90933.0,91171.0,89.88084
2025-12-08 02:45:00,91173.0,91394.0,91038.0,91309.0,432.18731
2025-12-08 03:00:00,91310.0,91361.0,91054.0,91102.0,273.4157
2025-12-08 03:15:00,91099.0,91346.0,91079.0,91203.0,93.96956
2025-12-08 03:30:00,91203.0,91247.0,90943.0,90966.0,176.75413
2025-12-08 03:45:00,90965.0,91091.0,90941.0,91025.0,53.70665
2025-12-08 04:00:00,91025.0,91132.0,90969.0,91059.0,92.98242
2025-12-08 04:15:00,91060.0,91300.0,91038.0,91206.0,120.79982
2025-12-08 04:30:00,91207.0,91440.0,91105.0,91167.0,175.7526
2025-12-08 04:45:00,91173.0,91254.0,91089.0,91227.0,75.31877
2025-12-08 05:00:00,91228.0,91228.0,91000.0,91062.0,153.82435
2025-12-08 05:15:00,91062.0,91337.0,91014.0,91234.0,214.21657
2025-12-08 05:30:00,91234.0,91396.0,91233.0,91304.0,67.47651
2025-12-08 05:45:00,91304.0,91377.0,91242.0,91282.0,52.64987
2025-12-08 06:00:00,91281.0,91385.0,91207.0,91323.0,68.97448
2025-12-08 06:15:00,91323.0,91399.0,91293.0,91385.0,66.36597
2025-12-08 06:30:00,91386.0,91570.0,91385.0,91518.0,219.27188
2025-12-08 06:45:00,91519.0,91617.0,91376.0,91401.0,166.45098
2025-12-08 07:00:00,91401.0,91499.0,91326.0,91400.0,114.74928
2025-12-08 07:15:00,91401.0,91683.0,91378.0,91650.0,128.19288
2025-12-08 07:30:00,91649.0,91829.0,91574.0,91622.0,333.34464
2025-12-08 07:45:00,91621.0,91621.0,91441.0,91513.0,139.29175
2025-12-08 08:00:00,91513.0,91570.0,91434.0,91550.0,145.53041
2025-12-08 08:15:00,91550.0,91679.0,91550.0,91668.0,209.36386
2025-12-08 08:30:00,91667.0,91784.0,91562.0,91782.0,182.8164
2025-12-08 08:45:00,91781.0,91879.0,91660.0,91789.0,258.22392
2025-12-08 09:00:00,91789.0,92256.0,91751.0,92040.0,986.41827
2025-12-08 09:15:00,92039.0,92039.0,91890.0,91940.0,290.14401
2025-12-08 09:30:00,91938.0,92022.0,91858.0,91951.0,190.55221
2025-12-08 09:45:00,91951.0,91951.0,91855.0,91881.0,89.02681
2025-12-08 10:00:00,91881.0,92055.0,91766.0,91977.0,343.93532
2025-12-08 10:15:00,91977.0,92024.0,91917.0,91989.0,130.54536
2025-12-08 10:30:00,91998.0,92171.0,91919.0,92158.0,111.29489
2025-12-08 10:45:00,92159.0,92187.0,92076.0,92089.0,68.11021
2025-12-08 11:00:00,92089.0,92109.0,91936.0,92107.0,285.32199
2025-12-08 11:15:00,92108.0,92146.0,91985.0,91987.0,157.1303
2025-12-08 11:30:00,91988.0,91988.0,91811.0,91874.0,319.25349
2025-12-08 11:45:00,91874.0,91955.0,91852.0,91926.0,118.55261
2025-12-08 12:00:00,91926.0,91951.0,91715.0,91734.0,171.64713
2025-12-08 12:15:00,91734.0,91870.0,91719.0,91815.0,114.26261
2025-12-08 12:30:00,91816.0,91873.0,91614.0,91707.0,252.33843
2025-12-08 12:45:00,91708.0,91802.0,91681.0,91722.0,141.11298
2025-12-08 13:00:00,91723.0,92080.0,91660.0,91769.0,429.49697
2025-12-08 13:15:00,91770.0,91814.0,91479.0,91606.0,293.13011
2025-12-08 13:30:00,91606.0,91645.0,91220.0,91598.0,323.92514
2025-12-08 13:45:00,91599.0,91683.0,91341.0,91417.0,182.64529
2025-12-08 14:00:00,91417.0,91560.0,91357.0,91518.0,163.09411
2025-12-08 14:15:00,91518.0,91527.0,91111.0,91322.0,494.19856
2025-12-08 14:30:00,91322.0,91759.0,90714.0,91465.0,1507.71027
2025-12-08 14:45:00,91466.0,91657.0,90777.0,90815.0,854.83098
2025-12-08 15:00:00,90815.0,90950.0,90062.0,90183.0,1263.03984
2025-12-08 15:15:00,90184.0,90500.0,89682.0,89933.0,1683.11736
2025-12-08 15:30:00,89933.0,90157.0,89565.0,89668.0,685.59016
2025-12-08 15:45:00,89668.0,90232.0,89613.0,89918.0,639.29147
2025-12-08 16:00:00,89918.0,90042.0,89644.0,89920.0,587.43884
2025-12-08 16:15:00,89920.0,90393.0,89801.0,90257.0,509.51699
2025-12-08 16:30:00,90258.0,90449.0,90056.0,90235.0,375.97351
2025-12-08 16:45:00,90235.0,90235.0,89701.0,89932.0,366.04402
2025-12-08 17:00:00,89932.0,90180.0,89740.0,90077.0,578.7453
2025-12-08 17:15:00,90077.0,90174.0,89800.0,89926.0,337.07035
2025-12-08 17:30:00,89926.0,90063.0,89619.0,89805.0,507.93019
2025-12-08 17:45:00,89806.0,90289.0,89701.0,90215.0,372.56853
2025-12-08 18:00:00,90216.0,90396.0,90148.0,90271.0,263.4051
2025-12-08 18:15:00,90271.0,90478.0,90060.0,90098.0,359.61741
2025-12-08 18:30:00,90096.0,90379.0,89921.0,90376.0,387.57175
2025-12-08 18:45:00,90377.0,90464.0,89681.0,89886.0,449.86958
2025-12-08 19:00:00,89871.0,90150.0,89812.0,90009.0,291.64634
2025-12-08 19:15:00,90008.0,90160.0,89901.0,90076.0,271.32387
2025-12-08 19:30:00,90075.0,90271.0,90010.0,90120.0,430.97133
2025-12-08 19:45:00,90120.0,90325.0,89995.0,90071.0,286.87143
2025-12-08 20:00:00,90072.0,90455.0,90072.0,90301.0,427.30639
2025-12-08 20:15:00,90303.0,90592.0,90254.0,90411.0,440.5043
2025-12-08 20:30:00,90405.0,90562.0,90248.0,90560.0,401.11947
2025-12-08 20:45:00,90560.0,90867.0,90528.0,90742.0,583.29164
2025-12-08 21:00:00,90749.0,90932.0,90631.0,90714.0,297.12059
2025-12-08 21:15:00,90715.0,91007.0,90705.0,90990.0,200.82302
2025-12-08 21:30:00,90991.0,91228.0,90974.0,91112.0,620.70788
2025-12-08 21:45:00,91113.0,91336.0,91052.0,91273.0,378.80239
2025-12-08 22:00:00,91273.0,91338.0,90872.0,90951.0,340.33729
2025-12-08 22:15:00,90951.0,91004.0,90812.0,90930.0,220.33026
2025-12-08 22:30:00,90930.0,91001.0,90720.0,90726.0,420.75938
2025-12-08 22:45:00,90725.0,90877.0,90650.0,90773.0,480.95732
2025-12-08 23:00:00,90774.0,90960.0,90745.0,90761.0,247.05837
2025-12-08 23:15:00,90761.0,90819.0,90441.0,90672.0,630.76206
2025-12-08 23:30:00,90672.0,90747.0,90557.0,90589.0,57.86287
2025-12-08 23:45:00,90588.0,90600.0,90500.0,90594.0,225.89592
2025-12-09 00:00:00,90594.0,90716.0,90553.0,90709.0,95.21204
2025-12-09 00:15:00,90709.0,90799.0,90653.0,90653.0,184.02872
2025-12-09 00:30:00,90650.0,90650.0,90355.0,90388.0,375.61436
2025-12-09 00:45:00,90388.0,90461.0,90304.0,90347.0,78.58124
2025-12-09 01:00:00,90347.0,90466.0,90200.0,90439.0,168.72851
2025-12-09 01:15:00,90439.0,90519.0,90151.0,90190.0,209.62756
2025-12-09 01:30:00,90189.0,90221.0,89970.0,90000.0,178.97247
2025-12-09 01:45:00,90001.0,90064.0,89912.0,90009.0,323.72694
2025-12-09 02:00:00,90010.0,90208.0,89933.0,90076.0,262.28252
2025-12-09 02:15:00,90076.0,90331.0,90063.0,90265.0,134.85586
2025-12-09 02:30:00,90264.0,90299.0,90140.0,90203.0,43.10367
2025-12-09 02:45:00,90203.0,90275.0,90002.0,90009.0,154.42419
2025-12-09 03:00:00,90008.0,90116.0,89924.0,89932.0,262.02126
2025-12-09 03:15:00,89932.0,90064.0,89754.0,89994.0,378.8774
2025-12-09 03:30:00,89994.0,90369.0,89988.0,90305.0,317.03634
2025-12-09 03:45:00,90305.0,90395.0,90257.0,90356.0,139.79299
2025-12-09 04:00:00,90357.0,90461.0,90344.0,90419.0,265.48051
2025-12-09 04:15:00,90422.0,90457.0,90278.0,90353.0,56.24673
2025-12-09 04:30:00,90354.0,90354.0,89677.0,89868.0,572.4911
2025-12-09 04:45:00,89868.0,89918.0,89782.0,89873.0,121.63234
2025-12-09 05:00:00,89873.0,89912.0,89652.0,89731.0,314.18882
2025-12-09 05:15:00,89730.0,89846.0,89500.0,89813.0,268.66588
2025-12-09 05:30:00,89814.0,90163.0,89810.0,90062.0,325.13825
2025-12-09 05:45:00,90061.0,90127.0,89821.0,89836.0,133.44705
2025-12-09 06:00:00,89837.0,90069.0,89837.0,89954.0,128.51663
2025-12-09 06:15:00,89953.0,90000.0,89759.0,89830.0,226.03703
2025-12-09 06:30:00,89830.0,89906.0,89721.0,89881.0,143.65284
2025-12-09 06:45:00,89881.0,90189.0,89856.0,90122.0,185.62329
2025-12-09 07:00:00,90122.0,90259.0,90044.0,90069.0,103.48782
2025-12-09 07:15:00,90070.0,90400.0,90069.0,90316.0,171.48561
2025-12-09 07:30:00,90316.0,90475.0,90296.0,90437.0,143.0082
2025-12-09 07:45:00,90436.0,90487.0,90414.0,90439.0,31.92488
2025-12-09 08:00:00,90439.0,90505.0,90409.0,90450.0,123.2453
2025-12-09 08:15:00,90450.0,90548.0,90449.0,90460.0,215.37659
2025-12-09 08:30:00,90462.0,90470.0,90333.0,90460.0,115.23983
2025-12-09 08:45:00,90461.0,90550.0,90421.0,90463.0,119.42386
2025-12-09 09:00:00,90452.0,90452.0,90274.0,90394.0,165.3897
2025-12-09 09:15:00,90394.0,90434.0,90239.0,90251.0,170.21608
2025-12-09 09:30:00,90251.0,90311.0,90111.0,90128.0,67.95962
2025-12-09 09:45:00,90128.0,90176.0,90080.0,90082.0,37.07671
2025-12-09 10:00:00,90083.0,90165.0,90021.0,90140.0,76.08084
2025-12-09 10:15:00,90140.0,90166.0,90096.0,90148.0,44.08888
2025-12-09 10:30:00,90148.0,90296.0,89871.0,90054.0,259.01839
2025-12-09 10:45:00,90051.0,90252.0,89973.0,90252.0,325.44099
2025-12-09 11:00:00,90252.0,90321.0,90166.0,90202.0,115.91586
2025-12-09 11:15:00,90202.0,90254.0,90100.0,90251.0,181.98202
2025-12-09 11:30:00,90251.0,90256.0,90172.0,90234.0,69.39652
2025-12-09 11:45:00,90235.0,90358.0,90222.0,90338.0,93.6181
2025-12-09 12:00:00,90340.0,90422.0,90299.0,90319.0,196.8503
2025-12-09 12:15:00,90319.0,90647.0,90314.0,90520.0,433.19393
2025-12-09 12:30:00,90519.0,90615.0,90462.0,90593.0,144.25298
2025-12-09 12:45:00,90593.0,90625.0,90542.0,90544.0,131.52147
2025-12-09 13:00:00,90544.0,90578.0,90439.0,90473.0,74.07607
2025-12-09 13:15:00,90474.0,90692.0,90465.0,90673.0,388.44914
2025-12-09 13:30:00,90669.0,90827.0,90157.0,90157.0,678.43183
2025-12-09 13:45:00,90157.0,90402.0,90145.0,90401.0,599.65452
2025-12-09 14:00:00,90401.0,90608.0,90311.0,90386.0,437.82587
2025-12-09 14:15:00,90386.0,90413.0,90076.0,90228.0,657.00762
2025-12-09 14:30:00,90228.0,90562.0,89958.0,90046.0,1329.59773
2025-12-09 14:45:00,90047.0,90326.0,90000.0,90320.0,425.27647
2025-12-09 15:00:00,90320.0,91226.0,90254.0,90583.0,2030.1384
2025-12-09 15:15:00,90583.0,91247.0,90482.0,91126.0,630.49788
2025-12-09 15:30:00,91127.0,92099.0,90970.0,92044.0,1836.33826
2025-12-09 15:45:00,92045.0,92874.0,91820.0,92671.0,2149.36153
2025-12-09 16:00:00,92671.0,93499.0,92671.0,93400.0,1673.92203
2025-12-09 16:15:00,93401.0,93685.0,93254.0,93343.0,1325.12441
2025-12-09 16:30:00,93343.0,94241.0,93342.0,94201.0,2321.92012
2025-12-09 16:45:00,94201.0,94443.0,93969.0,94125.0,1989.25182
2025-12-09 17:00:00,94126.0,94569.0,94125.0,94181.0,1268.90165
2025-12-09 17:15:00,94180.0,94205.0,93574.0,93716.0,931.36865
2025-12-09 17:30:00,93715.0,93898.0,93485.0,93750.0,645.06137
2025-12-09 17:45:00,93750.0,93985.0,93722.0,93858.0,714.37379
2025-12-09 18:00:00,93859.0,93988.0,93610.0,93920.0,436.41727
2025-12-09 18:15:00,93921.0,94132.0,93871.0,94070.0,314.98512
2025-12-09 18:30:00,94071.0,94119.0,93826.0,93848.0,374.60114
2025-12-09 18:45:00,93848.0,93953.0,93662.0,93878.0,370.64381
2025-12-09 19:00:00,93879.0,93939.0,93678.0,93898.0,373.80247
2025-12-09 19:15:00,93899.0,94049.0,93799.0,93962.0,229.17735
2025-12-09 19:30:00,93961.0,94172.0,93604.0,93695.0,705.05662
2025-12-09 19:45:00,93695.0,93914.0,93659.0,93757.0,602.33803
2025-12-09 20:00:00,93757.0,93811.0,93523.0,93638.0,429.65883
2025-12-09 20:15:00,93639.0,93667.0,92711.0,93029.0,1225.60991
2025-12-09 20:30:00,93030.0,93242.0,92780.0,92972.0,663.26637
2025-12-09 20:45:00,92973.0,93195.0,92922.0,93059.0,370.74353
2025-12-09 21:00:00,93065.0,93197.0,92940.0,92941.0,194.47716
2025-12-09 21:15:00,92942.0,93139.0,92933.0,93069.0,201.46703
2025-12-09 21:30:00,93069.0,93108.0,92618.0,92618.0,499.90515
2025-12-09 21:45:00,92619.0,92724.0,92199.0,92633.0,1676.69779
2025-12-09 22:00:00,92633.0,92887.0,92562.0,92607.0,337.24886
2025-12-09 22:15:00,92606.0,92665.0,92462.0,92477.0,163.93503
2025-12-09 22:30:00,92476.0,92965.0,92461.0,92892.0,181.56585
2025-12-09 22:45:00,92893.0,92991.0,92729.0,92830.0,113.22294
2025-12-09 23:00:00,92830.0,92830.0,92499.0,92532.0,316.95216
2025-12-09 23:15:00,92536.0,92839.0,92509.0,92835.0,561.0323
2025-12-09 23:30:00,92836.0,92935.0,92768.0,92914.0,77.3002
2025-12-09 23:45:00,92914.0,92914.0,92630.0,92654.0,140.92692
2025-12-10 00:00:00,92655.0,92740.0,92608.0,92674.0,179.17506
2025-12-10 00:15:00,92674.0,92674.0,92245.0,92499.0,1043.88187
2025-12-10 00:30:00,92499.0,92532.0,92379.0,92442.0,101.8924
2025-12-10 00:45:00,92442.0,92497.0,92000.0,92084.0,390.62773
2025-12-10 01:00:00,92085.0,92242.0,92060.0,92200.0,301.80542
2025-12-10 01:15:00,92200.0,92369.0,92138.0,92217.0,259.3672
2025-12-10 01:30:00,92218.0,92231.0,91919.0,92220.0,551.1974
2025-12-10 01:45:00,92219.0,92323.0,92121.0,92280.0,160.13778
2025-12-10 02:00:00,92280.0,92281.0,91972.0,92184.0,315.78183
2025-12-10 02:15:00,92184.0,92541.0,92182.0,92467.0,276.47695
2025-12-10 02:30:00,92467.0,92474.0,92303.0,92352.0,86.29911
2025-12-10 02:45:00,92352.0,92476.0,92202.0,92457.0,77.31404
2025-12-10 03:00:00,92458.0,92522.0,92358.0,92424.0,108.60027
2025-12-10 03:15:00,92424.0,92426.0,92307.0,92366.0,105.05432
2025-12-10 03:30:00,92366.0,92447.0,92338.0,92383.0,61.78007
2025-12-10 03:45:00,92390.0,92479.0,92353.0,92381.0,62.25426
2025-12-10 04:00:00,92379.0,92483.0,92347.0,92461.0,119.30749
2025-12-10 04:15:00,92461.0,92627.0,92382.0,92399.0,129.56508
2025-12-10 04:30:00,92399.0,92599.0,92374.0,92531.0,80.02117
2025-12-10 04:45:00,92530.0,92581.0,92445.0,92520.0,215.73191
2025-12-10 05:00:00,92521.0,92616.0,92501.0,92615.0,444.65112
2025-12-10 05:15:00,92615.0,92718.0,92561.0,92563.0,303.51348
2025-12-10 05:30:00,92564.0,92620.0,92512.0,92595.0,157.08318
2025-12-10 05:45:00,92596.0,92611.0,92522.0,92538.0,32.46074
2025-12-10 06:00:00,92538.0,92573.0,92378.0,92547.0,305.5521
2025-12-10 06:15:00,92548.0,92560.0,92488.0,92527.0,77.08097
2025-12-10 06:30:00,92527.0,92668.0,92516.0,92658.0,109.99
2025-12-10 06:45:00,92659.0,92718.0,92574.0,92675.0,37.14376
2025-12-10 07:00:00,92675.0,92675.0,92514.0,92576.0,36.70014
2025-12-10 07:15:00,92576.0,92576.0,92463.0,92557.0,45.98115
2025-12-10 07:30:00,92558.0,92699.0,92498.0,92640.0,33.09745
2025-12-10 07:45:00,92638.0,92779.0,92575.0,92752.0,98.42772
2025-12-10 08:00:00,92756.0,92761.0,92622.0,92657.0,111.79682
2025-12-10 08:15:00,92658.0,92715.0,92629.0,92660.0,55.9017
2025-12-10 08:30:00,92659.0,92710.0,92517.0,92574.0,102.7184
2025-12-10 08:45:00,92573.0,92650.0,92555.0,92586.0,64.95222
2025-12-10 09:00:00,92585.0,92634.0,92538.0,92577.0,48.57936
2025-12-10 09:15:00,92576.0,92583.0,92404.0,92454.0,97.26833
2025-12-10 09:30:00,92454.0,92575.0,92452.0,92574.0,24.14418
2025-12-10 09:45:00,92575.0,92905.0,92570.0,92887.0,178.55614
2025-12-10 10:00:00,92887.0,93220.0,92822.0,92960.0,340.52198
2025-12-10 10:15:00,92961.0,92966.0,92396.0,92416.0,524.19328
2025-12-10 10:30:00,92416.0,92416.0,92097.0,92184.0,437.11045
2025-12-10 10:45:00,92184.0,92357.0,92108.0,92245.0,191.63705
2025-12-10 11:00:00,92245.0,92396.0,92191.0,92293.0,56.08089
2025-12-10 11:15:00,92293.0,92336.0,92244.0,92302.0,48.29739
2025-12-10 11:30:00,92302.0,92338.0,91816.0,91936.0,454.47398
2025-12-10 11:45:00,91937.0,92097.0,91730.0,92085.0,345.73767
2025-12-10 12:00:00,92084.0,92174.0,91989.0,92010.0,297.34123
2025-12-10 12:15:00,92011.0,92052.0,91927.0,91974.0,30.72742
2025-12-10 12:30:00,91974.0,92077.0,91775.0,91891.0,600.23656
2025-12-10 12:45:00,91892.0,92038.0,91778.0,91959.0,333.4811
2025-12-10 13:00:00,91956.0,92060.0,91906.0,92009.0,403.05335
2025-12-10 13:15:00,92010.0,92184.0,91965.0,92078.0,115.13555
2025-12-10 13:30:00,92078.0,92142.0,91909.0,91996.0,156.87207
2025-12-10 13:45:00,91997.0,92060.0,91951.0,92051.0,205.55674
2025-12-10 14:00:00,92051.0,92067.0,91893.0,91956.0,91.41115
2025-12-10 14:15:00,91955.0,92030.0,91834.0,91900.0,170.72199
2025-12-10 14:30:00,91901.0,92059.0,91758.0,91866.0,645.41432
2025-12-10 14:45:00,91866.0,91935.0,91543.0,91807.0,445.94782
2025-12-10 15:00:00,91806.0,92119.0,91681.0,92067.0,291.00767
2025-12-10 15:15:00,92067.0,92107.0,91824.0,91924.0,379.98195
2025-12-10 15:30:00,91922.0,91958.0,91547.0,91836.0,327.37348
2025-12-10 15:45:00,91835.0,92050.0,91776.0,92027.0,174.61461
2025-12-10 16:00:00,92026.0,92231.0,91856.0,92199.0,292.04376
2025-12-10 16:15:00,92199.0,92570.0,92136.0,92459.0,913.23883
2025-12-10 16:30:00,92458.0,92471.0,92200.0,92335.0,194.86294
2025-12-10 16:45:00,92335.0,92370.0,92045.0,92134.0,354.49553
2025-12-10 17:00:00,92134.0,92223.0,92062.0,92211.0,263.21673
2025-12-10 17:15:00,92210.0,92489.0,92137.0,92305.0,511.61391
2025-12-10 17:30:00,92305.0,92424.0,92193.0,92414.0,310.24363
2025-12-10 17:45:00,92414.0,92475.0,92299.0,92364.0,253.67906
2025-12-10 18:00:00,92364.0,92478.0,92263.0,92398.0,149.70665
2025-12-10 18:15:00,92397.0,92418.0,91968.0,92226.0,765.18352
2025-12-10 18:30:00,92225.0,93025.0,92175.0,92549.0,1336.83732
2025-12-10 18:45:00,92545.0,92764.0,91983.0,92456.0,683.51058
2025-12-10 19:00:00,92474.0,93231.0,91612.0,92956.0,3149.09641
2025-12-10 19:15:00,92951.0,93126.0,92233.0,92447.0,1308.20163
2025-12-10 19:30:00,92447.0,93186.0,92415.0,92572.0,2288.25877
2025-12-10 19:45:00,92567.0,93065.0,92521.0,92900.0,1862.24757
2025-12-10 20:00:00,92898.0,94237.0,92616.0,94237.0,2240.32246
2025-12-10 20:15:00,94237.0,94444.0,93134.0,93535.0,1889.93914
2025-12-10 20:30:00,93535.0,93794.0,93273.0,93657.0,739.62241
2025-12-10 20:45:00,93657.0,93792.0,92184.0,92419.0,2841.72098
2025-12-10 21:00:00,92425.0,92588.0,91831.0,92222.0,1533.53255
2025-12-10 21:15:00,92231.0,92545.0,92165.0,92346.0,505.69543
2025-12-10 21:30:00,92347.0,92600.0,92126.0,92435.0,430.6881
2025-12-10 21:45:00,92435.0,92735.0,92237.0,92317.0,579.87624
2025-12-10 22:00:00,92317.0,92655.0,92014.0,92157.0,567.82759
2025-12-10 22:15:00,92157.0,92423.0,91915.0,92290.0,304.16096
2025-12-10 22:30:00,92289.0,92630.0,92056.0,92478.0,932.77636
2025-12-10 22:45:00,92477.0,92596.0,92355.0,92473.0,351.75295
2025-12-10 23:00:00,92473.0,92540.0,92216.0,92278.0,259.0383
2025-12-10 23:15:00,92281.0,92303.0,92100.0,92101.0,95.66007
2025-12-10 23:30:00,92101.0,92132.0,91939.0,91961.0,369.32241
2025-12-10 23:45:00,91961.0,92013.0,91884.0,91961.0,329.81594
2025-12-11 00:00:00,91961.0,92028.0,91894.0,91972.0,139.0752
2025-12-11 00:15:00,91972.0,91985.0,91706.0,91716.0,284.15408
2025-12-11 00:30:00,91716.0,91761.0,91153.0,91247.0,965.58982
2025-12-11 00:45:00,91244.0,91391.0,91009.0,91350.0,589.6212
2025-12-11 01:00:00,91351.0,91357.0,90950.0,90951.0,426.80721
2025-12-11 01:15:00,90950.0,91064.0,90678.0,91052.0,972.79824
2025-12-11 01:30:00,91052.0,91237.0,90864.0,90959.0,248.1171
2025-12-11 01:45:00,90959.0,90969.0,90602.0,90634.0,615.72327
2025-12-11 02:00:00,90632.0,90632.0,90120.0,90193.0,762.21354
2025-12-11 02:15:00,90194.0,90342.0,89929.0,90062.0,908.92063
2025-12-11 02:30:00,90062.0,90199.0,89864.0,90033.0,641.38488
2025-12-11 02:45:00,90035.0,90134.0,89830.0,90031.0,363.35587
2025-12-11 03:00:00,90032.0,90032.0,89344.0,89602.0,815.5632
2025-12-11 03:15:00,89603.0,89992.0,89494.0,89706.0,694.23266
2025-12-11 03:30:00,89705.0,89861.0,89555.0,89792.0,179.38456
2025-12-11 03:45:00,89792.0,89886.0,89729.0,89860.0,277.01172
2025-12-11 04:00:00,89859.0,90050.0,89662.0,90020.0,445.28157
2025-12-11 04:15:00,90020.0,90078.0,89870.0,89987.0,323.00933
2025-12-11 04:30:00,89986.0,90134.0,89963.0,90078.0,275.5003
2025-12-11 04:45:00,90077.0,90440.0,90004.0,90400.0,236.65427
2025-12-11 05:00:00,90400.0,90400.0,90038.0,90073.0,171.28657
2025-12-11 05:15:00,90072.0,90327.0,90067.0,90238.0,223.2919
2025-12-11 05:30:00,90237.0,90254.0,90136.0,90176.0,174.34813
2025-12-11 05:45:00,90176.0,90308.0,90171.0,90272.0,57.47293
2025-12-11 06:00:00,90272.0,90275.0,90198.0,90231.0,56.41622
2025-12-11 06:15:00,90230.0,90230.0,89929.0,90077.0,209.57083
2025-12-11 06:30:00,90076.0,90415.0,90076.0,90271.0,211.67453
2025-12-11 06:45:00,90271.0,90311.0,90164.0,90261.0,185.14019
2025-12-11 07:00:00,90260.0,90291.0,90144.0,90172.0,122.01274
2025-12-11 07:15:00,90171.0,90256.0,90055.0,90093.0,63.60871
2025-12-11 07:30:00,90093.0,90203.0,90090.0,90138.0,148.89418
2025-12-11 07:45:00,90138.0,90240.0,90106.0,90236.0,58.83882
2025-12-11 08:00:00,90236.0,90249.0,89972.0,90033.0,128.04374
2025-12-11 08:15:00,90033.0,90167.0,89993.0,90084.0,86.47075
2025-12-11 08:30:00,90083.0,90084.0,89943.0,90003.0,58.03426
2025-12-11 08:45:00,90002.0,90203.0,89975.0,90151.0,74.71365
2025-12-11 09:00:00,90150.0,90248.0,90113.0,90243.0,113.13775
2025-12-11 09:15:00,90243.0,90427.0,90238.0,90399.0,95.17477
2025-12-11 09:30:00,90399.0,90469.0,90253.0,90278.0,96.36078
2025-12-11 09:45:00,90278.0,90330.0,90109.0,90190.0,94.74985
2025-12-11 10:00:00,90190.0,90313.0,90162.0,90301.0,36.7657
2025-12-11 10:15:00,90300.0,90301.0,90144.0,90236.0,80.00301
2025-12-11 10:30:00,90235.0,90236.0,90157.0,90157.0,22.43185
2025-12-11 10:45:00,90156.0,90300.0,90132.0,90287.0,34.44782
2025-12-11 11:00:00,90287.0,90380.0,90254.0,90319.0,54.5955
2025-12-11 11:15:00,90318.0,90354.0,90229.0,90229.0,60.80696
2025-12-11 11:30:00,90229.0,90290.0,90200.0,90228.0,64.10559
2025-12-11 11:45:00,90228.0,90228.0,90173.0,90202.0,34.44337
2025-12-11 12:00:00,90201.0,90248.0,90095.0,90144.0,103.24326
2025-12-11 12:15:00,90144.0,90314.0,90137.0,90281.0,55.897
2025-12-11 12:30:00,90280.0,90350.0,90233.0,90245.0,34.50908
2025-12-11 12:45:00,90245.0,90246.0,89980.0,90000.0,165.79199
2025-12-11 13:00:00,90000.0,90109.0,89978.0,90013.0,178.5494
2025-12-11 13:15:00,90014.0,90099.0,89936.0,90022.0,149.73549
2025-12-11 13:30:00,90021.0,90102.0,89849.0,90007.0,330.50553
2025-12-11 13:45:00,90006.0,90141.0,89934.0,90069.0,95.72602
2025-12-11 14:00:00,90069.0,90141.0,89996.0,90120.0,225.61271
2025-12-11 14:15:00,90120.0,90249.0,90102.0,90112.0,359.42479
2025-12-11 14:30:00,90113.0,90448.0,89752.0,90250.0,1160.15907
2025-12-11 14:45:00,90250.0,90300.0,89229.0,89518.0,1723.82835
2025-12-11 15:00:00,89517.0,90180.0,89373.0,90107.0,1021.24349
2025-12-11 15:15:00,90105.0,90624.0,89927.0,90221.0,1323.27652
2025-12-11 15:30:00,90221.0,90243.0,89652.0,89803.0,878.13902
2025-12-11 15:45:00,89803.0,89996.0,89601.0,89849.0,489.91654
2025-12-11 16:00:00,89848.0,89946.0,89289.0,89360.0,797.04311
2025-12-11 16:15:00,89359.0,89637.0,89294.0,89524.0,458.02535
2025-12-11 16:30:00,89531.0,90020.0,89424.0,89923.0,356.02567
2025-12-11 16:45:00,89924.0,90153.0,89580.0,89700.0,451.43019
2025-12-11 17:00:00,89700.0,89874.0,89601.0,89832.0,311.92501
2025-12-11 17:15:00,89831.0,90228.0,89779.0,90042.0,375.62038
2025-12-11 17:30:00,90023.0,90207.0,89921.0,90022.0,139.99948
2025-12-11 17:45:00,90021.0,90118.0,89874.0,89950.0,223.48343
2025-12-11 18:00:00,89949.0,90384.0,89866.0,90285.0,220.05552
2025-12-11 18:15:00,90285.0,90454.0,90181.0,90312.0,418.96296
2025-12-11 18:30:00,90313.0,91109.0,90279.0,91099.0,950.42048
2025-12-11 18:45:00,91100.0,91160.0,90467.0,90672.0,1014.24328
2025-12-11 19:00:00,90668.0,90873.0,90554.0,90756.0,306.21461
2025-12-11 19:15:00,90756.0,91137.0,90686.0,91068.0,937.14905
2025-12-11 19:30:00,91069.0,91500.0,91041.0,91321.0,790.00417
2025-12-11 19:45:00,91322.0,91395.0,90700.0,90787.0,984.89014
2025-12-11 20:00:00,90787.0,91464.0,90744.0,91294.0,1031.42987
2025-12-11 20:15:00,91295.0,91385.0,90912.0,91001.0,471.89742
2025-12-11 20:30:00,91001.0,91606.0,90964.0,91535.0,1347.65936
2025-12-11 20:45:00,91535.0,91798.0,91377.0,91748.0,880.54325
2025-12-11 21:00:00,91749.0,92567.0,91663.0,92418.0,1191.40857
2025-12-11 21:15:00,92418.0,93170.0,92418.0,93160.0,1487.88303
2025-12-11 21:30:00,93160.0,93544.0,92851.0,93123.0,1754.2156
2025-12-11 21:45:00,93123.0,93222.0,92782.0,92836.0,1146.07905
2025-12-11 22:00:00,92836.0,93176.0,92836.0,92886.0,707.59131
2025-12-11 22:15:00,92885.0,92929.0,92195.0,92301.0,865.37981
2025-12-11 22:30:00,92299.0,92655.0,92190.0,92363.0,466.59634
2025-12-11 22:45:00,92362.0,92421.0,92064.0,92328.0,453.16356
2025-12-11 23:00:00,92328.0,92639.0,92293.0,92470.0,936.36383
2025-12-11 23:15:00,92472.0,92630.0,92379.0,92462.0,358.47185
2025-12-11 23:30:00,92462.0,92769.0,92462.0,92701.0,339.17853
2025-12-11 23:45:00,92701.0,92771.0,92321.0,92481.0,382.23351
2025-12-12 00:00:00,92482.0,92541.0,92365.0,92389.0,183.56496
2025-12-12 00:15:00,92388.0,92611.0,92316.0,92355.0,202.86348
2025-12-12 00:30:00,92355.0,92413.0,92278.0,92278.0,222.05836
2025-12-12 00:45:00,92279.0,92362.0,91394.0,91540.0,869.36439
2025-12-12 01:00:00,91540.0,91856.0,91490.0,91779.0,452.3645
2025-12-12 01:15:00,91779.0,92152.0,91778.0,92062.0,230.37215
2025-12-12 01:30:00,92062.0,92285.0,92004.0,92130.0,148.9052
2025-12-12 01:45:00,92130.0,92231.0,92047.0,92144.0,95.6962
2025-12-12 02:00:00,92144.0,92477.0,91913.0,92365.0,378.1019
2025-12-12 02:15:00,92365.0,92411.0,92219.0,92366.0,202.65165
2025-12-12 02:30:00,92366.0,92471.0,92311.0,92407.0,199.02841
2025-12-12 02:45:00,92408.0,92710.0,92351.0,92560.0,521.09662
2025-12-12 03:00:00,92560.0,92728.0,92398.0,92429.0,219.83564
2025-12-12 03:15:00,92430.0,92431.0,92145.0,92213.0,342.70102
2025-12-12 03:30:00,92212.0,92369.0,92189.0,92328.0,89.35669
2025-12-12 03:45:00,92327.0,92343.0,92237.0,92254.0,117.31144
2025-12-12 04:00:00,92254.0,92329.0,92193.0,92194.0,31.87622
2025-12-12 04:15:00,92194.0,92219.0,92114.0,92173.0,138.10408
2025-12-12 04:30:00,92174.0,92219.0,92143.0,92214.0,113.14443
2025-12-12 04:45:00,92216.0,92457.0,92187.0,92375.0,413.87157
2025-12-12 05:00:00,92374.0,92489.0,92156.0,92164.0,366.09233
2025-12-12 05:15:00,92164.0,92255.0,92050.0,92104.0,81.53705
2025-12-12 05:30:00,92104.0,92305.0,92104.0,92300.0,56.99594
2025-12-12 05:45:00,92300.0,92448.0,92299.0,92424.0,64.53805
2025-12-12 06:00:00,92424.0,92702.0,92383.0,92702.0,553.6765
2025-12-12 06:15:00,92695.0,92723.0,92540.0,92581.0,304.38919
2025-12-12 06:30:00,92581.0,92581.0,92485.0,92560.0,102.52495
2025-12-12 06:45:00,92560.0,92565.0,92427.0,92498.0,264.90854
2025-12-12 07:00:00,92497.0,92552.0,92467.0,92499.0,40.90626
2025-12-12 07:15:00,92499.0,92499.0,92317.0,92358.0,133.91214
2025-12-12 07:30:00,92359.0,92492.0,92228.0,92423.0,437.25293
2025-12-12 07:45:00,92423.0,92437.0,92352.0,92413.0,58.8082
2025-12-12 08:00:00,92412.0,92449.0,92327.0,92399.0,61.07488
2025-12-12 08:15:00,92398.0,92415.0,92151.0,92218.0,382.90776
2025-12-12 08:30:00,92219.0,92225.0,92150.0,92197.0,56.95194
2025-12-12 08:45:00,92197.0,92290.0,92082.0,92271.0,127.49163
2025-12-12 09:00:00,92271.0,92343.0,92207.0,92317.0,56.33947
2025-12-12 09:15:00,92317.0,92350.0,92080.0,92080.0,66.22843
2025-12-12 09:30:00,92080.0,92212.0,92059.0,92149.0,35.97752
2025-12-12 09:45:00,92148.0,92552.0,92126.0,92502.0,375.98732
2025-12-12 10:00:00,92501.0,92614.0,92475.0,92540.0,108.90843
2025-12-12 10:15:00,92541.0,92541.0,92407.0,92437.0,61.34156
2025-12-12 10:30:00,92437.0,92460.0,92401.0,92410.0,29.52604
2025-12-12 10:45:00,92411.0,92559.0,92402.0,92480.0,39.41215
2025-12-12 11:00:00,92481.0,92481.0,92337.0,92376.0,50.31131
2025-12-12 11:15:00,92376.0,92377.0,92268.0,92350.0,31.67458
2025-12-12 11:30:00,92350.0,92409.0,92284.0,92358.0,258.51035
2025-12-12 11:45:00,92356.0,92399.0,92312.0,92399.0,14.27606
2025-12-12 12:00:00,92399.0,92399.0,92224.0,92237.0,41.86507
2025-12-12 12:15:00,92237.0,92269.0,92148.0,92160.0,44.63489
2025-12-12 12:30:00,92161.0,92232.0,92057.0,92084.0,68.28002
2025-12-12 12:45:00,92084.0,92419.0,92083.0,92410.0,57.87052
2025-12-12 13:00:00,92408.0,92408.0,92292.0,92355.0,33.27923
2025-12-12 13:15:00,92354.0,92490.0,92254.0,92264.0,65.99597
2025-12-12 13:30:00,92263.0,92351.0,92221.0,92260.0,92.87788
2025-12-12 13:45:00,92259.0,92374.0,92252.0,92281.0,30.20443
2025-12-12 14:00:00,92282.0,92291.0,92180.0,92191.0,59.60615
2025-12-12 14:15:00,92191.0,92336.0,92100.0,92121.0,177.40672
2025-12-12 14:30:00,92120.0,92587.0,91890.0,92423.0,516.50533
2025-12-12 14:45:00,92424.0,92645.0,92186.0,92425.0,465.27139
2025-12-12 15:00:00,92425.0,92425.0,91860.0,91961.0,461.98813
2025-12-12 15:15:00,91962.0,91962.0,90795.0,90801.0,1712.65573
2025-12-12 15:30:00,90801.0,90927.0,90200.0,90511.0,2971.64173
2025-12-12 15:45:00,90511.0,90744.0,89746.0,89903.0,2310.04121
2025-12-12 16:00:00,89898.0,90053.0,89617.0,89972.0,1179.25525
2025-12-12 16:15:00,89972.0,90429.0,89790.0,90386.0,1064.64159
2025-12-12 16:30:00,90387.0,90387.0,89448.0,89629.0,1419.73608
2025-12-12 16:45:00,89629.0,90148.0,89582.0,90019.0,621.79068
2025-12-12 17:00:00,90019.0,90382.0,89950.0,90314.0,471.74614
2025-12-12 17:15:00,90313.0,90597.0,89784.0,89798.0,945.65021
2025-12-12 17:30:00,89798.0,90234.0,89797.0,90162.0,383.59793
2025-12-12 17:45:00,90161.0,90281.0,89935.0,90055.0,179.95827
2025-12-12 18:00:00,90054.0,90459.0,90011.0,90274.0,172.87758
2025-12-12 18:15:00,90274.0,90529.0,90176.0,90489.0,233.51429
2025-12-12 18:30:00,90490.0,90629.0,90374.0,90407.0,365.19269
2025-12-12 18:45:00,90407.0,90617.0,90243.0,90346.0,243.829
2025-12-12 19:00:00,90345.0,90367.0,89967.0,89993.0,882.97842
2025-12-12 19:15:00,89997.0,90326.0,89997.0,90161.0,239.52865
2025-12-12 19:30:00,90157.0,90251.0,90067.0,90080.0,112.79969
2025-12-12 19:45:00,90082.0,90211.0,90044.0,90156.0,103.13852
2025-12-12 20:00:00,90156.0,90230.0,89988.0,89988.0,134.58714
2025-12-12 20:15:00,89988.0,90245.0,89975.0,89976.0,191.03812
2025-12-12 20:30:00,89984.0,90144.0,89837.0,90110.0,275.97655
2025-12-12 20:45:00,90110.0,90308.0,90065.0,90147.0,398.59942
2025-12-12 21:00:00,90165.0,90300.0,90105.0,90246.0,99.73378
2025-12-12 21:15:00,90248.0,90250.0,90067.0,90137.0,61.99442
2025-12-12 21:30:00,90138.0,90277.0,90138.0,90254.0,93.83109
2025-12-12 21:45:00,90254.0,90260.0,90147.0,90147.0,120.68944
2025-12-12 22:00:00,90154.0,90369.0,90149.0,90307.0,105.25999
2025-12-12 22:15:00,90307.0,90360.0,90270.0,90303.0,50.11276
2025-12-12 22:30:00,90303.0,90329.0,90279.0,90299.0,22.98487
2025-12-12 22:45:00,90300.0,90300.0,90220.0,90290.0,100.19145
2025-12-12 23:00:00,90291.0,90356.0,90254.0,90356.0,62.55967
2025-12-12 23:15:00,90355.0,90356.0,90271.0,90271.0,24.27534
2025-12-12 23:30:00,90272.0,90332.0,90258.0,90328.0,15.38243
2025-12-12 23:45:00,90327.0,90328.0,90187.0,90228.0,48.6565
2025-12-13 00:00:00,90228.0,90397.0,90165.0,90310.0,101.65671
2025-12-13 00:15:00,90310.0,90373.0,90266.0,90272.0,19.88225
2025-12-13 00:30:00,90272.0,90303.0,90272.0,90302.0,33.46863
2025-12-13 00:45:00,90303.0,90324.0,90285.0,90291.0,38.59778
2025-12-13 01:00:00,90292.0,90321.0,90285.0,90291.0,20.36949
2025-12-13 01:15:00,90290.0,90307.0,90278.0,90284.0,32.80524
2025-12-13 01:30:00,90285.0,90285.0,90080.0,90111.0,146.84883
2025-12-13 01:45:00,90110.0,90212.0,90076.0,90194.0,100.4824
2025-12-13 02:00:00,90195.0,90291.0,90190.0,90245.0,50.21313
2025-12-13 02:15:00,90245.0,90276.0,90242.0,90271.0,35.80266
2025-12-13 02:30:00,90272.0,90272.0,90190.0,90239.0,22.93205
2025-12-13 02:45:00,90240.0,90253.0,90194.0,90200.0,23.73409
2025-12-13 03:00:00,90200.0,90244.0,90166.0,90243.0,41.77625
2025-12-13 03:15:00,90244.0,90311.0,90244.0,90302.0,57.02791
2025-12-13 03:30:00,90302.0,90427.0,90295.0,90383.0,78.60917
2025-12-13 03:45:00,90384.0,90393.0,90301.0,90309.0,47.20803
2025-12-13 04:00:00,90309.0,90319.0,90267.0,90273.0,87.84814
2025-12-13 04:15:00,90274.0,90318.0,90237.0,90290.0,44.66065
2025-12-13 04:30:00,90291.0,90374.0,90247.0,90345.0,15.61364
2025-12-13 04:45:00,90346.0,90379.0,90328.0,90336.0,28.39963
2025-12-13 05:00:00,90336.0,90343.0,90324.0,90337.0,14.24895
2025-12-13 05:15:00,90338.0,90339.0,90304.0,90313.0,6.92828
2025-12-13 05:30:00,90313.0,90313.0,90238.0,90239.0,13.69624
2025-12-13 05:45:00,90238.0,90313.0,90237.0,90303.0,19.24683
2025-12-13 06:00:00,90303.0,90313.0,90259.0,90268.0,44.6385
2025-12-13 06:15:00,90269.0,90269.0,90238.0,90239.0,29.04443
2025-12-13 06:30:00,90238.0,90309.0,90238.0,90300.0,12.04011
2025-12-13 06:45:00,90300.0,90330.0,90289.0,90321.0,23.56679
2025-12-13 07:00:00,90320.0,90322.0,90299.0,90301.0,24.30901
2025-12-13 07:15:00,90301.0,90345.0,90301.0,90342.0,24.95271
2025-12-13 07:30:00,90342.0,90345.0,90301.0,90319.0,12.54179
2025-12-13 07:45:00,90319.0,90321.0,90291.0,90291.0,9.33521
2025-12-13 08:00:00,90291.0,90317.0,90291.0,90314.0,36.84007
2025-12-13 08:15:00,90313.0,90542.0,90313.0,90475.0,193.68052
2025-12-13 08:30:00,90475.0,90479.0,90339.0,90382.0,84.57962
2025-12-13 08:45:00,90381.0,90531.0,90363.0,90433.0,102.88137
2025-12-13 09:00:00,90433.0,90478.0,90418.0,90454.0,151.1783
2025-12-13 09:15:00,90453.0,90454.0,90388.0,90397.0,74.23945
2025-12-13 09:30:00,90399.0,90456.0,90361.0,90428.0,25.89893
2025-12-13 09:45:00,90427.0,90488.0,90349.0,90392.0,47.1359
2025-12-13 10:00:00,90392.0,90459.0,90387.0,90443.0,137.74702
2025-12-13 10:15:00,90442.0,90501.0,90442.0,90481.0,21.98747
2025-12-13 10:30:00,90480.0,90624.0,90480.0,90570.0,116.81502
2025-12-13 10:45:00,90571.0,90578.0,90504.0,90557.0,21.61392
2025-12-13 11:00:00,90557.0,90569.0,90494.0,90502.0,22.85032
2025-12-13 11:15:00,90502.0,90502.0,90422.0,90427.0,77.93255
2025-12-13 11:30:00,90427.0,90427.0,90306.0,90332.0,44.02571
2025-12-13 11:45:00,90332.0,90391.0,90260.0,90311.0,46.94264
2025-12-13 12:00:00,90311.0,90446.0,90311.0,90403.0,63.26434
2025-12-13 12:15:00,90403.0,90404.0,90287.0,90292.0,66.46476
2025-12-13 12:30:00,90304.0,90409.0,90267.0,90268.0,15.32945
2025-12-13 12:45:00,90267.0,90319.0,90252.0,90319.0,31.91016
2025-12-13 13:00:00,90319.0,90382.0,90295.0,90312.0,29.08428
2025-12-13 13:15:00,90312.0,90424.0,90193.0,90194.0,57.87391
2025-12-13 13:30:00,90194.0,90262.0,90171.0,90206.0,51.24857
2025-12-13 13:45:00,90205.0,90280.0,90192.0,90230.0,20.87661
2025-12-13 14:00:00,90229.0,90300.0,90200.0,90266.0,24.52929
2025-12-13 14:15:00,90266.0,90267.0,89928.0,89929.0,191.44096
2025-12-13 14:30:00,89929.0,90296.0,89909.0,90142.0,265.59323
2025-12-13 14:45:00,90142.0,90201.0,90050.0,90052.0,169.70134
2025-12-13 15:00:00,90051.0,90262.0,90042.0,90122.0,121.86959
2025-12-13 15:15:00,90122.0,90145.0,90069.0,90113.0,58.07008
2025-12-13 15:30:00,90114.0,90139.0,90074.0,90075.0,56.89245
2025-12-13 15:45:00,90074.0,90085.0,90002.0,90062.0,89.06901
2025-12-13 16:00:00,90061.0,90231.0,90060.0,90156.0,79.28428
2025-12-13 16:15:00,90155.0,90160.0,90038.0,90045.0,18.62208
2025-12-13 16:30:00,90045.0,90083.0,90008.0,90026.0,47.38952
2025-12-13 16:45:00,90026.0,90128.0,90017.0,90066.0,28.04808
2025-12-13 17:00:00,90067.0,90067.0,89958.0,90041.0,68.7264
2025-12-13 17:15:00,90040.0,90076.0,89965.0,89980.0,30.02096
2025-12-13 17:30:00,89981.0,90065.0,89960.0,90064.0,45.59049
2025-12-13 17:45:00,90064.0,90071.0,89998.0,90025.0,45.4272
2025-12-13 18:00:00,90026.0,90145.0,90021.0,90145.0,25.69138
2025-12-13 18:15:00,90145.0,90146.0,90100.0,90138.0,24.17259
2025-12-13 18:30:00,90137.0,90144.0,90108.0,90122.0,19.83852
2025-12-13 18:45:00,90122.0,90122.0,90073.0,90087.0,23.6958
2025-12-13 19:00:00,90087.0,90151.0,90079.0,90151.0,13.03802
2025-12-13 19:15:00,90151.0,90153.0,90109.0,90110.0,26.32478
2025-12-13 19:30:00,90110.0,90195.0,90109.0,90190.0,14.29625
2025-12-13 19:45:00,90190.0,90191.0,90149.0,90152.0,17.76289
2025-12-13 20:00:00,90152.0,90178.0,90134.0,90134.0,12.51161
2025-12-13 20:15:00,90133.0,90133.0,90106.0,90115.0,31.94975
2025-12-13 20:30:00,90115.0,90131.0,90086.0,90112.0,20.34308
2025-12-13 20:45:00,90112.0,90162.0,90012.0,90060.0,25.0655
2025-12-13 21:00:00,90060.0,90074.0,89951.0,89965.0,173.61207
2025-12-13 21:15:00,89966.0,89986.0,89883.0,89932.0,67.27837
2025-12-13 21:30:00,89931.0,90038.0,89724.0,90025.0,312.47825
2025-12-13 21:45:00,90024.0,90161.0,89989.0,90151.0,282.69789
2025-12-13 22:00:00,90151.0,90225.0,89974.0,90036.0,87.76807
2025-12-13 22:15:00,90037.0,90113.0,90031.0,90069.0,41.66641
2025-12-13 22:30:00,90069.0,90210.0,90068.0,90144.0,46.73106
2025-12-13 22:45:00,90144.0,90179.0,90071.0,90109.0,32.06245
2025-12-13 23:00:00,90109.0,90156.0,90042.0,90155.0,40.38939
2025-12-13 23:15:00,90154.0,90187.0,90110.0,90174.0,26.27323
2025-12-13 23:30:00,90174.0,90232.0,90166.0,90213.0,24.16344
2025-12-13 23:45:00,90213.0,90257.0,90211.0,90222.0,49.885
2025-12-14 00:00:00,90222.0,90249.0,90086.0,90237.0,56.79043
2025-12-14 00:15:00,90237.0,90299.0,90166.0,90275.0,57.20197
2025-12-14 00:30:00,90275.0,90427.0,90270.0,90421.0,175.94919
2025-12-14 00:45:00,90421.0,90443.0,90310.0,90311.0,54.28734
2025-12-14 01:00:00,90312.0,90378.0,90245.0,90335.0,22.70092
2025-12-14 01:15:00,90335.0,90414.0,90335.0,90403.0,60.04149
2025-12-14 01:30:00,90403.0,90414.0,90175.0,90202.0,209.15417
2025-12-14 01:45:00,90202.0,90269.0,90198.0,90269.0,33.47231
2025-12-14 02:00:00,90269.0,90328.0,90263.0,90320.0,18.46499
2025-12-14 02:15:00,90321.0,90346.0,90274.0,90323.0,10.32339
2025-12-14 02:30:00,90323.0,90365.0,90210.0,90285.0,29.69821
2025-12-14 02:45:00,90285.0,90292.0,90228.0,90262.0,30.70014
2025-12-14 03:00:00,90263.0,90269.0,90244.0,90261.0,14.94155
2025-12-14 03:15:00,90262.0,90273.0,90245.0,90254.0,19.86042
2025-12-14 03:30:00,90255.0,90255.0,90225.0,90245.0,11.31873
2025-12-14 03:45:00,90246.0,90248.0,90235.0,90236.0,14.2276
2025-12-14 04:00:00,90237.0,90268.0,90231.0,90260.0,20.73975
2025-12-14 04:15:00,90261.0,90294.0,90260.0,90271.0,17.79068
2025-12-14 04:30:00,90271.0,90303.0,90099.0,90145.0,97.93409
2025-12-14 04:45:00,90146.0,90193.0,90098.0,90163.0,17.88602
2025-12-14 05:00:00,90163.0,90171.0,90076.0,90119.0,108.71499
2025-12-14 05:15:00,90119.0,90120.0,90013.0,90054.0,183.92723
2025-12-14 05:30:00,90055.0,90131.0,90041.0,90124.0,83.42653
2025-12-14 05:45:00,90125.0,90186.0,90118.0,90162.0,53.80156
2025-12-14 06:00:00,90163.0,90186.0,90155.0,90165.0,32.32263
2025-12-14 06:15:00,90165.0,90194.0,90068.0,90068.0,66.68004
2025-12-14 06:30:00,90069.0,90158.0,90064.0,90141.0,24.42958
2025-12-14 06:45:00,90140.0,90141.0,90103.0,90109.0,34.82593
2025-12-14 07:00:00,90109.0,90114.0,90104.0,90111.0,9.02136
2025-12-14 07:15:00,90110.0,90111.0,90066.0,90076.0,7.41889
2025-12-14 07:30:00,90075.0,90115.0,90042.0,90115.0,8.24115
2025-12-14 07:45:00,90114.0,90241.0,90114.0,90210.0,26.33359
2025-12-14 08:00:00,90209.0,90244.0,90174.0,90175.0,14.34892
2025-12-14 08:15:00,90175.0,90244.0,90157.0,90157.0,95.9752
2025-12-14 08:30:00,90156.0,90169.0,90129.0,90130.0,16.35671
2025-12-14 08:45:00,90130.0,90130.0,90063.0,90079.0,37.35534
2025-12-14 09:00:00,90078.0,90121.0,90041.0,90063.0,18.21155
2025-12-14 09:15:00,90063.0,90093.0,90023.0,90042.0,33.04571
2025-12-14 09:30:00,90042.0,90083.0,89967.0,89968.0,304.42391
2025-12-14 09:45:00,89967.0,89996.0,89967.0,89985.0,24.75892
2025-12-14 10:00:00,89985.0,89995.0,89749.0,89781.0,317.18881
2025-12-14 10:15:00,89780.0,90096.0,89758.0,89964.0,497.99815
2025-12-14 10:30:00,89963.0,89964.0,89823.0,89882.0,381.42813
2025-12-14 10:45:00,89881.0,89882.0,89760.0,89795.0,344.67717
2025-12-14 11:00:00,89796.0,89806.0,89455.0,89702.0,218.08129
2025-12-14 11:15:00,89702.0,89732.0,89448.0,89471.0,206.31418
2025-12-14 11:30:00,89470.0,89566.0,88587.0,88821.0,1255.16576
2025-12-14 11:45:00,88821.0,89386.0,88693.0,89328.0,718.65477
2025-12-14 12:00:00,89320.0,89435.0,89071.0,89283.0,609.82434
2025-12-14 12:15:00,89283.0,89513.0,89282.0,89334.0,184.08011
2025-12-14 12:30:00,89334.0,89574.0,89328.0,89552.0,56.39863
2025-12-14 12:45:00,89551.0,89627.0,89347.0,89384.0,64.09196
2025-12-14 13:00:00,89384.0,89384.0,89043.0,89198.0,124.81837
2025-12-14 13:15:00,89199.0,89275.0,89085.0,89226.0,82.13189
2025-12-14 13:30:00,89226.0,89322.0,89173.0,89228.0,51.53837
2025-12-14 13:45:00,89229.0,89455.0,89172.0,89455.0,106.44693
2025-12-14 14:00:00,89455.0,89522.0,89309.0,89309.0,97.51397
2025-12-14 14:15:00,89310.0,89389.0,89178.0,89236.0,53.87767
2025-12-14 14:30:00,89236.0,89250.0,88889.0,88941.0,247.44533
2025-12-14 14:45:00,88940.0,89086.0,88838.0,89071.0,161.3085
2025-12-14 15:00:00,89071.0,89141.0,88899.0,88974.0,104.14517
2025-12-14 15:15:00,88975.0,89121.0,88833.0,88976.0,169.4509
2025-12-14 15:30:00,88975.0,89073.0,88900.0,89017.0,75.29901
2025-12-14 15:45:00,89016.0,89026.0,88938.0,88974.0,63.30518
2025-12-14 16:00:00,88974.0,89009.0,88906.0,88994.0,122.06329
2025-12-14 16:15:00,88994.0,89359.0,88951.0,89214.0,157.97046
2025-12-14 16:30:00,89215.0,89302.0,88725.0,88775.0,272.23003
2025-12-14 16:45:00,88775.0,88862.0,88491.0,88786.0,387.14474
2025-12-14 17:00:00,88786.0,88987.0,88560.0,88655.0,429.7488
2025-12-14 17:15:00,88654.0,88876.0,88565.0,88738.0,189.63084
2025-12-14 17:30:00,88737.0,88800.0,88617.0,88728.0,130.9871
2025-12-14 17:45:00,88729.0,88890.0,88650.0,88767.0,219.5497
2025-12-14 18:00:00,88767.0,88925.0,88691.0,88885.0,181.43576
2025-12-14 18:15:00,88885.0,89039.0,88680.0,88748.0,314.90502
2025-12-14 18:30:00,88748.0,88889.0,88748.0,88856.0,146.98308
2025-12-14 18:45:00,88855.0,88982.0,88791.0,88965.0,162.26023
2025-12-14 19:00:00,88964.0,88964.0,88621.0,88701.0,152.50601
2025-12-14 19:15:00,88701.0,88701.0,88442.0,88673.0,524.73441
2025-12-14 19:30:00,88673.0,88723.0,88500.0,88556.0,193.10943
2025-12-14 19:45:00,88555.0,88609.0,88454.0,88608.0,38.29381
2025-12-14 20:00:00,88605.0,88775.0,88276.0,88753.0,523.18368
2025-12-14 20:15:00,88753.0,88786.0,88591.0,88625.0,157.33965
2025-12-14 20:30:00,88625.0,88689.0,88518.0,88610.0,326.54294
2025-12-14 20:45:00,88609.0,88682.0,88463.0,88518.0,41.34294
2025-12-14 21:00:00,88518.0,88554.0,88411.0,88491.0,118.21983
2025-12-14 21:15:00,88492.0,88675.0,88492.0,88546.0,56.22543
2025-12-14 21:30:00,88545.0,88567.0,88463.0,88498.0,35.45307
2025-12-14 21:45:00,88498.0,88520.0,88292.0,88401.0,180.15838
2025-12-14 22:00:00,88401.0,88576.0,88400.0,88463.0,64.7732
2025-12-14 22:15:00,88465.0,88465.0,88302.0,88337.0,101.71806
2025-12-14 22:30:00,88336.0,88336.0,87976.0,88136.0,646.00344
2025-12-14 22:45:00,88135.0,88427.0,88096.0,88381.0,370.07055
2025-12-14 23:00:00,88382.0,88555.0,87925.0,88020.0,522.02828
2025-12-14 23:15:00,88019.0,88198.0,87888.0,87989.0,233.86686
2025-12-14 23:30:00,87989.0,88078.0,87558.0,88003.0,996.95125
2025-12-14 23:45:00,88005.0,88303.0,87896.0,88128.0,318.8758
2025-12-15 00:00:00,88129.0,88434.0,88066.0,88122.0,426.77695
2025-12-15 00:15:00,88123.0,88558.0,88044.0,88503.0,305.64368
2025-12-15 00:30:00,88505.0,88649.0,88100.0,88225.0,469.62735
2025-12-15 00:45:00,88224.0,88465.0,88190.0,88438.0,152.89285
2025-12-15 01:00:00,88438.0,88590.0,88383.0,88571.0,482.88384
2025-12-15 01:15:00,88571.0,88729.0,88505.0,88682.0,222.50838
2025-12-15 01:30:00,88683.0,89278.0,88614.0,89031.0,807.54095
2025-12-15 01:45:00,89032.0,89322.0,88950.0,89214.0,514.38853
2025-12-15 02:00:00,89214.0,89635.0,89213.0,89503.0,483.02797
2025-12-15 02:15:00,89504.0,90007.0,89503.0,89675.0,886.47736
2025-12-15 02:30:00,89675.0,89699.0,89345.0,89415.0,964.98171
2025-12-15 02:45:00,89414.0,89430.0,89209.0,89280.0,499.9754
2025-12-15 03:00:00,89278.0,89396.0,89230.0,89350.0,224.02685
2025-12-15 03:15:00,89351.0,89512.0,89328.0,89329.0,113.83288
2025-12-15 03:30:00,89328.0,89357.0,89188.0,89251.0,185.39605
2025-12-15 03:45:00,89252.0,89334.0,89234.0,89243.0,120.51315
2025-12-15 04:00:00,89243.0,89518.0,89243.0,89475.0,529.99047
2025-12-15 04:15:00,89474.0,89567.0,89265.0,89319.0,417.63639
2025-12-15 04:30:00,89319.0,89652.0,89279.0,89652.0,376.89269
2025-12-15 04:45:00,89653.0,89768.0,89601.0,89636.0,450.61346
2025-12-15 05:00:00,89637.0,89652.0,89509.0,89621.0,517.59719
2025-12-15 05:15:00,89618.0,89725.0,89602.0,89658.0,301.3637
2025-12-15 05:30:00,89659.0,89660.0,89477.0,89485.0,400.61809
2025-12-15 05:45:00,89486.0,89564.0,89436.0,89564.0,319.23468
2025-12-15 06:00:00,89564.0,89575.0,89428.0,89463.0,304.43647
2025-12-15 06:15:00,89463.0,89540.0,89437.0,89525.0,158.72968
2025-12-15 06:30:00,89525.0,89600.0,89500.0,89560.0,35.2616
2025-12-15 06:45:00,89561.0,89878.0,89561.0,89685.0,180.9785
2025-12-15 07:00:00,89686.0,89776.0,89465.0,89515.0,210.86001
2025-12-15 07:15:00,89514.0,89589.0,89514.0,89546.0,78.40704
2025-12-15 07:30:00,89545.0,89700.0,89535.0,89569.0,159.5941
2025-12-15 07:45:00,89569.0,89769.0,89564.0,89694.0,158.93318
2025-12-15 08:00:00,89694.0,89773.0,89597.0,89650.0,200.60062
2025-12-15 08:15:00,89648.0,89842.0,89641.0,89822.0,60.83538
2025-12-15 08:30:00,89822.0,89852.0,89732.0,89806.0,102.67778
2025-12-15 08:45:00,89807.0,89810.0,89723.0,89723.0,46.28396
2025-12-15 09:00:00,89724.0,89885.0,89723.0,89800.0,99.98013
2025-12-15 09:15:00,89800.0,89881.0,89798.0,89847.0,36.32112
2025-12-15 09:30:00,89846.0,89861.0,89787.0,89805.0,69.75536
2025-12-15 09:45:00,89804.0,89973.0,89761.0,89827.0,283.99683
2025-12-15 10:00:00,89827.0,89889.0,89750.0,89779.0,57.25371
2025-12-15 10:15:00,89778.0,89880.0,89678.0,89824.0,129.33769
2025-12-15 10:30:00,89825.0,89927.0,89708.0,89776.0,104.68205
2025-12-15 10:45:00,89775.0,89836.0,89766.0,89808.0,34.13038
2025-12-15 11:00:00,89807.0,89845.0,89748.0,89749.0,42.37987
2025-12-15 11:15:00,89749.0,89771.0,89734.0,89743.0,41.76259
2025-12-15 11:30:00,89743.0,89779.0,89534.0,89543.0,244.55249
2025-12-15 11:45:00,89542.0,89660.0,89542.0,89591.0,131.8704
2025-12-15 12:00:00,89592.0,89600.0,89372.0,89412.0,398.82422
2025-12-15 12:15:00,89411.0,89590.0,89411.0,89517.0,101.57211
2025-12-15 12:30:00,89518.0,89745.0,89517.0,89698.0,274.99329
2025-12-15 12:45:00,89699.0,89699.0,89567.0,89641.0,620.29918
2025-12-15 13:00:00,89640.0,89683.0,89416.0,89511.0,211.49842
2025-12-15 13:15:00,89512.0,89519.0,89313.0,89399.0,182.53993
2025-12-15 13:30:00,89399.0,89459.0,89231.0,89430.0,107.23738
2025-12-15 13:45:00,89430.0,89517.0,89374.0,89378.0,82.15937
2025-12-15 14:00:00,89378.0,89585.0,89367.0,89557.0,227.4291
2025-12-15 14:15:00,89557.0,89667.0,89278.0,89345.0,196.34297
2025-12-15 14:30:00,89345.0,89824.0,88981.0,89212.0,1687.80304
2025-12-15 14:45:00,89213.0,89293.0,87781.0,88006.0,1851.73003
2025-12-15 15:00:00,88006.0,88150.0,87353.0,87431.0,2373.71256
2025-12-15 15:15:00,87432.0,87460.0,86648.0,86834.0,1926.35518
2025-12-15 15:30:00,86834.0,87167.0,86601.0,87167.0,1171.94066
2025-12-15 15:45:00,87167.0,87352.0,86706.0,87007.0,1778.89102
2025-12-15 16:00:00,87007.0,87202.0,86778.0,86848.0,1307.50193
2025-12-15 16:15:00,86848.0,87092.0,86813.0,86865.0,624.30567
2025-12-15 16:30:00,86866.0,86905.0,86026.0,86295.0,2251.73048
2025-12-15 16:45:00,86295.0,86487.0,86120.0,86376.0,724.14753
2025-12-15 17:00:00,86376.0,86484.0,86154.0,86195.0,451.43137
2025-12-15 17:15:00,86195.0,86345.0,86077.0,86173.0,462.42623
2025-12-15 17:30:00,86174.0,86231.0,85685.0,85817.0,914.92341
2025-12-15 17:45:00,85816.0,85954.0,85583.0,85731.0,672.0479
2025-12-15 18:00:00,85733.0,85964.0,85569.0,85864.0,742.75641
2025-12-15 18:15:00,85865.0,85926.0,85500.0,85573.0,478.85803
2025-12-15 18:30:00,85574.0,85894.0,85123.0,85746.0,1332.81876
2025-12-15 18:45:00,85745.0,86287.0,85689.0,86182.0,1201.52814
2025-12-15 19:00:00,86180.0,86539.0,85946.0,85987.0,1126.49173
2025-12-15 19:15:00,85986.0,86356.0,85856.0,86115.0,922.25225
2025-12-15 19:30:00,86115.0,86328.0,86111.0,86195.0,232.14843
2025-12-15 19:45:00,86194.0,86247.0,85960.0,86143.0,456.49066
2025-12-15 20:00:00,86141.0,86182.0,85724.0,85747.0,340.88624
2025-12-15 20:15:00,85747.0,85870.0,85600.0,85742.0,346.92374
2025-12-15 20:30:00,85742.0,86118.0,85710.0,85938.0,285.92513
2025-12-15 20:45:00,85937.0,85988.0,85770.0,85805.0,207.07268
2025-12-15 21:00:00,85804.0,85817.0,85491.0,85625.0,514.70034
2025-12-15 21:15:00,85622.0,86150.0,85565.0,86074.0,849.74441
2025-12-15 21:30:00,86073.0,86182.0,85987.0,86025.0,339.51566
2025-12-15 21:45:00,86025.0,86303.0,86007.0,86226.0,259.86462
2025-12-15 22:00:00,86226.0,86240.0,85996.0,86040.0,206.90359
2025-12-15 22:15:00,86049.0,86082.0,85817.0,86003.0,122.80297
2025-12-15 22:30:00,86004.0,86110.0,85938.0,86034.0,62.38848
2025-12-15 22:45:00,86034.0,86255.0,85977.0,86255.0,94.11473
2025-12-15 23:00:00,86254.0,86450.0,86181.0,86448.0,239.17265
2025-12-15 23:15:00,86446.0,86446.0,86100.0,86206.0,801.58406
2025-12-15 23:30:00,86205.0,86456.0,86186.0,86455.0,266.77865
2025-12-15 23:45:00,86454.0,86462.0,86314.0,86427.0,94.95186
2025-12-16 00:00:00,86427.0,86508.0,86257.0,86306.0,218.67129
2025-12-16 00:15:00,86306.0,86397.0,86141.0,86338.0,157.02023
2025-12-16 00:30:00,86338.0,86339.0,86059.0,86122.0,248.55991
2025-12-16 00:45:00,86121.0,86121.0,85820.0,85837.0,453.13899
2025-12-16 01:00:00,85838.0,86153.0,85710.0,86085.0,312.18784
2025-12-16 01:15:00,86084.0,86144.0,85850.0,85893.0,287.58888
2025-12-16 01:30:00,85889.0,86013.0,85664.0,85822.0,197.73452
2025-12-16 01:45:00,85821.0,85925.0,85719.0,85882.0,243.14041
2025-12-16 02:00:00,85882.0,86020.0,85838.0,85973.0,220.58705
2025-12-16 02:15:00,85972.0,86225.0,85870.0,86184.0,197.78231
2025-12-16 02:30:00,86183.0,86206.0,86053.0,86113.0,144.37062
2025-12-16 02:45:00,86113.0,86136.0,85794.0,85939.0,234.86637
2025-12-16 03:00:00,85939.0,86003.0,85684.0,85709.0,435.87991
2025-12-16 03:15:00,85712.0,85782.0,85576.0,85678.0,418.66216
2025-12-16 03:30:00,85677.0,85805.0,85334.0,85754.0,963.1254
2025-12-16 03:45:00,85754.0,85862.0,85754.0,85849.0,168.75279
2025-12-16 04:00:00,85850.0,85889.0,85765.0,85782.0,72.08745
2025-12-16 04:15:00,85781.0,85792.0,85598.0,85609.0,164.06344
2025-12-16 04:30:00,85610.0,85660.0,85458.0,85633.0,237.84368
2025-12-16 04:45:00,85634.0,85822.0,85236.0,85815.0,461.41419
2025-12-16 05:00:00,85814.0,85955.0,85781.0,85835.0,194.87734
2025-12-16 05:15:00,85836.0,85982.0,85834.0,85965.0,104.38312
2025-12-16 05:30:00,85965.0,86074.0,85924.0,86063.0,75.96115
2025-12-16 05:45:00,86064.0,86170.0,85943.0,86006.0,101.87666
2025-12-16 06:00:00,86006.0,86271.0,86005.0,86200.0,79.54208
2025-12-16 06:15:00,86201.0,86439.0,86200.0,86391.0,304.12075
2025-12-16 06:30:00,86391.0,86426.0,86337.0,86378.0,122.86957
2025-12-16 06:45:00,86378.0,86592.0,86376.0,86482.0,294.98275
2025-12-16 07:00:00,86482.0,86592.0,86297.0,86300.0,327.36845
2025-12-16 07:15:00,86301.0,86350.0,86061.0,86194.0,242.94664
2025-12-16 07:30:00,86194.0,86198.0,85847.0,85856.0,227.99186
2025-12-16 07:45:00,85857.0,86078.0,85824.0,85981.0,435.28724
2025-12-16 08:00:00,85982.0,86200.0,85877.0,86130.0,325.04045
2025-12-16 08:15:00,86130.0,86250.0,86000.0,86241.0,279.29601
2025-12-16 08:30:00,86240.0,86240.0,86048.0,86230.0,155.11104
2025-12-16 08:45:00,86230.0,86350.0,86179.0,86238.0,117.80608
2025-12-16 09:00:00,86238.0,86333.0,86219.0,86304.0,85.60901
2025-12-16 09:15:00,86305.0,86380.0,86159.0,86230.0,178.54223
2025-12-16 09:30:00,86230.0,86381.0,86200.0,86327.0,57.67322
2025-12-16 09:45:00,86326.0,86397.0,86213.0,86310.0,111.65607
2025-12-16 10:00:00,86311.0,86436.0,86240.0,86424.0,91.91069
2025-12-16 10:15:00,86423.0,86470.0,86316.0,86373.0,80.04465
2025-12-16 10:30:00,86372.0,87282.0,86353.0,87101.0,993.33087
2025-12-16 10:45:00,87100.0,87306.0,86838.0,86948.0,404.42434
2025-12-16 11:00:00,86948.0,87031.0,86796.0,86948.0,170.1881
2025-12-16 11:15:00,86950.0,87123.0,86924.0,87123.0,140.56448
2025-12-16 11:30:00,87123.0,87282.0,87025.0,87078.0,147.30417
2025-12-16 11:45:00,87078.0,87300.0,86976.0,87236.0,295.06364
2025-12-16 12:00:00,87236.0,87317.0,87185.0,87214.0,169.01178
2025-12-16 12:15:00,87215.0,87271.0,87077.0,87115.0,179.16576
2025-12-16 12:30:00,87118.0,87229.0,87042.0,87225.0,210.43645
2025-12-16 12:45:00,87224.0,87453.0,87105.0,87185.0,226.56633
2025-12-16 13:00:00,87186.0,87262.0,87035.0,87177.0,260.5407
2025-12-16 13:15:00,87179.0,87534.0,87097.0,87324.0,1437.66708
2025-12-16 13:30:00,87324.0,87728.0,86683.0,86886.0,1397.03273
2025-12-16 13:45:00,86886.0,87078.0,86407.0,86407.0,913.48989
2025-12-16 14:00:00,86407.0,86914.0,86088.0,86827.0,1234.98012
2025-12-16 14:15:00,86826.0,87043.0,86744.0,86893.0,365.00445
2025-12-16 14:30:00,86894.0,87331.0,86880.0,87052.0,674.83284
2025-12-16 14:45:00,87052.0,87688.0,86753.0,87243.0,1004.51103
2025-12-16 15:00:00,87243.0,87433.0,86913.0,87193.0,283.17818
2025-12-16 15:15:00,87191.0,87224.0,86810.0,87117.0,549.8733
2025-12-16 15:30:00,87116.0,87299.0,87000.0,87278.0,191.81814
2025-12-16 15:45:00,87277.0,88142.0,87154.0,87939.0,1406.62356
2025-12-16 16:00:00,87940.0,87944.0,87572.0,87705.0,379.43655
2025-12-16 16:15:00,87705.0,88000.0,87478.0,87792.0,387.21904
2025-12-16 16:30:00,87791.0,87861.0,87346.0,87486.0,221.93015
2025-12-16 16:45:00,87485.0,87712.0,87405.0,87543.0,174.82737
2025-12-16 17:00:00,87542.0,87789.0,87468.0,87725.0,171.092
2025-12-16 17:15:00,87725.0,87788.0,87220.0,87289.0,280.79582
2025-12-16 17:30:00,87289.0,87459.0,87100.0,87175.0,266.10603
2025-12-16 17:45:00,87176.0,87226.0,87026.0,87079.0,277.42038
2025-12-16 18:00:00,87080.0,87492.0,87015.0,87425.0,455.61034
2025-12-16 18:15:00,87424.0,87469.0,87212.0,87340.0,250.75011
2025-12-16 18:30:00,87341.0,87889.0,87341.0,87859.0,378.14704
2025-12-16 18:45:00,87860.0,87969.0,87662.0,87728.0,245.17176
2025-12-16 19:00:00,87728.0,87735.0,87273.0,87280.0,260.1464
2025-12-16 19:15:00,87280.0,87398.0,87234.0,87385.0,291.61942
2025-12-16 19:30:00,87386.0,87570.0,87318.0,87513.0,309.38773
2025-12-16 19:45:00,87516.0,87754.0,87478.0,87536.0,196.00199
2025-12-16 20:00:00,87535.0,87630.0,87373.0,87426.0,129.0379
2025-12-16 20:15:00,87415.0,87566.0,87285.0,87495.0,192.44406
2025-12-16 20:30:00,87494.0,87774.0,87468.0,87727.0,318.96614
2025-12-16 20:45:00,87727.0,87793.0,87527.0,87527.0,150.87328
2025-12-16 21:00:00,87529.0,87676.0,87439.0,87607.0,252.23673
2025-12-16 21:15:00,87606.0,87711.0,87573.0,87639.0,47.91852
2025-12-16 21:30:00,87642.0,87871.0,87642.0,87824.0,163.77053
2025-12-16 21:45:00,87825.0,87855.0,87684.0,87726.0,76.65064
2025-12-16 22:00:00,87721.0,87848.0,87590.0,87595.0,120.27403
2025-12-16 22:15:00,87596.0,87835.0,87596.0,87835.0,208.7029
2025-12-16 22:30:00,87835.0,87886.0,87779.0,87820.0,49.03324
2025-12-16 22:45:00,87818.0,87818.0,87696.0,87751.0,82.2729
2025-12-16 23:00:00,87750.0,87779.0,87626.0,87686.0,196.88793
2025-12-16 23:15:00,87686.0,87782.0,87542.0,87614.0,75.40846
2025-12-16 23:30:00,87614.0,87755.0,87598.0,87754.0,33.38034
2025-12-16 23:45:00,87755.0,87827.0,87686.0,87814.0,52.17188
2025-12-17 00:00:00,87814.0,87823.0,87481.0,87503.0,169.17454
2025-12-17 00:15:00,87503.0,87586.0,87420.0,87449.0,312.54163
2025-12-17 00:30:00,87448.0,87517.0,87364.0,87381.0,114.38286
2025-12-17 00:45:00,87382.0,87520.0,87382.0,87488.0,59.1163
2025-12-17 01:00:00,87497.0,87635.0,87496.0,87537.0,311.63127
2025-12-17 01:15:00,87537.0,87899.0,87537.0,87711.0,161.54053
2025-12-17 01:30:00,87711.0,87818.0,87515.0,87524.0,78.3981
2025-12-17 01:45:00,87526.0,87610.0,87421.0,87504.0,147.97774
2025-12-17 02:00:00,87504.0,87536.0,87200.0,87234.0,217.23145
2025-12-17 02:15:00,87235.0,87344.0,87129.0,87281.0,189.89088
2025-12-17 02:30:00,87281.0,87352.0,87182.0,87345.0,228.49015
2025-12-17 02:45:00,87345.0,87507.0,87326.0,87440.0,116.8623
2025-12-17 03:00:00,87441.0,87565.0,87363.0,87366.0,192.38232
2025-12-17 03:15:00,87367.0,87434.0,87263.0,87305.0,139.87245
2025-12-17 03:30:00,87304.0,87334.0,87156.0,87207.0,142.66811
2025-12-17 03:45:00,87208.0,87247.0,87100.0,87160.0,154.58576
2025-12-17 04:00:00,87160.0,87345.0,87152.0,87280.0,138.28526
2025-12-17 04:15:00,87280.0,87280.0,86921.0,86990.0,433.11359
2025-12-17 04:30:00,86991.0,87050.0,86773.0,86814.0,358.36481
2025-12-17 04:45:00,86814.0,86825.0,86673.0,86700.0,202.60512
2025-12-17 05:00:00,86700.0,86700.0,86376.0,86570.0,502.73275
2025-12-17 05:15:00,86571.0,86634.0,86150.0,86381.0,448.84898
2025-12-17 05:30:00,86381.0,86468.0,86178.0,86444.0,154.16107
2025-12-17 05:45:00,86443.0,86676.0,86407.0,86580.0,187.43669
2025-12-17 06:00:00,86579.0,86948.0,86525.0,86816.0,479.60462
2025-12-17 06:15:00,86816.0,86929.0,86779.0,86823.0,71.83339
2025-12-17 06:30:00,86822.0,86888.0,86723.0,86754.0,51.22115
2025-12-17 06:45:00,86753.0,86767.0,86685.0,86730.0,49.37104
2025-12-17 07:00:00,86730.0,86883.0,86607.0,86609.0,239.85623
2025-12-17 07:15:00,86610.0,86700.0,86545.0,86677.0,106.25617
2025-12-17 07:30:00,86677.0,87101.0,86676.0,86969.0,330.25409
2025-12-17 07:45:00,86970.0,87051.0,86897.0,87007.0,106.03523
2025-12-17 08:00:00,87007.0,87007.0,86750.0,86751.0,96.10242
2025-12-17 08:15:00,86751.0,86779.0,86414.0,86485.0,298.90364
2025-12-17 08:30:00,86485.0,86539.0,86324.0,86454.0,140.38705
2025-12-17 08:45:00,86453.0,86454.0,86280.0,86357.0,308.75411
2025-12-17 09:00:00,86358.0,86461.0,86306.0,86449.0,95.31311
2025-12-17 09:15:00,86450.0,86563.0,86242.0,86285.0,214.21206
2025-12-17 09:30:00,86285.0,86406.0,86211.0,86405.0,132.58249
2025-12-17 09:45:00,86406.0,86439.0,86367.0,86369.0,33.29155
2025-12-17 10:00:00,86369.0,86690.0,86206.0,86634.0,199.88655
2025-12-17 10:15:00,86634.0,86705.0,86485.0,86537.0,287.73855
2025-12-17 10:30:00,86538.0,86769.0,86453.0,86680.0,108.35985
2025-12-17 10:45:00,86679.0,86790.0,86515.0,86587.0,90.27131
2025-12-17 11:00:00,86587.0,86822.0,86533.0,86805.0,96.43805
2025-12-17 11:15:00,86805.0,86848.0,86728.0,86749.0,82.90882
2025-12-17 11:30:00,86750.0,86879.0,86734.0,86857.0,84.13887
2025-12-17 11:45:00,86858.0,87097.0,86816.0,86941.0,434.06275
2025-12-17 12:00:00,86939.0,87178.0,86939.0,87108.0,195.31865
2025-12-17 12:15:00,87108.0,87124.0,86945.0,87040.0,92.53764
2025-12-17 12:30:00,87040.0,87063.0,86801.0,86802.0,217.65473
2025-12-17 12:45:00,86802.0,87052.0,86766.0,86989.0,252.70331
2025-12-17 13:00:00,86988.0,87256.0,86850.0,86859.0,207.09046
2025-12-17 13:15:00,86858.0,87066.0,86780.0,87045.0,255.66292
2025-12-17 13:30:00,87047.0,87349.0,87021.0,87339.0,290.45049
2025-12-17 13:45:00,87338.0,87825.0,87320.0,87576.0,704.40283
2025-12-17 14:00:00,87577.0,87715.0,87432.0,87542.0,280.02951
2025-12-17 14:15:00,87542.0,87872.0,87542.0,87676.0,296.44489
2025-12-17 14:30:00,87677.0,87872.0,87319.0,87469.0,555.59179
2025-12-17 14:45:00,87468.0,89724.0,87130.0,89650.0,3992.83547
2025-12-17 15:00:00,89649.0,90346.0,89400.0,90166.0,2283.98477
2025-12-17 15:15:00,90167.0,90271.0,89601.0,89886.0,1047.12031
2025-12-17 15:30:00,89886.0,90036.0,88515.0,88664.0,1520.67762
2025-12-17 15:45:00,88664.0,88740.0,87079.0,87186.0,2516.61581
2025-12-17 16:00:00,87188.0,87739.0,86965.0,86965.0,1382.84964
2025-12-17 16:15:00,86963.0,86991.0,86287.0,86326.0,2575.27261
2025-12-17 16:30:00,86326.0,86645.0,86100.0,86597.0,1103.90433
2025-12-17 16:45:00,86597.0,86969.0,86423.0,86951.0,484.59126
2025-12-17 17:00:00,86950.0,86950.0,86433.0,86611.0,382.97512
2025-12-17 17:15:00,86612.0,87056.0,86585.0,86828.0,357.20653
2025-12-17 17:30:00,86828.0,86862.0,86297.0,86306.0,211.7071
2025-12-17 17:45:00,86305.0,86558.0,86215.0,86393.0,1049.4999
2025-12-17 18:00:00,86393.0,86800.0,86392.0,86521.0,333.2024
2025-12-17 18:15:00,86521.0,86670.0,86405.0,86452.0,181.37829
2025-12-17 18:30:00,86452.0,86550.0,85764.0,85894.0,763.05715
2025-12-17 18:45:00,85893.0,85972.0,85623.0,85793.0,814.75713
2025-12-17 19:00:00,85794.0,85814.0,85270.0,85486.0,1013.74033
2025-12-17 19:15:00,85486.0,85901.0,85443.0,85668.0,1056.75113
2025-12-17 19:30:00,85668.0,85825.0,85403.0,85611.0,922.61962
2025-12-17 19:45:00,85611.0,86160.0,85586.0,85987.0,729.87298
2025-12-17 20:00:00,85988.0,86012.0,85626.0,85661.0,355.42901
2025-12-17 20:15:00,85659.0,86214.0,85653.0,86106.0,796.25499
2025-12-17 20:30:00,86108.0,86152.0,85827.0,86087.0,351.60266
2025-12-17 20:45:00,86088.0,86145.0,85760.0,85853.0,655.76444
2025-12-17 21:00:00,85853.0,86018.0,85835.0,85963.0,132.9443
2025-12-17 21:15:00,85963.0,85963.0,85735.0,85817.0,123.88977
2025-12-17 21:30:00,85817.0,85884.0,85668.0,85870.0,528.0778
2025-12-17 21:45:00,85869.0,85983.0,85825.0,85939.0,218.90665
2025-12-17 22:00:00,85950.0,86085.0,85862.0,86030.0,143.21983
2025-12-17 22:15:00,86031.0,86400.0,85956.0,86226.0,701.89259
2025-12-17 22:30:00,86226.0,86282.0,86076.0,86140.0,212.68145
2025-12-17 22:45:00,86140.0,86350.0,86066.0,86317.0,253.5241
2025-12-17 23:00:00,86317.0,86318.0,85960.0,85960.0,212.00497
2025-12-17 23:15:00,85961.0,86066.0,85922.0,85990.0,137.50356
2025-12-17 23:30:00,85990.0,86110.0,85916.0,86080.0,425.57626
2025-12-17 23:45:00,86081.0,86224.0,86044.0,86210.0,206.78797
2025-12-18 00:00:00,86210.0,86276.0,86061.0,86150.0,580.75927
2025-12-18 00:15:00,86151.0,86239.0,86024.0,86221.0,104.38252
2025-12-18 00:30:00,86221.0,86291.0,86116.0,86137.0,78.41479
2025-12-18 00:45:00,86137.0,86258.0,86102.0,86211.0,86.843
2025-12-18 01:00:00,86211.0,86212.0,85833.0,85926.0,275.25182
2025-12-18 01:15:00,85926.0,86025.0,85842.0,85973.0,182.37069
2025-12-18 01:30:00,85974.0,86134.0,85952.0,86096.0,103.6828
2025-12-18 01:45:00,86097.0,86174.0,85982.0,86085.0,158.15912
2025-12-18 02:00:00,86086.0,86525.0,85981.0,86464.0,467.04186
2025-12-18 02:15:00,86464.0,86860.0,86265.0,86385.0,1092.15663
2025-12-18 02:30:00,86385.0,86689.0,86375.0,86681.0,445.77535
2025-12-18 02:45:00,86681.0,86761.0,86611.0,86670.0,379.0522
2025-12-18 03:00:00,86670.0,86670.0,86501.0,86564.0,105.84817
2025-12-18 03:15:00,86563.0,86563.0,86264.0,86265.0,258.9689
2025-12-18 03:30:00,86265.0,86544.0,86233.0,86500.0,456.1855
2025-12-18 03:45:00,86501.0,86629.0,86476.0,86588.0,35.71236
2025-12-18 04:00:00,86587.0,86862.0,86586.0,86743.0,266.72247
2025-12-18 04:15:00,86742.0,86862.0,86647.0,86806.0,148.73704
2025-12-18 04:30:00,86805.0,86862.0,86790.0,86826.0,43.70906
2025-12-18 04:45:00,86826.0,86826.0,86726.0,86736.0,30.78393
2025-12-18 05:00:00,86735.0,86736.0,86574.0,86587.0,46.69835
2025-12-18 05:15:00,86587.0,86618.0,86494.0,86511.0,66.72163
2025-12-18 05:30:00,86511.0,86704.0,86468.0,86645.0,216.51665
2025-12-18 05:45:00,86645.0,86646.0,86341.0,86415.0,486.44665
2025-12-18 06:00:00,86414.0,86531.0,86379.0,86515.0,105.45268
2025-12-18 06:15:00,86514.0,86545.0,86383.0,86433.0,140.92262
2025-12-18 06:30:00,86432.0,86512.0,86377.0,86456.0,243.91623
2025-12-18 06:45:00,86455.0,86628.0,86415.0,86615.0,88.59519
2025-12-18 07:00:00,86615.0,86821.0,86572.0,86764.0,363.07184
2025-12-18 07:15:00,86764.0,86835.0,86764.0,86804.0,98.04479
2025-12-18 07:30:00,86804.0,86830.0,86660.0,86714.0,105.49637
2025-12-18 07:45:00,86714.0,86804.0,86679.0,86803.0,108.40891
2025-12-18 08:00:00,86802.0,86916.0,86652.0,86713.0,146.85327
2025-12-18 08:15:00,86712.0,86984.0,86712.0,86916.0,125.23412
2025-12-18 08:30:00,86916.0,87100.0,86912.0,87005.0,202.0082
2025-12-18 08:45:00,87006.0,87074.0,86916.0,86938.0,192.69175
2025-12-18 09:00:00,86938.0,86992.0,86769.0,86789.0,57.80571
2025-12-18 09:15:00,86789.0,87015.0,86789.0,86979.0,42.14028
2025-12-18 09:30:00,86979.0,87350.0,86979.0,87339.0,291.53006
2025-12-18 09:45:00,87338.0,87357.0,87231.0,87244.0,191.90828
2025-12-18 10:00:00,87245.0,87402.0,87186.0,87319.0,325.96642
2025-12-18 10:15:00,87319.0,87384.0,87235.0,87339.0,135.7394
2025-12-18 10:30:00,87338.0,87421.0,87269.0,87312.0,204.08687
2025-12-18 10:45:00,87312.0,87326.0,87195.0,87303.0,95.83398
2025-12-18 11:00:00,87304.0,87319.0,87071.0,87078.0,120.18649
2025-12-18 11:15:00,87081.0,87159.0,87028.0,87148.0,56.48525
2025-12-18 11:30:00,87147.0,87236.0,87102.0,87111.0,66.01347
2025-12-18 11:45:00,87111.0,87239.0,87101.0,87230.0,114.36808
2025-12-18 12:00:00,87232.0,87331.0,87124.0,87130.0,259.02884
2025-12-18 12:15:00,87131.0,87200.0,87073.0,87100.0,264.4191
2025-12-18 12:30:00,87099.0,87402.0,87099.0,87329.0,136.96288
2025-12-18 12:45:00,87329.0,87350.0,87072.0,87220.0,165.79783
2025-12-18 13:00:00,87220.0,87947.0,87219.0,87862.0,740.48658
2025-12-18 13:15:00,87862.0,87925.0,87543.0,87605.0,404.26893
2025-12-18 13:30:00,87605.0,88799.0,87605.0,88728.0,2286.3132
2025-12-18 13:45:00,88728.0,89185.0,88573.0,88803.0,1449.78766
2025-12-18 14:00:00,88804.0,89441.0,88087.0,88107.0,1499.30716
2025-12-18 14:15:00,88106.0,88777.0,88076.0,88484.0,829.90116
2025-12-18 14:30:00,88483.0,89091.0,87700.0,87768.0,1830.40833
2025-12-18 14:45:00,87769.0,88467.0,87736.0,88304.0,852.28402
2025-12-18 15:00:00,88304.0,88643.0,87957.0,88058.0,690.40952
2025-12-18 15:15:00,88058.0,88588.0,87933.0,88547.0,403.26091
2025-12-18 15:30:00,88548.0,89347.0,88269.0,89012.0,1873.73438
2025-12-18 15:45:00,89012.0,89027.0,88434.0,88473.0,962.1977
2025-12-18 16:00:00,88473.0,88496.0,88163.0,88168.0,311.02677
2025-12-18 16:15:00,88166.0,88352.0,87836.0,88070.0,494.18554
2025-12-18 16:30:00,88070.0,88371.0,88047.0,88250.0,241.68295
2025-12-18 16:45:00,88249.0,88261.0,87902.0,87979.0,322.50906
2025-12-18 17:00:00,87979.0,87996.0,86232.0,86339.0,2993.71909
2025-12-18 17:15:00,86339.0,86339.0,85429.0,85860.0,2895.95091
2025-12-18 17:30:00,85861.0,86554.0,85564.0,86417.0,1824.56118
2025-12-18 17:45:00,86417.0,86535.0,86076.0,86447.0,953.89256
2025-12-18 18:00:00,86448.0,86875.0,86266.0,86683.0,450.39639
2025-12-18 18:15:00,86684.0,86697.0,86243.0,86364.0,454.81531
2025-12-18 18:30:00,86363.0,86604.0,86279.0,86434.0,414.58635
2025-12-18 18:45:00,86434.0,86500.0,85634.0,85945.0,1753.43394
2025-12-18 19:00:00,85945.0,85981.0,85451.0,85618.0,1065.84427
2025-12-18 19:15:00,85617.0,85702.0,85168.0,85621.0,1063.8219
2025-12-18 19:30:00,85621.0,85787.0,84525.0,84646.0,1812.53542
2025-12-18 19:45:00,84642.0,84795.0,84410.0,84426.0,1184.23365
2025-12-18 20:00:00,84426.0,85217.0,84395.0,85102.0,719.14356
2025-12-18 20:15:00,85100.0,85107.0,84862.0,84935.0,191.26505
2025-12-18 20:30:00,84934.0,85075.0,84694.0,84969.0,548.12035
2025-12-18 20:45:00,84969.0,85067.0,84622.0,84623.0,938.08478
2025-12-18 21:00:00,84623.0,85229.0,84530.0,85117.0,735.41391
2025-12-18 21:15:00,85116.0,85435.0,85051.0,85416.0,836.88894
2025-12-18 21:30:00,85417.0,85782.0,85185.0,85261.0,1040.4377
2025-12-18 21:45:00,85262.0,85705.0,85222.0,85597.0,912.10698
2025-12-18 22:00:00,85597.0,85707.0,85330.0,85338.0,154.02969
2025-12-18 22:15:00,85338.0,85479.0,85262.0,85469.0,235.54968
2025-12-18 22:30:00,85469.0,85697.0,85457.0,85547.0,254.89027
2025-12-18 22:45:00,85546.0,85690.0,85466.0,85537.0,336.76186
2025-12-18 23:00:00,85537.0,85585.0,85279.0,85585.0,765.87943
2025-12-18 23:15:00,85585.0,85585.0,85349.0,85459.0,266.61013
2025-12-18 23:30:00,85458.0,85545.0,85400.0,85440.0,66.29009
2025-12-18 23:45:00,85440.0,85488.0,85315.0,85477.0,102.00978
2025-12-19 00:00:00,85477.0,85560.0,85380.0,85449.0,245.50721
2025-12-19 00:15:00,85449.0,85520.0,85375.0,85382.0,229.89576
2025-12-19 00:30:00,85381.0,85414.0,85255.0,85267.0,259.43225
2025-12-19 00:45:00,85268.0,85573.0,85267.0,85565.0,648.10083
2025-12-19 01:00:00,85566.0,85566.0,85310.0,85403.0,98.48951
2025-12-19 01:15:00,85404.0,85479.0,85124.0,85128.0,395.31935
2025-12-19 01:30:00,85128.0,85338.0,85110.0,85314.0,124.01688
2025-12-19 01:45:00,85314.0,85372.0,85092.0,85289.0,480.76241
2025-12-19 02:00:00,85289.0,85289.0,85090.0,85208.0,203.56699
2025-12-19 02:15:00,85208.0,85495.0,85176.0,85474.0,258.25639
2025-12-19 02:30:00,85475.0,85585.0,85349.0,85571.0,179.33099
2025-12-19 02:45:00,85572.0,85900.0,85526.0,85601.0,517.69039
2025-12-19 03:00:00,85603.0,86444.0,85587.0,86321.0,809.08225
2025-12-19 03:15:00,86323.0,87123.0,85933.0,87105.0,1051.58758
2025-12-19 03:30:00,87106.0,87555.0,86751.0,87016.0,1600.52278
2025-12-19 03:45:00,87017.0,87312.0,86653.0,86847.0,1095.33186
2025-12-19 04:00:00,86848.0,87365.0,86826.0,87331.0,279.78922
2025-12-19 04:15:00,87331.0,87344.0,87005.0,87017.0,228.05329
2025-12-19 04:30:00,87018.0,87160.0,86920.0,86949.0,369.10535
2025-12-19 04:45:00,86950.0,87080.0,86949.0,87057.0,279.90484
2025-12-19 05:00:00,87062.0,87140.0,86824.0,86948.0,184.59072
2025-12-19 05:15:00,86949.0,86954.0,86708.0,86736.0,219.7781
2025-12-19 05:30:00,86737.0,86913.0,86650.0,86853.0,659.8514
2025-12-19 05:45:00,86853.0,87190.0,86853.0,87100.0,345.2126
2025-12-19 06:00:00,87100.0,87171.0,86960.0,87008.0,98.13983
2025-12-19 06:15:00,87009.0,87041.0,86863.0,86982.0,202.40398
2025-12-19 06:30:00,86982.0,87094.0,86919.0,87092.0,160.36498
2025-12-19 06:45:00,87091.0,87446.0,87031.0,87446.0,211.13372
2025-12-19 07:00:00,87446.0,88355.0,87440.0,88110.0,1522.03681
2025-12-19 07:15:00,88110.0,88190.0,87788.0,87912.0,683.43454
2025-12-19 07:30:00,87911.0,87933.0,87701.0,87750.0,378.97844
2025-12-19 07:45:00,87753.0,87964.0,87731.0,87912.0,299.79041
2025-12-19 08:00:00,87912.0,88091.0,87810.0,87924.0,279.36753
2025-12-19 08:15:00,87924.0,87969.0,87697.0,87698.0,228.78828
2025-12-19 08:30:00,87698.0,88129.0,87696.0,87893.0,396.83345
2025-12-19 08:45:00,87894.0,88198.0,87893.0,88075.0,237.29844
2025-12-19 09:00:00,88074.0,88076.0,87906.0,87906.0,228.31832
2025-12-19 09:15:00,87905.0,88050.0,87858.0,87992.0,52.13379
2025-12-19 09:30:00,87990.0,88124.0,87922.0,87990.0,93.31706
2025-12-19 09:45:00,87989.0,88075.0,87955.0,88075.0,142.25518
2025-12-19 10:00:00,88073.0,88278.0,87997.0,88145.0,318.52407
2025-12-19 10:15:00,88147.0,88216.0,87888.0,87920.0,878.24127
2025-12-19 10:30:00,87921.0,88090.0,87893.0,88020.0,200.76686
2025-12-19 10:45:00,88019.0,88292.0,88019.0,88226.0,228.42164
2025-12-19 11:00:00,88226.0,88348.0,88102.0,88306.0,573.51957
2025-12-19 11:15:00,88305.0,88346.0,88147.0,88255.0,143.4433
2025-12-19 11:30:00,88254.0,88325.0,88136.0,88246.0,139.1688
2025-12-19 11:45:00,88247.0,88292.0,88139.0,88144.0,358.65713
2025-12-19 12:00:00,88144.0,88228.0,87861.0,88176.0,514.60768
2025-12-19 12:15:00,88174.0,88235.0,87955.0,87975.0,431.02061
2025-12-19 12:30:00,87975.0,88025.0,87925.0,87992.0,219.17625
2025-12-19 12:45:00,87993.0,88099.0,87786.0,87813.0,376.4357
2025-12-19 13:00:00,87815.0,88006.0,87815.0,87969.0,203.99643
2025-12-19 13:15:00,87969.0,88005.0,87875.0,88002.0,84.68494
2025-12-19 13:30:00,88002.0,88171.0,87795.0,88055.0,310.42864
2025-12-19 13:45:00,88056.0,88066.0,87860.0,87954.0,350.73262
2025-12-19 14:00:00,87955.0,88159.0,87883.0,88120.0,241.16211
2025-12-19 14:15:00,88119.0,88333.0,87808.0,87978.0,594.92738
2025-12-19 14:30:00,87978.0,88544.0,87489.0,88476.0,1770.50305
2025-12-19 14:45:00,88478.0,88478.0,87864.0,88130.0,1272.58137
2025-12-19 15:00:00,88129.0,88789.0,87924.0,88727.0,1591.07375
2025-12-19 15:15:00,88727.0,89381.0,88016.0,88146.0,3235.18269
2025-12-19 15:30:00,88145.0,88357.0,87889.0,87996.0,668.56597
2025-12-19 15:45:00,87996.0,88034.0,87628.0,87913.0,674.93859
2025-12-19 16:00:00,87913.0,88467.0,87838.0,88346.0,805.31801
2025-12-19 16:15:00,88346.0,88432.0,88209.0,88383.0,251.83414
2025-12-19 16:30:00,88384.0,88878.0,88344.0,88464.0,589.17134
2025-12-19 16:45:00,88464.0,88482.0,87829.0,87925.0,611.9089
2025-12-19 17:00:00,87925.0,88249.0,87834.0,88046.0,577.8029
2025-12-19 17:15:00,88046.0,88292.0,87556.0,87558.0,678.15631
2025-12-19 17:30:00,87558.0,87643.0,86661.0,87057.0,2619.20186
2025-12-19 17:45:00,87057.0,87385.0,86759.0,86880.0,938.905
2025-12-19 18:00:00,86881.0,87203.0,86780.0,87130.0,469.76333
2025-12-19 18:15:00,87130.0,87400.0,86984.0,87285.0,288.87238
2025-12-19 18:30:00,87285.0,87292.0,86881.0,86956.0,224.32356
2025-12-19 18:45:00,86956.0,87263.0,86869.0,87098.0,724.93258
2025-12-19 19:00:00,87099.0,87352.0,87084.0,87230.0,203.96204
2025-12-19 19:15:00,87232.0,87756.0,87232.0,87592.0,756.28328
2025-12-19 19:30:00,87591.0,87964.0,87531.0,87911.0,518.88842
2025-12-19 19:45:00,87911.0,88065.0,87749.0,87786.0,298.61855
2025-12-19 20:00:00,87787.0,87909.0,87544.0,87728.0,311.79762
2025-12-19 20:15:00,87729.0,88151.0,87638.0,87990.0,606.21552
2025-12-19 20:30:00,87990.0,88398.0,87844.0,88023.0,725.87234
2025-12-19 20:45:00,88023.0,88344.0,87911.0,87989.0,213.30091
2025-12-19 21:00:00,87990.0,88051.0,87860.0,87876.0,247.32939
2025-12-19 21:15:00,87875.0,88046.0,87848.0,87938.0,211.44089
2025-12-19 21:30:00,87939.0,88019.0,87857.0,87857.0,57.53211
2025-12-19 21:45:00,87858.0,87900.0,87756.0,87784.0,271.08607
2025-12-19 22:00:00,87785.0,88173.0,87785.0,87996.0,366.87212
2025-12-19 22:15:00,87996.0,88269.0,87996.0,88170.0,124.81336
2025-12-19 22:30:00,88171.0,88342.0,88105.0,88339.0,61.13018
2025-12-19 22:45:00,88339.0,88383.0,88178.0,88297.0,110.64768
2025-12-19 23:00:00,88297.0,88320.0,88213.0,88226.0,96.33823
2025-12-19 23:15:00,88226.0,88319.0,88209.0,88283.0,54.36998
2025-12-19 23:30:00,88283.0,88284.0,88110.0,88183.0,154.92783
2025-12-19 23:45:00,88182.0,88183.0,88092.0,88092.0,47.95558
2025-12-20 00:00:00,88093.0,88125.0,87968.0,88076.0,131.64261
2025-12-20 00:15:00,88074.0,88139.0,88030.0,88135.0,138.13906
2025-12-20 00:30:00,88136.0,88140.0,88013.0,88031.0,138.43353
2025-12-20 00:45:00,88031.0,88061.0,87908.0,87950.0,137.18845
2025-12-20 01:00:00,87951.0,88066.0,87950.0,88044.0,126.55578
2025-12-20 01:15:00,88044.0,88124.0,88044.0,88094.0,93.25478
2025-12-20 01:30:00,88095.0,88095.0,88008.0,88008.0,47.10425
2025-12-20 01:45:00,88008.0,88085.0,88008.0,88025.0,14.0632
2025-12-20 02:00:00,88026.0,88035.0,87936.0,88000.0,264.25826
2025-12-20 02:15:00,88000.0,88088.0,88000.0,88066.0,83.04275
2025-12-20 02:30:00,88067.0,88267.0,88061.0,88267.0,97.28279
2025-12-20 02:45:00,88268.0,88268.0,88132.0,88160.0,60.10267
2025-12-20 03:00:00,88161.0,88208.0,88117.0,88124.0,35.55657
2025-12-20 03:15:00,88125.0,88267.0,88124.0,88257.0,136.45572
2025-12-20 03:30:00,88257.0,88289.0,88242.0,88244.0,61.04174
2025-12-20 03:45:00,88244.0,88245.0,88162.0,88162.0,126.38281
2025-12-20 04:00:00,88162.0,88193.0,88053.0,88083.0,272.29912
2025-12-20 04:15:00,88083.0,88175.0,88081.0,88173.0,40.71235
2025-12-20 04:30:00,88172.0,88260.0,88165.0,88225.0,98.23912
2025-12-20 04:45:00,88225.0,88288.0,88194.0,88249.0,104.61414
2025-12-20 05:00:00,88248.0,88310.0,88227.0,88300.0,47.09892
2025-12-20 05:15:00,88301.0,88440.0,88297.0,88355.0,227.06421
2025-12-20 05:30:00,88355.0,88525.0,88331.0,88470.0,151.40702
2025-12-20 05:45:00,88470.0,88470.0,88252.0,88253.0,140.7061
2025-12-20 06:00:00,88252.0,88416.0,88234.0,88391.0,101.30782
2025-12-20 06:15:00,88390.0,88391.0,88309.0,88310.0,27.64336
2025-12-20 06:30:00,88310.0,88310.0,88253.0,88259.0,28.54962
2025-12-20 06:45:00,88260.0,88290.0,88232.0,88258.0,24.57731
2025-12-20 07:00:00,88260.0,88282.0,88181.0,88242.0,39.84764
2025-12-20 07:15:00,88243.0,88258.0,88137.0,88180.0,40.14591
2025-12-20 07:30:00,88180.0,88216.0,88139.0,88148.0,32.58307
2025-12-20 07:45:00,88146.0,88233.0,88135.0,88233.0,84.72489
2025-12-20 08:00:00,88232.0,88330.0,88226.0,88269.0,43.76309
2025-12-20 08:15:00,88269.0,88371.0,88269.0,88311.0,79.97206
2025-12-20 08:30:00,88311.0,88392.0,88300.0,88305.0,51.83317
2025-12-20 08:45:00,88304.0,88305.0,88214.0,88214.0,41.27974
2025-12-20 09:00:00,88214.0,88269.0,88175.0,88250.0,57.74449
2025-12-20 09:15:00,88251.0,88298.0,88250.0,88255.0,20.96723
2025-12-20 09:30:00,88255.0,88285.0,88193.0,88215.0,139.57018
2025-12-20 09:45:00,88215.0,88218.0,88169.0,88173.0,37.25788
2025-12-20 10:00:00,88173.0,88220.0,88140.0,88208.0,176.35883
2025-12-20 10:15:00,88209.0,88209.0,88081.0,88102.0,199.89156
2025-12-20 10:30:00,88103.0,88146.0,88101.0,88130.0,79.3313
2025-12-20 10:45:00,88140.0,88165.0,88094.0,88114.0,48.53411
2025-12-20 11:00:00,88114.0,88117.0,88046.0,88093.0,40.1925
2025-12-20 11:15:00,88092.0,88267.0,88080.0,88193.0,40.19683
2025-12-20 11:30:00,88190.0,88248.0,88179.0,88221.0,35.66002
2025-12-20 11:45:00,88221.0,88250.0,88205.0,88228.0,10.01367
2025-12-20 12:00:00,88228.0,88293.0,88199.0,88220.0,20.47818
2025-12-20 12:15:00,88220.0,88220.0,88171.0,88172.0,24.17319
2025-12-20 12:30:00,88171.0,88173.0,88142.0,88160.0,61.27386
2025-12-20 12:45:00,88160.0,88219.0,88145.0,88201.0,38.76617
2025-12-20 13:00:00,88201.0,88302.0,88061.0,88094.0,325.99964
2025-12-20 13:15:00,88093.0,88113.0,87715.0,87964.0,282.54769
2025-12-20 13:30:00,87964.0,88145.0,87946.0,88144.0,72.95933
2025-12-20 13:45:00,88145.0,88239.0,88139.0,88226.0,265.81484
2025-12-20 14:00:00,88225.0,88226.0,87949.0,88037.0,334.49994
2025-12-20 14:15:00,88036.0,88063.0,88014.0,88046.0,27.58412
2025-12-20 14:30:00,88046.0,88140.0,88046.0,88128.0,92.77284
2025-12-20 14:45:00,88127.0,88279.0,88127.0,88208.0,498.54638
2025-12-20 15:00:00,88207.0,88216.0,88135.0,88150.0,76.90194
2025-12-20 15:15:00,88150.0,88174.0,87964.0,88057.0,156.85846
2025-12-20 15:30:00,88057.0,88127.0,88049.0,88113.0,95.12869
2025-12-20 15:45:00,88113.0,88145.0,88112.0,88131.0,22.58641
2025-12-20 16:00:00,88130.0,88191.0,88114.0,88145.0,27.65334
2025-12-20 16:15:00,88145.0,88176.0,88129.0,88137.0,117.35354
2025-12-20 16:30:00,88137.0,88137.0,88071.0,88076.0,64.42768
2025-12-20 16:45:00,88076.0,88124.0,88068.0,88113.0,63.69462
2025-12-20 17:00:00,88113.0,88186.0,88044.0,88116.0,77.12526
2025-12-20 17:15:00,88117.0,88214.0,88113.0,88184.0,64.62424
2025-12-20 17:30:00,88183.0,88184.0,88131.0,88157.0,19.31345
2025-12-20 17:45:00,88157.0,88194.0,88131.0,88135.0,53.33839
2025-12-20 18:00:00,88135.0,88160.0,88113.0,88122.0,13.81968
2025-12-20 18:15:00,88122.0,88161.0,88121.0,88159.0,50.13886
2025-12-20 18:30:00,88160.0,88166.0,88144.0,88144.0,8.72258
2025-12-20 18:45:00,88145.0,88392.0,88142.0,88267.0,107.13237
2025-12-20 19:00:00,88267.0,88289.0,88179.0,88254.0,71.46786
2025-12-20 19:15:00,88254.0,88254.0,88206.0,88221.0,32.85191
2025-12-20 19:30:00,88220.0,88220.0,88184.0,88197.0,10.93989
2025-12-20 19:45:00,88196.0,88197.0,88161.0,88189.0,22.5246
2025-12-20 20:00:00,88189.0,88227.0,88175.0,88220.0,58.16304
2025-12-20 20:15:00,88220.0,88246.0,88212.0,88216.0,14.94432
2025-12-20 20:30:00,88215.0,88274.0,88194.0,88195.0,8.3858
2025-12-20 20:45:00,88194.0,88242.0,88194.0,88242.0,69.28731
2025-12-20 21:00:00,88242.0,88292.0,88239.0,88261.0,79.80497
2025-12-20 21:15:00,88261.0,88404.0,88261.0,88266.0,52.05416
2025-12-20 21:30:00,88266.0,88273.0,88253.0,88254.0,12.34375
2025-12-20 21:45:00,88254.0,88254.0,88150.0,88169.0,59.43134
2025-12-20 22:00:00,88169.0,88208.0,88116.0,88135.0,36.39197
2025-12-20 22:15:00,88135.0,88187.0,88097.0,88175.0,56.16125
2025-12-20 22:30:00,88174.0,88252.0,88174.0,88222.0,29.44476
2025-12-20 22:45:00,88222.0,88299.0,88217.0,88238.0,101.5981
2025-12-20 23:00:00,88237.0,88290.0,88222.0,88288.0,109.31383
2025-12-20 23:15:00,88288.0,88325.0,88221.0,88243.0,168.69867
2025-12-20 23:30:00,88242.0,88287.0,88242.0,88287.0,79.16672
2025-12-20 23:45:00,88286.0,88384.0,88274.0,88317.0,205.59461
2025-12-21 00:00:00,88317.0,88360.0,88269.0,88286.0,34.87643
2025-12-21 00:15:00,88286.0,88378.0,88286.0,88376.0,32.42436
2025-12-21 00:30:00,88375.0,88383.0,88274.0,88295.0,50.58524
2025-12-21 00:45:00,88296.0,88356.0,88287.0,88356.0,29.7063
2025-12-21 01:00:00,88354.0,88354.0,88262.0,88265.0,19.69336
2025-12-21 01:15:00,88266.0,88281.0,88241.0,88241.0,35.09375
2025-12-21 01:30:00,88241.0,88241.0,88012.0,88051.0,206.67539
2025-12-21 01:45:00,88051.0,88113.0,87975.0,87975.0,228.23641
2025-12-21 02:00:00,87976.0,88108.0,87959.0,87985.0,49.47227
2025-12-21 02:15:00,87984.0,87984.0,87828.0,87914.0,171.02122
2025-12-21 02:30:00,87914.0,88003.0,87893.0,87906.0,33.72056
2025-12-21 02:45:00,87905.0,87989.0,87844.0,87903.0,82.80411
2025-12-21 03:00:00,87904.0,88060.0,87903.0,87990.0,134.84771
2025-12-21 03:15:00,87989.0,88121.0,87988.0,88039.0,241.72487
2025-12-21 03:30:00,88039.0,88093.0,88009.0,88009.0,20.66202
2025-12-21 03:45:00,88009.0,88035.0,88009.0,88035.0,11.82032
2025-12-21 04:00:00,88035.0,88106.0,88019.0,88041.0,16.47058
2025-12-21 04:15:00,88041.0,88090.0,88041.0,88083.0,9.54205
2025-12-21 04:30:00,88084.0,88094.0,88042.0,88047.0,19.86496
2025-12-21 04:45:00,88046.0,88047.0,88006.0,88032.0,10.41006
2025-12-21 05:00:00,88032.0,88076.0,88015.0,88076.0,7.9261
2025-12-21 05:15:00,88075.0,88109.0,88025.0,88098.0,54.60053
2025-12-21 05:30:00,88097.0,88101.0,88077.0,88083.0,29.50732
2025-12-21 05:45:00,88083.0,88106.0,88052.0,88096.0,27.81763
2025-12-21 06:00:00,88096.0,88166.0,88078.0,88142.0,50.21584
2025-12-21 06:15:00,88141.0,88162.0,88110.0,88130.0,34.37216
2025-12-21 06:30:00,88130.0,88134.0,88076.0,88076.0,13.96845
2025-12-21 06:45:00,88076.0,88092.0,88024.0,88050.0,164.20101
2025-12-21 07:00:00,88049.0,88115.0,88049.0,88072.0,17.58494
2025-12-21 07:15:00,88072.0,88094.0,88069.0,88070.0,15.90448
2025-12-21 07:30:00,88070.0,88086.0,88011.0,88019.0,12.84647
2025-12-21 07:45:00,88018.0,88143.0,88018.0,88137.0,37.20743
2025-12-21 08:00:00,88137.0,88153.0,88104.0,88110.0,37.08673
2025-12-21 08:15:00,88110.0,88221.0,88108.0,88221.0,12.90061
2025-12-21 08:30:00,88220.0,88699.0,88204.0,88564.0,346.74058
2025-12-21 08:45:00,88564.0,88612.0,88429.0,88500.0,156.73052
2025-12-21 09:00:00,88499.0,88749.0,88462.0,88641.0,141.60944
2025-12-21 09:15:00,88642.0,88750.0,88609.0,88609.0,79.36832
2025-12-21 09:30:00,88609.0,88889.0,88609.0,88792.0,227.41662
2025-12-21 09:45:00,88792.0,89048.0,88792.0,88843.0,302.96886
2025-12-21 10:00:00,88842.0,88928.0,88735.0,88743.0,98.07377
2025-12-21 10:15:00,88744.0,88809.0,88678.0,88718.0,82.94398
2025-12-21 10:30:00,88715.0,88772.0,88551.0,88691.0,223.64475
2025-12-21 10:45:00,88690.0,88691.0,88565.0,88622.0,87.14612
2025-12-21 11:00:00,88626.0,88639.0,88552.0,88607.0,34.27825
2025-12-21 11:15:00,88606.0,88716.0,88576.0,88653.0,95.50466
2025-12-21 11:30:00,88653.0,88656.0,88569.0,88573.0,118.90352
2025-12-21 11:45:00,88572.0,88609.0,88552.0,88563.0,71.44834
2025-12-21 12:00:00,88563.0,88740.0,88560.0,88718.0,135.07568
2025-12-21 12:15:00,88717.0,88890.0,88717.0,88788.0,113.25586
2025-12-21 12:30:00,88788.0,88887.0,88520.0,88530.0,112.372
2025-12-21 12:45:00,88530.0,88604.0,88423.0,88592.0,231.8575
2025-12-21 13:00:00,88593.0,88677.0,88208.0,88309.0,469.00435
2025-12-21 13:15:00,88308.0,88308.0,88157.0,88171.0,172.77797
2025-12-21 13:30:00,88171.0,88178.0,87700.0,87888.0,763.93233
2025-12-21 13:45:00,87888.0,87889.0,87600.0,87650.0,606.69795
2025-12-21 14:00:00,87650.0,88113.0,87597.0,87850.0,479.24884
2025-12-21 14:15:00,87850.0,87979.0,87761.0,87872.0,111.53134
2025-12-21 14:30:00,87873.0,88022.0,87788.0,88016.0,167.92585
2025-12-21 14:45:00,88015.0,88047.0,87931.0,88028.0,48.23655
2025-12-21 15:00:00,88028.0,88045.0,87877.0,87921.0,31.5239
2025-12-21 15:15:00,87919.0,87931.0,87761.0,87862.0,69.02372
2025-12-21 15:30:00,87862.0,88065.0,87862.0,87962.0,60.4385
2025-12-21 15:45:00,87962.0,88220.0,87941.0,88038.0,98.24114
2025-12-21 16:00:00,88037.0,88125.0,87958.0,88024.0,81.72905
2025-12-21 16:15:00,88024.0,88310.0,87944.0,88183.0,89.31433
2025-12-21 16:30:00,88184.0,88224.0,88138.0,88148.0,96.82889
2025-12-21 16:45:00,88148.0,88322.0,88146.0,88315.0,67.77117
2025-12-21 17:00:00,88315.0,88396.0,88294.0,88375.0,257.82985
2025-12-21 17:15:00,88375.0,88444.0,88243.0,88278.0,160.90444
2025-12-21 17:30:00,88279.0,88353.0,88248.0,88351.0,109.87097
2025-12-21 17:45:00,88350.0,88361.0,88253.0,88292.0,27.18313
2025-12-21 18:00:00,88291.0,88291.0,87899.0,87937.0,539.92228
2025-12-21 18:15:00,87937.0,88086.0,87925.0,88083.0,30.94238
2025-12-21 18:30:00,88083.0,88265.0,88077.0,88240.0,71.59949
2025-12-21 18:45:00,88239.0,88429.0,88230.0,88415.0,594.79574
2025-12-21 19:00:00,88415.0,88475.0,88300.0,88347.0,134.13189
2025-12-21 19:15:00,88346.0,88352.0,88296.0,88323.0,17.57525
2025-12-21 19:30:00,88319.0,88394.0,88176.0,88384.0,46.72665
2025-12-21 19:45:00,88383.0,88570.0,88331.0,88456.0,167.31604
2025-12-21 20:00:00,88456.0,88472.0,88281.0,88282.0,196.99718
2025-12-21 20:15:00,88282.0,88300.0,88242.0,88259.0,72.80889
2025-12-21 20:30:00,88259.0,88288.0,88240.0,88269.0,38.94046
2025-12-21 20:45:00,88270.0,88270.0,88195.0,88203.0,101.40381
2025-12-21 21:00:00,88203.0,88245.0,88152.0,88233.0,46.63251
2025-12-21 21:15:00,88234.0,88339.0,88233.0,88312.0,16.877
2025-12-21 21:30:00,88311.0,88338.0,88175.0,88194.0,37.24072
2025-12-21 21:45:00,88195.0,88210.0,88044.0,88117.0,299.48109
2025-12-21 22:00:00,88117.0,88343.0,88085.0,88333.0,130.00904
2025-12-21 22:15:00,88333.0,88446.0,88202.0,88326.0,481.46717
2025-12-21 22:30:00,88326.0,88411.0,88253.0,88348.0,176.50185
2025-12-21 22:45:00,88344.0,88480.0,88331.0,88434.0,295.08458
2025-12-21 23:00:00,88435.0,88801.0,88435.0,88495.0,810.54608
2025-12-21 23:15:00,88493.0,88607.0,88420.0,88421.0,323.6211
2025-12-21 23:30:00,88420.0,88548.0,88331.0,88445.0,96.0822
2025-12-21 23:45:00,88445.0,88629.0,88444.0,88607.0,195.43976
2025-12-22 00:00:00,88608.0,89458.0,88607.0,89432.0,1237.03339
2025-12-22 00:15:00,89433.0,89595.0,88753.0,88970.0,671.10095
2025-12-22 00:30:00,88970.0,89271.0,88800.0,89090.0,576.4564
2025-12-22 00:45:00,89092.0,89197.0,88580.0,88583.0,683.15225
2025-12-22 01:00:00,88582.0,88992.0,88491.0,88931.0,544.1177
2025-12-22 01:15:00,88931.0,89095.0,88917.0,88973.0,134.88998
2025-12-22 01:30:00,88973.0,89238.0,88972.0,89047.0,232.28446
2025-12-22 01:45:00,89045.0,89110.0,88489.0,88581.0,438.22645
2025-12-22 02:00:00,88583.0,88609.0,87829.0,88156.0,944.25803
2025-12-22 02:15:00,88153.0,88402.0,88054.0,88286.0,375.45624
2025-12-22 02:30:00,88286.0,88495.0,88251.0,88338.0,167.84286
2025-12-22 02:45:00,88339.0,88520.0,88339.0,88425.0,233.67391
2025-12-22 03:00:00,88425.0,88599.0,88237.0,88542.0,656.62036
2025-12-22 03:15:00,88542.0,88824.0,88542.0,88735.0,130.30869
2025-12-22 03:30:00,88737.0,88789.0,88575.0,88679.0,93.73134
2025-12-22 03:45:00,88678.0,88779.0,88655.0,88738.0,90.61722
2025-12-22 04:00:00,88739.0,88804.0,88683.0,88752.0,201.27945
2025-12-22 04:15:00,88753.0,88992.0,88746.0,88920.0,260.96683
2025-12-22 04:30:00,88920.0,88972.0,88772.0,88955.0,117.87056
2025-12-22 04:45:00,88956.0,88997.0,88831.0,88868.0,197.61885
2025-12-22 05:00:00,88869.0,88963.0,88797.0,88797.0,81.64711
2025-12-22 05:15:00,88797.0,88861.0,88736.0,88762.0,79.49671
2025-12-22 05:30:00,88764.0,88971.0,88746.0,88886.0,54.14633
2025-12-22 05:45:00,88886.0,88964.0,88777.0,88800.0,91.54641
2025-12-22 06:00:00,88800.0,88833.0,88698.0,88711.0,69.62571
2025-12-22 06:15:00,88710.0,88876.0,88710.0,88807.0,73.63849
2025-12-22 06:30:00,88806.0,88981.0,88802.0,88942.0,134.08912
2025-12-22 06:45:00,88943.0,88963.0,88850.0,88880.0,152.84403
2025-12-22 07:00:00,88879.0,89168.0,88860.0,89118.0,308.24676
2025-12-22 07:15:00,89119.0,89130.0,89025.0,89085.0,114.00426
2025-12-22 07:30:00,89084.0,89173.0,89050.0,89121.0,40.66621
2025-12-22 07:45:00,89120.0,89167.0,88994.0,89155.0,271.36684
2025-12-22 08:00:00,89155.0,89259.0,89076.0,89166.0,176.37992
2025-12-22 08:15:00,89165.0,89888.0,89165.0,89786.0,723.30879
2025-12-22 08:30:00,89786.0,89900.0,89547.0,89716.0,503.7048
2025-12-22 08:45:00,89715.0,89733.0,89208.0,89298.0,516.49893
2025-12-22 09:00:00,89298.0,89486.0,89266.0,89304.0,132.28134
2025-12-22 09:15:00,89305.0,89600.0,89294.0,89558.0,184.47871
2025-12-22 09:30:00,89555.0,89691.0,89454.0,89581.0,119.05204
2025-12-22 09:45:00,89581.0,89795.0,89545.0,89795.0,151.68173
2025-12-22 10:00:00,89795.0,89843.0,89590.0,89650.0,68.32724
2025-12-22 10:15:00,89650.0,89798.0,89637.0,89673.0,118.45424
2025-12-22 10:30:00,89673.0,89825.0,89673.0,89784.0,40.91324
2025-12-22 10:45:00,89785.0,89816.0,89743.0,89744.0,82.12576
2025-12-22 11:00:00,89743.0,89850.0,89684.0,89750.0,61.46399
2025-12-22 11:15:00,89750.0,89851.0,89614.0,89807.0,188.19179
2025-12-22 11:30:00,89808.0,90041.0,89735.0,89835.0,444.10007
2025-12-22 11:45:00,89834.0,90067.0,89829.0,89909.0,213.02111
2025-12-22 12:00:00,89909.0,90070.0,89821.0,90023.0,287.08918
2025-12-22 12:15:00,90024.0,90269.0,90024.0,90269.0,461.50385
2025-12-22 12:30:00,90268.0,90553.0,90026.0,90124.0,660.78669
2025-12-22 12:45:00,90123.0,90260.0,90039.0,90175.0,288.61037
2025-12-22 13:00:00,90176.0,90289.0,90024.0,90101.0,543.52518
2025-12-22 13:15:00,90103.0,90135.0,89954.0,90074.0,230.23008
2025-12-22 13:30:00,90074.0,90075.0,89694.0,89720.0,446.8058
2025-12-22 13:45:00,89720.0,89930.0,89720.0,89870.0,368.41592
2025-12-22 14:00:00,89870.0,90089.0,89865.0,89940.0,548.3902
2025-12-22 14:15:00,89939.0,90136.0,89914.0,89914.0,607.50842
2025-12-22 14:30:00,89914.0,90155.0,89350.0,89795.0,1602.19343
2025-12-22 14:45:00,89795.0,90256.0,89688.0,90077.0,1905.14309
2025-12-22 15:00:00,90078.0,90385.0,89566.0,89571.0,1419.66291
2025-12-22 15:15:00,89571.0,89799.0,89140.0,89573.0,738.62506
2025-12-22 15:30:00,89573.0,89620.0,89162.0,89366.0,1413.50593
2025-12-22 15:45:00,89367.0,89854.0,89236.0,89687.0,785.96673
2025-12-22 16:00:00,89687.0,89916.0,89614.0,89776.0,330.6438
2025-12-22 16:15:00,89775.0,90077.0,89775.0,90035.0,280.45558
2025-12-22 16:30:00,90034.0,90034.0,89482.0,89540.0,878.43431
2025-12-22 16:45:00,89551.0,89735.0,89513.0,89514.0,182.14757
2025-12-22 17:00:00,89513.0,89527.0,89000.0,89240.0,791.30093
2025-12-22 17:15:00,89242.0,89340.0,89043.0,89302.0,484.43998
2025-12-22 17:30:00,89299.0,89478.0,89202.0,89272.0,316.62283
2025-12-22 17:45:00,89272.0,89364.0,89152.0,89268.0,138.14872
2025-12-22 18:00:00,89268.0,89422.0,89198.0,89331.0,67.01024
2025-12-22 18:15:00,89332.0,89476.0,89211.0,89421.0,80.2923
2025-12-22 18:30:00,89422.0,89460.0,89281.0,89380.0,90.79072
2025-12-22 18:45:00,89380.0,89432.0,89097.0,89098.0,162.05432
2025-12-22 19:00:00,89098.0,89107.0,88604.0,88672.0,1239.79021
2025-12-22 19:15:00,88672.0,88825.0,88462.0,88482.0,480.94826
2025-12-22 19:30:00,88481.0,88574.0,88246.0,88308.0,801.48915
2025-12-22 19:45:00,88308.0,88314.0,87916.0,88014.0,578.22385
2025-12-22 20:00:00,88014.0,88222.0,87891.0,88119.0,472.75104
2025-12-22 20:15:00,88119.0,88135.0,87863.0,88027.0,385.96516
2025-12-22 20:30:00,88027.0,88300.0,88001.0,88300.0,425.33418
2025-12-22 20:45:00,88300.0,88435.0,88097.0,88318.0,302.91579
2025-12-22 21:00:00,88311.0,88458.0,88264.0,88294.0,124.56702
2025-12-22 21:15:00,88295.0,88404.0,88280.0,88400.0,68.93408
2025-12-22 21:30:00,88399.0,88578.0,88393.0,88523.0,208.03836
2025-12-22 21:45:00,88523.0,88524.0,88175.0,88232.0,498.08801
2025-12-22 22:00:00,88226.0,88342.0,88106.0,88225.0,173.23472
2025-12-22 22:15:00,88225.0,88382.0,88224.0,88381.0,177.51077
2025-12-22 22:30:00,88382.0,88413.0,88251.0,88323.0,128.71383
2025-12-22 22:45:00,88322.0,88744.0,88322.0,88614.0,421.48803
2025-12-22 23:00:00,88615.0,88655.0,88461.0,88592.0,136.50987
2025-12-22 23:15:00,88592.0,88615.0,88485.0,88605.0,418.85583
2025-12-22 23:30:00,88605.0,88606.0,88389.0,88455.0,171.17225
2025-12-22 23:45:00,88454.0,88573.0,88369.0,88573.0,81.60729
2025-12-23 00:00:00,88567.0,88567.0,88432.0,88497.0,71.58831
2025-12-23 00:15:00,88497.0,88667.0,88489.0,88579.0,250.47311
2025-12-23 00:30:00,88578.0,88893.0,88533.0,88692.0,588.16327
2025-12-23 00:45:00,88692.0,88789.0,88632.0,88730.0,125.95
2025-12-23 01:00:00,88729.0,88844.0,88560.0,88560.0,928.33961
2025-12-23 01:15:00,88559.0,88635.0,88513.0,88541.0,70.56445
2025-12-23 01:30:00,88540.0,88610.0,88371.0,88440.0,192.96803
2025-12-23 01:45:00,88440.0,88503.0,88406.0,88457.0,94.9839
2025-12-23 02:00:00,88456.0,88599.0,88248.0,88523.0,308.7119
2025-12-23 02:15:00,88521.0,88704.0,88521.0,88652.0,231.10415
2025-12-23 02:30:00,88653.0,88697.0,88220.0,88220.0,355.94727
2025-12-23 02:45:00,88220.0,88267.0,88047.0,88151.0,344.05414
2025-12-23 03:00:00,88152.0,88169.0,87714.0,88089.0,875.68125
2025-12-23 03:15:00,88088.0,88227.0,88019.0,88177.0,240.01318
2025-12-23 03:30:00,88177.0,88314.0,88116.0,88276.0,95.99495
2025-12-23 03:45:00,88277.0,88277.0,88116.0,88152.0,36.62933
2025-12-23 04:00:00,88152.0,88322.0,88030.0,88269.0,383.21928
2025-12-23 04:15:00,88268.0,88330.0,88208.0,88223.0,78.70971
2025-12-23 04:30:00,88223.0,88223.0,88015.0,88089.0,111.30191
2025-12-23 04:45:00,88089.0,88099.0,87888.0,87888.0,84.27897
2025-12-23 05:00:00,87888.0,87944.0,87789.0,87852.0,179.13129
2025-12-23 05:15:00,87852.0,87984.0,87825.0,87972.0,98.86116
2025-12-23 05:30:00,87972.0,87972.0,87600.0,87738.0,811.61223
2025-12-23 05:45:00,87739.0,87804.0,87600.0,87741.0,565.02927
2025-12-23 06:00:00,87742.0,87742.0,87372.0,87500.0,640.05074
2025-12-23 06:15:00,87500.0,87565.0,87035.0,87178.0,513.18601
2025-12-23 06:30:00,87179.0,87309.0,87062.0,87259.0,200.33789
2025-12-23 06:45:00,87259.0,87446.0,87215.0,87362.0,111.21318
2025-12-23 07:00:00,87362.0,87505.0,87340.0,87400.0,164.38038
2025-12-23 07:15:00,87401.0,87567.0,87356.0,87553.0,127.12323
2025-12-23 07:30:00,87554.0,87587.0,87474.0,87482.0,46.66412
2025-12-23 07:45:00,87483.0,87666.0,87482.0,87534.0,163.79377
2025-12-23 08:00:00,87534.0,87610.0,87473.0,87559.0,51.94714
2025-12-23 08:15:00,87557.0,87663.0,87508.0,87582.0,77.57354
2025-12-23 08:30:00,87582.0,87648.0,87559.0,87572.0,76.86856
2025-12-23 08:45:00,87573.0,87589.0,87397.0,87433.0,114.1421
2025-12-23 09:00:00,87434.0,87574.0,87425.0,87529.0,85.02413
2025-12-23 09:15:00,87529.0,87581.0,87335.0,87397.0,81.31445
2025-12-23 09:30:00,87398.0,87445.0,87270.0,87444.0,95.74917
2025-12-23 09:45:00,87445.0,87543.0,87435.0,87487.0,28.80795
2025-12-23 10:00:00,87488.0,87580.0,87463.0,87519.0,114.54465
2025-12-23 10:15:00,87519.0,87610.0,87503.0,87576.0,31.83266
2025-12-23 10:30:00,87577.0,87597.0,87486.0,87567.0,114.65687
2025-12-23 10:45:00,87566.0,87625.0,87540.0,87575.0,233.08244
2025-12-23 11:00:00,87576.0,87680.0,87531.0,87656.0,156.05175
2025-12-23 11:15:00,87657.0,87872.0,87638.0,87733.0,806.13711
2025-12-23 11:30:00,87733.0,87815.0,87671.0,87793.0,217.4675
2025-12-23 11:45:00,87793.0,87837.0,87784.0,87825.0,209.56244
2025-12-23 12:00:00,87826.0,87944.0,87674.0,87796.0,524.50519
2025-12-23 12:15:00,87796.0,87796.0,87611.0,87620.0,177.99181
2025-12-23 12:30:00,87621.0,87871.0,87569.0,87859.0,128.3525
2025-12-23 12:45:00,87860.0,87916.0,87755.0,87755.0,190.21365
2025-12-23 13:00:00,87756.0,87765.0,87675.0,87747.0,247.31221
2025-12-23 13:15:00,87748.0,87874.0,87633.0,87813.0,420.10565
2025-12-23 13:30:00,87814.0,87867.0,87401.0,87691.0,759.28985
2025-12-23 13:45:00,87691.0,87691.0,87454.0,87590.0,321.07392
2025-12-23 14:00:00,87591.0,87809.0,87585.0,87726.0,750.32129
2025-12-23 14:15:00,87727.0,87730.0,87542.0,87617.0,119.87166
2025-12-23 14:30:00,87618.0,87732.0,87268.0,87424.0,703.33516
2025-12-23 14:45:00,87424.0,87424.0,86571.0,86850.0,2174.67925
2025-12-23 15:00:00,86850.0,87115.0,86688.0,86909.0,511.24787
2025-12-23 15:15:00,86910.0,87481.0,86910.0,87259.0,651.15366
2025-12-23 15:30:00,87260.0,87530.0,87225.0,87363.0,289.42836
2025-12-23 15:45:00,87364.0,87478.0,87226.0,87426.0,111.95913
2025-12-23 16:00:00,87427.0,88164.0,87303.0,87725.0,774.05217
2025-12-23 16:15:00,87725.0,88014.0,87725.0,87831.0,282.95555
2025-12-23 16:30:00,87832.0,87885.0,87652.0,87806.0,100.29931
2025-12-23 16:45:00,87806.0,88138.0,87793.0,87978.0,233.22663
2025-12-23 17:00:00,87978.0,88256.0,87833.0,87853.0,319.07897
2025-12-23 17:15:00,87853.0,88066.0,87724.0,87724.0,135.68851
2025-12-23 17:30:00,87724.0,87866.0,87653.0,87797.0,297.7351
2025-12-23 17:45:00,87798.0,87798.0,87140.0,87153.0,685.19117
2025-12-23 18:00:00,87152.0,87587.0,87148.0,87562.0,275.80906
2025-12-23 18:15:00,87563.0,87893.0,87538.0,87808.0,190.75011
2025-12-23 18:30:00,87807.0,88148.0,87759.0,88090.0,402.35695
2025-12-23 18:45:00,88089.0,88090.0,87866.0,87961.0,174.73327
2025-12-23 19:00:00,87960.0,88026.0,87764.0,87875.0,197.7742
2025-12-23 19:15:00,87876.0,88009.0,87627.0,87658.0,328.02329
2025-12-23 19:30:00,87657.0,87876.0,87635.0,87798.0,67.94258
2025-12-23 19:45:00,87797.0,87848.0,87655.0,87738.0,97.02121
2025-12-23 20:00:00,87738.0,87758.0,87503.0,87625.0,250.28318
2025-12-23 20:15:00,87625.0,87888.0,87625.0,87751.0,116.00569
2025-12-23 20:30:00,87751.0,88249.0,87676.0,88187.0,1112.48297
2025-12-23 20:45:00,88187.0,88355.0,87607.0,87693.0,1119.15167
2025-12-23 21:00:00,87692.0,87778.0,87535.0,87695.0,375.36073
2025-12-23 21:15:00,87695.0,87844.0,87641.0,87793.0,114.84343
2025-12-23 21:30:00,87793.0,87797.0,87647.0,87701.0,119.08024
2025-12-23 21:45:00,87702.0,87775.0,87627.0,87706.0,100.42129
2025-12-23 22:00:00,87706.0,87772.0,87375.0,87464.0,219.87269
2025-12-23 22:15:00,87463.0,87592.0,87382.0,87456.0,126.27987
2025-12-23 22:30:00,87456.0,87637.0,87222.0,87565.0,602.01076
2025-12-23 22:45:00,87562.0,87631.0,87322.0,87370.0,628.84449
2025-12-23 23:00:00,87370.0,87375.0,87181.0,87297.0,115.58725
2025-12-23 23:15:00,87297.0,87396.0,87151.0,87378.0,121.85795
2025-12-23 23:30:00,87378.0,87486.0,87363.0,87457.0,251.83631
2025-12-23 23:45:00,87457.0,87482.0,87400.0,87459.0,33.68481
2025-12-24 00:00:00,87459.0,87632.0,87340.0,87371.0,270.89707
2025-12-24 00:15:00,87370.0,87405.0,87231.0,87320.0,65.07581
2025-12-24 00:30:00,87320.0,87521.0,87241.0,87471.0,117.00956
2025-12-24 00:45:00,87470.0,87641.0,87470.0,87620.0,175.67074
2025-12-24 01:00:00,87620.0,87825.0,87581.0,87706.0,639.13142
2025-12-24 01:15:00,87706.0,87706.0,87617.0,87634.0,83.86523
2025-12-24 01:30:00,87633.0,87737.0,87454.0,87505.0,474.85911
2025-12-24 01:45:00,87505.0,87629.0,87473.0,87598.0,32.83775
2025-12-24 02:00:00,87596.0,87618.0,87290.0,87365.0,142.73589
2025-12-24 02:15:00,87365.0,87442.0,87317.0,87385.0,431.78159
2025-12-24 02:30:00,87384.0,87437.0,86978.0,87061.0,425.78722
2025-12-24 02:45:00,87061.0,87148.0,86909.0,87099.0,372.37574
2025-12-24 03:00:00,87098.0,87098.0,86835.0,87003.0,174.36392
2025-12-24 03:15:00,87003.0,87229.0,86983.0,87194.0,72.26207
2025-12-24 03:30:00,87195.0,87313.0,87194.0,87282.0,71.62081
2025-12-24 03:45:00,87283.0,87363.0,87264.0,87302.0,368.74624
2025-12-24 04:00:00,87303.0,87441.0,87280.0,87384.0,200.09473
2025-12-24 04:15:00,87384.0,87392.0,87268.0,87280.0,158.74654
2025-12-24 04:30:00,87280.0,87291.0,87160.0,87257.0,115.82537
2025-12-24 04:45:00,87257.0,87295.0,87053.0,87101.0,58.79337
2025-12-24 05:00:00,87101.0,87205.0,87030.0,87058.0,108.309
2025-12-24 05:15:00,87058.0,87222.0,87017.0,87126.0,54.24813
2025-12-24 05:30:00,87126.0,87129.0,86783.0,86798.0,167.79209
2025-12-24 05:45:00,86798.0,86978.0,86760.0,86921.0,70.13821
2025-12-24 06:00:00,86922.0,86958.0,86840.0,86840.0,59.5406
2025-12-24 06:15:00,86842.0,86985.0,86762.0,86941.0,38.02913
2025-12-24 06:30:00,86941.0,87020.0,86893.0,86989.0,91.06303
2025-12-24 06:45:00,86988.0,87032.0,86945.0,86980.0,50.31463
2025-12-24 07:00:00,86980.0,87037.0,86972.0,87020.0,31.87257
2025-12-24 07:15:00,87019.0,87044.0,86931.0,86963.0,47.2902
2025-12-24 07:30:00,86963.0,87142.0,86962.0,87117.0,103.45295
2025-12-24 07:45:00,87117.0,87148.0,86876.0,86877.0,93.72496
2025-12-24 08:00:00,86877.0,86975.0,86835.0,86946.0,150.6618
2025-12-24 08:15:00,86946.0,87046.0,86761.0,86901.0,183.93551
2025-12-24 08:30:00,86900.0,86925.0,86760.0,86903.0,40.47699
2025-12-24 08:45:00,86903.0,86940.0,86722.0,86755.0,73.77237
2025-12-24 09:00:00,86755.0,86842.0,86755.0,86842.0,152.77944
2025-12-24 09:15:00,86842.0,86855.0,86779.0,86816.0,166.56011
2025-12-24 09:30:00,86816.0,86821.0,86661.0,86775.0,715.32216
2025-12-24 09:45:00,86775.0,86862.0,86771.0,86789.0,65.6901
2025-12-24 10:00:00,86790.0,87094.0,86788.0,87048.0,987.29057
2025-12-24 10:15:00,87048.0,87095.0,87006.0,87026.0,119.67948
2025-12-24 10:30:00,87026.0,87157.0,87026.0,87095.0,213.07173
2025-12-24 10:45:00,87095.0,87187.0,87077.0,87077.0,193.95687
2025-12-24 11:00:00,87078.0,87322.0,87077.0,87290.0,257.40367
2025-12-24 11:15:00,87290.0,87351.0,87211.0,87212.0,95.19549
2025-12-24 11:30:00,87212.0,87263.0,87182.0,87219.0,53.98198
2025-12-24 11:45:00,87219.0,87272.0,87190.0,87191.0,56.79536
2025-12-24 12:00:00,87190.0,87302.0,87128.0,87293.0,155.16132
2025-12-24 12:15:00,87294.0,87375.0,87244.0,87306.0,211.29699
2025-12-24 12:30:00,87306.0,87441.0,87300.0,87408.0,191.16227
2025-12-24 12:45:00,87408.0,87490.0,87295.0,87413.0,312.51976
2025-12-24 13:00:00,87413.0,87429.0,87266.0,87286.0,150.17965
2025-12-24 13:15:00,87286.0,87339.0,87216.0,87253.0,90.51263
2025-12-24 13:30:00,87253.0,87317.0,87028.0,87166.0,298.41127
2025-12-24 13:45:00,87166.0,87313.0,87166.0,87275.0,197.65834
2025-12-24 14:00:00,87274.0,87443.0,87274.0,87396.0,176.23928
2025-12-24 14:15:00,87396.0,87408.0,87189.0,87235.0,280.64289
2025-12-24 14:30:00,87235.0,87269.0,86401.0,86976.0,1521.03956
2025-12-24 14:45:00,86975.0,87261.0,86746.0,86974.0,602.51908
2025-12-24 15:00:00,86974.0,87184.0,86868.0,86900.0,468.07354
2025-12-24 15:15:00,86898.0,86988.0,86565.0,86828.0,397.72126
2025-12-24 15:30:00,86830.0,87211.0,86829.0,87043.0,476.21253
2025-12-24 15:45:00,87041.0,87136.0,86924.0,87036.0,49.89221
2025-12-24 16:00:00,87036.0,87192.0,86966.0,87114.0,89.80413
2025-12-24 16:15:00,87114.0,87140.0,86905.0,86961.0,64.04968
2025-12-24 16:30:00,86960.0,87665.0,86960.0,87491.0,935.87906
2025-12-24 16:45:00,87492.0,87514.0,87190.0,87275.0,151.93548
2025-12-24 17:00:00,87275.0,87469.0,87266.0,87344.0,86.20103
2025-12-24 17:15:00,87342.0,87467.0,87305.0,87443.0,38.55297
2025-12-24 17:30:00,87442.0,87571.0,87306.0,87379.0,77.55587
2025-12-24 17:45:00,87379.0,87460.0,87236.0,87304.0,58.4769
2025-12-24 18:00:00,87304.0,87393.0,87230.0,87341.0,63.12368
2025-12-24 18:15:00,87339.0,87506.0,87333.0,87405.0,66.67901
2025-12-24 18:30:00,87404.0,87450.0,87384.0,87450.0,69.04466
2025-12-24 18:45:00,87449.0,87485.0,87415.0,87453.0,60.1445
2025-12-24 19:00:00,87453.0,87485.0,87384.0,87395.0,30.74275
2025-12-24 19:15:00,87394.0,87480.0,87337.0,87480.0,117.15276
2025-12-24 19:30:00,87480.0,87488.0,87444.0,87488.0,30.63592
2025-12-24 19:45:00,87487.0,87576.0,87485.0,87546.0,107.32984
2025-12-24 20:00:00,87546.0,87683.0,87544.0,87595.0,229.87911
2025-12-24 20:15:00,87594.0,87656.0,87594.0,87601.0,163.35621
2025-12-24 20:30:00,87600.0,87667.0,87581.0,87631.0,203.46408
2025-12-24 20:45:00,87630.0,87630.0,87506.0,87541.0,90.9442
2025-12-24 21:00:00,87541.0,87663.0,87540.0,87638.0,72.86147
2025-12-24 21:15:00,87637.0,87762.0,87624.0,87719.0,84.481
2025-12-24 21:30:00,87720.0,87793.0,87708.0,87761.0,56.47447
2025-12-24 21:45:00,87760.0,87761.0,87649.0,87688.0,142.57403
2025-12-24 22:00:00,87687.0,87899.0,87684.0,87817.0,192.43242
2025-12-24 22:15:00,87816.0,87850.0,87762.0,87786.0,50.9435
2025-12-24 22:30:00,87785.0,88045.0,87755.0,87983.0,158.2189
2025-12-24 22:45:00,87981.0,88024.0,87945.0,88005.0,205.27629
2025-12-24 23:00:00,88004.0,88018.0,87788.0,87828.0,226.00651
2025-12-24 23:15:00,87827.0,87828.0,87579.0,87592.0,667.28625
2025-12-24 23:30:00,87590.0,87699.0,87588.0,87630.0,75.18478
2025-12-24 23:45:00,87630.0,87700.0,87629.0,87653.0,95.90104
2025-12-25 00:00:00,87652.0,87715.0,87544.0,87649.0,121.33423
2025-12-25 00:15:00,87650.0,87734.0,87597.0,87597.0,121.45899
2025-12-25 00:30:00,87597.0,87683.0,87504.0,87526.0,308.91928
2025-12-25 00:45:00,87526.0,87640.0,87504.0,87539.0,121.16421
2025-12-25 01:00:00,87540.0,87652.0,87539.0,87648.0,115.52834
2025-12-25 01:15:00,87649.0,87728.0,87580.0,87695.0,233.10489
2025-12-25 01:30:00,87694.0,87715.0,87560.0,87715.0,127.71493
2025-12-25 01:45:00,87714.0,87727.0,87664.0,87675.0,51.45425
2025-12-25 02:00:00,87675.0,87739.0,87554.0,87730.0,91.53916
2025-12-25 02:15:00,87730.0,87739.0,87700.0,87710.0,34.28136
2025-12-25 02:30:00,87710.0,87887.0,87710.0,87886.0,94.84706
2025-12-25 02:45:00,87885.0,87947.0,87839.0,87860.0,102.10076
2025-12-25 03:00:00,87859.0,87905.0,87754.0,87823.0,39.95327
2025-12-25 03:15:00,87822.0,87880.0,87788.0,87825.0,10.59974
2025-12-25 03:30:00,87824.0,87824.0,87754.0,87786.0,31.50434
2025-12-25 03:45:00,87786.0,87840.0,87753.0,87824.0,28.53682
2025-12-25 04:00:00,87825.0,87825.0,87730.0,87768.0,11.8621
2025-12-25 04:15:00,87768.0,87820.0,87730.0,87734.0,64.44918
2025-12-25 04:30:00,87733.0,87787.0,87731.0,87760.0,45.85379
2025-12-25 04:45:00,87760.0,87800.0,87760.0,87767.0,18.14089
2025-12-25 05:00:00,87763.0,87763.0,87627.0,87640.0,101.55791
2025-12-25 05:15:00,87639.0,87706.0,87639.0,87688.0,43.74943
2025-12-25 05:30:00,87688.0,87749.0,87688.0,87728.0,29.43568
2025-12-25 05:45:00,87727.0,87761.0,87727.0,87728.0,19.33855
2025-12-25 06:00:00,87729.0,87742.0,87660.0,87678.0,52.11383
2025-12-25 06:15:00,87679.0,87744.0,87678.0,87733.0,37.19677
2025-12-25 06:30:00,87733.0,87792.0,87731.0,87751.0,22.32525
2025-12-25 06:45:00,87751.0,87821.0,87751.0,87817.0,22.00654
2025-12-25 07:00:00,87818.0,87818.0,87751.0,87789.0,22.76259
2025-12-25 07:15:00,87789.0,87793.0,87757.0,87785.0,13.0668
2025-12-25 07:30:00,87786.0,87786.0,87738.0,87739.0,14.11869
2025-12-25 07:45:00,87739.0,87838.0,87738.0,87808.0,19.9692
2025-12-25 08:00:00,87809.0,87858.0,87762.0,87774.0,50.01088
2025-12-25 08:15:00,87775.0,87775.0,87312.0,87423.0,310.48897
2025-12-25 08:30:00,87423.0,87478.0,87391.0,87462.0,41.59935
2025-12-25 08:45:00,87463.0,87599.0,87425.0,87554.0,128.09042
2025-12-25 09:00:00,87554.0,87562.0,87425.0,87458.0,31.52669
2025-12-25 09:15:00,87459.0,87505.0,87432.0,87457.0,39.20272
2025-12-25 09:30:00,87458.0,87472.0,87417.0,87458.0,18.12386
2025-12-25 09:45:00,87459.0,87501.0,87457.0,87481.0,13.63011
2025-12-25 10:00:00,87481.0,87495.0,87363.0,87364.0,20.60658
2025-12-25 10:15:00,87364.0,87414.0,87322.0,87384.0,35.94301
2025-12-25 10:30:00,87385.0,87391.0,87232.0,87304.0,202.87359
2025-12-25 10:45:00,87304.0,87419.0,87274.0,87399.0,242.08324
2025-12-25 11:00:00,87399.0,87524.0,87384.0,87466.0,165.09859
2025-12-25 11:15:00,87467.0,87543.0,87447.0,87534.0,23.71666
2025-12-25 11:30:00,87535.0,87586.0,87472.0,87498.0,157.02322
2025-12-25 11:45:00,87499.0,87537.0,87463.0,87493.0,37.30038
2025-12-25 12:00:00,87493.0,87535.0,87464.0,87465.0,52.05408
2025-12-25 12:15:00,87465.0,87568.0,87464.0,87539.0,43.11304
2025-12-25 12:30:00,87540.0,87560.0,87480.0,87491.0,28.83417
2025-12-25 12:45:00,87491.0,87538.0,87490.0,87536.0,7.83158
2025-12-25 13:00:00,87536.0,87543.0,87461.0,87500.0,46.83007
2025-12-25 13:15:00,87498.0,87499.0,87385.0,87477.0,74.22031
2025-12-25 13:30:00,87476.0,87658.0,87437.0,87584.0,132.09159
2025-12-25 13:45:00,87584.0,87664.0,87531.0,87609.0,133.39537
2025-12-25 14:00:00,87609.0,87701.0,87601.0,87680.0,88.13237
2025-12-25 14:15:00,87680.0,87687.0,87526.0,87546.0,83.52456
2025-12-25 14:30:00,87546.0,87627.0,87541.0,87608.0,108.40222
2025-12-25 14:45:00,87608.0,87732.0,87608.0,87692.0,72.45009
2025-12-25 15:00:00,87691.0,87794.0,87691.0,87750.0,69.43846
2025-12-25 15:15:00,87749.0,88200.0,87732.0,88046.0,286.49281
2025-12-25 15:30:00,88046.0,88550.0,87914.0,88493.0,1119.11415
2025-12-25 15:45:00,88493.0,88575.0,88264.0,88319.0,669.753
2025-12-25 16:00:00,88318.0,88415.0,88139.0,88282.0,183.8099
2025-12-25 16:15:00,88282.0,88450.0,88282.0,88388.0,83.52158
2025-12-25 16:30:00,88388.0,88431.0,88164.0,88296.0,389.0981
2025-12-25 16:45:00,88295.0,88297.0,87966.0,88066.0,387.99373
2025-12-25 17:00:00,88065.0,88168.0,87980.0,88015.0,170.15187
2025-12-25 17:15:00,88013.0,88127.0,87996.0,88011.0,85.78997
2025-12-25 17:30:00,88011.0,88052.0,87996.0,88026.0,52.09148
2025-12-25 17:45:00,88026.0,88179.0,88008.0,88118.0,303.58126
2025-12-25 18:00:00,88117.0,88282.0,88117.0,88281.0,159.58099
2025-12-25 18:15:00,88281.0,88281.0,88183.0,88212.0,97.40338
2025-12-25 18:30:00,88211.0,88281.0,88116.0,88225.0,57.05571
2025-12-25 18:45:00,88224.0,88258.0,88210.0,88210.0,20.06242
2025-12-25 19:00:00,88211.0,88224.0,88131.0,88156.0,32.40399
2025-12-25 19:15:00,88157.0,88157.0,88048.0,88076.0,58.44339
2025-12-25 19:30:00,88077.0,88125.0,88054.0,88114.0,51.21561
2025-12-25 19:45:00,88114.0,88124.0,88082.0,88123.0,21.04839
2025-12-25 20:00:00,88124.0,88150.0,88041.0,88089.0,54.4344
2025-12-25 20:15:00,88089.0,88108.0,87600.0,87725.0,342.27512
2025-12-25 20:30:00,87726.0,87793.0,87659.0,87767.0,343.30174
2025-12-25 20:45:00,87768.0,87862.0,87768.0,87849.0,123.02856
2025-12-25 21:00:00,87849.0,87956.0,87773.0,87948.0,288.97868
2025-12-25 21:15:00,87947.0,87948.0,87893.0,87927.0,24.05717
2025-12-25 21:30:00,87927.0,87941.0,87901.0,87929.0,24.03415
2025-12-25 21:45:00,87928.0,87928.0,87839.0,87864.0,40.78384
2025-12-25 22:00:00,87864.0,87887.0,87766.0,87822.0,34.36356
2025-12-25 22:15:00,87822.0,87846.0,87792.0,87815.0,22.9089
2025-12-25 22:30:00,87811.0,87862.0,87661.0,87680.0,170.5497
2025-12-25 22:45:00,87680.0,87680.0,87264.0,87618.0,959.918
2025-12-25 23:00:00,87618.0,87754.0,87459.0,87660.0,721.85769
2025-12-25 23:15:00,87660.0,87661.0,87442.0,87472.0,403.23138
2025-12-25 23:30:00,87472.0,87472.0,87001.0,87036.0,1116.99481
2025-12-25 23:45:00,87033.0,87282.0,86910.0,87200.0,328.82576
2025-12-26 00:00:00,87201.0,87283.0,87007.0,87168.0,233.98492
2025-12-26 00:15:00,87167.0,87233.0,86913.0,87046.0,289.88353
2025-12-26 00:30:00,87046.0,87178.0,86848.0,86933.0,646.88944
2025-12-26 00:45:00,86933.0,87106.0,86906.0,87101.0,123.72599
2025-12-26 01:00:00,87101.0,87297.0,87095.0,87244.0,424.18017
2025-12-26 01:15:00,87245.0,87354.0,87212.0,87311.0,70.67395
2025-12-26 01:30:00,87310.0,87413.0,87287.0,87371.0,130.20929
2025-12-26 01:45:00,87371.0,87462.0,87355.0,87401.0,18.88028
2025-12-26 02:00:00,87401.0,88195.0,87393.0,88180.0,545.29616
2025-12-26 02:15:00,88180.0,89272.0,88180.0,88990.0,1546.12276
2025-12-26 02:30:00,88991.0,89433.0,88991.0,89202.0,630.9028
2025-12-26 02:45:00,89201.0,89282.0,89007.0,89147.0,295.95693
2025-12-26 03:00:00,89148.0,89244.0,88974.0,89007.0,198.85019
2025-12-26 03:15:00,89006.0,89006.0,88696.0,88796.0,294.01266
2025-12-26 03:30:00,88795.0,88830.0,88662.0,88697.0,184.45819
2025-12-26 03:45:00,88696.0,88839.0,88691.0,88787.0,246.51874
2025-12-26 04:00:00,88787.0,88789.0,88485.0,88680.0,401.70976
2025-12-26 04:15:00,88679.0,88749.0,88607.0,88669.0,144.20686
2025-12-26 04:30:00,88668.0,89051.0,88668.0,88994.0,328.88663
2025-12-26 04:45:00,88995.0,89116.0,88921.0,88932.0,343.25824
2025-12-26 05:00:00,88931.0,88979.0,88870.0,88896.0,74.42959
2025-12-26 05:15:00,88896.0,88897.0,88793.0,88872.0,247.70818
2025-12-26 05:30:00,88871.0,88874.0,88785.0,88825.0,178.48898
2025-12-26 05:45:00,88824.0,89010.0,88820.0,88957.0,245.57403
2025-12-26 06:00:00,88958.0,89100.0,88958.0,89047.0,170.45364
2025-12-26 06:15:00,89048.0,89118.0,89022.0,89055.0,108.81774
2025-12-26 06:30:00,89055.0,89219.0,89026.0,89203.0,84.45074
2025-12-26 06:45:00,89203.0,89203.0,89079.0,89095.0,129.78552
2025-12-26 07:00:00,89096.0,89334.0,89095.0,89314.0,106.65623
2025-12-26 07:15:00,89314.0,89521.0,89232.0,89383.0,665.5399
2025-12-26 07:30:00,89384.0,89384.0,88738.0,88746.0,376.93835
2025-12-26 07:45:00,88748.0,88791.0,88309.0,88428.0,854.48671
2025-12-26 08:00:00,88427.0,88852.0,88400.0,88619.0,563.10568
2025-12-26 08:15:00,88619.0,88737.0,88576.0,88686.0,154.53969
2025-12-26 08:30:00,88686.0,88686.0,88529.0,88593.0,82.51301
2025-12-26 08:45:00,88593.0,88708.0,88561.0,88703.0,40.26572
2025-12-26 09:00:00,88703.0,88741.0,88598.0,88642.0,61.86345
2025-12-26 09:15:00,88641.0,88823.0,88641.0,88709.0,61.3662
2025-12-26 09:30:00,88708.0,88741.0,88674.0,88739.0,94.09559
2025-12-26 09:45:00,88739.0,88884.0,88736.0,88782.0,68.93249
2025-12-26 10:00:00,88781.0,88843.0,88724.0,88837.0,123.20423
2025-12-26 10:15:00,88836.0,88836.0,88658.0,88790.0,69.53595
2025-12-26 10:30:00,88790.0,88791.0,88637.0,88711.0,64.31845
2025-12-26 10:45:00,88710.0,88824.0,88709.0,88710.0,28.06738
2025-12-26 11:00:00,88709.0,88712.0,88627.0,88629.0,57.35449
2025-12-26 11:15:00,88629.0,88646.0,88552.0,88555.0,163.01079
2025-12-26 11:30:00,88554.0,88625.0,88505.0,88554.0,72.62293
2025-12-26 11:45:00,88554.0,88578.0,88483.0,88500.0,149.58637
2025-12-26 12:00:00,88499.0,88684.0,88493.0,88649.0,121.37168
2025-12-26 12:15:00,88650.0,88661.0,88581.0,88661.0,31.4747
2025-12-26 12:30:00,88660.0,88725.0,88617.0,88712.0,55.31236
2025-12-26 12:45:00,88712.0,88722.0,88628.0,88643.0,52.6942
2025-12-26 13:00:00,88643.0,88799.0,88572.0,88795.0,106.06156
2025-12-26 13:15:00,88795.0,88800.0,88718.0,88729.0,33.0801
2025-12-26 13:30:00,88730.0,89000.0,88728.0,88884.0,152.00021
2025-12-26 13:45:00,88884.0,89016.0,88866.0,88964.0,58.01285
2025-12-26 14:00:00,88965.0,89000.0,88880.0,88916.0,71.10232
2025-12-26 14:15:00,88915.0,88980.0,88896.0,88934.0,72.07385
2025-12-26 14:30:00,88934.0,89016.0,88204.0,88349.0,1499.58534
2025-12-26 14:45:00,88348.0,88390.0,87313.0,87372.0,2853.75102
2025-12-26 15:00:00,87372.0,87372.0,86751.0,86751.0,1526.92784
2025-12-26 15:15:00,86752.0,87102.0,86633.0,86993.0,854.27652
2025-12-26 15:30:00,86994.0,87154.0,86889.0,87005.0,679.45091
2025-12-26 15:45:00,87003.0,87210.0,86968.0,87130.0,294.07295
2025-12-26 16:00:00,87131.0,87244.0,87020.0,87021.0,786.28266
2025-12-26 16:15:00,87020.0,87307.0,87020.0,87243.0,340.88032
2025-12-26 16:30:00,87243.0,87363.0,87153.0,87264.0,373.80429
2025-12-26 16:45:00,87264.0,87277.0,86815.0,86828.0,438.80187
2025-12-26 17:00:00,86828.0,87063.0,86782.0,86971.0,303.2048
2025-12-26 17:15:00,86971.0,87278.0,86959.0,87277.0,259.09365
2025-12-26 17:30:00,87276.0,87444.0,87178.0,87361.0,723.88401
2025-12-26 17:45:00,87361.0,87420.0,87250.0,87295.0,201.51739
2025-12-26 18:00:00,87296.0,87354.0,87220.0,87310.0,125.33581
2025-12-26 18:15:00,87309.0,87348.0,87205.0,87205.0,70.90433
2025-12-26 18:30:00,87206.0,87292.0,87205.0,87206.0,55.407
2025-12-26 18:45:00,87205.0,87322.0,87125.0,87245.0,90.81521
2025-12-26 19:00:00,87244.0,87361.0,87237.0,87297.0,50.50424
2025-12-26 19:15:00,87296.0,87385.0,87230.0,87352.0,35.8494
2025-12-26 19:30:00,87351.0,87446.0,87343.0,87445.0,81.90228
2025-12-26 19:45:00,87446.0,87553.0,87398.0,87480.0,127.37041
2025-12-26 20:00:00,87478.0,87550.0,87370.0,87500.0,111.8142
2025-12-26 20:15:00,87501.0,87627.0,87486.0,87600.0,173.71152
2025-12-26 20:30:00,87600.0,87664.0,87547.0,87663.0,278.59287
2025-12-26 20:45:00,87664.0,87772.0,87560.0,87561.0,228.16058
2025-12-26 21:00:00,87563.0,87677.0,87529.0,87635.0,126.30738
2025-12-26 21:15:00,87635.0,87639.0,87526.0,87555.0,171.03026
2025-12-26 21:30:00,87555.0,87555.0,87466.0,87476.0,91.45081
2025-12-26 21:45:00,87476.0,87527.0,87431.0,87440.0,93.62887
2025-12-26 22:00:00,87441.0,87568.0,87439.0,87439.0,28.97542
2025-12-26 22:15:00,87439.0,87508.0,87377.0,87399.0,348.33833
2025-12-26 22:30:00,87399.0,87508.0,87296.0,87388.0,203.3174
2025-12-26 22:45:00,87386.0,87508.0,87281.0,87508.0,405.0631
2025-12-26 23:00:00,87507.0,87517.0,87440.0,87444.0,128.43757
2025-12-26 23:15:00,87444.0,87519.0,87415.0,87415.0,79.18869
2025-12-26 23:30:00,87415.0,87438.0,87317.0,87335.0,224.37663
2025-12-26 23:45:00,87334.0,87387.0,87293.0,87339.0,197.90792
2025-12-27 00:00:00,87338.0,87370.0,87240.0,87285.0,132.00553
2025-12-27 00:15:00,87286.0,87334.0,87222.0,87281.0,77.55198
2025-12-27 00:30:00,87280.0,87356.0,87280.0,87355.0,56.381
2025-12-27 00:45:00,87354.0,87388.0,87350.0,87375.0,58.35345
2025-12-27 01:00:00,87375.0,87375.0,87330.0,87363.0,19.78263
2025-12-27 01:15:00,87362.0,87364.0,87306.0,87361.0,24.31236
2025-12-27 01:30:00,87361.0,87438.0,87360.0,87400.0,91.37772
2025-12-27 01:45:00,87401.0,87453.0,87372.0,87448.0,47.59104
2025-12-27 02:00:00,87448.0,87476.0,87369.0,87450.0,71.14835
2025-12-27 02:15:00,87450.0,87450.0,87392.0,87414.0,30.08917
2025-12-27 02:30:00,87414.0,87430.0,87394.0,87430.0,7.50223
2025-12-27 02:45:00,87430.0,87436.0,87402.0,87414.0,8.92166
2025-12-27 03:00:00,87415.0,87453.0,87361.0,87361.0,21.34901
2025-12-27 03:15:00,87362.0,87388.0,87356.0,87387.0,13.58663
2025-12-27 03:30:00,87388.0,87483.0,87388.0,87481.0,63.22383
2025-12-27 03:45:00,87481.0,87522.0,87480.0,87491.0,62.54302
2025-12-27 04:00:00,87492.0,87492.0,87452.0,87472.0,21.02686
2025-12-27 04:15:00,87472.0,87474.0,87439.0,87439.0,21.39778
2025-12-27 04:30:00,87440.0,87478.0,87431.0,87477.0,27.09101
2025-12-27 04:45:00,87478.0,87478.0,87436.0,87439.0,20.97909
2025-12-27 05:00:00,87439.0,87454.0,87410.0,87421.0,32.01912
2025-12-27 05:15:00,87422.0,87442.0,87416.0,87431.0,20.74415
2025-12-27 05:30:00,87431.0,87487.0,87430.0,87475.0,9.5791
2025-12-27 05:45:00,87475.0,87502.0,87458.0,87481.0,17.22545
2025-12-27 06:00:00,87481.0,87540.0,87456.0,87511.0,185.62591
2025-12-27 06:15:00,87511.0,87512.0,87416.0,87444.0,39.84762
2025-12-27 06:30:00,87441.0,87441.0,87388.0,87427.0,25.44882
2025-12-27 06:45:00,87427.0,87439.0,87413.0,87438.0,13.93319
2025-12-27 07:00:00,87438.0,87514.0,87438.0,87513.0,123.45557
2025-12-27 07:15:00,87514.0,87683.0,87511.0,87574.0,274.41904
2025-12-27 07:30:00,87574.0,87574.0,87511.0,87518.0,34.84192
2025-12-27 07:45:00,87519.0,87520.0,87500.0,87519.0,16.06124
2025-12-27 08:00:00,87519.0,87584.0,87515.0,87533.0,22.15284
2025-12-27 08:15:00,87533.0,87650.0,87533.0,87579.0,61.71162
2025-12-27 08:30:00,87578.0,87608.0,87569.0,87588.0,42.26347
2025-12-27 08:45:00,87589.0,87589.0,87559.0,87563.0,9.70965
2025-12-27 09:00:00,87564.0,87632.0,87557.0,87632.0,33.63117
2025-12-27 09:15:00,87629.0,87640.0,87519.0,87549.0,169.47772
2025-12-27 09:30:00,87549.0,87627.0,87549.0,87577.0,50.55614
2025-12-27 09:45:00,87577.0,87611.0,87574.0,87600.0,11.87417
2025-12-27 10:00:00,87600.0,87600.0,87512.0,87514.0,146.68934
2025-12-27 10:15:00,87514.0,87589.0,87512.0,87512.0,113.08983
2025-12-27 10:30:00,87512.0,87514.0,87350.0,87412.0,41.46151
2025-12-27 10:45:00,87412.0,87480.0,87394.0,87478.0,27.49762
2025-12-27 11:00:00,87478.0,87499.0,87431.0,87498.0,27.58119
2025-12-27 11:15:00,87499.0,87515.0,87467.0,87467.0,55.97678
2025-12-27 11:30:00,87467.0,87503.0,87452.0,87453.0,18.0064
2025-12-27 11:45:00,87454.0,87520.0,87416.0,87442.0,66.7975
2025-12-27 12:00:00,87442.0,87468.0,87402.0,87419.0,27.18299
2025-12-27 12:15:00,87422.0,87464.0,87416.0,87463.0,12.10002
2025-12-27 12:30:00,87464.0,87483.0,87452.0,87465.0,6.8132
2025-12-27 12:45:00,87466.0,87478.0,87432.0,87442.0,12.46273
2025-12-27 13:00:00,87443.0,87443.0,87374.0,87418.0,23.24532
2025-12-27 13:15:00,87417.0,87418.0,87365.0,87375.0,23.79358
2025-12-27 13:30:00,87376.0,87453.0,87299.0,87443.0,61.17175
2025-12-27 13:45:00,87443.0,87444.0,87422.0,87422.0,10.2961
2025-12-27 14:00:00,87423.0,87428.0,87378.0,87424.0,26.46483
2025-12-27 14:15:00,87424.0,87434.0,87392.0,87397.0,11.20237
2025-12-27 14:30:00,87397.0,87489.0,87396.0,87487.0,74.06568
2025-12-27 14:45:00,87489.0,87530.0,87484.0,87515.0,37.96109
2025-12-27 15:00:00,87514.0,87528.0,87463.0,87528.0,20.45529
2025-12-27 15:15:00,87528.0,87529.0,87477.0,87511.0,23.36334
2025-12-27 15:30:00,87511.0,87573.0,87511.0,87569.0,25.50051
2025-12-27 15:45:00,87570.0,87570.0,87506.0,87519.0,45.35527
2025-12-27 16:00:00,87519.0,87543.0,87468.0,87474.0,67.24697
2025-12-27 16:15:00,87473.0,87483.0,87405.0,87436.0,131.94395
2025-12-27 16:30:00,87438.0,87529.0,87438.0,87513.0,72.68736
2025-12-27 16:45:00,87513.0,87513.0,87462.0,87463.0,14.64053
2025-12-27 17:00:00,87463.0,87481.0,87426.0,87481.0,19.35977
2025-12-27 17:15:00,87481.0,87510.0,87458.0,87499.0,24.6198
2025-12-27 17:30:00,87499.0,87509.0,87490.0,87508.0,6.7613
2025-12-27 17:45:00,87509.0,87528.0,87509.0,87526.0,10.65884
2025-12-27 18:00:00,87527.0,87533.0,87496.0,87497.0,4.84913
2025-12-27 18:15:00,87496.0,87512.0,87478.0,87500.0,19.10427
2025-12-27 18:30:00,87500.0,87507.0,87500.0,87500.0,26.25616
2025-12-27 18:45:00,87500.0,87501.0,87439.0,87461.0,21.24692
2025-12-27 19:00:00,87462.0,87549.0,87462.0,87521.0,48.75318
2025-12-27 19:15:00,87522.0,87523.0,87513.0,87520.0,14.1124
2025-12-27 19:30:00,87520.0,87521.0,87506.0,87508.0,6.37211
2025-12-27 19:45:00,87508.0,87538.0,87507.0,87538.0,14.18033
2025-12-27 20:00:00,87538.0,87605.0,87537.0,87562.0,35.92482
2025-12-27 20:15:00,87562.0,87562.0,87511.0,87518.0,10.29201
2025-12-27 20:30:00,87518.0,87532.0,87500.0,87517.0,24.53509
2025-12-27 20:45:00,87516.0,87524.0,87512.0,87521.0,13.27459
2025-12-27 21:00:00,87521.0,87593.0,87520.0,87593.0,18.17109
2025-12-27 21:15:00,87593.0,87609.0,87592.0,87604.0,54.07465
2025-12-27 21:30:00,87604.0,87630.0,87603.0,87609.0,24.92635
2025-12-27 21:45:00,87609.0,87649.0,87608.0,87644.0,31.57273
2025-12-27 22:00:00,87645.0,87879.0,87605.0,87843.0,185.88758
2025-12-27 22:15:00,87843.0,87930.0,87659.0,87659.0,151.36173
2025-12-27 22:30:00,87660.0,87660.0,87489.0,87541.0,136.92829
2025-12-27 22:45:00,87542.0,87621.0,87472.0,87536.0,187.70806
2025-12-27 23:00:00,87536.0,87605.0,87536.0,87571.0,17.35682
2025-12-27 23:15:00,87572.0,87679.0,87571.0,87622.0,42.58709
2025-12-27 23:30:00,87622.0,87655.0,87621.0,87654.0,12.34218
2025-12-27 23:45:00,87655.0,87950.0,87652.0,87844.0,100.83978
2025-12-28 00:00:00,87841.0,87940.0,87793.0,87793.0,102.35236
2025-12-28 00:15:00,87794.0,87795.0,87679.0,87697.0,154.89093
2025-12-28 00:30:00,87698.0,87875.0,87687.0,87855.0,30.35455
2025-12-28 00:45:00,87855.0,87903.0,87819.0,87819.0,20.36252
2025-12-28 01:00:00,87820.0,87916.0,87816.0,87816.0,52.0631
2025-12-28 01:15:00,87817.0,87817.0,87694.0,87773.0,77.11314
2025-12-28 01:30:00,87773.0,87844.0,87736.0,87793.0,71.01495
2025-12-28 01:45:00,87794.0,87795.0,87752.0,87753.0,31.59412
2025-12-28 02:00:00,87753.0,87756.0,87719.0,87755.0,13.41351
2025-12-28 02:15:00,87756.0,87780.0,87755.0,87780.0,26.02797
2025-12-28 02:30:00,87780.0,87851.0,87779.0,87809.0,13.40404
2025-12-28 02:45:00,87809.0,87815.0,87779.0,87784.0,18.65279
2025-12-28 03:00:00,87785.0,87820.0,87747.0,87747.0,64.98949
2025-12-28 03:15:00,87748.0,87771.0,87707.0,87711.0,19.6776
2025-12-28 03:30:00,87712.0,87743.0,87712.0,87718.0,13.96031
2025-12-28 03:45:00,87720.0,87734.0,87708.0,87717.0,111.26154
2025-12-28 04:00:00,87715.0,87809.0,87655.0,87787.0,75.64482
2025-12-28 04:15:00,87788.0,87788.0,87738.0,87771.0,48.66553
2025-12-28 04:30:00,87772.0,87782.0,87714.0,87732.0,23.00117
2025-12-28 04:45:00,87733.0,87750.0,87649.0,87697.0,108.58209
2025-12-28 05:00:00,87698.0,87698.0,87592.0,87655.0,164.99966
2025-12-28 05:15:00,87655.0,87661.0,87581.0,87590.0,37.52276
2025-12-28 05:30:00,87590.0,87651.0,87586.0,87645.0,20.74741
2025-12-28 05:45:00,87646.0,87686.0,87611.0,87626.0,19.81538
2025-12-28 06:00:00,87627.0,87683.0,87614.0,87681.0,10.09117
2025-12-28 06:15:00,87681.0,87717.0,87674.0,87707.0,25.43383
2025-12-28 06:30:00,87708.0,87759.0,87703.0,87758.0,20.22715
2025-12-28 06:45:00,87759.0,87759.0,87707.0,87708.0,18.93145
2025-12-28 07:00:00,87708.0,87713.0,87658.0,87684.0,20.38965
2025-12-28 07:15:00,87685.0,87685.0,87654.0,87668.0,22.19952
2025-12-28 07:30:00,87669.0,87673.0,87650.0,87650.0,6.70554
2025-12-28 07:45:00,87651.0,87708.0,87650.0,87708.0,10.2683
2025-12-28 08:00:00,87708.0,87795.0,87708.0,87772.0,33.83911
2025-12-28 08:15:00,87771.0,87780.0,87755.0,87756.0,22.2439
2025-12-28 08:30:00,87757.0,87940.0,87738.0,87817.0,140.76532
2025-12-28 08:45:00,87816.0,87838.0,87759.0,87779.0,24.5687
2025-12-28 09:00:00,87779.0,87839.0,87779.0,87839.0,8.81111
2025-12-28 09:15:00,87838.0,87871.0,87820.0,87858.0,74.84533
2025-12-28 09:30:00,87857.0,87858.0,87676.0,87741.0,360.27999
2025-12-28 09:45:00,87741.0,87768.0,87729.0,87768.0,99.19393
2025-12-28 10:00:00,87768.0,87918.0,87767.0,87876.0,184.42432
2025-12-28 10:15:00,87876.0,87930.0,87851.0,87915.0,275.44307
2025-12-28 10:30:00,87915.0,87974.0,87808.0,87813.0,279.41283
2025-12-28 10:45:00,87813.0,87829.0,87796.0,87828.0,47.93476
2025-12-28 11:00:00,87828.0,87885.0,87827.0,87880.0,71.67525
2025-12-28 11:15:00,87881.0,87885.0,87828.0,87850.0,60.64534
2025-12-28 11:30:00,87851.0,87864.0,87782.0,87789.0,38.91451
2025-12-28 11:45:00,87790.0,87848.0,87789.0,87848.0,48.07431
2025-12-28 12:00:00,87848.0,87858.0,87786.0,87808.0,12.97708
2025-12-28 12:15:00,87808.0,87820.0,87782.0,87815.0,10.82742
2025-12-28 12:30:00,87816.0,87829.0,87771.0,87772.0,39.14893
2025-12-28 12:45:00,87771.0,87852.0,87770.0,87825.0,38.65636
2025-12-28 13:00:00,87825.0,87917.0,87816.0,87825.0,33.45819
2025-12-28 13:15:00,87824.0,87875.0,87777.0,87809.0,22.30303
2025-12-28 13:30:00,87809.0,87917.0,87809.0,87880.0,19.00521
2025-12-28 13:45:00,87881.0,87886.0,87855.0,87864.0,18.41163
2025-12-28 14:00:00,87864.0,87961.0,87864.0,87942.0,76.83067
2025-12-28 14:15:00,87943.0,87948.0,87889.0,87938.0,48.01221
2025-12-28 14:30:00,87939.0,88059.0,87906.0,87957.0,89.74782
2025-12-28 14:45:00,87957.0,87989.0,87864.0,87866.0,49.36655
2025-12-28 15:00:00,87866.0,87965.0,87827.0,87941.0,49.89524
2025-12-28 15:15:00,87942.0,87971.0,87911.0,87922.0,26.49317
2025-12-28 15:30:00,87921.0,87922.0,87855.0,87883.0,35.70729
2025-12-28 15:45:00,87884.0,87904.0,87768.0,87797.0,45.83873
2025-12-28 16:00:00,87797.0,87860.0,87794.0,87826.0,284.25757
2025-12-28 16:15:00,87827.0,87864.0,87701.0,87739.0,90.30133
2025-12-28 16:30:00,87741.0,87784.0,87741.0,87763.0,73.51506
2025-12-28 16:45:00,87764.0,87787.0,87763.0,87777.0,10.32328
2025-12-28 17:00:00,87778.0,87867.0,87775.0,87866.0,12.87879
2025-12-28 17:15:00,87867.0,87903.0,87854.0,87856.0,101.03626
2025-12-28 17:30:00,87855.0,87857.0,87783.0,87786.0,13.81933
2025-12-28 17:45:00,87786.0,87787.0,87728.0,87728.0,10.31915
2025-12-28 18:00:00,87729.0,87742.0,87573.0,87636.0,166.95206
2025-12-28 18:15:00,87637.0,87688.0,87453.0,87679.0,107.51687
2025-12-28 18:30:00,87679.0,87724.0,87663.0,87690.0,235.71265
2025-12-28 18:45:00,87689.0,87689.0,87500.0,87580.0,295.55127
2025-12-28 19:00:00,87580.0,87660.0,87500.0,87639.0,278.36088
2025-12-28 19:15:00,87638.0,87638.0,87500.0,87501.0,149.04237
2025-12-28 19:30:00,87501.0,87624.0,87500.0,87579.0,451.76031
2025-12-28 19:45:00,87579.0,87601.0,87501.0,87502.0,55.70407
2025-12-28 20:00:00,87502.0,87566.0,87413.0,87495.0,171.72921
2025-12-28 20:15:00,87496.0,87575.0,87495.0,87567.0,127.39096
2025-12-28 20:30:00,87566.0,87600.0,87566.0,87585.0,31.2645
2025-12-28 20:45:00,87585.0,87641.0,87480.0,87481.0,65.49462
2025-12-28 21:00:00,87480.0,87520.0,87408.0,87520.0,130.48999
2025-12-28 21:15:00,87519.0,87566.0,87475.0,87524.0,39.75864
2025-12-28 21:30:00,87523.0,87578.0,87514.0,87560.0,17.31266
2025-12-28 21:45:00,87560.0,87563.0,87541.0,87562.0,8.21298
2025-12-28 22:00:00,87562.0,87573.0,87454.0,87499.0,15.65631
2025-12-28 22:15:00,87499.0,87621.0,87498.0,87616.0,100.32628
2025-12-28 22:30:00,87617.0,87688.0,87576.0,87630.0,58.96198
2025-12-28 22:45:00,87630.0,87990.0,87630.0,87887.0,782.86787
2025-12-28 23:00:00,87887.0,88044.0,87675.0,87676.0,986.32271
2025-12-28 23:15:00,87675.0,87820.0,87675.0,87697.0,179.59538
2025-12-28 23:30:00,87697.0,87799.0,87628.0,87799.0,61.75533
2025-12-28 23:45:00,87799.0,87947.0,87790.0,87928.0,99.22249
2025-12-29 00:00:00,87927.0,87951.0,87792.0,87862.0,314.78355
2025-12-29 00:15:00,87864.0,88019.0,87800.0,88000.0,266.53217
2025-12-29 00:30:00,87999.0,88293.0,87977.0,88176.0,982.43974
2025-12-29 00:45:00,88176.0,88418.0,88132.0,88306.0,1005.81881
2025-12-29 01:00:00,88307.0,88320.0,88040.0,88057.0,125.08455
2025-12-29 01:15:00,88057.0,88061.0,87862.0,87988.0,103.35507
2025-12-29 01:30:00,87989.0,88499.0,87949.0,88300.0,662.07315
2025-12-29 01:45:00,88300.0,88452.0,88299.0,88435.0,401.17886
2025-12-29 02:00:00,88435.0,89287.0,88434.0,89265.0,1871.02481
2025-12-29 02:15:00,89267.0,89378.0,88888.0,89140.0,633.6193
2025-12-29 02:30:00,89140.0,89255.0,88983.0,89084.0,206.38653
2025-12-29 02:45:00,89084.0,89298.0,89080.0,89148.0,246.06828
2025-12-29 03:00:00,89148.0,89496.0,89097.0,89481.0,237.4489
2025-12-29 03:15:00,89482.0,89500.0,89343.0,89473.0,217.7963
2025-12-29 03:30:00,89472.0,89984.0,89471.0,89975.0,418.52734
2025-12-29 03:45:00,89974.0,90149.0,89853.0,90109.0,383.21522
2025-12-29 04:00:00,90109.0,90150.0,89953.0,90031.0,270.95909
2025-12-29 04:15:00,90032.0,90200.0,89974.0,90067.0,222.28922
2025-12-29 04:30:00,90067.0,90380.0,90040.0,90196.0,248.22482
2025-12-29 04:45:00,90197.0,90270.0,90096.0,90096.0,318.1196
2025-12-29 05:00:00,90111.0,90274.0,90067.0,90189.0,263.35221
2025-12-29 05:15:00,90190.0,90198.0,90067.0,90068.0,151.41934
2025-12-29 05:30:00,90068.0,90165.0,90014.0,90104.0,172.11582
2025-12-29 05:45:00,90105.0,90105.0,89903.0,89960.0,156.64175
2025-12-29 06:00:00,89961.0,90000.0,89857.0,89981.0,223.05568
2025-12-29 06:15:00,89981.0,90096.0,89913.0,89914.0,223.806
2025-12-29 06:30:00,89914.0,89973.0,89865.0,89871.0,91.69573
2025-12-29 06:45:00,89872.0,89872.0,89720.0,89742.0,191.35399
2025-12-29 07:00:00,89743.0,89830.0,89512.0,89628.0,280.79339
2025-12-29 07:15:00,89628.0,89674.0,89487.0,89492.0,206.76235
2025-12-29 07:30:00,89493.0,89651.0,89463.0,89535.0,215.99221
2025-12-29 07:45:00,89536.0,89632.0,89502.0,89582.0,58.58299
2025-12-29 08:00:00,89582.0,89623.0,89446.0,89622.0,94.23805
2025-12-29 08:15:00,89623.0,89790.0,89607.0,89752.0,282.65399
2025-12-29 08:30:00,89753.0,89766.0,89593.0,89674.0,360.97654
2025-12-29 08:45:00,89674.0,89752.0,89424.0,89513.0,202.80119
2025-12-29 09:00:00,89514.0,89564.0,89435.0,89472.0,182.76566
2025-12-29 09:15:00,89473.0,89473.0,89255.0,89281.0,179.77718
2025-12-29 09:30:00,89282.0,89287.0,88157.0,88215.0,1356.24263
2025-12-29 09:45:00,88215.0,88215.0,87716.0,88084.0,1763.9637
2025-12-29 10:00:00,88085.0,88232.0,87890.0,88054.0,693.55901
2025-12-29 10:15:00,88054.0,88054.0,87888.0,87991.0,297.7889
2025-12-29 10:30:00,87992.0,87992.0,87844.0,87894.0,324.03223
2025-12-29 10:45:00,87894.0,87916.0,87598.0,87742.0,393.42066
2025-12-29 11:00:00,87743.0,87749.0,87552.0,87744.0,260.90491
2025-12-29 11:15:00,87744.0,87745.0,87655.0,87709.0,285.53722
2025-12-29 11:30:00,87710.0,87710.0,87549.0,87601.0,321.75584
2025-12-29 11:45:00,87601.0,87601.0,87524.0,87527.0,240.49347
2025-12-29 12:00:00,87527.0,87588.0,86828.0,86904.0,1792.7158
2025-12-29 12:15:00,86904.0,87315.0,86736.0,87215.0,776.10409
2025-12-29 12:30:00,87216.0,87385.0,87161.0,87264.0,246.7309
2025-12-29 12:45:00,87263.0,87361.0,87250.0,87336.0,197.53622
2025-12-29 13:00:00,87336.0,87515.0,87252.0,87292.0,630.93011
2025-12-29 13:15:00,87292.0,87423.0,87238.0,87251.0,215.18584
2025-12-29 13:30:00,87252.0,87325.0,87197.0,87233.0,295.77604
2025-12-29 13:45:00,87233.0,87352.0,87124.0,87352.0,436.01546
2025-12-29 14:00:00,87351.0,87385.0,87221.0,87385.0,89.80235
2025-12-29 14:15:00,87384.0,87600.0,87306.0,87588.0,770.75314
2025-12-29 14:30:00,87588.0,88185.0,87389.0,88050.0,1935.95396
2025-12-29 14:45:00,88049.0,88086.0,87282.0,87411.0,916.40118
2025-12-29 15:00:00,87411.0,87726.0,87200.0,87726.0,743.145
2025-12-29 15:15:00,87712.0,87938.0,87456.0,87711.0,747.91251
2025-12-29 15:30:00,87711.0,87861.0,87657.0,87807.0,165.48821
2025-12-29 15:45:00,87806.0,87831.0,87575.0,87667.0,410.82742
2025-12-29 16:00:00,87666.0,87819.0,87578.0,87763.0,125.11118
2025-12-29 16:15:00,87763.0,87763.0,87424.0,87529.0,138.898
2025-12-29 16:30:00,87530.0,87713.0,87516.0,87605.0,87.42777
2025-12-29 16:45:00,87606.0,87743.0,87518.0,87609.0,105.96877
2025-12-29 17:00:00,87609.0,87731.0,87557.0,87600.0,149.24337
2025-12-29 17:15:00,87599.0,87657.0,87318.0,87418.0,612.1806
2025-12-29 17:30:00,87418.0,87602.0,87401.0,87579.0,322.68634
2025-12-29 17:45:00,87579.0,87842.0,87579.0,87835.0,239.40205
2025-12-29 18:00:00,87833.0,88012.0,87653.0,87765.0,1465.90996
2025-12-29 18:15:00,87767.0,87857.0,87667.0,87686.0,216.55779
2025-12-29 18:30:00,87688.0,87754.0,87507.0,87590.0,703.8295
2025-12-29 18:45:00,87590.0,87590.0,87341.0,87428.0,266.32298
2025-12-29 19:00:00,87429.0,87641.0,87284.0,87559.0,504.389
2025-12-29 19:15:00,87559.0,87570.0,87454.0,87491.0,58.59669
2025-12-29 19:30:00,87491.0,87572.0,87356.0,87392.0,235.96129
2025-12-29 19:45:00,87391.0,87435.0,87312.0,87337.0,188.71146
2025-12-29 20:00:00,87338.0,87545.0,87279.0,87529.0,639.38605
2025-12-29 20:15:00,87530.0,87595.0,87317.0,87321.0,697.48163
2025-12-29 20:30:00,87321.0,87389.0,87201.0,87216.0,269.85109
2025-12-29 20:45:00,87216.0,87297.0,87069.0,87215.0,1170.29134
2025-12-29 21:00:00,87233.0,87370.0,87198.0,87351.0,239.68101
2025-12-29 21:15:00,87350.0,87369.0,87223.0,87294.0,160.13645
2025-12-29 21:30:00,87293.0,87378.0,87258.0,87364.0,77.69513
2025-12-29 21:45:00,87364.0,87365.0,87314.0,87337.0,132.66745
2025-12-29 22:00:00,87337.0,87337.0,87069.0,87118.0,433.5605
2025-12-29 22:15:00,87121.0,87259.0,87121.0,87220.0,45.20513
2025-12-29 22:30:00,87219.0,87390.0,87199.0,87375.0,38.36969
2025-12-29 22:45:00,87375.0,87396.0,87338.0,87343.0,31.07342
2025-12-29 23:00:00,87342.0,87400.0,87271.0,87372.0,39.93917
2025-12-29 23:15:00,87372.0,87372.0,87181.0,87198.0,108.55676
2025-12-29 23:30:00,87199.0,87245.0,87173.0,87202.0,74.40213
2025-12-29 23:45:00,87202.0,87247.0,87194.0,87228.0,66.05076
2025-12-30 00:00:00,87227.0,87333.0,87200.0,87288.0,124.97796
2025-12-30 00:15:00,87288.0,87351.0,87282.0,87293.0,59.51207
2025-12-30 00:30:00,87292.0,87293.0,87081.0,87120.0,494.23685
2025-12-30 00:45:00,87121.0,87254.0,87121.0,87250.0,82.90505
2025-12-30 01:00:00,87246.0,87283.0,87124.0,87216.0,265.2278
2025-12-30 01:15:00,87216.0,87286.0,87164.0,87178.0,115.21018
2025-12-30 01:30:00,87178.0,87262.0,87101.0,87257.0,75.66286
2025-12-30 01:45:00,87257.0,87346.0,87255.0,87298.0,68.98597
2025-12-30 02:00:00,87298.0,87309.0,87074.0,87186.0,186.94402
2025-12-30 02:15:00,87188.0,87336.0,87187.0,87228.0,77.75099
2025-12-30 02:30:00,87229.0,87249.0,86966.0,87124.0,298.40236
2025-12-30 02:45:00,87125.0,87125.0,86955.0,87094.0,77.76785
2025-12-30 03:00:00,87093.0,87095.0,86900.0,86904.0,164.96292
2025-12-30 03:15:00,86904.0,87325.0,86824.0,87262.0,875.94673
2025-12-30 03:30:00,87261.0,87314.0,87192.0,87253.0,135.07718
2025-12-30 03:45:00,87253.0,87418.0,87253.0,87356.0,105.1989
2025-12-30 04:00:00,87356.0,87415.0,87264.0,87306.0,211.81707
2025-12-30 04:15:00,87307.0,87480.0,87286.0,87440.0,146.07208
2025-12-30 04:30:00,87439.0,87446.0,87384.0,87430.0,50.59992
2025-12-30 04:45:00,87430.0,87437.0,87286.0,87287.0,135.37619
2025-12-30 05:00:00,87287.0,87331.0,87279.0,87331.0,65.12138
2025-12-30 05:15:00,87332.0,87335.0,87215.0,87254.0,57.68127
2025-12-30 05:30:00,87254.0,87254.0,87125.0,87237.0,374.16973
2025-12-30 05:45:00,87236.0,87240.0,87188.0,87240.0,15.12771
2025-12-30 06:00:00,87240.0,87328.0,87233.0,87328.0,52.56185
2025-12-30 06:15:00,87327.0,87416.0,87327.0,87389.0,104.30085
2025-12-30 06:30:00,87389.0,87527.0,87377.0,87483.0,102.17874
2025-12-30 06:45:00,87483.0,87515.0,87412.0,87433.0,126.86168
2025-12-30 07:00:00,87433.0,87529.0,87402.0,87518.0,53.14496
2025-12-30 07:15:00,87517.0,87593.0,87370.0,87409.0,52.98644
2025-12-30 07:30:00,87408.0,87520.0,87395.0,87480.0,16.21793
2025-12-30 07:45:00,87480.0,87496.0,87456.0,87482.0,9.16433
2025-12-30 08:00:00,87482.0,88021.0,87482.0,87874.0,285.50913
2025-12-30 08:15:00,87874.0,88200.0,87752.0,87822.0,317.26279
2025-12-30 08:30:00,87823.0,87969.0,87769.0,87897.0,180.87788
2025-12-30 08:45:00,87897.0,87968.0,87822.0,87849.0,208.95456
2025-12-30 09:00:00,87850.0,87918.0,87783.0,87795.0,65.40111
2025-12-30 09:15:00,87795.0,87795.0,87640.0,87671.0,73.8662
2025-12-30 09:30:00,87672.0,87855.0,87671.0,87828.0,79.54883
2025-12-30 09:45:00,87832.0,88020.0,87810.0,87982.0,124.99412
2025-12-30 10:00:00,87981.0,88100.0,87947.0,88010.0,115.86351
2025-12-30 10:15:00,88009.0,88070.0,87938.0,87995.0,72.0944
2025-12-30 10:30:00,87994.0,88144.0,87905.0,88133.0,79.43078
2025-12-30 10:45:00,88133.0,88174.0,87915.0,87940.0,219.22457
2025-12-30 11:00:00,87940.0,88017.0,87888.0,88000.0,144.77687
2025-12-30 11:15:00,88000.0,88016.0,87888.0,87911.0,78.39115
2025-12-30 11:30:00,87912.0,87997.0,87854.0,87858.0,249.36883
2025-12-30 11:45:00,87859.0,87920.0,87742.0,87874.0,206.47807
2025-12-30 12:00:00,87875.0,88058.0,87874.0,88025.0,126.09454
2025-12-30 12:15:00,88026.0,88069.0,87977.0,87984.0,60.63753
2025-12-30 12:30:00,87985.0,88040.0,87922.0,87984.0,30.26874
2025-12-30 12:45:00,87984.0,88000.0,87929.0,87999.0,19.08173
2025-12-30 13:00:00,88000.0,88028.0,87910.0,87932.0,66.37349
2025-12-30 13:15:00,87931.0,88112.0,87888.0,88068.0,74.62199
2025-12-30 13:30:00,88069.0,88120.0,87908.0,88049.0,72.63476
2025-12-30 13:45:00,88050.0,88127.0,88005.0,88096.0,27.90105
2025-12-30 14:00:00,88096.0,88096.0,87818.0,88009.0,153.6282
2025-12-30 14:15:00,88008.0,88388.0,88008.0,88103.0,356.34864
2025-12-30 14:30:00,88105.0,88247.0,87852.0,88077.0,280.18826
2025-12-30 14:45:00,88078.0,88988.0,88016.0,88845.0,2154.5721
2025-12-30 15:00:00,88846.0,89053.0,88201.0,88329.0,713.97145
2025-12-30 15:15:00,88329.0,88530.0,88192.0,88443.0,418.73849
2025-12-30 15:30:00,88443.0,88764.0,88412.0,88753.0,139.16945
2025-12-30 15:45:00,88751.0,89141.0,88657.0,88973.0,602.77792
2025-12-30 16:00:00,88973.0,89100.0,88751.0,88920.0,465.59388
2025-12-30 16:15:00,88920.0,89376.0,88914.0,89159.0,810.56499
2025-12-30 16:30:00,89159.0,89221.0,88615.0,88677.0,246.73935
2025-12-30 16:45:00,88677.0,88759.0,88543.0,88721.0,290.90973
2025-12-30 17:00:00,88721.0,88857.0,88690.0,88733.0,160.5207
2025-12-30 17:15:00,88733.0,88767.0,88442.0,88586.0,380.23773
2025-12-30 17:30:00,88585.0,88647.0,88463.0,88491.0,195.36859
2025-12-30 17:45:00,88491.0,88492.0,88080.0,88338.0,512.05628
2025-12-30 18:00:00,88338.0,88374.0,88252.0,88263.0,186.17288
2025-12-30 18:15:00,88263.0,88401.0,88263.0,88344.0,98.69475
2025-12-30 18:30:00,88344.0,88470.0,88292.0,88338.0,81.61338
2025-12-30 18:45:00,88338.0,88338.0,88083.0,88273.0,248.21736
2025-12-30 19:00:00,88272.0,88272.0,87924.0,88030.0,353.22237
2025-12-30 19:15:00,88031.0,88347.0,88005.0,88317.0,414.8994
2025-12-30 19:30:00,88316.0,88397.0,88238.0,88261.0,59.04722
2025-12-30 19:45:00,88261.0,88303.0,88109.0,88184.0,92.76528
2025-12-30 20:00:00,88185.0,88185.0,88060.0,88110.0,87.15318
2025-12-30 20:15:00,88110.0,88175.0,88000.0,88035.0,38.04332
2025-12-30 20:30:00,88036.0,88139.0,88015.0,88026.0,261.41538
2025-12-30 20:45:00,88025.0,88025.0,87842.0,87894.0,496.51628
2025-12-30 21:00:00,87895.0,88068.0,87864.0,88046.0,431.62278
2025-12-30 21:15:00,88046.0,88179.0,88046.0,88141.0,130.97719
2025-12-30 21:30:00,88140.0,88269.0,88140.0,88260.0,195.96381
2025-12-30 21:45:00,88260.0,88317.0,88195.0,88251.0,53.92816
2025-12-30 22:00:00,88251.0,88456.0,88251.0,88455.0,262.69043
2025-12-30 22:15:00,88456.0,88456.0,88356.0,88416.0,50.87184
2025-12-30 22:30:00,88417.0,88441.0,88267.0,88300.0,162.23224
2025-12-30 22:45:00,88299.0,88412.0,88273.0,88412.0,31.21071
2025-12-30 23:00:00,88412.0,88479.0,88339.0,88442.0,126.22865
2025-12-30 23:15:00,88441.0,88549.0,88397.0,88544.0,157.0444
2025-12-30 23:30:00,88544.0,88549.0,88493.0,88526.0,51.86961
2025-12-30 23:45:00,88526.0,88526.0,88455.0,88466.0,176.09406
2025-12-31 00:00:00,88467.0,88467.0,88320.0,88354.0,95.84063
2025-12-31 00:15:00,88354.0,88437.0,88272.0,88366.0,256.18201
2025-12-31 00:30:00,88365.0,88367.0,88230.0,88305.0,57.25231
2025-12-31 00:45:00,88305.0,88305.0,88224.0,88239.0,77.77866
2025-12-31 01:00:00,88239.0,88298.0,88155.0,88284.0,76.26004
2025-12-31 01:15:00,88284.0,88681.0,88283.0,88567.0,193.38327
2025-12-31 01:30:00,88568.0,88745.0,88563.0,88704.0,181.35682
2025-12-31 01:45:00,88705.0,88768.0,88574.0,88629.0,103.84202
2025-12-31 02:00:00,88628.0,88650.0,88502.0,88649.0,22.72581
2025-12-31 02:15:00,88650.0,88700.0,88607.0,88643.0,62.44664
2025-12-31 02:30:00,88642.0,88727.0,88512.0,88570.0,136.03458
2025-12-31 02:45:00,88570.0,88681.0,88500.0,88644.0,74.69829
2025-12-31 03:00:00,88645.0,88793.0,88642.0,88733.0,125.69578
2025-12-31 03:15:00,88732.0,88732.0,88500.0,88515.0,110.17841
2025-12-31 03:30:00,88515.0,88523.0,88344.0,88431.0,205.94375
2025-12-31 03:45:00,88431.0,88455.0,88396.0,88422.0,20.57511
2025-12-31 04:00:00,88422.0,88466.0,88378.0,88442.0,81.74404
2025-12-31 04:15:00,88442.0,88519.0,88356.0,88411.0,143.19681
2025-12-31 04:30:00,88411.0,88430.0,88357.0,88358.0,65.14086
2025-12-31 04:45:00,88358.0,88400.0,88306.0,88307.0,70.04776
2025-12-31 05:00:00,88308.0,88442.0,88308.0,88393.0,87.85148
2025-12-31 05:15:00,88394.0,88441.0,88328.0,88426.0,64.70136
2025-12-31 05:30:00,88430.0,88501.0,88414.0,88501.0,31.37813
2025-12-31 05:45:00,88501.0,88501.0,88420.0,88431.0,50.20665
2025-12-31 06:00:00,88431.0,88504.0,88431.0,88500.0,38.86631
2025-12-31 06:15:00,88499.0,88530.0,88445.0,88504.0,33.17025
2025-12-31 06:30:00,88504.0,88535.0,88466.0,88483.0,42.34877
2025-12-31 06:45:00,88483.0,88509.0,88465.0,88486.0,10.80514
2025-12-31 07:00:00,88487.0,88487.0,88411.0,88463.0,34.74608
2025-12-31 07:15:00,88463.0,88552.0,88400.0,88512.0,45.44727
2025-12-31 07:30:00,88512.0,88613.0,88503.0,88590.0,102.69415
2025-12-31 07:45:00,88591.0,88611.0,88553.0,88578.0,54.8806
2025-12-31 08:00:00,88579.0,88712.0,88578.0,88662.0,128.8818
2025-12-31 08:15:00,88663.0,88663.0,88607.0,88627.0,23.77603
2025-12-31 08:30:00,88627.0,88628.0,88364.0,88388.0,97.78073
2025-12-31 08:45:00,88387.0,88420.0,88358.0,88404.0,32.22224
2025-12-31 09:00:00,88404.0,88547.0,88402.0,88521.0,73.79449
2025-12-31 09:15:00,88522.0,88575.0,88521.0,88569.0,12.81611
2025-12-31 09:30:00,88569.0,88643.0,88552.0,88621.0,25.42234
2025-12-31 09:45:00,88622.0,88680.0,88616.0,88640.0,81.43406
2025-12-31 10:00:00,88641.0,88794.0,88640.0,88775.0,76.95594
2025-12-31 10:15:00,88775.0,88850.0,88665.0,88732.0,156.19391
2025-12-31 10:30:00,88732.0,88740.0,88630.0,88718.0,89.8386
2025-12-31 10:45:00,88719.0,88810.0,88689.0,88809.0,82.31301
2025-12-31 11:00:00,88810.0,88909.0,88784.0,88843.0,177.59092
2025-12-31 11:15:00,88843.0,88900.0,88777.0,88900.0,36.10187
2025-12-31 11:30:00,88900.0,88988.0,88878.0,88987.0,71.50809
2025-12-31 11:45:00,88988.0,89000.0,88918.0,88985.0,38.04595
2025-12-31 12:00:00,88982.0,89009.0,88878.0,88922.0,57.85903
2025-12-31 12:15:00,88923.0,88966.0,88875.0,88908.0,48.49493
2025-12-31 12:30:00,88908.0,88951.0,88789.0,88800.0,85.88062
2025-12-31 12:45:00,88801.0,88837.0,88712.0,88746.0,148.74436
2025-12-31 13:00:00,88745.0,88806.0,88714.0,88785.0,67.40158
2025-12-31 13:15:00,88786.0,88862.0,88778.0,88819.0,35.45709
2025-12-31 13:30:00,88819.0,88819.0,88708.0,88762.0,100.49981
2025-12-31 13:45:00,88762.0,89025.0,88749.0,88957.0,185.52039
2025-12-31 14:00:00,88957.0,89178.0,88906.0,89112.0,299.47398
2025-12-31 14:15:00,89112.0,89112.0,88907.0,88912.0,124.882
2025-12-31 14:30:00,88911.0,88911.0,88537.0,88624.0,428.81367
2025-12-31 14:45:00,88623.0,88624.0,88250.0,88445.0,616.14409
2025-12-31 15:00:00,88444.0,88455.0,87898.0,88180.0,1525.45745
2025-12-31 15:15:00,88180.0,88195.0,87888.0,87960.0,897.89873
2025-12-31 15:30:00,87959.0,88100.0,87747.0,88032.0,585.54148
2025-12-31 15:45:00,88031.0,88135.0,87914.0,87927.0,209.50038
2025-12-31 16:00:00,87926.0,87979.0,87780.0,87906.0,222.98934
2025-12-31 16:15:00,87906.0,88030.0,87675.0,87898.0,478.82648
2025-12-31 16:30:00,87899.0,87918.0,87366.0,87429.0,1137.81873
2025-12-31 16:45:00,87430.0,87683.0,87396.0,87630.0,422.52018
2025-12-31 17:00:00,87631.0,87659.0,87480.0,87513.0,234.57145
2025-12-31 17:15:00,87513.0,87736.0,87456.0,87597.0,418.95933
2025-12-31 17:30:00,87597.0,87679.0,87528.0,87607.0,142.75969
2025-12-31 17:45:00,87607.0,87659.0,87543.0,87599.0,71.56323
2025-12-31 18:00:00,87599.0,87943.0,87554.0,87888.0,340.70265
2025-12-31 18:15:00,87889.0,87978.0,87802.0,87931.0,308.37148
2025-12-31 18:30:00,87931.0,87931.0,87807.0,87852.0,107.95984
2025-12-31 18:45:00,87852.0,87862.0,87672.0,87673.0,128.04866
2025-12-31 19:00:00,87674.0,87858.0,87674.0,87774.0,174.17314
2025-12-31 19:15:00,87774.0,87817.0,87662.0,87730.0,51.25727
2025-12-31 19:30:00,87727.0,87728.0,87619.0,87631.0,83.18979
2025-12-31 19:45:00,87631.0,87696.0,87520.0,87534.0,257.75145
2025-12-31 20:00:00,87533.0,87537.0,87402.0,87527.0,361.95756
2025-12-31 20:15:00,87527.0,87565.0,87434.0,87479.0,242.67302
2025-12-31 20:30:00,87480.0,87530.0,87229.0,87422.0,336.11815
2025-12-31 20:45:00,87423.0,87710.0,87359.0,87660.0,555.94481
2025-12-31 21:00:00,87660.0,87787.0,87657.0,87750.0,172.43597
2025-12-31 21:15:00,87750.0,87787.0,87719.0,87767.0,93.2728
2025-12-31 21:30:00,87767.0,87875.0,87766.0,87823.0,48.97197
2025-12-31 21:45:00,87824.0,87824.0,87766.0,87794.0,33.53513
2025-12-31 22:00:00,87793.0,87824.0,87761.0,87824.0,73.18116
2025-12-31 22:15:00,87824.0,87886.0,87812.0,87865.0,44.71404
2025-12-31 22:30:00,87865.0,87865.0,87679.0,87725.0,119.92886
2025-12-31 22:45:00,87725.0,87771.0,87646.0,87727.0,139.56942
2025-12-31 23:00:00,87726.0,87726.0,87656.0,87682.0,106.79485
2025-12-31 23:15:00,87682.0,87682.0,87615.0,87658.0,130.46558
2025-12-31 23:30:00,87658.0,87688.0,87628.0,87679.0,89.48099
2025-12-31 23:45:00,87680.0,87682.0,87628.0,87632.0,34.24162
2026-01-01 00:00:00,87631.0,87799.0,87628.0,87725.0,86.65611
2026-01-01 00:15:00,87724.0,87768.0,87724.0,87766.0,46.15124
2026-01-01 00:30:00,87766.0,87772.0,87719.0,87737.0,80.82988
2026-01-01 00:45:00,87738.0,87837.0,87737.0,87807.0,151.43563
2026-01-01 01:00:00,87807.0,88015.0,87805.0,87997.0,80.96271
2026-01-01 01:15:00,87998.0,88043.0,87858.0,87865.0,43.02549
2026-01-01 01:30:00,87864.0,87890.0,87831.0,87881.0,22.39287
2026-01-01 01:45:00,87881.0,88008.0,87872.0,87955.0,107.20488
2026-01-01 02:00:00,87956.0,88022.0,87900.0,87983.0,83.99705
2026-01-01 02:15:00,87983.0,88096.0,87944.0,87950.0,106.73224
2026-01-01 02:30:00,87950.0,88055.0,87937.0,87949.0,140.1136
2026-01-01 02:45:00,87949.0,87954.0,87885.0,87902.0,23.94557
2026-01-01 03:00:00,87903.0,87979.0,87878.0,87979.0,64.84476
2026-01-01 03:15:00,87979.0,88011.0,87892.0,87925.0,30.16075
2026-01-01 03:30:00,87926.0,87946.0,87900.0,87934.0,39.68733
2026-01-01 03:45:00,87935.0,87935.0,87831.0,87839.0,41.00528
2026-01-01 04:00:00,87839.0,87854.0,87637.0,87646.0,189.2966
2026-01-01 04:15:00,87646.0,87700.0,87550.0,87628.0,267.38774
2026-01-01 04:30:00,87628.0,87665.0,87550.0,87550.0,36.62739
2026-01-01 04:45:00,87551.0,87650.0,87551.0,87597.0,36.35804
2026-01-01 05:00:00,87597.0,87728.0,87596.0,87710.0,50.70878
2026-01-01 05:15:00,87711.0,87736.0,87673.0,87718.0,62.3834
2026-01-01 05:30:00,87718.0,87741.0,87645.0,87706.0,26.26767
2026-01-01 05:45:00,87706.0,87735.0,87705.0,87718.0,6.94697
2026-01-01 06:00:00,87718.0,87718.0,87646.0,87648.0,20.40794
2026-01-01 06:15:00,87648.0,87669.0,87647.0,87669.0,19.57028
2026-01-01 06:30:00,87669.0,87688.0,87668.0,87669.0,11.36019
2026-01-01 06:45:00,87670.0,87671.0,87664.0,87664.0,7.69637
2026-01-01 07:00:00,87664.0,87677.0,87602.0,87649.0,32.45852
2026-01-01 07:15:00,87649.0,87675.0,87604.0,87609.0,32.08747
2026-01-01 07:30:00,87609.0,87675.0,87609.0,87650.0,38.82281
2026-01-01 07:45:00,87649.0,87675.0,87617.0,87642.0,30.62965
2026-01-01 08:00:00,87641.0,87827.0,87632.0,87755.0,55.14192
2026-01-01 08:15:00,87755.0,87771.0,87711.0,87743.0,15.07195
2026-01-01 08:30:00,87742.0,87781.0,87693.0,87693.0,56.63346
2026-01-01 08:45:00,87694.0,87774.0,87694.0,87774.0,13.58399
2026-01-01 09:00:00,87774.0,87860.0,87757.0,87859.0,22.75356
2026-01-01 09:15:00,87860.0,87973.0,87820.0,87834.0,77.03597
2026-01-01 09:30:00,87835.0,87883.0,87834.0,87879.0,32.7504
2026-01-01 09:45:00,87879.0,87879.0,87857.0,87878.0,13.40255
2026-01-01 10:00:00,87878.0,87886.0,87868.0,87869.0,17.06881
2026-01-01 10:15:00,87869.0,87869.0,87788.0,87848.0,51.36334
2026-01-01 10:30:00,87847.0,87855.0,87832.0,87835.0,17.30103
2026-01-01 10:45:00,87834.0,87875.0,87830.0,87860.0,27.51814
2026-01-01 11:00:00,87860.0,87944.0,87851.0,87928.0,34.99121
2026-01-01 11:15:00,87926.0,87971.0,87910.0,87912.0,35.6434
2026-01-01 11:30:00,87913.0,87945.0,87872.0,87907.0,68.15249
2026-01-01 11:45:00,87907.0,88023.0,87907.0,88022.0,99.58807
2026-01-01 12:00:00,88022.0,88043.0,87989.0,88004.0,81.56821
2026-01-01 12:15:00,88003.0,88016.0,87950.0,88007.0,62.0968
2026-01-01 12:30:00,88007.0,88008.0,87923.0,87975.0,125.43764
2026-01-01 12:45:00,87975.0,87979.0,87946.0,87947.0,28.94058
2026-01-01 13:00:00,87946.0,87989.0,87895.0,87988.0,79.60421
2026-01-01 13:15:00,87988.0,88024.0,87954.0,87981.0,72.35772
2026-01-01 13:30:00,87981.0,87999.0,87944.0,87986.0,40.57927
2026-01-01 13:45:00,87987.0,87987.0,87855.0,87899.0,286.18733
2026-01-01 14:00:00,87899.0,87951.0,87799.0,87944.0,275.35145
2026-01-01 14:15:00,87944.0,87944.0,87828.0,87831.0,432.49553
2026-01-01 14:30:00,87832.0,87884.0,87786.0,87876.0,262.61457
2026-01-01 14:45:00,87876.0,87940.0,87858.0,87936.0,41.76532
2026-01-01 15:00:00,87937.0,87957.0,87899.0,87955.0,33.83585
2026-01-01 15:15:00,87954.0,88058.0,87948.0,87981.0,59.85878
2026-01-01 15:30:00,87980.0,88096.0,87917.0,87997.0,72.17231
2026-01-01 15:45:00,87998.0,88063.0,87962.0,88011.0,77.44546
2026-01-01 16:00:00,88011.0,88023.0,87897.0,87925.0,86.01279
2026-01-01 16:15:00,87926.0,87934.0,87857.0,87933.0,48.72374
2026-01-01 16:30:00,87933.0,87977.0,87920.0,87921.0,109.55531
2026-01-01 16:45:00,87920.0,87980.0,87920.0,87968.0,156.39338
2026-01-01 17:00:00,87969.0,88077.0,87961.0,88041.0,63.24985
2026-01-01 17:15:00,88040.0,88257.0,88022.0,88238.0,120.31506
2026-01-01 17:30:00,88238.0,88495.0,88238.0,88317.0,632.44329
2026-01-01 17:45:00,88318.0,88432.0,88274.0,88293.0,96.57631
2026-01-01 18:00:00,88293.0,88340.0,88140.0,88140.0,147.155
2026-01-01 18:15:00,88141.0,88233.0,88059.0,88059.0,177.55315
2026-01-01 18:30:00,88059.0,88158.0,88059.0,88152.0,36.50463
2026-01-01 18:45:00,88152.0,88189.0,88132.0,88169.0,32.1597
2026-01-01 19:00:00,88170.0,88170.0,88044.0,88086.0,28.43597
2026-01-01 19:15:00,88086.0,88146.0,88086.0,88141.0,31.8699
2026-01-01 19:30:00,88142.0,88328.0,88139.0,88327.0,414.40611
2026-01-01 19:45:00,88327.0,88420.0,88291.0,88377.0,197.94357
2026-01-01 20:00:00,88365.0,88376.0,88281.0,88316.0,33.95025
2026-01-01 20:15:00,88316.0,88344.0,88295.0,88338.0,56.48963
2026-01-01 20:30:00,88339.0,88339.0,88204.0,88217.0,282.33638
2026-01-01 20:45:00,88216.0,88259.0,88216.0,88238.0,16.59559
2026-01-01 21:00:00,88238.0,88424.0,88238.0,88365.0,69.9176
2026-01-01 21:15:00,88365.0,88374.0,88338.0,88363.0,14.15007
2026-01-01 21:30:00,88362.0,88365.0,88306.0,88306.0,53.28186
2026-01-01 21:45:00,88305.0,88382.0,88285.0,88365.0,123.17729
2026-01-01 22:00:00,88365.0,88578.0,88364.0,88499.0,393.5193
2026-01-01 22:15:00,88499.0,88570.0,88466.0,88524.0,62.65474
2026-01-01 22:30:00,88522.0,88576.0,88405.0,88565.0,164.31321
2026-01-01 22:45:00,88564.0,88689.0,88519.0,88637.0,440.23147
2026-01-01 23:00:00,88637.0,88766.0,88460.0,88552.0,581.06966
2026-01-01 23:15:00,88552.0,88771.0,88552.0,88712.0,264.98799
2026-01-01 23:30:00,88713.0,88850.0,88712.0,88849.0,245.84905
2026-01-01 23:45:00,88850.0,88888.0,88734.0,88809.0,284.04462
2026-01-02 00:00:00,88810.0,88850.0,88577.0,88608.0,493.37209
2026-01-02 00:15:00,88609.0,88715.0,88562.0,88685.0,180.55549
2026-01-02 00:30:00,88685.0,88871.0,88607.0,88661.0,639.82533
2026-01-02 00:45:00,88662.0,88862.0,88661.0,88802.0,158.2412
2026-01-02 01:00:00,88804.0,88845.0,88717.0,88730.0,150.2426
2026-01-02 01:15:00,88730.0,88730.0,88655.0,88655.0,95.44354
2026-01-02 01:30:00,88656.0,88674.0,88494.0,88607.0,169.93257
2026-01-02 01:45:00,88607.0,88637.0,88540.0,88618.0,45.32597
2026-01-02 02:00:00,88618.0,88643.0,88400.0,88457.0,219.96015
2026-01-02 02:15:00,88458.0,88495.0,88350.0,88400.0,168.90352
2026-01-02 02:30:00,88401.0,88495.0,88391.0,88453.0,102.46958
2026-01-02 02:45:00,88453.0,88615.0,88441.0,88606.0,51.63473
2026-01-02 03:00:00,88607.0,88944.0,88544.0,88938.0,345.63078
2026-01-02 03:15:00,88939.0,88965.0,88789.0,88845.0,407.71682
2026-01-02 03:30:00,88845.0,89091.0,88819.0,88944.0,210.26014
2026-01-02 03:45:00,88945.0,89094.0,88854.0,88910.0,296.7344
2026-01-02 04:00:00,88911.0,88960.0,88774.0,88787.0,136.24204
2026-01-02 04:15:00,88788.0,88810.0,88647.0,88700.0,169.68844
2026-01-02 04:30:00,88701.0,88796.0,88690.0,88691.0,109.2227
2026-01-02 04:45:00,88691.0,88747.0,88581.0,88599.0,345.88691
2026-01-02 05:00:00,88599.0,88679.0,88598.0,88649.0,143.75918
2026-01-02 05:15:00,88649.0,88730.0,88548.0,88551.0,26.49796
2026-01-02 05:30:00,88552.0,88657.0,88538.0,88655.0,139.96699
2026-01-02 05:45:00,88655.0,88759.0,88642.0,88724.0,210.96252
2026-01-02 06:00:00,88724.0,88818.0,88701.0,88762.0,40.70375
2026-01-02 06:15:00,88765.0,88888.0,88762.0,88887.0,64.0963
2026-01-02 06:30:00,88888.0,89059.0,88883.0,88946.0,305.43943
2026-01-02 06:45:00,88946.0,89018.0,88887.0,88906.0,72.57731
2026-01-02 07:00:00,88906.0,89036.0,88906.0,89013.0,28.55787
2026-01-02 07:15:00,89013.0,89013.0,88832.0,88859.0,79.48754
2026-01-02 07:30:00,88860.0,88888.0,88805.0,88821.0,147.0124
2026-01-02 07:45:00,88821.0,88857.0,88810.0,88827.0,53.62111
2026-01-02 08:00:00,88827.0,89050.0,88771.0,89049.0,130.56187
2026-01-02 08:15:00,89050.0,89061.0,88948.0,89015.0,283.03141
2026-01-02 08:30:00,89015.0,89127.0,88987.0,89049.0,119.89784
2026-01-02 08:45:00,89049.0,89192.0,89034.0,89149.0,354.2818
2026-01-02 09:00:00,89150.0,89296.0,89083.0,89223.0,375.91251
2026-01-02 09:15:00,89223.0,89240.0,89059.0,89156.0,658.23954
2026-01-02 09:30:00,89157.0,89217.0,89109.0,89217.0,395.86895
2026-01-02 09:45:00,89217.0,89475.0,89204.0,89436.0,725.59321
2026-01-02 10:00:00,89436.0,89833.0,89426.0,89803.0,1158.80299
2026-01-02 10:15:00,89803.0,89899.0,89513.0,89540.0,1177.03397
2026-01-02 10:30:00,89540.0,89663.0,89539.0,89654.0,136.98512
2026-01-02 10:45:00,89654.0,89710.0,89573.0,89618.0,207.46162
2026-01-02 11:00:00,89618.0,89640.0,89467.0,89484.0,174.58853
2026-01-02 11:15:00,89485.0,89520.0,89290.0,89324.0,753.21578
2026-01-02 11:30:00,89324.0,89519.0,89312.0,89479.0,692.22214
2026-01-02 11:45:00,89480.0,89535.0,89454.0,89459.0,257.10991
2026-01-02 12:00:00,89459.0,89493.0,89326.0,89435.0,212.96218
2026-01-02 12:15:00,89436.0,89548.0,89402.0,89429.0,354.77921
2026-01-02 12:30:00,89429.0,89497.0,89391.0,89480.0,52.90584
2026-01-02 12:45:00,89481.0,89517.0,89350.0,89361.0,95.06689
2026-01-02 13:00:00,89361.0,89471.0,89330.0,89421.0,31.00776
2026-01-02 13:15:00,89421.0,89642.0,89421.0,89518.0,162.80824
2026-01-02 13:30:00,89518.0,89547.0,89365.0,89419.0,131.31692
2026-01-02 13:45:00,89419.0,89481.0,89274.0,89297.0,272.84896
2026-01-02 14:00:00,89298.0,89339.0,89085.0,89089.0,331.56762
2026-01-02 14:15:00,89090.0,89090.0,88679.0,88859.0,872.41916
2026-01-02 14:30:00,88859.0,89444.0,88444.0,89340.0,1699.76137
2026-01-02 14:45:00,89341.0,90079.0,89085.0,89530.0,1758.30216
2026-01-02 15:00:00,89531.0,89802.0,89061.0,89138.0,1312.39188
2026-01-02 15:15:00,89137.0,89321.0,88752.0,89099.0,839.44736
2026-01-02 15:30:00,89099.0,89737.0,89037.0,89713.0,1248.74786
2026-01-02 15:45:00,89714.0,89850.0,89247.0,89366.0,304.377
2026-01-02 16:00:00,89367.0,89713.0,89161.0,89713.0,694.04156
2026-01-02 16:15:00,89715.0,90126.0,89694.0,90022.0,1691.34797
2026-01-02 16:30:00,90023.0,90786.0,90019.0,90091.0,2543.16543
2026-01-02 16:45:00,90091.0,90275.0,89860.0,90236.0,927.32013
