time,t,T,s,i,open,close,high,low,volume,n
2025-12-30 22:09:00,1767132540000,1767132599999,BTC,1m,88347.0,88347.0,88347.0,88346.0,1.66987,41
2025-12-30 22:10:00,1767132600000,1767132659999,BTC,1m,88347.0,88347.0,88347.0,88346.0,2.45091,34
2025-12-30 22:11:00,1767132660000,1767132719999,BTC,1m,88347.0,88348.0,88348.0,88334.0,3.00068,78
2025-12-30 22:12:00,1767132720000,1767132779999,BTC,1m,88348.0,88348.0,88348.0,88347.0,0.38937,24
2025-12-30 22:13:00,1767132780000,1767132839999,BTC,1m,88348.0,88433.0,88452.0,88348.0,14.63427,388
2025-12-30 22:14:00,1767132840000,1767132899999,BTC,1m,88433.0,88455.0,88456.0,88432.0,8.77882,122
2025-12-30 22:15:00,1767132900000,1767132959999,BTC,1m,88456.0,88414.0,88456.0,88414.0,5.63338,147
2025-12-30 22:16:00,1767132960000,1767133019999,BTC,1m,88413.0,88382.0,88413.0,88381.0,2.98562,107
2025-12-30 22:17:00,1767133020000,1767133079999,BTC,1m,88382.0,88390.0,88390.0,88381.0,0.72394,57
2025-12-30 22:18:00,1767133080000,1767133139999,BTC,1m,88389.0,88356.0,88390.0,88356.0,0.9435,123
2025-12-30 22:19:00,1767133140000,1767133199999,BTC,1m,88357.0,88374.0,88374.0,88357.0,7.25335,92
2025-12-30 22:20:00,1767133200000,1767133259999,BTC,1m,88375.0,88381.0,88381.0,88375.0,10.5498,57
2025-12-30 22:21:00,1767133260000,1767133319999,BTC,1m,88381.0,88378.0,88381.0,88377.0,2.25288,42
2025-12-30 22:22:00,1767133320000,1767133379999,BTC,1m,88378.0,88389.0,88389.0,88377.0,1.36404,46
2025-12-30 22:23:00,1767133380000,1767133439999,BTC,1m,88389.0,88392.0,88392.0,88388.0,0.11638,31
2025-12-30 22:24:00,1767133440000,1767133499999,BTC,1m,88392.0,88409.0,88410.0,88391.0,9.86425,83
2025-12-30 22:25:00,1767133500000,1767133559999,BTC,1m,88410.0,88405.0,88410.0,88405.0,1.50633,53
2025-12-30 22:26:00,1767133560000,1767133619999,BTC,1m,88405.0,88401.0,88405.0,88400.0,3.02444,41
2025-12-30 22:27:00,1767133620000,1767133679999,BTC,1m,88400.0,88421.0,88422.0,88400.0,0.73691,70
2025-12-30 22:28:00,1767133680000,1767133739999,BTC,1m,88422.0,88422.0,88422.0,88421.0,0.19883,22
2025-12-30 22:29:00,1767133740000,1767133799999,BTC,1m,88422.0,88416.0,88422.0,88416.0,3.71819,57
2025-12-30 22:30:00,1767133800000,1767133859999,BTC,1m,88417.0,88435.0,88435.0,88416.0,0.81752,61
2025-12-30 22:31:00,1767133860000,1767133919999,BTC,1m,88435.0,88411.0,88441.0,88410.0,4.37731,108
2025-12-30 22:32:00,1767133920000,1767133979999,BTC,1m,88410.0,88363.0,88411.0,88363.0,3.04411,152
2025-12-30 22:33:00,1767133980000,1767134039999,BTC,1m,88364.0,88370.0,88370.0,88363.0,0.82532,41
2025-12-30 22:34:00,1767134040000,1767134099999,BTC,1m,88370.0,88376.0,88377.0,88369.0,0.54389,36
2025-12-30 22:35:00,1767134100000,1767134159999,BTC,1m,88377.0,88389.0,88389.0,88376.0,0.99323,60
2025-12-30 22:36:00,1767134160000,1767134219999,BTC,1m,88389.0,88326.0,88390.0,88325.0,14.62113,208
2025-12-30 22:37:00,1767134220000,1767134279999,BTC,1m,88324.0,88322.0,88324.0,88309.0,2.88379,79
2025-12-30 22:38:00,1767134280000,1767134339999,BTC,1m,88321.0,88315.0,88321.0,88267.0,120.88953,389
2025-12-30 22:39:00,1767134340000,1767134399999,BTC,1m,88314.0,88342.0,88350.0,88314.0,1.98397,116
2025-12-30 22:40:00,1767134400000,1767134459999,BTC,1m,88342.0,88328.0,88342.0,88327.0,3.56853,74
2025-12-30 22:41:00,1767134460000,1767134519999,BTC,1m,88328.0,88315.0,88328.0,88315.0,0.86519,54
2025-12-30 22:42:00,1767134520000,1767134579999,BTC,1m,88316.0,88305.0,88316.0,88304.0,1.20929,51
2025-12-30 22:43:00,1767134580000,1767134639999,BTC,1m,88304.0,88321.0,88321.0,88291.0,2.07424,114
2025-12-30 22:44:00,1767134640000,1767134699999,BTC,1m,88320.0,88300.0,88320.0,88279.0,3.53519,143
2025-12-30 22:45:00,1767134700000,1767134759999,BTC,1m,88299.0,88284.0,88300.0,88273.0,0.65966,60
2025-12-30 22:46:00,1767134760000,1767134819999,BTC,1m,88283.0,88315.0,88315.0,88283.0,0.46475,72
2025-12-30 22:47:00,1767134820000,1767134879999,BTC,1m,88317.0,88355.0,88355.0,88316.0,3.21458,107
2025-12-30 22:48:00,1767134880000,1767134939999,BTC,1m,88355.0,88355.0,88355.0,88354.0,1.613,36
2025-12-30 22:49:00,1767134940000,1767134999999,BTC,1m,88355.0,88345.0,88355.0,88345.0,0.82982,29
2025-12-30 22:50:00,1767135000000,1767135059999,BTC,1m,88346.0,88325.0,88346.0,88324.0,3.2225,70
2025-12-30 22:51:00,1767135060000,1767135119999,BTC,1m,88325.0,88310.0,88325.0,88309.0,0.933,54
2025-12-30 22:52:00,1767135120000,1767135179999,BTC,1m,88310.0,88353.0,88353.0,88309.0,4.62076,127
2025-12-30 22:53:00,1767135180000,1767135239999,BTC,1m,88353.0,88353.0,88353.0,88352.0,2.55951,39
2025-12-30 22:54:00,1767135240000,1767135299999,BTC,1m,88352.0,88366.0,88367.0,88352.0,8.03731,96
2025-12-30 22:55:00,1767135300000,1767135359999,BTC,1m,88366.0,88355.0,88367.0,88355.0,1.71563,70
2025-12-30 22:56:00,1767135360000,1767135419999,BTC,1m,88355.0,88376.0,88376.0,88355.0,0.86779,62
2025-12-30 22:57:00,1767135420000,1767135479999,BTC,1m,88376.0,88383.0,88383.0,88375.0,0.46706,30
2025-12-30 22:58:00,1767135480000,1767135539999,BTC,1m,88383.0,88406.0,88406.0,88342.0,0.84779,183
2025-12-30 22:59:00,1767135540000,1767135599999,BTC,1m,88406.0,88412.0,88412.0,88383.0,1.15755,113
2025-12-30 23:00:00,1767135600000,1767135659999,BTC,1m,88412.0,88441.0,88452.0,88344.0,51.70929,456
2025-12-30 23:01:00,1767135660000,1767135719999,BTC,1m,88440.0,88405.0,88440.0,88405.0,3.54365,108
2025-12-30 23:02:00,1767135720000,1767135779999,BTC,1m,88406.0,88431.0,88444.0,88405.0,17.95459,190
2025-12-30 23:03:00,1767135780000,1767135839999,BTC,1m,88431.0,88385.0,88464.0,88381.0,8.67009,277
2025-12-30 23:04:00,1767135840000,1767135899999,BTC,1m,88388.0,88391.0,88411.0,88388.0,3.24159,108
2025-12-30 23:05:00,1767135900000,1767135959999,BTC,1m,88387.0,88405.0,88405.0,88339.0,4.88225,221
2025-12-30 23:06:00,1767135960000,1767136019999,BTC,1m,88405.0,88442.0,88443.0,88400.0,3.79533,134
2025-12-30 23:07:00,1767136020000,1767136079999,BTC,1m,88442.0,88400.0,88442.0,88395.0,4.29195,139
2025-12-30 23:08:00,1767136080000,1767136139999,BTC,1m,88400.0,88413.0,88413.0,88400.0,3.30411,57
2025-12-30 23:09:00,1767136140000,1767136199999,BTC,1m,88413.0,88429.0,88429.0,88412.0,4.19976,74
2025-12-30 23:10:00,1767136200000,1767136259999,BTC,1m,88430.0,88455.0,88455.0,88420.0,3.53103,116
2025-12-30 23:11:00,1767136260000,1767136319999,BTC,1m,88455.0,88479.0,88479.0,88453.0,4.03378,141
2025-12-30 23:12:00,1767136320000,1767136379999,BTC,1m,88478.0,88459.0,88478.0,88450.0,5.39878,118
2025-12-30 23:13:00,1767136380000,1767136439999,BTC,1m,88459.0,88459.0,88459.0,88456.0,3.91962,56
2025-12-30 23:14:00,1767136440000,1767136499999,BTC,1m,88459.0,88442.0,88459.0,88442.0,3.75283,81
2025-12-30 23:15:00,1767136500000,1767136559999,BTC,1m,88441.0,88435.0,88441.0,88421.0,6.91895,129
2025-12-30 23:16:00,1767136560000,1767136619999,BTC,1m,88436.0,88398.0,88440.0,88397.0,22.55675,182
2025-12-30 23:17:00,1767136620000,1767136679999,BTC,1m,88397.0,88515.0,88534.0,88397.0,37.92976,541
2025-12-30 23:18:00,1767136680000,1767136739999,BTC,1m,88514.0,88472.0,88514.0,88464.0,4.82276,171
2025-12-30 23:19:00,1767136740000,1767136799999,BTC,1m,88473.0,88525.0,88537.0,88472.0,12.5048,258
2025-12-30 23:20:00,1767136800000,1767136859999,BTC,1m,88525.0,88497.0,88525.0,88481.0,12.48166,236
2025-12-30 23:21:00,1767136860000,1767136919999,BTC,1m,88498.0,88486.0,88508.0,88485.0,6.00289,115
2025-12-30 23:22:00,1767136920000,1767136979999,BTC,1m,88486.0,88457.0,88486.0,88445.0,6.43665,172
2025-12-30 23:23:00,1767136980000,1767137039999,BTC,1m,88457.0,88458.0,88458.0,88457.0,6.08105,71
2025-12-30 23:24:00,1767137040000,1767137099999,BTC,1m,88458.0,88482.0,88482.0,88457.0,4.85745,114
2025-12-30 23:25:00,1767137100000,1767137159999,BTC,1m,88482.0,88472.0,88482.0,88471.0,2.82628,63
2025-12-30 23:26:00,1767137160000,1767137219999,BTC,1m,88472.0,88495.0,88495.0,88471.0,3.65554,85
2025-12-30 23:27:00,1767137220000,1767137279999,BTC,1m,88495.0,88495.0,88495.0,88494.0,3.74505,107
2025-12-30 23:28:00,1767137280000,1767137339999,BTC,1m,88495.0,88495.0,88495.0,88494.0,19.41897,61
2025-12-30 23:29:00,1767137340000,1767137399999,BTC,1m,88495.0,88544.0,88549.0,88494.0,6.80584,245
2025-12-30 23:30:00,1767137400000,1767137459999,BTC,1m,88544.0,88535.0,88544.0,88535.0,6.24505,71
2025-12-30 23:31:00,1767137460000,1767137519999,BTC,1m,88533.0,88542.0,88542.0,88533.0,3.75384,52
2025-12-30 23:32:00,1767137520000,1767137579999,BTC,1m,88541.0,88494.0,88542.0,88493.0,4.75103,125
2025-12-30 23:33:00,1767137580000,1767137639999,BTC,1m,88493.0,88523.0,88523.0,88493.0,7.44695,143
2025-12-30 23:34:00,1767137640000,1767137699999,BTC,1m,88523.0,88529.0,88529.0,88523.0,2.14374,49
2025-12-30 23:35:00,1767137700000,1767137759999,BTC,1m,88529.0,88543.0,88543.0,88528.0,0.29866,57
2025-12-30 23:36:00,1767137760000,1767137819999,BTC,1m,88543.0,88543.0,88543.0,88542.0,0.43294,19
2025-12-30 23:37:00,1767137820000,1767137879999,BTC,1m,88543.0,88528.0,88543.0,88528.0,0.08466,45
2025-12-30 23:38:00,1767137880000,1767137939999,BTC,1m,88530.0,88533.0,88549.0,88530.0,1.63069,88
2025-12-30 23:39:00,1767137940000,1767137999999,BTC,1m,88533.0,88510.0,88534.0,88509.0,1.44177,61
2025-12-30 23:40:00,1767138000000,1767138059999,BTC,1m,88510.0,88523.0,88523.0,88509.0,11.79726,68
2025-12-30 23:41:00,1767138060000,1767138119999,BTC,1m,88523.0,88526.0,88533.0,88522.0,1.96777,80
2025-12-30 23:42:00,1767138120000,1767138179999,BTC,1m,88527.0,88514.0,88527.0,88514.0,2.37241,57
2025-12-30 23:43:00,1767138180000,1767138239999,BTC,1m,88515.0,88535.0,88535.0,88514.0,4.67891,64
2025-12-30 23:44:00,1767138240000,1767138299999,BTC,1m,88535.0,88526.0,88535.0,88525.0,2.82393,49
2025-12-30 23:45:00,1767138300000,1767138359999,BTC,1m,88526.0,88508.0,88526.0,88508.0,4.0234,56
2025-12-30 23:46:00,1767138360000,1767138419999,BTC,1m,88508.0,88486.0,88508.0,88485.0,24.30387,156
2025-12-30 23:47:00,1767138420000,1767138479999,BTC,1m,88486.0,88496.0,88496.0,88482.0,4.97991,97
2025-12-30 23:48:00,1767138480000,1767138539999,BTC,1m,88496.0,88505.0,88506.0,88495.0,64.01235,218
2025-12-30 23:49:00,1767138540000,1767138599999,BTC,1m,88506.0,88494.0,88506.0,88494.0,13.78547,68
2025-12-30 23:50:00,1767138600000,1767138659999,BTC,1m,88494.0,88508.0,88509.0,88494.0,23.53396,118
2025-12-30 23:51:00,1767138660000,1767138719999,BTC,1m,88508.0,88516.0,88516.0,88508.0,0.85961,50
2025-12-30 23:52:00,1767138720000,1767138779999,BTC,1m,88515.0,88498.0,88515.0,88498.0,0.36465,60
2025-12-30 23:53:00,1767138780000,1767138839999,BTC,1m,88497.0,88455.0,88497.0,88455.0,8.8029,181
2025-12-30 23:54:00,1767138840000,1767138899999,BTC,1m,88455.0,88483.0,88483.0,88455.0,3.3049,77
2025-12-30 23:55:00,1767138900000,1767138959999,BTC,1m,88482.0,88483.0,88483.0,88482.0,0.84262,30
2025-12-30 23:56:00,1767138960000,1767139019999,BTC,1m,88483.0,88510.0,88510.0,88482.0,2.07001,74
2025-12-30 23:57:00,1767139020000,1767139079999,BTC,1m,88510.0,88505.0,88510.0,88497.0,2.1015,85
2025-12-30 23:58:00,1767139080000,1767139139999,BTC,1m,88505.0,88495.0,88505.0,88494.0,5.42751,65
2025-12-30 23:59:00,1767139140000,1767139199999,BTC,1m,88495.0,88466.0,88495.0,88466.0,17.6814,113
2025-12-31 00:00:00,1767139200000,1767139259999,BTC,1m,88467.0,88420.0,88467.0,88410.0,4.18197,221
2025-12-31 00:01:00,1767139260000,1767139319999,BTC,1m,88420.0,88404.0,88429.0,88388.0,5.18449,199
2025-12-31 00:02:00,1767139320000,1767139379999,BTC,1m,88403.0,88414.0,88414.0,88366.0,5.95398,191
2025-12-31 00:03:00,1767139380000,1767139439999,BTC,1m,88413.0,88399.0,88413.0,88399.0,0.45752,41
2025-12-31 00:04:00,1767139440000,1767139499999,BTC,1m,88399.0,88395.0,88399.0,88391.0,3.21052,58
2025-12-31 00:05:00,1767139500000,1767139559999,BTC,1m,88396.0,88423.0,88423.0,88395.0,1.16211,82
2025-12-31 00:06:00,1767139560000,1767139619999,BTC,1m,88424.0,88391.0,88425.0,88390.0,2.09613,108
2025-12-31 00:07:00,1767139620000,1767139679999,BTC,1m,88391.0,88373.0,88391.0,88372.0,4.25117,104
2025-12-31 00:08:00,1767139680000,1767139739999,BTC,1m,88373.0,88354.0,88373.0,88354.0,1.56749,100
2025-12-31 00:09:00,1767139740000,1767139799999,BTC,1m,88354.0,88361.0,88361.0,88353.0,39.27898,84
2025-12-31 00:10:00,1767139800000,1767139859999,BTC,1m,88361.0,88342.0,88361.0,88342.0,0.65671,73
2025-12-31 00:11:00,1767139860000,1767139919999,BTC,1m,88341.0,88333.0,88341.0,88332.0,8.02472,86
2025-12-31 00:12:00,1767139920000,1767139979999,BTC,1m,88333.0,88321.0,88333.0,88320.0,4.40841,83
2025-12-31 00:13:00,1767139980000,1767140039999,BTC,1m,88322.0,88351.0,88351.0,88321.0,3.80383,98
2025-12-31 00:14:00,1767140040000,1767140099999,BTC,1m,88351.0,88354.0,88360.0,88350.0,11.6026,89
2025-12-31 00:15:00,1767140100000,1767140159999,BTC,1m,88354.0,88372.0,88380.0,88353.0,1.42014,89
2025-12-31 00:16:00,1767140160000,1767140219999,BTC,1m,88373.0,88369.0,88373.0,88365.0,0.46258,45
2025-12-31 00:17:00,1767140220000,1767140279999,BTC,1m,88369.0,88333.0,88369.0,88333.0,0.36815,70
2025-12-31 00:18:00,1767140280000,1767140339999,BTC,1m,88333.0,88273.0,88333.0,88272.0,94.82138,377
2025-12-31 00:19:00,1767140340000,1767140399999,BTC,1m,88272.0,88280.0,88285.0,88272.0,8.6443,61
2025-12-31 00:20:00,1767140400000,1767140459999,BTC,1m,88281.0,88316.0,88324.0,88280.0,38.14129,260
2025-12-31 00:21:00,1767140460000,1767140519999,BTC,1m,88315.0,88296.0,88315.0,88296.0,8.21932,87
2025-12-31 00:22:00,1767140520000,1767140579999,BTC,1m,88296.0,88280.0,88296.0,88279.0,19.78876,96
2025-12-31 00:23:00,1767140580000,1767140639999,BTC,1m,88280.0,88309.0,88310.0,88279.0,60.95426,111
2025-12-31 00:24:00,1767140640000,1767140699999,BTC,1m,88310.0,88291.0,88310.0,88284.0,3.49851,83
2025-12-31 00:25:00,1767140700000,1767140759999,BTC,1m,88296.0,88292.0,88296.0,88292.0,0.35243,34
2025-12-31 00:26:00,1767140760000,1767140819999,BTC,1m,88293.0,88293.0,88294.0,88292.0,0.03777,19
2025-12-31 00:27:00,1767140820000,1767140879999,BTC,1m,88293.0,88366.0,88366.0,88293.0,3.87257,155
2025-12-31 00:28:00,1767140880000,1767140939999,BTC,1m,88367.0,88380.0,88382.0,88366.0,11.39461,127
2025-12-31 00:29:00,1767140940000,1767140999999,BTC,1m,88379.0,88366.0,88437.0,88366.0,4.20594,273
2025-12-31 00:30:00,1767141000000,1767141059999,BTC,1m,88365.0,88326.0,88367.0,88326.0,0.91286,110
2025-12-31 00:31:00,1767141060000,1767141119999,BTC,1m,88327.0,88236.0,88327.0,88236.0,9.26832,241
2025-12-31 00:32:00,1767141120000,1767141179999,BTC,1m,88235.0,88262.0,88263.0,88230.0,5.38991,132
2025-12-31 00:33:00,1767141180000,1767141239999,BTC,1m,88263.0,88300.0,88308.0,88263.0,3.04464,148
2025-12-31 00:34:00,1767141240000,1767141299999,BTC,1m,88299.0,88331.0,88332.0,88298.0,2.65066,95
2025-12-31 00:35:00,1767141300000,1767141359999,BTC,1m,88332.0,88306.0,88332.0,88305.0,0.8632,68
2025-12-31 00:36:00,1767141360000,1767141419999,BTC,1m,88306.0,88314.0,88321.0,88305.0,1.42426,73
2025-12-31 00:37:00,1767141420000,1767141479999,BTC,1m,88315.0,88300.0,88319.0,88299.0,1.96995,78
2025-12-31 00:38:00,1767141480000,1767141539999,BTC,1m,88300.0,88320.0,88320.0,88299.0,0.59912,56
2025-12-31 00:39:00,1767141540000,1767141599999,BTC,1m,88320.0,88290.0,88320.0,88290.0,10.5203,79
2025-12-31 00:40:00,1767141600000,1767141659999,BTC,1m,88289.0,88314.0,88314.0,88289.0,1.71619,67
2025-12-31 00:41:00,1767141660000,1767141719999,BTC,1m,88314.0,88291.0,88314.0,88290.0,0.31623,38
2025-12-31 00:42:00,1767141720000,1767141779999,BTC,1m,88291.0,88329.0,88329.0,88290.0,15.35157,96
2025-12-31 00:43:00,1767141780000,1767141839999,BTC,1m,88329.0,88305.0,88330.0,88305.0,1.4074,47
2025-12-31 00:44:00,1767141840000,1767141899999,BTC,1m,88306.0,88305.0,88306.0,88304.0,1.8177,47
2025-12-31 00:45:00,1767141900000,1767141959999,BTC,1m,88305.0,88287.0,88305.0,88286.0,3.15687,88
2025-12-31 00:46:00,1767141960000,1767142019999,BTC,1m,88287.0,88291.0,88291.0,88286.0,15.11461,80
2025-12-31 00:47:00,1767142020000,1767142079999,BTC,1m,88290.0,88286.0,88291.0,88286.0,10.33774,44
2025-12-31 00:48:00,1767142080000,1767142139999,BTC,1m,88287.0,88273.0,88287.0,88244.0,18.18944,171
2025-12-31 00:49:00,1767142140000,1767142199999,BTC,1m,88274.0,88280.0,88280.0,88274.0,0.25188,28
2025-12-31 00:50:00,1767142200000,1767142259999,BTC,1m,88280.0,88276.0,88280.0,88276.0,2.31171,40
2025-12-31 00:51:00,1767142260000,1767142319999,BTC,1m,88277.0,88279.0,88280.0,88276.0,0.04288,28
2025-12-31 00:52:00,1767142320000,1767142379999,BTC,1m,88280.0,88285.0,88286.0,88279.0,0.50037,33
2025-12-31 00:53:00,1767142380000,1767142439999,BTC,1m,88285.0,88242.0,88285.0,88240.0,0.57433,78
2025-12-31 00:54:00,1767142440000,1767142499999,BTC,1m,88243.0,88258.0,88258.0,88242.0,0.41868,56
2025-12-31 00:55:00,1767142500000,1767142559999,BTC,1m,88258.0,88245.0,88258.0,88245.0,1.60336,79
2025-12-31 00:56:00,1767142560000,1767142619999,BTC,1m,88246.0,88246.0,88246.0,88245.0,5.08389,60
2025-12-31 00:57:00,1767142620000,1767142679999,BTC,1m,88246.0,88241.0,88246.0,88224.0,19.31575,206
2025-12-31 00:58:00,1767142680000,1767142739999,BTC,1m,88242.0,88239.0,88242.0,88234.0,0.67817,50
2025-12-31 00:59:00,1767142740000,1767142799999,BTC,1m,88240.0,88239.0,88240.0,88239.0,0.19898,29
2025-12-31 01:00:00,1767142800000,1767142859999,BTC,1m,88239.0,88227.0,88240.0,88210.0,3.97906,175
2025-12-31 01:01:00,1767142860000,1767142919999,BTC,1m,88227.0,88243.0,88255.0,88221.0,2.53688,125
2025-12-31 01:02:00,1767142920000,1767142979999,BTC,1m,88243.0,88261.0,88261.0,88242.0,2.24791,83
2025-12-31 01:03:00,1767142980000,1767143039999,BTC,1m,88261.0,88270.0,88270.0,88260.0,0.70681,52
2025-12-31 01:04:00,1767143040000,1767143099999,BTC,1m,88270.0,88273.0,88285.0,88269.0,15.24788,123
2025-12-31 01:05:00,1767143100000,1767143159999,BTC,1m,88274.0,88281.0,88282.0,88273.0,0.30269,44
2025-12-31 01:06:00,1767143160000,1767143219999,BTC,1m,88282.0,88260.0,88282.0,88255.0,11.0162,105
2025-12-31 01:07:00,1767143220000,1767143279999,BTC,1m,88260.0,88234.0,88260.0,88233.0,0.84693,67
2025-12-31 01:08:00,1767143280000,1767143339999,BTC,1m,88233.0,88209.0,88234.0,88209.0,6.61552,125
2025-12-31 01:09:00,1767143340000,1767143399999,BTC,1m,88209.0,88182.0,88210.0,88156.0,6.7633,226
2025-12-31 01:10:00,1767143400000,1767143459999,BTC,1m,88182.0,88156.0,88182.0,88155.0,6.69011,93
2025-12-31 01:11:00,1767143460000,1767143519999,BTC,1m,88156.0,88190.0,88191.0,88155.0,1.34138,101
2025-12-31 01:12:00,1767143520000,1767143579999,BTC,1m,88191.0,88265.0,88266.0,88190.0,7.99775,328
2025-12-31 01:13:00,1767143580000,1767143639999,BTC,1m,88261.0,88288.0,88298.0,88260.0,8.58791,136
2025-12-31 01:14:00,1767143640000,1767143699999,BTC,1m,88287.0,88284.0,88287.0,88281.0,1.37971,54
2025-12-31 01:15:00,1767143700000,1767143759999,BTC,1m,88284.0,88330.0,88332.0,88283.0,16.92715,159
2025-12-31 01:16:00,1767143760000,1767143819999,BTC,1m,88331.0,88342.0,88342.0,88330.0,7.94137,76
2025-12-31 01:17:00,1767143820000,1767143879999,BTC,1m,88342.0,88411.0,88411.0,88341.0,14.76872,225
2025-12-31 01:18:00,1767143880000,1767143939999,BTC,1m,88411.0,88435.0,88435.0,88402.0,3.63231,129
2025-12-31 01:19:00,1767143940000,1767143999999,BTC,1m,88435.0,88587.0,88588.0,88435.0,35.6317,715
2025-12-31 01:20:00,1767144000000,1767144059999,BTC,1m,88588.0,88570.0,88647.0,88530.0,27.90303,606
2025-12-31 01:21:00,1767144060000,1767144119999,BTC,1m,88570.0,88556.0,88571.0,88519.0,15.15673,300
2025-12-31 01:22:00,1767144120000,1767144179999,BTC,1m,88557.0,88622.0,88622.0,88539.0,8.93954,221
2025-12-31 01:23:00,1767144180000,1767144239999,BTC,1m,88621.0,88640.0,88651.0,88601.0,27.87918,256
2025-12-31 01:24:00,1767144240000,1767144299999,BTC,1m,88639.0,88640.0,88681.0,88620.0,20.30848,351
2025-12-31 01:25:00,1767144300000,1767144359999,BTC,1m,88638.0,88567.0,88639.0,88560.0,4.0956,240
2025-12-31 01:26:00,1767144360000,1767144419999,BTC,1m,88568.0,88570.0,88593.0,88567.0,2.76871,120
2025-12-31 01:27:00,1767144420000,1767144479999,BTC,1m,88570.0,88580.0,88580.0,88569.0,0.26592,43
2025-12-31 01:28:00,1767144480000,1767144539999,BTC,1m,88580.0,88564.0,88593.0,88564.0,4.58667,101
2025-12-31 01:29:00,1767144540000,1767144599999,BTC,1m,88564.0,88567.0,88579.0,88563.0,2.57816,87
2025-12-31 01:30:00,1767144600000,1767144659999,BTC,1m,88568.0,88592.0,88593.0,88567.0,1.87306,100
2025-12-31 01:31:00,1767144660000,1767144719999,BTC,1m,88593.0,88636.0,88637.0,88563.0,2.04915,202
2025-12-31 01:32:00,1767144720000,1767144779999,BTC,1m,88637.0,88631.0,88637.0,88619.0,6.77206,126
2025-12-31 01:33:00,1767144780000,1767144839999,BTC,1m,88631.0,88639.0,88639.0,88627.0,2.27795,80
2025-12-31 01:34:00,1767144840000,1767144899999,BTC,1m,88640.0,88741.0,88741.0,88640.0,46.35932,452
2025-12-31 01:35:00,1767144900000,1767144959999,BTC,1m,88742.0,88700.0,88745.0,88685.0,25.85444,318
2025-12-31 01:36:00,1767144960000,1767145019999,BTC,1m,88698.0,88678.0,88713.0,88672.0,8.36066,152
2025-12-31 01:37:00,1767145020000,1767145079999,BTC,1m,88679.0,88664.0,88679.0,88664.0,1.55625,92
2025-12-31 01:38:00,1767145080000,1767145139999,BTC,1m,88664.0,88671.0,88682.0,88664.0,1.61584,97
2025-12-31 01:39:00,1767145140000,1767145199999,BTC,1m,88672.0,88631.0,88672.0,88631.0,2.86977,145
2025-12-31 01:40:00,1767145200000,1767145259999,BTC,1m,88632.0,88648.0,88672.0,88632.0,7.46206,215
2025-12-31 01:41:00,1767145260000,1767145319999,BTC,1m,88649.0,88661.0,88667.0,88648.0,5.74962,101
2025-12-31 01:42:00,1767145320000,1767145379999,BTC,1m,88662.0,88726.0,88727.0,88661.0,52.25142,215
2025-12-31 01:43:00,1767145380000,1767145439999,BTC,1m,88727.0,88688.0,88727.0,88688.0,6.00057,117
2025-12-31 01:44:00,1767145440000,1767145499999,BTC,1m,88688.0,88704.0,88705.0,88686.0,10.30465,101
2025-12-31 01:45:00,1767145500000,1767145559999,BTC,1m,88705.0,88738.0,88768.0,88704.0,6.96654,291
2025-12-31 01:46:00,1767145560000,1767145619999,BTC,1m,88738.0,88716.0,88739.0,88716.0,0.6954,71
2025-12-31 01:47:00,1767145620000,1767145679999,BTC,1m,88717.0,88707.0,88717.0,88696.0,2.80859,101
2025-12-31 01:48:00,1767145680000,1767145739999,BTC,1m,88707.0,88721.0,88721.0,88706.0,0.90276,58
2025-12-31 01:49:00,1767145740000,1767145799999,BTC,1m,88723.0,88710.0,88733.0,88709.0,3.53123,98
2025-12-31 01:50:00,1767145800000,1767145859999,BTC,1m,88709.0,88637.0,88710.0,88624.0,32.2805,219
2025-12-31 01:51:00,1767145860000,1767145919999,BTC,1m,88636.0,88702.0,88709.0,88636.0,6.76677,176
2025-12-31 01:52:00,1767145920000,1767145979999,BTC,1m,88702.0,88625.0,88702.0,88625.0,24.19386,190
2025-12-31 01:53:00,1767145980000,1767146039999,BTC,1m,88626.0,88646.0,88646.0,88610.0,2.84824,104
2025-12-31 01:54:00,1767146040000,1767146099999,BTC,1m,88646.0,88617.0,88646.0,88617.0,3.17885,79
2025-12-31 01:55:00,1767146100000,1767146159999,BTC,1m,88617.0,88607.0,88617.0,88607.0,8.00656,81
2025-12-31 01:56:00,1767146160000,1767146219999,BTC,1m,88608.0,88608.0,88608.0,88574.0,2.72391,176
2025-12-31 01:57:00,1767146220000,1767146279999,BTC,1m,88608.0,88627.0,88629.0,88605.0,0.46695,76
2025-12-31 01:58:00,1767146280000,1767146339999,BTC,1m,88628.0,88628.0,88629.0,88627.0,7.71133,93
2025-12-31 01:59:00,1767146340000,1767146399999,BTC,1m,88629.0,88629.0,88629.0,88628.0,0.76053,44
2025-12-31 02:00:00,1767146400000,1767146459999,BTC,1m,88628.0,88577.0,88628.0,88572.0,2.87766,106
2025-12-31 02:01:00,1767146460000,1767146519999,BTC,1m,88577.0,88541.0,88581.0,88502.0,6.24467,280
2025-12-31 02:02:00,1767146520000,1767146579999,BTC,1m,88542.0,88571.0,88571.0,88541.0,3.99497,104
2025-12-31 02:03:00,1767146580000,1767146639999,BTC,1m,88572.0,88595.0,88595.0,88572.0,2.55486,98
2025-12-31 02:04:00,1767146640000,1767146699999,BTC,1m,88595.0,88635.0,88636.0,88594.0,0.59216,100
2025-12-31 02:05:00,1767146700000,1767146759999,BTC,1m,88635.0,88610.0,88635.0,88598.0,0.96322,72
2025-12-31 02:06:00,1767146760000,1767146819999,BTC,1m,88610.0,88582.0,88610.0,88570.0,0.70235,68
2025-12-31 02:07:00,1767146820000,1767146879999,BTC,1m,88582.0,88589.0,88596.0,88569.0,0.61984,75
2025-12-31 02:08:00,1767146880000,1767146939999,BTC,1m,88589.0,88573.0,88589.0,88572.0,0.20588,54
2025-12-31 02:09:00,1767146940000,1767146999999,BTC,1m,88573.0,88570.0,88573.0,88569.0,0.18937,45
2025-12-31 02:10:00,1767147000000,1767147059999,BTC,1m,88569.0,88570.0,88571.0,88567.0,0.11264,32
2025-12-31 02:11:00,1767147060000,1767147119999,BTC,1m,88571.0,88592.0,88592.0,88570.0,1.29028,63
2025-12-31 02:12:00,1767147120000,1767147179999,BTC,1m,88592.0,88611.0,88611.0,88591.0,0.46846,61
2025-12-31 02:13:00,1767147180000,1767147239999,BTC,1m,88611.0,88643.0,88644.0,88610.0,0.58522,83
2025-12-31 02:14:00,1767147240000,1767147299999,BTC,1m,88644.0,88649.0,88650.0,88637.0,1.32423,62
2025-12-31 02:15:00,1767147300000,1767147359999,BTC,1m,88650.0,88643.0,88650.0,88618.0,2.08514,76
2025-12-31 02:16:00,1767147360000,1767147419999,BTC,1m,88642.0,88645.0,88657.0,88640.0,1.10041,80
2025-12-31 02:17:00,1767147420000,1767147479999,BTC,1m,88644.0,88624.0,88645.0,88624.0,0.53724,41
2025-12-31 02:18:00,1767147480000,1767147539999,BTC,1m,88622.0,88640.0,88640.0,88615.0,0.42814,73
2025-12-31 02:19:00,1767147540000,1767147599999,BTC,1m,88641.0,88669.0,88672.0,88641.0,0.32391,74
2025-12-31 02:20:00,1767147600000,1767147659999,BTC,1m,88669.0,88636.0,88669.0,88630.0,16.66261,127
2025-12-31 02:21:00,1767147660000,1767147719999,BTC,1m,88636.0,88668.0,88668.0,88635.0,14.38992,96
2025-12-31 02:22:00,1767147720000,1767147779999,BTC,1m,88668.0,88680.0,88697.0,88668.0,4.43658,98
2025-12-31 02:23:00,1767147780000,1767147839999,BTC,1m,88681.0,88681.0,88694.0,88680.0,0.85462,44
2025-12-31 02:24:00,1767147840000,1767147899999,BTC,1m,88681.0,88696.0,88700.0,88681.0,0.46705,65
2025-12-31 02:25:00,1767147900000,1767147959999,BTC,1m,88694.0,88638.0,88694.0,88638.0,2.35424,69
2025-12-31 02:26:00,1767147960000,1767148019999,BTC,1m,88638.0,88651.0,88651.0,88607.0,0.63424,117
2025-12-31 02:27:00,1767148020000,1767148079999,BTC,1m,88651.0,88640.0,88655.0,88640.0,5.7214,67
2025-12-31 02:28:00,1767148080000,1767148139999,BTC,1m,88636.0,88641.0,88641.0,88635.0,12.36226,52
2025-12-31 02:29:00,1767148140000,1767148199999,BTC,1m,88641.0,88643.0,88643.0,88640.0,0.08888,29
2025-12-31 02:30:00,1767148200000,1767148259999,BTC,1m,88642.0,88646.0,88647.0,88642.0,0.37962,34
2025-12-31 02:31:00,1767148260000,1767148319999,BTC,1m,88647.0,88668.0,88668.0,88646.0,1.85574,64
2025-12-31 02:32:00,1767148320000,1767148379999,BTC,1m,88670.0,88701.0,88727.0,88669.0,1.05382,154
2025-12-31 02:33:00,1767148380000,1767148439999,BTC,1m,88701.0,88682.0,88701.0,88681.0,0.23336,33
2025-12-31 02:34:00,1767148440000,1767148499999,BTC,1m,88682.0,88671.0,88682.0,88671.0,0.10715,34
2025-12-31 02:35:00,1767148500000,1767148559999,BTC,1m,88669.0,88702.0,88702.0,88668.0,0.53789,81
2025-12-31 02:36:00,1767148560000,1767148619999,BTC,1m,88703.0,88699.0,88724.0,88699.0,2.60689,87
2025-12-31 02:37:00,1767148620000,1767148679999,BTC,1m,88696.0,88690.0,88696.0,88662.0,1.13669,98
2025-12-31 02:38:00,1767148680000,1767148739999,BTC,1m,88691.0,88668.0,88691.0,88667.0,0.41382,49
2025-12-31 02:39:00,1767148740000,1767148799999,BTC,1m,88667.0,88576.0,88668.0,88576.0,29.99133,172
2025-12-31 02:40:00,1767148800000,1767148859999,BTC,1m,88572.0,88550.0,88572.0,88512.0,48.19191,241
2025-12-31 02:41:00,1767148860000,1767148919999,BTC,1m,88551.0,88561.0,88561.0,88518.0,41.65387,218
2025-12-31 02:42:00,1767148920000,1767148979999,BTC,1m,88562.0,88561.0,88564.0,88541.0,2.15365,57
2025-12-31 02:43:00,1767148980000,1767149039999,BTC,1m,88561.0,88559.0,88565.0,88553.0,5.25231,65
2025-12-31 02:44:00,1767149040000,1767149099999,BTC,1m,88559.0,88570.0,88570.0,88558.0,0.46653,43
2025-12-31 02:45:00,1767149100000,1767149159999,BTC,1m,88570.0,88589.0,88596.0,88570.0,2.35144,108
2025-12-31 02:46:00,1767149160000,1767149219999,BTC,1m,88589.0,88627.0,88627.0,88577.0,1.09387,131
2025-12-31 02:47:00,1767149220000,1767149279999,BTC,1m,88627.0,88624.0,88627.0,88616.0,2.85467,77
2025-12-31 02:48:00,1767149280000,1767149339999,BTC,1m,88625.0,88590.0,88625.0,88590.0,40.94002,190
2025-12-31 02:49:00,1767149340000,1767149399999,BTC,1m,88591.0,88546.0,88591.0,88545.0,1.63319,56
2025-12-31 02:50:00,1767149400000,1767149459999,BTC,1m,88546.0,88513.0,88546.0,88500.0,2.8801,107
2025-12-31 02:51:00,1767149460000,1767149519999,BTC,1m,88512.0,88514.0,88520.0,88512.0,2.06302,103
2025-12-31 02:52:00,1767149520000,1767149579999,BTC,1m,88514.0,88570.0,88570.0,88513.0,6.09717,143
2025-12-31 02:53:00,1767149580000,1767149639999,BTC,1m,88571.0,88602.0,88603.0,88571.0,0.35094,84
2025-12-31 02:54:00,1767149640000,1767149699999,BTC,1m,88603.0,88663.0,88681.0,88603.0,1.51008,195
2025-12-31 02:55:00,1767149700000,1767149759999,BTC,1m,88663.0,88656.0,88663.0,88650.0,0.31452,38
2025-12-31 02:56:00,1767149760000,1767149819999,BTC,1m,88656.0,88649.0,88656.0,88644.0,0.41573,36
2025-12-31 02:57:00,1767149820000,1767149879999,BTC,1m,88649.0,88660.0,88660.0,88648.0,3.50166,66
2025-12-31 02:58:00,1767149880000,1767149939999,BTC,1m,88659.0,88661.0,88661.0,88638.0,8.564,103
2025-12-31 02:59:00,1767149940000,1767149999999,BTC,1m,88661.0,88644.0,88661.0,88641.0,0.12788,31
2025-12-31 03:00:00,1767150000000,1767150059999,BTC,1m,88645.0,88658.0,88658.0,88642.0,0.82632,52
2025-12-31 03:01:00,1767150060000,1767150119999,BTC,1m,88658.0,88727.0,88727.0,88657.0,13.47764,218
2025-12-31 03:02:00,1767150120000,1767150179999,BTC,1m,88726.0,88682.0,88729.0,88681.0,31.65377,158
2025-12-31 03:03:00,1767150180000,1767150239999,BTC,1m,88682.0,88714.0,88714.0,88678.0,1.89711,177
2025-12-31 03:04:00,1767150240000,1767150299999,BTC,1m,88715.0,88705.0,88733.0,88705.0,10.42491,148
2025-12-31 03:05:00,1767150300000,1767150359999,BTC,1m,88706.0,88716.0,88716.0,88705.0,0.93951,68
2025-12-31 03:06:00,1767150360000,1767150419999,BTC,1m,88715.0,88766.0,88792.0,88710.0,4.42062,305
2025-12-31 03:07:00,1767150420000,1767150479999,BTC,1m,88765.0,88733.0,88793.0,88733.0,23.57707,214
2025-12-31 03:08:00,1767150480000,1767150539999,BTC,1m,88734.0,88751.0,88755.0,88732.0,0.42945,96
2025-12-31 03:09:00,1767150540000,1767150599999,BTC,1m,88751.0,88748.0,88751.0,88743.0,1.67315,36
2025-12-31 03:10:00,1767150600000,1767150659999,BTC,1m,88748.0,88761.0,88762.0,88747.0,2.27095,51
2025-12-31 03:11:00,1767150660000,1767150719999,BTC,1m,88761.0,88728.0,88761.0,88727.0,6.11971,75
2025-12-31 03:12:00,1767150720000,1767150779999,BTC,1m,88727.0,88746.0,88746.0,88726.0,26.96133,153
2025-12-31 03:13:00,1767150780000,1767150839999,BTC,1m,88746.0,88729.0,88746.0,88729.0,0.84509,35
2025-12-31 03:14:00,1767150840000,1767150899999,BTC,1m,88729.0,88733.0,88733.0,88728.0,0.17915,29
2025-12-31 03:15:00,1767150900000,1767150959999,BTC,1m,88732.0,88668.0,88732.0,88667.0,11.78926,191
2025-12-31 03:16:00,1767150960000,1767151019999,BTC,1m,88668.0,88615.0,88669.0,88615.0,2.92958,133
2025-12-31 03:17:00,1767151020000,1767151079999,BTC,1m,88615.0,88644.0,88655.0,88614.0,4.03022,101
2025-12-31 03:18:00,1767151080000,1767151139999,BTC,1m,88644.0,88617.0,88644.0,88615.0,1.7098,106
2025-12-31 03:19:00,1767151140000,1767151199999,BTC,1m,88617.0,88616.0,88617.0,88601.0,1.41506,88
2025-12-31 03:20:00,1767151200000,1767151259999,BTC,1m,88617.0,88593.0,88617.0,88585.0,1.84528,84
2025-12-31 03:21:00,1767151260000,1767151319999,BTC,1m,88593.0,88555.0,88596.0,88554.0,2.97648,99
2025-12-31 03:22:00,1767151320000,1767151379999,BTC,1m,88554.0,88553.0,88555.0,88533.0,5.40678,104
2025-12-31 03:23:00,1767151380000,1767151439999,BTC,1m,88553.0,88565.0,88565.0,88552.0,0.95133,52
2025-12-31 03:24:00,1767151440000,1767151499999,BTC,1m,88567.0,88556.0,88570.0,88556.0,0.07146,39
2025-12-31 03:25:00,1767151500000,1767151559999,BTC,1m,88557.0,88559.0,88571.0,88533.0,18.23233,185
2025-12-31 03:26:00,1767151560000,1767151619999,BTC,1m,88558.0,88545.0,88558.0,88545.0,6.15769,87
2025-12-31 03:27:00,1767151620000,1767151679999,BTC,1m,88545.0,88504.0,88545.0,88501.0,50.0357,254
2025-12-31 03:28:00,1767151680000,1767151739999,BTC,1m,88504.0,88501.0,88522.0,88500.0,0.91962,75
2025-12-31 03:29:00,1767151740000,1767151799999,BTC,1m,88501.0,88515.0,88515.0,88500.0,1.70782,43
2025-12-31 03:30:00,1767151800000,1767151859999,BTC,1m,88515.0,88489.0,88523.0,88488.0,5.40368,103
2025-12-31 03:31:00,1767151860000,1767151919999,BTC,1m,88489.0,88514.0,88523.0,88488.0,0.32235,80
2025-12-31 03:32:00,1767151920000,1767151979999,BTC,1m,88514.0,88457.0,88514.0,88456.0,6.79628,348
2025-12-31 03:33:00,1767151980000,1767152039999,BTC,1m,88456.0,88463.0,88472.0,88450.0,7.65168,169
2025-12-31 03:34:00,1767152040000,1767152099999,BTC,1m,88463.0,88459.0,88463.0,88457.0,0.84121,57
2025-12-31 03:35:00,1767152100000,1767152159999,BTC,1m,88460.0,88404.0,88460.0,88403.0,32.12726,308
2025-12-31 03:36:00,1767152160000,1767152219999,BTC,1m,88404.0,88402.0,88406.0,88399.0,26.70699,133
2025-12-31 03:37:00,1767152220000,1767152279999,BTC,1m,88402.0,88399.0,88402.0,88399.0,0.75463,60
2025-12-31 03:38:00,1767152280000,1767152339999,BTC,1m,88400.0,88373.0,88407.0,88371.0,49.41048,334
2025-12-31 03:39:00,1767152340000,1767152399999,BTC,1m,88377.0,88354.0,88389.0,88344.0,48.09273,315
2025-12-31 03:40:00,1767152400000,1767152459999,BTC,1m,88355.0,88376.0,88379.0,88350.0,2.31113,80
2025-12-31 03:41:00,1767152460000,1767152519999,BTC,1m,88376.0,88374.0,88376.0,88359.0,0.46164,70
2025-12-31 03:42:00,1767152520000,1767152579999,BTC,1m,88375.0,88407.0,88407.0,88374.0,2.77925,96
2025-12-31 03:43:00,1767152580000,1767152639999,BTC,1m,88406.0,88400.0,88407.0,88400.0,0.34743,87
2025-12-31 03:44:00,1767152640000,1767152699999,BTC,1m,88401.0,88431.0,88431.0,88400.0,21.93701,266
2025-12-31 03:45:00,1767152700000,1767152759999,BTC,1m,88431.0,88434.0,88438.0,88431.0,2.32899,74
2025-12-31 03:46:00,1767152760000,1767152819999,BTC,1m,88434.0,88439.0,88439.0,88433.0,1.21811,47
2025-12-31 03:47:00,1767152820000,1767152879999,BTC,1m,88439.0,88426.0,88439.0,88426.0,0.16065,43
2025-12-31 03:48:00,1767152880000,1767152939999,BTC,1m,88427.0,88401.0,88427.0,88401.0,4.02766,80
2025-12-31 03:49:00,1767152940000,1767152999999,BTC,1m,88402.0,88412.0,88412.0,88396.0,3.90947,111
2025-12-31 03:50:00,1767153000000,1767153059999,BTC,1m,88412.0,88427.0,88428.0,88412.0,0.60119,49
2025-12-31 03:51:00,1767153060000,1767153119999,BTC,1m,88428.0,88431.0,88431.0,88427.0,0.03762,26
2025-12-31 03:52:00,1767153120000,1767153179999,BTC,1m,88431.0,88454.0,88455.0,88430.0,0.66672,82
2025-12-31 03:53:00,1767153180000,1767153239999,BTC,1m,88454.0,88443.0,88454.0,88442.0,0.417,47
2025-12-31 03:54:00,1767153240000,1767153299999,BTC,1m,88443.0,88433.0,88443.0,88432.0,0.44875,49
2025-12-31 03:55:00,1767153300000,1767153359999,BTC,1m,88433.0,88409.0,88434.0,88408.0,0.83845,83
2025-12-31 03:56:00,1767153360000,1767153419999,BTC,1m,88410.0,88409.0,88410.0,88408.0,0.21158,28
2025-12-31 03:57:00,1767153420000,1767153479999,BTC,1m,88409.0,88422.0,88422.0,88408.0,4.63685,82
2025-12-31 03:58:00,1767153480000,1767153539999,BTC,1m,88422.0,88422.0,88422.0,88421.0,0.02164,15
2025-12-31 03:59:00,1767153540000,1767153599999,BTC,1m,88422.0,88422.0,88422.0,88421.0,1.05043,30
2025-12-31 04:00:00,1767153600000,1767153659999,BTC,1m,88422.0,88406.0,88422.0,88406.0,5.58348,119
2025-12-31 04:01:00,1767153660000,1767153719999,BTC,1m,88406.0,88400.0,88407.0,88393.0,30.90274,181
2025-12-31 04:02:00,1767153720000,1767153779999,BTC,1m,88400.0,88436.0,88436.0,88400.0,0.83502,103
2025-12-31 04:03:00,1767153780000,1767153839999,BTC,1m,88436.0,88424.0,88436.0,88424.0,0.97188,53
2025-12-31 04:04:00,1767153840000,1767153899999,BTC,1m,88425.0,88431.0,88431.0,88424.0,7.15035,76
2025-12-31 04:05:00,1767153900000,1767153959999,BTC,1m,88431.0,88439.0,88460.0,88430.0,15.1758,215
2025-12-31 04:06:00,1767153960000,1767154019999,BTC,1m,88440.0,88424.0,88440.0,88423.0,0.13435,44
2025-12-31 04:07:00,1767154020000,1767154079999,BTC,1m,88424.0,88419.0,88424.0,88418.0,0.63166,52
2025-12-31 04:08:00,1767154080000,1767154139999,BTC,1m,88419.0,88417.0,88419.0,88416.0,0.75724,34
2025-12-31 04:09:00,1767154140000,1767154199999,BTC,1m,88416.0,88416.0,88417.0,88416.0,0.57174,25
2025-12-31 04:10:00,1767154200000,1767154259999,BTC,1m,88416.0,88409.0,88416.0,88378.0,11.6198,179
2025-12-31 04:11:00,1767154260000,1767154319999,BTC,1m,88409.0,88430.0,88430.0,88408.0,5.51048,88
2025-12-31 04:12:00,1767154320000,1767154379999,BTC,1m,88430.0,88432.0,88433.0,88429.0,0.0441,25
2025-12-31 04:13:00,1767154380000,1767154439999,BTC,1m,88433.0,88465.0,88466.0,88432.0,1.26683,108
2025-12-31 04:14:00,1767154440000,1767154499999,BTC,1m,88465.0,88442.0,88465.0,88442.0,0.58857,68
2025-12-31 04:15:00,1767154500000,1767154559999,BTC,1m,88442.0,88443.0,88443.0,88442.0,0.99767,37
2025-12-31 04:16:00,1767154560000,1767154619999,BTC,1m,88443.0,88448.0,88448.0,88442.0,1.27103,42
2025-12-31 04:17:00,1767154620000,1767154679999,BTC,1m,88448.0,88482.0,88500.0,88447.0,8.84028,159
2025-12-31 04:18:00,1767154680000,1767154739999,BTC,1m,88483.0,88492.0,88492.0,88478.0,0.47691,57
2025-12-31 04:19:00,1767154740000,1767154799999,BTC,1m,88492.0,88518.0,88519.0,88491.0,0.80276,95
2025-12-31 04:20:00,1767154800000,1767154859999,BTC,1m,88519.0,88457.0,88519.0,88456.0,2.00394,138
2025-12-31 04:21:00,1767154860000,1767154919999,BTC,1m,88457.0,88383.0,88457.0,88383.0,19.29293,238
2025-12-31 04:22:00,1767154920000,1767154979999,BTC,1m,88384.0,88431.0,88444.0,88382.0,34.81333,250
2025-12-31 04:23:00,1767154980000,1767155039999,BTC,1m,88429.0,88400.0,88429.0,88400.0,42.4998,208
2025-12-31 04:24:00,1767155040000,1767155099999,BTC,1m,88400.0,88400.0,88400.0,88399.0,0.16958,32
2025-12-31 04:25:00,1767155100000,1767155159999,BTC,1m,88400.0,88410.0,88410.0,88399.0,1.00624,50
2025-12-31 04:26:00,1767155160000,1767155219999,BTC,1m,88410.0,88375.0,88410.0,88375.0,0.63346,95
2025-12-31 04:27:00,1767155220000,1767155279999,BTC,1m,88375.0,88378.0,88378.0,88356.0,12.86346,140
2025-12-31 04:28:00,1767155280000,1767155339999,BTC,1m,88378.0,88390.0,88391.0,88377.0,0.48283,64
2025-12-31 04:29:00,1767155340000,1767155399999,BTC,1m,88391.0,88411.0,88414.0,88391.0,17.04259,150
2025-12-31 04:30:00,1767155400000,1767155459999,BTC,1m,88411.0,88411.0,88411.0,88410.0,0.36256,40
2025-12-31 04:31:00,1767155460000,1767155519999,BTC,1m,88411.0,88411.0,88411.0,88410.0,0.08133,21
2025-12-31 04:32:00,1767155520000,1767155579999,BTC,1m,88411.0,88429.0,88430.0,88410.0,2.48825,83
2025-12-31 04:33:00,1767155580000,1767155639999,BTC,1m,88429.0,88425.0,88429.0,88424.0,0.25798,36
2025-12-31 04:34:00,1767155640000,1767155699999,BTC,1m,88425.0,88412.0,88425.0,88412.0,0.33592,55
2025-12-31 04:35:00,1767155700000,1767155759999,BTC,1m,88413.0,88422.0,88422.0,88412.0,0.18901,43
2025-12-31 04:36:00,1767155760000,1767155819999,BTC,1m,88422.0,88422.0,88428.0,88421.0,2.71083,58
2025-12-31 04:37:00,1767155820000,1767155879999,BTC,1m,88422.0,88422.0,88422.0,88421.0,0.03092,20
2025-12-31 04:38:00,1767155880000,1767155939999,BTC,1m,88421.0,88408.0,88422.0,88408.0,0.75945,49
2025-12-31 04:39:00,1767155940000,1767155999999,BTC,1m,88409.0,88416.0,88416.0,88408.0,20.43546,90
2025-12-31 04:40:00,1767156000000,1767156059999,BTC,1m,88416.0,88403.0,88416.0,88402.0,1.7404,53
2025-12-31 04:41:00,1767156060000,1767156119999,BTC,1m,88403.0,88403.0,88427.0,88403.0,26.19498,143
2025-12-31 04:42:00,1767156120000,1767156179999,BTC,1m,88404.0,88376.0,88404.0,88372.0,7.6956,119
2025-12-31 04:43:00,1767156180000,1767156239999,BTC,1m,88376.0,88373.0,88376.0,88373.0,0.47832,39
2025-12-31 04:44:00,1767156240000,1767156299999,BTC,1m,88373.0,88358.0,88373.0,88357.0,1.37985,58
2025-12-31 04:45:00,1767156300000,1767156359999,BTC,1m,88358.0,88324.0,88365.0,88324.0,20.53124,188
2025-12-31 04:46:00,1767156360000,1767156419999,BTC,1m,88328.0,88312.0,88346.0,88307.0,9.1433,148
2025-12-31 04:47:00,1767156420000,1767156479999,BTC,1m,88313.0,88326.0,88332.0,88312.0,1.66839,59
2025-12-31 04:48:00,1767156480000,1767156539999,BTC,1m,88325.0,88326.0,88326.0,88325.0,0.42063,30
2025-12-31 04:49:00,1767156540000,1767156599999,BTC,1m,88326.0,88354.0,88360.0,88326.0,1.6498,105
2025-12-31 04:50:00,1767156600000,1767156659999,BTC,1m,88355.0,88352.0,88355.0,88351.0,0.96251,40
2025-12-31 04:51:00,1767156660000,1767156719999,BTC,1m,88352.0,88352.0,88352.0,88351.0,0.06184,23
2025-12-31 04:52:00,1767156720000,1767156779999,BTC,1m,88352.0,88372.0,88372.0,88351.0,5.30294,94
2025-12-31 04:53:00,1767156780000,1767156839999,BTC,1m,88372.0,88377.0,88400.0,88372.0,12.78936,162
2025-12-31 04:54:00,1767156840000,1767156899999,BTC,1m,88377.0,88365.0,88377.0,88364.0,0.83656,38
2025-12-31 04:55:00,1767156900000,1767156959999,BTC,1m,88365.0,88314.0,88365.0,88312.0,11.91567,281
2025-12-31 04:56:00,1767156960000,1767157019999,BTC,1m,88314.0,88312.0,88315.0,88309.0,0.39736,34
2025-12-31 04:57:00,1767157020000,1767157079999,BTC,1m,88312.0,88318.0,88318.0,88311.0,3.28095,51
2025-12-31 04:58:00,1767157080000,1767157139999,BTC,1m,88318.0,88307.0,88318.0,88306.0,0.46217,35
2025-12-31 04:59:00,1767157140000,1767157199999,BTC,1m,88306.0,88307.0,88307.0,88306.0,0.62504,49
2025-12-31 05:00:00,1767157200000,1767157259999,BTC,1m,88308.0,88339.0,88339.0,88308.0,0.53414,79
2025-12-31 05:01:00,1767157260000,1767157319999,BTC,1m,88339.0,88351.0,88351.0,88339.0,0.84711,60
2025-12-31 05:02:00,1767157320000,1767157379999,BTC,1m,88351.0,88390.0,88394.0,88351.0,56.36732,264
2025-12-31 05:03:00,1767157380000,1767157439999,BTC,1m,88391.0,88394.0,88394.0,88390.0,0.21111,36
2025-12-31 05:04:00,1767157440000,1767157499999,BTC,1m,88394.0,88424.0,88426.0,88394.0,20.22175,143
2025-12-31 05:05:00,1767157500000,1767157559999,BTC,1m,88423.0,88442.0,88442.0,88423.0,2.825,85
2025-12-31 05:06:00,1767157560000,1767157619999,BTC,1m,88442.0,88417.0,88442.0,88417.0,0.84003,35
2025-12-31 05:07:00,1767157620000,1767157679999,BTC,1m,88406.0,88407.0,88407.0,88406.0,1.19354,37
2025-12-31 05:08:00,1767157680000,1767157739999,BTC,1m,88407.0,88399.0,88407.0,88397.0,0.32016,37
2025-12-31 05:09:00,1767157740000,1767157799999,BTC,1m,88399.0,88407.0,88408.0,88399.0,0.80046,47
2025-12-31 05:10:00,1767157800000,1767157859999,BTC,1m,88408.0,88354.0,88408.0,88353.0,1.6383,93
2025-12-31 05:11:00,1767157860000,1767157919999,BTC,1m,88354.0,88375.0,88379.0,88353.0,0.41687,70
2025-12-31 05:12:00,1767157920000,1767157979999,BTC,1m,88375.0,88377.0,88377.0,88374.0,0.47185,36
2025-12-31 05:13:00,1767157980000,1767158039999,BTC,1m,88377.0,88402.0,88402.0,88376.0,0.47644,70
2025-12-31 05:14:00,1767158040000,1767158099999,BTC,1m,88402.0,88393.0,88406.0,88393.0,0.6874,43
2025-12-31 05:15:00,1767158100000,1767158159999,BTC,1m,88394.0,88385.0,88394.0,88385.0,0.12827,39
2025-12-31 05:16:00,1767158160000,1767158219999,BTC,1m,88386.0,88362.0,88386.0,88362.0,0.58197,52
2025-12-31 05:17:00,1767158220000,1767158279999,BTC,1m,88363.0,88370.0,88370.0,88354.0,0.75187,58
2025-12-31 05:18:00,1767158280000,1767158339999,BTC,1m,88370.0,88329.0,88370.0,88328.0,6.13571,57
2025-12-31 05:19:00,1767158340000,1767158399999,BTC,1m,88328.0,88334.0,88334.0,88328.0,0.25083,42
2025-12-31 05:20:00,1767158400000,1767158459999,BTC,1m,88334.0,88360.0,88360.0,88333.0,4.31311,81
2025-12-31 05:21:00,1767158460000,1767158519999,BTC,1m,88360.0,88360.0,88360.0,88359.0,0.37363,31
2025-12-31 05:22:00,1767158520000,1767158579999,BTC,1m,88359.0,88369.0,88370.0,88359.0,0.05868,35
2025-12-31 05:23:00,1767158580000,1767158639999,BTC,1m,88370.0,88385.0,88387.0,88369.0,5.74456,72
2025-12-31 05:24:00,1767158640000,1767158699999,BTC,1m,88385.0,88390.0,88390.0,88371.0,0.27128,59
2025-12-31 05:25:00,1767158700000,1767158759999,BTC,1m,88390.0,88416.0,88417.0,88389.0,0.3293,77
2025-12-31 05:26:00,1767158760000,1767158819999,BTC,1m,88417.0,88415.0,88417.0,88396.0,25.96493,151
2025-12-31 05:27:00,1767158820000,1767158879999,BTC,1m,88416.0,88362.0,88431.0,88360.0,6.54807,117
2025-12-31 05:28:00,1767158880000,1767158939999,BTC,1m,88364.0,88400.0,88401.0,88364.0,2.78103,90
2025-12-31 05:29:00,1767158940000,1767158999999,BTC,1m,88400.0,88426.0,88441.0,88400.0,10.46812,144
2025-12-31 05:30:00,1767159000000,1767159059999,BTC,1m,88430.0,88433.0,88448.0,88430.0,1.00685,50
2025-12-31 05:31:00,1767159060000,1767159119999,BTC,1m,88432.0,88459.0,88459.0,88427.0,0.58608,77
2025-12-31 05:32:00,1767159120000,1767159179999,BTC,1m,88459.0,88461.0,88461.0,88458.0,1.02363,53
2025-12-31 05:33:00,1767159180000,1767159239999,BTC,1m,88461.0,88445.0,88461.0,88444.0,0.62747,45
2025-12-31 05:34:00,1767159240000,1767159299999,BTC,1m,88440.0,88440.0,88451.0,88439.0,18.43161,130
2025-12-31 05:35:00,1767159300000,1767159359999,BTC,1m,88439.0,88429.0,88439.0,88428.0,0.38072,45
2025-12-31 05:36:00,1767159360000,1767159419999,BTC,1m,88430.0,88423.0,88431.0,88417.0,1.40958,67
2025-12-31 05:37:00,1767159420000,1767159479999,BTC,1m,88422.0,88415.0,88422.0,88414.0,0.03179,24
2025-12-31 05:38:00,1767159480000,1767159539999,BTC,1m,88414.0,88449.0,88449.0,88414.0,0.58837,83
2025-12-31 05:39:00,1767159540000,1767159599999,BTC,1m,88449.0,88449.0,88449.0,88448.0,0.76137,35
2025-12-31 05:40:00,1767159600000,1767159659999,BTC,1m,88447.0,88438.0,88447.0,88437.0,0.1411,31
2025-12-31 05:41:00,1767159660000,1767159719999,BTC,1m,88438.0,88463.0,88464.0,88437.0,0.29133,64
2025-12-31 05:42:00,1767159720000,1767159779999,BTC,1m,88464.0,88484.0,88486.0,88463.0,3.76055,104
2025-12-31 05:43:00,1767159780000,1767159839999,BTC,1m,88477.0,88488.0,88489.0,88477.0,0.88083,46
2025-12-31 05:44:00,1767159840000,1767159899999,BTC,1m,88489.0,88501.0,88501.0,88488.0,1.45685,57
2025-12-31 05:45:00,1767159900000,1767159959999,BTC,1m,88501.0,88499.0,88501.0,88499.0,3.52918,46
2025-12-31 05:46:00,1767159960000,1767160019999,BTC,1m,88498.0,88499.0,88499.0,88498.0,0.4346,33
2025-12-31 05:47:00,1767160020000,1767160079999,BTC,1m,88498.0,88498.0,88499.0,88498.0,0.07434,35
2025-12-31 05:48:00,1767160080000,1767160139999,BTC,1m,88498.0,88480.0,88498.0,88480.0,1.03605,44
2025-12-31 05:49:00,1767160140000,1767160199999,BTC,1m,88480.0,88482.0,88483.0,88480.0,3.04027,50
2025-12-31 05:50:00,1767160200000,1767160259999,BTC,1m,88482.0,88471.0,88483.0,88471.0,0.05633,31
2025-12-31 05:51:00,1767160260000,1767160319999,BTC,1m,88471.0,88446.0,88472.0,88446.0,0.58913,35
2025-12-31 05:52:00,1767160320000,1767160379999,BTC,1m,88446.0,88432.0,88452.0,88430.0,1.09316,58
2025-12-31 05:53:00,1767160380000,1767160439999,BTC,1m,88434.0,88448.0,88449.0,88434.0,7.67093,104
2025-12-31 05:54:00,1767160440000,1767160499999,BTC,1m,88447.0,88458.0,88458.0,88447.0,1.04688,52
2025-12-31 05:55:00,1767160500000,1767160559999,BTC,1m,88459.0,88467.0,88467.0,88459.0,10.47352,78
2025-12-31 05:56:00,1767160560000,1767160619999,BTC,1m,88467.0,88467.0,88467.0,88466.0,1.04045,33
2025-12-31 05:57:00,1767160620000,1767160679999,BTC,1m,88466.0,88421.0,88466.0,88420.0,2.35874,122
2025-12-31 05:58:00,1767160680000,1767160739999,BTC,1m,88422.0,88440.0,88440.0,88422.0,0.26357,63
2025-12-31 05:59:00,1767160740000,1767160799999,BTC,1m,88440.0,88431.0,88440.0,88430.0,17.4995,130
2025-12-31 06:00:00,1767160800000,1767160859999,BTC,1m,88431.0,88434.0,88434.0,88431.0,1.51778,46
2025-12-31 06:01:00,1767160860000,1767160919999,BTC,1m,88434.0,88441.0,88441.0,88433.0,0.36975,45
2025-12-31 06:02:00,1767160920000,1767160979999,BTC,1m,88441.0,88459.0,88459.0,88441.0,9.77274,121
2025-12-31 06:03:00,1767160980000,1767161039999,BTC,1m,88458.0,88457.0,88460.0,88457.0,1.07224,52
2025-12-31 06:04:00,1767161040000,1767161099999,BTC,1m,88457.0,88455.0,88458.0,88455.0,0.59925,38
2025-12-31 06:05:00,1767161100000,1767161159999,BTC,1m,88455.0,88482.0,88482.0,88455.0,2.92159,100
2025-12-31 06:06:00,1767161160000,1767161219999,BTC,1m,88482.0,88498.0,88498.0,88482.0,3.41085,89
2025-12-31 06:07:00,1767161220000,1767161279999,BTC,1m,88497.0,88463.0,88498.0,88463.0,6.30937,129
2025-12-31 06:08:00,1767161280000,1767161339999,BTC,1m,88463.0,88463.0,88464.0,88448.0,9.07314,116
2025-12-31 06:09:00,1767161340000,1767161399999,BTC,1m,88463.0,88476.0,88476.0,88463.0,0.08656,56
2025-12-31 06:10:00,1767161400000,1767161459999,BTC,1m,88475.0,88476.0,88476.0,88475.0,0.25669,30
2025-12-31 06:11:00,1767161460000,1767161519999,BTC,1m,88475.0,88502.0,88504.0,88475.0,0.66421,108
2025-12-31 06:12:00,1767161520000,1767161579999,BTC,1m,88502.0,88503.0,88503.0,88502.0,0.87944,57
2025-12-31 06:13:00,1767161580000,1767161639999,BTC,1m,88503.0,88501.0,88503.0,88500.0,0.18641,40
2025-12-31 06:14:00,1767161640000,1767161699999,BTC,1m,88500.0,88500.0,88501.0,88499.0,1.74629,39
2025-12-31 06:15:00,1767161700000,1767161759999,BTC,1m,88499.0,88494.0,88500.0,88494.0,0.20823,42
2025-12-31 06:16:00,1767161760000,1767161819999,BTC,1m,88494.0,88484.0,88494.0,88483.0,0.4675,38
2025-12-31 06:17:00,1767161820000,1767161879999,BTC,1m,88483.0,88446.0,88484.0,88445.0,0.37779,90
2025-12-31 06:18:00,1767161880000,1767161939999,BTC,1m,88445.0,88456.0,88456.0,88445.0,0.58252,41
2025-12-31 06:19:00,1767161940000,1767161999999,BTC,1m,88455.0,88471.0,88472.0,88455.0,0.79783,59
2025-12-31 06:20:00,1767162000000,1767162059999,BTC,1m,88474.0,88497.0,88498.0,88474.0,0.71334,57
2025-12-31 06:21:00,1767162060000,1767162119999,BTC,1m,88496.0,88497.0,88497.0,88496.0,0.15784,24
2025-12-31 06:22:00,1767162120000,1767162179999,BTC,1m,88496.0,88500.0,88500.0,88496.0,11.23015,41
2025-12-31 06:23:00,1767162180000,1767162239999,BTC,1m,88500.0,88526.0,88530.0,88499.0,12.95478,158
2025-12-31 06:24:00,1767162240000,1767162299999,BTC,1m,88525.0,88511.0,88526.0,88510.0,0.56488,64
2025-12-31 06:25:00,1767162300000,1767162359999,BTC,1m,88510.0,88511.0,88511.0,88510.0,0.56029,21
2025-12-31 06:26:00,1767162360000,1767162419999,BTC,1m,88511.0,88511.0,88511.0,88510.0,0.98386,40
2025-12-31 06:27:00,1767162420000,1767162479999,BTC,1m,88510.0,88493.0,88511.0,88493.0,1.74305,71
2025-12-31 06:28:00,1767162480000,1767162539999,BTC,1m,88493.0,88504.0,88504.0,88482.0,1.5425,66
2025-12-31 06:29:00,1767162540000,1767162599999,BTC,1m,88503.0,88504.0,88504.0,88503.0,0.28569,20
2025-12-31 06:30:00,1767162600000,1767162659999,BTC,1m,88504.0,88515.0,88515.0,88503.0,3.3687,68
2025-12-31 06:31:00,1767162660000,1767162719999,BTC,1m,88515.0,88521.0,88521.0,88515.0,1.11574,42
2025-12-31 06:32:00,1767162720000,1767162779999,BTC,1m,88520.0,88530.0,88531.0,88520.0,0.83085,74
2025-12-31 06:33:00,1767162780000,1767162839999,BTC,1m,88531.0,88532.0,88532.0,88530.0,0.48803,30
2025-12-31 06:34:00,1767162840000,1767162899999,BTC,1m,88532.0,88535.0,88535.0,88532.0,1.69609,59
2025-12-31 06:35:00,1767162900000,1767162959999,BTC,1m,88534.0,88517.0,88534.0,88517.0,1.12086,80
2025-12-31 06:36:00,1767162960000,1767163019999,BTC,1m,88518.0,88514.0,88518.0,88514.0,0.24504,29
2025-12-31 06:37:00,1767163020000,1767163079999,BTC,1m,88514.0,88492.0,88514.0,88480.0,27.88501,175
2025-12-31 06:38:00,1767163080000,1767163139999,BTC,1m,88492.0,88487.0,88492.0,88480.0,1.06909,41
2025-12-31 06:39:00,1767163140000,1767163199999,BTC,1m,88486.0,88491.0,88496.0,88486.0,0.33544,35
2025-12-31 06:40:00,1767163200000,1767163259999,BTC,1m,88490.0,88492.0,88492.0,88490.0,0.11196,16
2025-12-31 06:41:00,1767163260000,1767163319999,BTC,1m,88491.0,88492.0,88492.0,88491.0,0.54062,24
2025-12-31 06:42:00,1767163320000,1767163379999,BTC,1m,88491.0,88466.0,88492.0,88466.0,2.19465,52
2025-12-31 06:43:00,1767163380000,1767163439999,BTC,1m,88467.0,88469.0,88470.0,88466.0,1.26064,57
2025-12-31 06:44:00,1767163440000,1767163499999,BTC,1m,88469.0,88483.0,88483.0,88469.0,0.08605,72
2025-12-31 06:45:00,1767163500000,1767163559999,BTC,1m,88483.0,88482.0,88483.0,88481.0,0.50753,23
2025-12-31 06:46:00,1767163560000,1767163619999,BTC,1m,88481.0,88482.0,88482.0,88481.0,0.65854,20
2025-12-31 06:47:00,1767163620000,1767163679999,BTC,1m,88481.0,88501.0,88501.0,88481.0,0.17044,62
2025-12-31 06:48:00,1767163680000,1767163739999,BTC,1m,88501.0,88506.0,88506.0,88500.0,0.35333,42
2025-12-31 06:49:00,1767163740000,1767163799999,BTC,1m,88505.0,88508.0,88508.0,88505.0,0.41477,25
2025-12-31 06:50:00,1767163800000,1767163859999,BTC,1m,88508.0,88509.0,88509.0,88507.0,0.11034,26
2025-12-31 06:51:00,1767163860000,1767163919999,BTC,1m,88509.0,88490.0,88509.0,88490.0,3.31749,61
2025-12-31 06:52:00,1767163920000,1767163979999,BTC,1m,88491.0,88491.0,88491.0,88490.0,0.46154,38
2025-12-31 06:53:00,1767163980000,1767164039999,BTC,1m,88491.0,88490.0,88491.0,88490.0,0.97666,29
2025-12-31 06:54:00,1767164040000,1767164099999,BTC,1m,88491.0,88490.0,88491.0,88490.0,0.19656,24
2025-12-31 06:55:00,1767164100000,1767164159999,BTC,1m,88491.0,88491.0,88491.0,88490.0,0.29653,33
2025-12-31 06:56:00,1767164160000,1767164219999,BTC,1m,88491.0,88496.0,88496.0,88490.0,0.7905,52
2025-12-31 06:57:00,1767164220000,1767164279999,BTC,1m,88496.0,88465.0,88496.0,88465.0,2.17093,70
2025-12-31 06:58:00,1767164280000,1767164339999,BTC,1m,88466.0,88487.0,88487.0,88465.0,0.10595,61
2025-12-31 06:59:00,1767164340000,1767164399999,BTC,1m,88487.0,88486.0,88487.0,88486.0,0.27403,32
2025-12-31 07:00:00,1767164400000,1767164459999,BTC,1m,88487.0,88474.0,88487.0,88474.0,0.96494,47
2025-12-31 07:01:00,1767164460000,1767164519999,BTC,1m,88475.0,88451.0,88475.0,88450.0,1.69608,61
2025-12-31 07:02:00,1767164520000,1767164579999,BTC,1m,88451.0,88416.0,88451.0,88411.0,3.95006,104
2025-12-31 07:03:00,1767164580000,1767164639999,BTC,1m,88417.0,88448.0,88449.0,88416.0,3.52178,92
2025-12-31 07:04:00,1767164640000,1767164699999,BTC,1m,88449.0,88430.0,88461.0,88430.0,6.9512,154
2025-12-31 07:05:00,1767164700000,1767164759999,BTC,1m,88430.0,88447.0,88447.0,88430.0,0.88718,59
2025-12-31 07:06:00,1767164760000,1767164819999,BTC,1m,88447.0,88470.0,88472.0,88446.0,0.1449,70
2025-12-31 07:07:00,1767164820000,1767164879999,BTC,1m,88471.0,88470.0,88471.0,88470.0,0.44689,26
2025-12-31 07:08:00,1767164880000,1767164939999,BTC,1m,88471.0,88451.0,88471.0,88451.0,1.68001,63
2025-12-31 07:09:00,1767164940000,1767164999999,BTC,1m,88452.0,88452.0,88453.0,88451.0,2.00503,46
2025-12-31 07:10:00,1767165000000,1767165059999,BTC,1m,88453.0,88463.0,88464.0,88452.0,1.87246,55
2025-12-31 07:11:00,1767165060000,1767165119999,BTC,1m,88464.0,88448.0,88464.0,88447.0,9.18119,82
2025-12-31 07:12:00,1767165120000,1767165179999,BTC,1m,88448.0,88454.0,88455.0,88447.0,0.32127,47
2025-12-31 07:13:00,1767165180000,1767165239999,BTC,1m,88455.0,88459.0,88459.0,88454.0,0.65668,43
2025-12-31 07:14:00,1767165240000,1767165299999,BTC,1m,88459.0,88463.0,88463.0,88458.0,0.46641,35
2025-12-31 07:15:00,1767165300000,1767165359999,BTC,1m,88463.0,88462.0,88463.0,88461.0,0.18936,35
2025-12-31 07:16:00,1767165360000,1767165419999,BTC,1m,88462.0,88458.0,88462.0,88457.0,1.56248,56
2025-12-31 07:17:00,1767165420000,1767165479999,BTC,1m,88458.0,88457.0,88458.0,88457.0,0.15011,27
2025-12-31 07:18:00,1767165480000,1767165539999,BTC,1m,88458.0,88447.0,88458.0,88446.0,0.26755,41
2025-12-31 07:19:00,1767165540000,1767165599999,BTC,1m,88447.0,88431.0,88447.0,88431.0,0.58927,60
2025-12-31 07:20:00,1767165600000,1767165659999,BTC,1m,88432.0,88419.0,88432.0,88400.0,2.28272,133
2025-12-31 07:21:00,1767165660000,1767165719999,BTC,1m,88420.0,88429.0,88432.0,88420.0,0.36556,48
2025-12-31 07:22:00,1767165720000,1767165779999,BTC,1m,88429.0,88429.0,88429.0,88428.0,0.63563,34
2025-12-31 07:23:00,1767165780000,1767165839999,BTC,1m,88429.0,88429.0,88429.0,88428.0,0.62561,31
2025-12-31 07:24:00,1767165840000,1767165899999,BTC,1m,88429.0,88450.0,88450.0,88428.0,1.44019,77
2025-12-31 07:25:00,1767165900000,1767165959999,BTC,1m,88450.0,88528.0,88528.0,88450.0,8.18873,234
2025-12-31 07:26:00,1767165960000,1767166019999,BTC,1m,88528.0,88537.0,88537.0,88527.0,2.77504,67
2025-12-31 07:27:00,1767166020000,1767166079999,BTC,1m,88537.0,88542.0,88552.0,88536.0,4.7091,138
2025-12-31 07:28:00,1767166080000,1767166139999,BTC,1m,88542.0,88532.0,88542.0,88531.0,19.29242,136
2025-12-31 07:29:00,1767166140000,1767166199999,BTC,1m,88532.0,88512.0,88537.0,88510.0,2.3735,115
2025-12-31 07:30:00,1767166200000,1767166259999,BTC,1m,88512.0,88504.0,88512.0,88504.0,0.63558,55
2025-12-31 07:31:00,1767166260000,1767166319999,BTC,1m,88504.0,88536.0,88536.0,88503.0,2.25733,99
2025-12-31 07:32:00,1767166320000,1767166379999,BTC,1m,88536.0,88528.0,88536.0,88527.0,0.8143,56
2025-12-31 07:33:00,1767166380000,1767166439999,BTC,1m,88528.0,88524.0,88528.0,88524.0,0.47937,31
2025-12-31 07:34:00,1767166440000,1767166499999,BTC,1m,88525.0,88525.0,88525.0,88524.0,0.44487,22
2025-12-31 07:35:00,1767166500000,1767166559999,BTC,1m,88525.0,88582.0,88596.0,88524.0,57.54078,298
2025-12-31 07:36:00,1767166560000,1767166619999,BTC,1m,88582.0,88573.0,88585.0,88573.0,0.57053,54
2025-12-31 07:37:00,1767166620000,1767166679999,BTC,1m,88574.0,88562.0,88574.0,88561.0,1.80164,68
2025-12-31 07:38:00,1767166680000,1767166739999,BTC,1m,88562.0,88590.0,88591.0,88561.0,1.89492,123
2025-12-31 07:39:00,1767166740000,1767166799999,BTC,1m,88591.0,88592.0,88596.0,88591.0,2.25845,77
2025-12-31 07:40:00,1767166800000,1767166859999,BTC,1m,88594.0,88613.0,88613.0,88593.0,8.61061,112
2025-12-31 07:41:00,1767166860000,1767166919999,BTC,1m,88613.0,88606.0,88613.0,88606.0,1.11442,36
2025-12-31 07:42:00,1767166920000,1767166979999,BTC,1m,88607.0,88598.0,88607.0,88597.0,2.27254,74
2025-12-31 07:43:00,1767166980000,1767167039999,BTC,1m,88598.0,88582.0,88598.0,88580.0,13.53564,168
2025-12-31 07:44:00,1767167040000,1767167099999,BTC,1m,88583.0,88590.0,88591.0,88582.0,8.46317,93
2025-12-31 07:45:00,1767167100000,1767167159999,BTC,1m,88591.0,88553.0,88591.0,88553.0,1.75171,125
2025-12-31 07:46:00,1767167160000,1767167219999,BTC,1m,88554.0,88578.0,88578.0,88553.0,1.30152,97
2025-12-31 07:47:00,1767167220000,1767167279999,BTC,1m,88578.0,88588.0,88589.0,88577.0,0.38361,66
2025-12-31 07:48:00,1767167280000,1767167339999,BTC,1m,88589.0,88588.0,88589.0,88588.0,0.40715,48
2025-12-31 07:49:00,1767167340000,1767167399999,BTC,1m,88589.0,88565.0,88589.0,88565.0,8.8994,127
2025-12-31 07:50:00,1767167400000,1767167459999,BTC,1m,88566.0,88554.0,88566.0,88554.0,1.71661,57
2025-12-31 07:51:00,1767167460000,1767167519999,BTC,1m,88555.0,88580.0,88581.0,88554.0,1.79152,101
2025-12-31 07:52:00,1767167520000,1767167579999,BTC,1m,88581.0,88581.0,88581.0,88580.0,0.96592,51
2025-12-31 07:53:00,1767167580000,1767167639999,BTC,1m,88581.0,88581.0,88581.0,88567.0,11.32262,140
2025-12-31 07:54:00,1767167640000,1767167699999,BTC,1m,88581.0,88581.0,88584.0,88581.0,2.1643,57
2025-12-31 07:55:00,1767167700000,1767167759999,BTC,1m,88582.0,88597.0,88611.0,88581.0,8.93954,202
2025-12-31 07:56:00,1767167760000,1767167819999,BTC,1m,88598.0,88596.0,88598.0,88586.0,6.39579,119
2025-12-31 07:57:00,1767167820000,1767167879999,BTC,1m,88597.0,88587.0,88597.0,88587.0,3.48009,85
2025-12-31 07:58:00,1767167880000,1767167939999,BTC,1m,88588.0,88581.0,88588.0,88580.0,2.38637,101
2025-12-31 07:59:00,1767167940000,1767167999999,BTC,1m,88581.0,88578.0,88581.0,88577.0,2.97445,82
2025-12-31 08:00:00,1767168000000,1767168059999,BTC,1m,88579.0,88593.0,88594.0,88578.0,2.84099,105
2025-12-31 08:01:00,1767168060000,1767168119999,BTC,1m,88594.0,88616.0,88617.0,88593.0,1.45016,100
2025-12-31 08:02:00,1767168120000,1767168179999,BTC,1m,88617.0,88646.0,88650.0,88616.0,15.3539,233
2025-12-31 08:03:00,1767168180000,1767168239999,BTC,1m,88647.0,88653.0,88656.0,88646.0,10.17707,111
2025-12-31 08:04:00,1767168240000,1767168299999,BTC,1m,88654.0,88648.0,88654.0,88648.0,2.1636,82
2025-12-31 08:05:00,1767168300000,1767168359999,BTC,1m,88649.0,88648.0,88649.0,88645.0,3.5104,64
2025-12-31 08:06:00,1767168360000,1767168419999,BTC,1m,88648.0,88666.0,88673.0,88647.0,12.21641,132
2025-12-31 08:07:00,1767168420000,1767168479999,BTC,1m,88667.0,88680.0,88680.0,88666.0,22.33297,240
2025-12-31 08:08:00,1767168480000,1767168539999,BTC,1m,88680.0,88706.0,88712.0,88679.0,23.18567,251
2025-12-31 08:09:00,1767168540000,1767168599999,BTC,1m,88706.0,88700.0,88706.0,88700.0,5.52943,100
2025-12-31 08:10:00,1767168600000,1767168659999,BTC,1m,88701.0,88658.0,88701.0,88656.0,12.41312,185
2025-12-31 08:11:00,1767168660000,1767168719999,BTC,1m,88659.0,88626.0,88659.0,88626.0,8.97774,132
2025-12-31 08:12:00,1767168720000,1767168779999,BTC,1m,88627.0,88658.0,88687.0,88627.0,7.14652,202
2025-12-31 08:13:00,1767168780000,1767168839999,BTC,1m,88659.0,88658.0,88659.0,88658.0,0.33304,44
2025-12-31 08:14:00,1767168840000,1767168899999,BTC,1m,88659.0,88662.0,88663.0,88646.0,1.25078,103
2025-12-31 08:15:00,1767168900000,1767168959999,BTC,1m,88663.0,88631.0,88663.0,88631.0,0.7422,98
2025-12-31 08:16:00,1767168960000,1767169019999,BTC,1m,88632.0,88610.0,88632.0,88609.0,1.17893,75
2025-12-31 08:17:00,1767169020000,1767169079999,BTC,1m,88610.0,88609.0,88610.0,88607.0,5.66793,81
2025-12-31 08:18:00,1767169080000,1767169139999,BTC,1m,88610.0,88625.0,88625.0,88609.0,1.53265,65
2025-12-31 08:19:00,1767169140000,1767169199999,BTC,1m,88625.0,88624.0,88625.0,88624.0,1.29672,49
2025-12-31 08:20:00,1767169200000,1767169259999,BTC,1m,88625.0,88653.0,88654.0,88624.0,4.13831,121
2025-12-31 08:21:00,1767169260000,1767169319999,BTC,1m,88653.0,88653.0,88654.0,88653.0,0.68992,55
2025-12-31 08:22:00,1767169320000,1767169379999,BTC,1m,88653.0,88642.0,88654.0,88642.0,0.31579,74
2025-12-31 08:23:00,1767169380000,1767169439999,BTC,1m,88642.0,88642.0,88643.0,88642.0,0.10001,71
2025-12-31 08:24:00,1767169440000,1767169499999,BTC,1m,88642.0,88629.0,88643.0,88629.0,0.28119,208
2025-12-31 08:25:00,1767169500000,1767169559999,BTC,1m,88629.0,88615.0,88629.0,88615.0,0.88501,180
2025-12-31 08:26:00,1767169560000,1767169619999,BTC,1m,88615.0,88616.0,88619.0,88615.0,5.2297,112
2025-12-31 08:27:00,1767169620000,1767169679999,BTC,1m,88616.0,88613.0,88616.0,88613.0,0.75343,158
2025-12-31 08:28:00,1767169680000,1767169739999,BTC,1m,88613.0,88635.0,88635.0,88613.0,0.19859,89
2025-12-31 08:29:00,1767169740000,1767169799999,BTC,1m,88634.0,88627.0,88635.0,88627.0,0.76565,123
2025-12-31 08:30:00,1767169800000,1767169859999,BTC,1m,88627.0,88622.0,88628.0,88622.0,0.12483,107
2025-12-31 08:31:00,1767169860000,1767169919999,BTC,1m,88622.0,88563.0,88622.0,88553.0,8.33075,469
2025-12-31 08:32:00,1767169920000,1767169979999,BTC,1m,88563.0,88557.0,88563.0,88557.0,5.35845,92
2025-12-31 08:33:00,1767169980000,1767170039999,BTC,1m,88557.0,88574.0,88574.0,88557.0,0.35951,76
2025-12-31 08:34:00,1767170040000,1767170099999,BTC,1m,88574.0,88565.0,88574.0,88565.0,0.10564,72
2025-12-31 08:35:00,1767170100000,1767170159999,BTC,1m,88565.0,88557.0,88565.0,88557.0,2.62693,92
2025-12-31 08:36:00,1767170160000,1767170219999,BTC,1m,88558.0,88539.0,88558.0,88539.0,1.02023,100
2025-12-31 08:37:00,1767170220000,1767170279999,BTC,1m,88539.0,88467.0,88540.0,88467.0,8.18467,282
2025-12-31 08:38:00,1767170280000,1767170339999,BTC,1m,88469.0,88484.0,88485.0,88469.0,4.63051,154
2025-12-31 08:39:00,1767170340000,1767170399999,BTC,1m,88484.0,88426.0,88485.0,88425.0,7.52794,255
2025-12-31 08:40:00,1767170400000,1767170459999,BTC,1m,88426.0,88400.0,88441.0,88387.0,5.16257,257
2025-12-31 08:41:00,1767170460000,1767170519999,BTC,1m,88400.0,88381.0,88400.0,88369.0,37.00672,249
2025-12-31 08:42:00,1767170520000,1767170579999,BTC,1m,88381.0,88381.0,88382.0,88370.0,8.43381,109
2025-12-31 08:43:00,1767170580000,1767170639999,BTC,1m,88383.0,88377.0,88393.0,88364.0,6.6468,150
2025-12-31 08:44:00,1767170640000,1767170699999,BTC,1m,88377.0,88388.0,88388.0,88376.0,2.26137,94
2025-12-31 08:45:00,1767170700000,1767170759999,BTC,1m,88387.0,88386.0,88388.0,88358.0,8.08135,166
2025-12-31 08:46:00,1767170760000,1767170819999,BTC,1m,88385.0,88377.0,88392.0,88377.0,1.03228,107
2025-12-31 08:47:00,1767170820000,1767170879999,BTC,1m,88377.0,88389.0,88390.0,88377.0,2.87347,73
2025-12-31 08:48:00,1767170880000,1767170939999,BTC,1m,88390.0,88410.0,88411.0,88390.0,2.1755,82
2025-12-31 08:49:00,1767170940000,1767170999999,BTC,1m,88410.0,88419.0,88420.0,88410.0,4.07497,52
2025-12-31 08:50:00,1767171000000,1767171059999,BTC,1m,88420.0,88395.0,88420.0,88395.0,1.46106,76
2025-12-31 08:51:00,1767171060000,1767171119999,BTC,1m,88395.0,88395.0,88396.0,88395.0,0.53401,36
2025-12-31 08:52:00,1767171120000,1767171179999,BTC,1m,88395.0,88401.0,88413.0,88395.0,2.69638,100
2025-12-31 08:53:00,1767171180000,1767171239999,BTC,1m,88401.0,88401.0,88402.0,88401.0,0.61559,48
2025-12-31 08:54:00,1767171240000,1767171299999,BTC,1m,88401.0,88403.0,88404.0,88401.0,0.10679,40
2025-12-31 08:55:00,1767171300000,1767171359999,BTC,1m,88403.0,88403.0,88404.0,88403.0,4.25553,67
2025-12-31 08:56:00,1767171360000,1767171419999,BTC,1m,88404.0,88404.0,88404.0,88403.0,0.26777,44
2025-12-31 08:57:00,1767171420000,1767171479999,BTC,1m,88403.0,88403.0,88404.0,88403.0,3.80458,69
2025-12-31 08:58:00,1767171480000,1767171539999,BTC,1m,88403.0,88404.0,88405.0,88403.0,0.11247,44
2025-12-31 08:59:00,1767171540000,1767171599999,BTC,1m,88404.0,88404.0,88405.0,88404.0,0.13049,39
2025-12-31 09:00:00,1767171600000,1767171659999,BTC,1m,88404.0,88433.0,88435.0,88402.0,19.70069,131
2025-12-31 09:01:00,1767171660000,1767171719999,BTC,1m,88432.0,88450.0,88451.0,88432.0,1.56679,94
2025-12-31 09:02:00,1767171720000,1767171779999,BTC,1m,88450.0,88477.0,88479.0,88450.0,2.60357,125
2025-12-31 09:03:00,1767171780000,1767171839999,BTC,1m,88478.0,88514.0,88515.0,88478.0,8.68944,180
2025-12-31 09:04:00,1767171840000,1767171899999,BTC,1m,88514.0,88535.0,88545.0,88514.0,13.19964,166
2025-12-31 09:05:00,1767171900000,1767171959999,BTC,1m,88535.0,88494.0,88536.0,88494.0,10.26311,132
2025-12-31 09:06:00,1767171960000,1767172019999,BTC,1m,88495.0,88506.0,88507.0,88481.0,2.66644,123
2025-12-31 09:07:00,1767172020000,1767172079999,BTC,1m,88506.0,88506.0,88507.0,88506.0,0.65871,49
2025-12-31 09:08:00,1767172080000,1767172139999,BTC,1m,88506.0,88489.0,88507.0,88483.0,2.75321,100
2025-12-31 09:09:00,1767172140000,1767172199999,BTC,1m,88489.0,88538.0,88539.0,88488.0,4.68685,147
2025-12-31 09:10:00,1767172200000,1767172259999,BTC,1m,88539.0,88518.0,88544.0,88518.0,0.88226,96
2025-12-31 09:11:00,1767172260000,1767172319999,BTC,1m,88518.0,88519.0,88520.0,88499.0,2.09773,106
2025-12-31 09:12:00,1767172320000,1767172379999,BTC,1m,88519.0,88534.0,88547.0,88519.0,2.08031,110
2025-12-31 09:13:00,1767172380000,1767172439999,BTC,1m,88533.0,88511.0,88534.0,88508.0,1.6104,92
2025-12-31 09:14:00,1767172440000,1767172499999,BTC,1m,88513.0,88521.0,88522.0,88513.0,0.33534,56
2025-12-31 09:15:00,1767172500000,1767172559999,BTC,1m,88522.0,88548.0,88549.0,88521.0,0.4366,71
2025-12-31 09:16:00,1767172560000,1767172619999,BTC,1m,88549.0,88549.0,88575.0,88548.0,2.81774,149
2025-12-31 09:17:00,1767172620000,1767172679999,BTC,1m,88549.0,88551.0,88552.0,88548.0,0.30802,36
2025-12-31 09:18:00,1767172680000,1767172739999,BTC,1m,88551.0,88557.0,88558.0,88551.0,0.31437,49
2025-12-31 09:19:00,1767172740000,1767172799999,BTC,1m,88557.0,88557.0,88558.0,88557.0,0.46363,42
2025-12-31 09:20:00,1767172800000,1767172859999,BTC,1m,88557.0,88558.0,88559.0,88557.0,0.18842,40
2025-12-31 09:21:00,1767172860000,1767172919999,BTC,1m,88559.0,88558.0,88559.0,88558.0,1.77186,46
2025-12-31 09:22:00,1767172920000,1767172979999,BTC,1m,88560.0,88563.0,88564.0,88560.0,0.44919,40
2025-12-31 09:23:00,1767172980000,1767173039999,BTC,1m,88564.0,88563.0,88564.0,88563.0,0.20059,43
2025-12-31 09:24:00,1767173040000,1767173099999,BTC,1m,88563.0,88552.0,88564.0,88551.0,0.69858,80
2025-12-31 09:25:00,1767173100000,1767173159999,BTC,1m,88551.0,88556.0,88556.0,88551.0,0.5334,43
2025-12-31 09:26:00,1767173160000,1767173219999,BTC,1m,88555.0,88557.0,88558.0,88555.0,0.49185,54
2025-12-31 09:27:00,1767173220000,1767173279999,BTC,1m,88558.0,88567.0,88567.0,88557.0,2.13012,65
2025-12-31 09:28:00,1767173280000,1767173339999,BTC,1m,88567.0,88570.0,88570.0,88566.0,1.38633,85
2025-12-31 09:29:00,1767173340000,1767173399999,BTC,1m,88569.0,88569.0,88573.0,88569.0,0.62541,64
2025-12-31 09:30:00,1767173400000,1767173459999,BTC,1m,88569.0,88555.0,88569.0,88555.0,0.72777,66
2025-12-31 09:31:00,1767173460000,1767173519999,BTC,1m,88556.0,88552.0,88556.0,88552.0,0.9784,63
2025-12-31 09:32:00,1767173520000,1767173579999,BTC,1m,88553.0,88561.0,88561.0,88552.0,1.80904,96
2025-12-31 09:33:00,1767173580000,1767173639999,BTC,1m,88561.0,88561.0,88561.0,88560.0,0.71334,55
2025-12-31 09:34:00,1767173640000,1767173699999,BTC,1m,88561.0,88560.0,88561.0,88560.0,0.80443,65
2025-12-31 09:35:00,1767173700000,1767173759999,BTC,1m,88560.0,88560.0,88561.0,88560.0,0.86962,55
2025-12-31 09:36:00,1767173760000,1767173819999,BTC,1m,88560.0,88586.0,88588.0,88560.0,1.60479,101
2025-12-31 09:37:00,1767173820000,1767173879999,BTC,1m,88586.0,88582.0,88586.0,88578.0,0.36665,57
2025-12-31 09:38:00,1767173880000,1767173939999,BTC,1m,88582.0,88632.0,88633.0,88581.0,3.10993,209
2025-12-31 09:39:00,1767173940000,1767173999999,BTC,1m,88631.0,88632.0,88643.0,88631.0,0.70206,102
2025-12-31 09:40:00,1767174000000,1767174059999,BTC,1m,88632.0,88618.0,88632.0,88617.0,8.41955,137
2025-12-31 09:41:00,1767174060000,1767174119999,BTC,1m,88616.0,88624.0,88625.0,88616.0,3.10832,77
2025-12-31 09:42:00,1767174120000,1767174179999,BTC,1m,88625.0,88625.0,88625.0,88624.0,0.50655,56
2025-12-31 09:43:00,1767174180000,1767174239999,BTC,1m,88624.0,88624.0,88625.0,88624.0,0.41085,43
2025-12-31 09:44:00,1767174240000,1767174299999,BTC,1m,88624.0,88621.0,88625.0,88621.0,1.29104,59
2025-12-31 09:45:00,1767174300000,1767174359999,BTC,1m,88622.0,88621.0,88622.0,88621.0,0.61674,56
2025-12-31 09:46:00,1767174360000,1767174419999,BTC,1m,88621.0,88663.0,88663.0,88621.0,4.50968,159
2025-12-31 09:47:00,1767174420000,1767174479999,BTC,1m,88663.0,88656.0,88663.0,88649.0,6.6641,135
2025-12-31 09:48:00,1767174480000,1767174539999,BTC,1m,88656.0,88653.0,88657.0,88653.0,0.34396,56
2025-12-31 09:49:00,1767174540000,1767174599999,BTC,1m,88653.0,88645.0,88654.0,88645.0,0.53902,50
2025-12-31 09:50:00,1767174600000,1767174659999,BTC,1m,88645.0,88620.0,88646.0,88616.0,30.60444,200
2025-12-31 09:51:00,1767174660000,1767174719999,BTC,1m,88621.0,88634.0,88635.0,88621.0,0.28486,53
2025-12-31 09:52:00,1767174720000,1767174779999,BTC,1m,88634.0,88648.0,88648.0,88634.0,0.29667,53
2025-12-31 09:53:00,1767174780000,1767174839999,BTC,1m,88648.0,88648.0,88648.0,88647.0,3.47796,47
2025-12-31 09:54:00,1767174840000,1767174899999,BTC,1m,88648.0,88673.0,88677.0,88647.0,12.61677,193
2025-12-31 09:55:00,1767174900000,1767174959999,BTC,1m,88673.0,88673.0,88673.0,88672.0,10.62856,54
2025-12-31 09:56:00,1767174960000,1767175019999,BTC,1m,88672.0,88666.0,88680.0,88665.0,3.1833,96
2025-12-31 09:57:00,1767175020000,1767175079999,BTC,1m,88665.0,88666.0,88666.0,88665.0,0.16993,24
2025-12-31 09:58:00,1767175080000,1767175139999,BTC,1m,88666.0,88665.0,88670.0,88665.0,0.18772,49
2025-12-31 09:59:00,1767175140000,1767175199999,BTC,1m,88665.0,88640.0,88665.0,88640.0,7.31035,92
2025-12-31 10:00:00,1767175200000,1767175259999,BTC,1m,88641.0,88652.0,88652.0,88640.0,2.83241,68
2025-12-31 10:01:00,1767175260000,1767175319999,BTC,1m,88653.0,88667.0,88667.0,88652.0,0.38075,67
2025-12-31 10:02:00,1767175320000,1767175379999,BTC,1m,88666.0,88688.0,88688.0,88666.0,0.613,96
2025-12-31 10:03:00,1767175380000,1767175439999,BTC,1m,88687.0,88684.0,88688.0,88683.0,1.12438,57
2025-12-31 10:04:00,1767175440000,1767175499999,BTC,1m,88684.0,88668.0,88684.0,88666.0,0.69944,62
2025-12-31 10:05:00,1767175500000,1767175559999,BTC,1m,88669.0,88664.0,88669.0,88663.0,2.1631,70
2025-12-31 10:06:00,1767175560000,1767175619999,BTC,1m,88663.0,88693.0,88694.0,88660.0,32.73624,177
2025-12-31 10:07:00,1767175620000,1767175679999,BTC,1m,88693.0,88668.0,88697.0,88668.0,5.33553,130
2025-12-31 10:08:00,1767175680000,1767175739999,BTC,1m,88669.0,88666.0,88669.0,88665.0,0.31401,46
2025-12-31 10:09:00,1767175740000,1767175799999,BTC,1m,88666.0,88697.0,88697.0,88665.0,1.43838,105
2025-12-31 10:10:00,1767175800000,1767175859999,BTC,1m,88697.0,88788.0,88794.0,88697.0,17.25395,465
2025-12-31 10:11:00,1767175860000,1767175919999,BTC,1m,88787.0,88767.0,88789.0,88765.0,2.97087,130
2025-12-31 10:12:00,1767175920000,1767175979999,BTC,1m,88767.0,88766.0,88767.0,88765.0,0.85046,42
2025-12-31 10:13:00,1767175980000,1767176039999,BTC,1m,88766.0,88783.0,88786.0,88766.0,6.686,136
2025-12-31 10:14:00,1767176040000,1767176099999,BTC,1m,88782.0,88775.0,88782.0,88774.0,1.55742,88
2025-12-31 10:15:00,1767176100000,1767176159999,BTC,1m,88775.0,88787.0,88787.0,88770.0,2.24219,101
2025-12-31 10:16:00,1767176160000,1767176219999,BTC,1m,88787.0,88781.0,88787.0,88780.0,8.77555,91
2025-12-31 10:17:00,1767176220000,1767176279999,BTC,1m,88780.0,88780.0,88781.0,88780.0,1.5234,54
2025-12-31 10:18:00,1767176280000,1767176339999,BTC,1m,88781.0,88785.0,88785.0,88768.0,1.54775,80
2025-12-31 10:19:00,1767176340000,1767176399999,BTC,1m,88784.0,88801.0,88850.0,88784.0,27.6744,434
2025-12-31 10:20:00,1767176400000,1767176459999,BTC,1m,88800.0,88718.0,88800.0,88718.0,52.31697,317
2025-12-31 10:21:00,1767176460000,1767176519999,BTC,1m,88718.0,88669.0,88740.0,88665.0,8.14718,272
2025-12-31 10:22:00,1767176520000,1767176579999,BTC,1m,88670.0,88741.0,88741.0,88670.0,23.15051,245
2025-12-31 10:23:00,1767176580000,1767176639999,BTC,1m,88741.0,88757.0,88763.0,88710.0,0.9755,176
2025-12-31 10:24:00,1767176640000,1767176699999,BTC,1m,88756.0,88763.0,88763.0,88727.0,1.79758,163
2025-12-31 10:25:00,1767176700000,1767176759999,BTC,1m,88763.0,88762.0,88764.0,88762.0,3.04062,48
2025-12-31 10:26:00,1767176760000,1767176819999,BTC,1m,88761.0,88732.0,88761.0,88732.0,0.7982,81
2025-12-31 10:27:00,1767176820000,1767176879999,BTC,1m,88732.0,88734.0,88756.0,88732.0,21.96198,174
2025-12-31 10:28:00,1767176880000,1767176939999,BTC,1m,88735.0,88731.0,88735.0,88731.0,1.82138,50
2025-12-31 10:29:00,1767176940000,1767176999999,BTC,1m,88732.0,88732.0,88732.0,88731.0,0.4207,39
2025-12-31 10:30:00,1767177000000,1767177059999,BTC,1m,88732.0,88740.0,88740.0,88731.0,0.62186,45
2025-12-31 10:31:00,1767177060000,1767177119999,BTC,1m,88739.0,88693.0,88739.0,88693.0,4.11033,129
2025-12-31 10:32:00,1767177120000,1767177179999,BTC,1m,88693.0,88672.0,88694.0,88672.0,11.75597,108
2025-12-31 10:33:00,1767177180000,1767177239999,BTC,1m,88672.0,88661.0,88672.0,88661.0,40.69373,203
2025-12-31 10:34:00,1767177240000,1767177299999,BTC,1m,88661.0,88665.0,88665.0,88661.0,2.67939,61
2025-12-31 10:35:00,1767177300000,1767177359999,BTC,1m,88664.0,88665.0,88665.0,88664.0,0.10759,25
2025-12-31 10:36:00,1767177360000,1767177419999,BTC,1m,88664.0,88645.0,88665.0,88642.0,5.08416,147
2025-12-31 10:37:00,1767177420000,1767177479999,BTC,1m,88644.0,88636.0,88644.0,88630.0,3.69944,105
2025-12-31 10:38:00,1767177480000,1767177539999,BTC,1m,88636.0,88636.0,88637.0,88636.0,1.4229,42
2025-12-31 10:39:00,1767177540000,1767177599999,BTC,1m,88636.0,88636.0,88637.0,88636.0,0.88829,30
2025-12-31 10:40:00,1767177600000,1767177659999,BTC,1m,88636.0,88637.0,88637.0,88636.0,0.50757,26
2025-12-31 10:41:00,1767177660000,1767177719999,BTC,1m,88637.0,88636.0,88637.0,88636.0,0.53906,29
2025-12-31 10:42:00,1767177720000,1767177779999,BTC,1m,88636.0,88663.0,88663.0,88636.0,1.43561,72
2025-12-31 10:43:00,1767177780000,1767177839999,BTC,1m,88663.0,88664.0,88664.0,88662.0,14.96706,34
2025-12-31 10:44:00,1767177840000,1767177899999,BTC,1m,88663.0,88718.0,88719.0,88663.0,1.32564,149
2025-12-31 10:45:00,1767177900000,1767177959999,BTC,1m,88719.0,88700.0,88719.0,88689.0,5.78121,123
2025-12-31 10:46:00,1767177960000,1767178019999,BTC,1m,88699.0,88741.0,88741.0,88699.0,2.78961,115
2025-12-31 10:47:00,1767178020000,1767178079999,BTC,1m,88741.0,88748.0,88761.0,88740.0,7.72767,133
2025-12-31 10:48:00,1767178080000,1767178139999,BTC,1m,88745.0,88733.0,88745.0,88732.0,2.48817,57
2025-12-31 10:49:00,1767178140000,1767178199999,BTC,1m,88732.0,88733.0,88733.0,88732.0,1.1515,47
2025-12-31 10:50:00,1767178200000,1767178259999,BTC,1m,88732.0,88727.0,88732.0,88717.0,2.12144,72
2025-12-31 10:51:00,1767178260000,1767178319999,BTC,1m,88727.0,88720.0,88729.0,88720.0,3.68395,72
2025-12-31 10:52:00,1767178320000,1767178379999,BTC,1m,88720.0,88726.0,88726.0,88720.0,0.07447,30
2025-12-31 10:53:00,1767178380000,1767178439999,BTC,1m,88725.0,88726.0,88726.0,88725.0,0.13253,34
2025-12-31 10:54:00,1767178440000,1767178499999,BTC,1m,88726.0,88726.0,88726.0,88725.0,0.86417,35
2025-12-31 10:55:00,1767178500000,1767178559999,BTC,1m,88725.0,88697.0,88725.0,88697.0,0.53855,96
2025-12-31 10:56:00,1767178560000,1767178619999,BTC,1m,88698.0,88695.0,88698.0,88695.0,2.51127,49
2025-12-31 10:57:00,1767178620000,1767178679999,BTC,1m,88695.0,88778.0,88785.0,88695.0,41.76381,286
2025-12-31 10:58:00,1767178680000,1767178739999,BTC,1m,88778.0,88784.0,88810.0,88775.0,10.06894,191
2025-12-31 10:59:00,1767178740000,1767178799999,BTC,1m,88784.0,88809.0,88810.0,88783.0,0.61572,67
2025-12-31 11:00:00,1767178800000,1767178859999,BTC,1m,88810.0,88810.0,88841.0,88810.0,31.55706,224
2025-12-31 11:01:00,1767178860000,1767178919999,BTC,1m,88809.0,88797.0,88810.0,88795.0,3.48376,92
2025-12-31 11:02:00,1767178920000,1767178979999,BTC,1m,88797.0,88818.0,88822.0,88791.0,16.46295,201
2025-12-31 11:03:00,1767178980000,1767179039999,BTC,1m,88818.0,88787.0,88832.0,88784.0,27.05854,211
2025-12-31 11:04:00,1767179040000,1767179099999,BTC,1m,88788.0,88819.0,88819.0,88788.0,0.06555,68
2025-12-31 11:05:00,1767179100000,1767179159999,BTC,1m,88819.0,88840.0,88841.0,88819.0,10.41235,85
2025-12-31 11:06:00,1767179160000,1767179219999,BTC,1m,88841.0,88873.0,88889.0,88841.0,41.68633,374
2025-12-31 11:07:00,1767179220000,1767179279999,BTC,1m,88873.0,88860.0,88887.0,88860.0,1.25148,121
2025-12-31 11:08:00,1767179280000,1767179339999,BTC,1m,88861.0,88846.0,88861.0,88845.0,5.40535,80
2025-12-31 11:09:00,1767179340000,1767179399999,BTC,1m,88845.0,88890.0,88891.0,88845.0,2.71028,152
2025-12-31 11:10:00,1767179400000,1767179459999,BTC,1m,88890.0,88894.0,88909.0,88864.0,23.11519,363
2025-12-31 11:11:00,1767179460000,1767179519999,BTC,1m,88893.0,88890.0,88893.0,88869.0,1.11827,105
2025-12-31 11:12:00,1767179520000,1767179579999,BTC,1m,88889.0,88897.0,88900.0,88889.0,4.75673,91
2025-12-31 11:13:00,1767179580000,1767179639999,BTC,1m,88897.0,88879.0,88897.0,88879.0,3.17013,92
2025-12-31 11:14:00,1767179640000,1767179699999,BTC,1m,88880.0,88843.0,88880.0,88843.0,5.33695,124
2025-12-31 11:15:00,1767179700000,1767179759999,BTC,1m,88843.0,88810.0,88843.0,88809.0,7.02553,162
2025-12-31 11:16:00,1767179760000,1767179819999,BTC,1m,88809.0,88785.0,88810.0,88784.0,8.26485,147
2025-12-31 11:17:00,1767179820000,1767179879999,BTC,1m,88784.0,88787.0,88793.0,88784.0,4.60164,87
2025-12-31 11:18:00,1767179880000,1767179939999,BTC,1m,88786.0,88777.0,88787.0,88777.0,0.58214,47
2025-12-31 11:19:00,1767179940000,1767179999999,BTC,1m,88778.0,88800.0,88810.0,88777.0,0.47817,92
2025-12-31 11:20:00,1767180000000,1767180059999,BTC,1m,88800.0,88790.0,88800.0,88789.0,0.38948,37
2025-12-31 11:21:00,1767180060000,1767180119999,BTC,1m,88789.0,88782.0,88789.0,88778.0,1.24337,78
2025-12-31 11:22:00,1767180120000,1767180179999,BTC,1m,88781.0,88844.0,88844.0,88781.0,0.95342,134
2025-12-31 11:23:00,1767180180000,1767180239999,BTC,1m,88843.0,88835.0,88844.0,88834.0,0.55146,57
2025-12-31 11:24:00,1767180240000,1767180299999,BTC,1m,88835.0,88825.0,88835.0,88824.0,0.74404,53
2025-12-31 11:25:00,1767180300000,1767180359999,BTC,1m,88825.0,88866.0,88871.0,88824.0,5.71186,173
2025-12-31 11:26:00,1767180360000,1767180419999,BTC,1m,88866.0,88887.0,88890.0,88866.0,0.7965,99
2025-12-31 11:27:00,1767180420000,1767180479999,BTC,1m,88887.0,88899.0,88899.0,88883.0,2.73809,82
2025-12-31 11:28:00,1767180480000,1767180539999,BTC,1m,88899.0,88879.0,88900.0,88878.0,0.91659,92
2025-12-31 11:29:00,1767180540000,1767180599999,BTC,1m,88878.0,88900.0,88900.0,88873.0,1.10473,98
2025-12-31 11:30:00,1767180600000,1767180659999,BTC,1m,88900.0,88892.0,88919.0,88892.0,4.018,136
2025-12-31 11:31:00,1767180660000,1767180719999,BTC,1m,88893.0,88918.0,88948.0,88892.0,4.27343,259
2025-12-31 11:32:00,1767180720000,1767180779999,BTC,1m,88919.0,88903.0,88924.0,88903.0,0.42998,86
2025-12-31 11:33:00,1767180780000,1767180839999,BTC,1m,88904.0,88925.0,88925.0,88896.0,1.28094,119
2025-12-31 11:34:00,1767180840000,1767180899999,BTC,1m,88924.0,88896.0,88924.0,88895.0,27.76636,314
2025-12-31 11:35:00,1767180900000,1767180959999,BTC,1m,88896.0,88906.0,88932.0,88892.0,4.11738,230
2025-12-31 11:36:00,1767180960000,1767181019999,BTC,1m,88906.0,88898.0,88906.0,88878.0,5.37349,164
2025-12-31 11:37:00,1767181020000,1767181079999,BTC,1m,88899.0,88909.0,88920.0,88883.0,2.12403,175
2025-12-31 11:38:00,1767181080000,1767181139999,BTC,1m,88908.0,88915.0,88921.0,88890.0,3.23615,153
2025-12-31 11:39:00,1767181140000,1767181199999,BTC,1m,88915.0,88904.0,88915.0,88880.0,3.22405,197
2025-12-31 11:40:00,1767181200000,1767181259999,BTC,1m,88903.0,88922.0,88936.0,88903.0,0.56687,105
2025-12-31 11:41:00,1767181260000,1767181319999,BTC,1m,88923.0,88960.0,88969.0,88923.0,10.17639,217
2025-12-31 11:42:00,1767181320000,1767181379999,BTC,1m,88960.0,88975.0,88975.0,88955.0,1.934,138
2025-12-31 11:43:00,1767181380000,1767181439999,BTC,1m,88974.0,88955.0,88974.0,88947.0,1.39498,94
2025-12-31 11:44:00,1767181440000,1767181499999,BTC,1m,88956.0,88987.0,88988.0,88956.0,1.59204,142
2025-12-31 11:45:00,1767181500000,1767181559999,BTC,1m,88988.0,88974.0,88988.0,88929.0,8.88229,361
2025-12-31 11:46:00,1767181560000,1767181619999,BTC,1m,88972.0,88935.0,88973.0,88918.0,13.20645,198
2025-12-31 11:47:00,1767181620000,1767181679999,BTC,1m,88935.0,88963.0,88964.0,88926.0,1.11779,113
2025-12-31 11:48:00,1767181680000,1767181739999,BTC,1m,88965.0,88962.0,88977.0,88961.0,0.38434,74
2025-12-31 11:49:00,1767181740000,1767181799999,BTC,1m,88961.0,88950.0,88962.0,88949.0,0.1791,47
2025-12-31 11:50:00,1767181800000,1767181859999,BTC,1m,88949.0,88952.0,88971.0,88946.0,2.08212,123
2025-12-31 11:51:00,1767181860000,1767181919999,BTC,1m,88952.0,88955.0,88957.0,88949.0,0.58028,53
2025-12-31 11:52:00,1767181920000,1767181979999,BTC,1m,88956.0,88926.0,88956.0,88926.0,0.80341,72
2025-12-31 11:53:00,1767181980000,1767182039999,BTC,1m,88925.0,88935.0,88935.0,88924.0,0.16098,51
2025-12-31 11:54:00,1767182040000,1767182099999,BTC,1m,88937.0,88935.0,88937.0,88934.0,0.85056,50
2025-12-31 11:55:00,1767182100000,1767182159999,BTC,1m,88935.0,88935.0,88935.0,88934.0,0.11722,31
2025-12-31 11:56:00,1767182160000,1767182219999,BTC,1m,88936.0,88955.0,88955.0,88936.0,0.67184,78
2025-12-31 11:57:00,1767182220000,1767182279999,BTC,1m,88955.0,88938.0,88955.0,88937.0,0.85123,63
2025-12-31 11:58:00,1767182280000,1767182339999,BTC,1m,88937.0,88937.0,88938.0,88937.0,0.55757,33
2025-12-31 11:59:00,1767182340000,1767182399999,BTC,1m,88938.0,88985.0,89000.0,88937.0,7.60077,311
2025-12-31 12:00:00,1767182400000,1767182459999,BTC,1m,88982.0,88961.0,88982.0,88952.0,3.77306,184
2025-12-31 12:01:00,1767182460000,1767182519999,BTC,1m,88962.0,88983.0,89009.0,88962.0,25.19335,293
2025-12-31 12:02:00,1767182520000,1767182579999,BTC,1m,88982.0,88943.0,88982.0,88937.0,3.96654,188
2025-12-31 12:03:00,1767182580000,1767182639999,BTC,1m,88943.0,88927.0,88944.0,88927.0,4.2621,80
2025-12-31 12:04:00,1767182640000,1767182699999,BTC,1m,88926.0,88922.0,88927.0,88914.0,0.59189,92
2025-12-31 12:05:00,1767182700000,1767182759999,BTC,1m,88922.0,88885.0,88941.0,88885.0,5.37794,202
2025-12-31 12:06:00,1767182760000,1767182819999,BTC,1m,88885.0,88907.0,88907.0,88878.0,0.33432,119
2025-12-31 12:07:00,1767182820000,1767182879999,BTC,1m,88906.0,88922.0,88923.0,88900.0,5.06574,141
2025-12-31 12:08:00,1767182880000,1767182939999,BTC,1m,88922.0,88929.0,88929.0,88919.0,3.4147,78
2025-12-31 12:09:00,1767182940000,1767182999999,BTC,1m,88929.0,88954.0,88975.0,88928.0,1.21707,220
2025-12-31 12:10:00,1767183000000,1767183059999,BTC,1m,88953.0,88953.0,88954.0,88953.0,1.92342,45
2025-12-31 12:11:00,1767183060000,1767183119999,BTC,1m,88947.0,88945.0,88947.0,88945.0,0.78186,38
2025-12-31 12:12:00,1767183120000,1767183179999,BTC,1m,88946.0,88945.0,88965.0,88945.0,1.15651,98
2025-12-31 12:13:00,1767183180000,1767183239999,BTC,1m,88945.0,88945.0,88946.0,88931.0,0.4131,75
2025-12-31 12:14:00,1767183240000,1767183299999,BTC,1m,88943.0,88922.0,88943.0,88922.0,0.38743,73
2025-12-31 12:15:00,1767183300000,1767183359999,BTC,1m,88923.0,88923.0,88924.0,88922.0,0.32421,33
2025-12-31 12:16:00,1767183360000,1767183419999,BTC,1m,88923.0,88922.0,88924.0,88922.0,0.13417,34
2025-12-31 12:17:00,1767183420000,1767183479999,BTC,1m,88923.0,88963.0,88965.0,88922.0,1.51928,138
2025-12-31 12:18:00,1767183480000,1767183539999,BTC,1m,88963.0,88965.0,88966.0,88961.0,0.63601,54
2025-12-31 12:19:00,1767183540000,1767183599999,BTC,1m,88965.0,88956.0,88965.0,88956.0,1.18243,66
2025-12-31 12:20:00,1767183600000,1767183659999,BTC,1m,88956.0,88957.0,88957.0,88956.0,1.48058,32
2025-12-31 12:21:00,1767183660000,1767183719999,BTC,1m,88956.0,88956.0,88964.0,88956.0,0.76203,82
2025-12-31 12:22:00,1767183720000,1767183779999,BTC,1m,88956.0,88934.0,88956.0,88934.0,0.73325,133
2025-12-31 12:23:00,1767183780000,1767183839999,BTC,1m,88934.0,88904.0,88935.0,88904.0,2.49844,146
2025-12-31 12:24:00,1767183840000,1767183899999,BTC,1m,88904.0,88912.0,88912.0,88903.0,0.9563,59
2025-12-31 12:25:00,1767183900000,1767183959999,BTC,1m,88914.0,88924.0,88924.0,88913.0,0.75066,55
2025-12-31 12:26:00,1767183960000,1767184019999,BTC,1m,88924.0,88923.0,88924.0,88923.0,0.16539,28
2025-12-31 12:27:00,1767184020000,1767184079999,BTC,1m,88923.0,88881.0,88924.0,88881.0,1.2999,103
2025-12-31 12:28:00,1767184080000,1767184139999,BTC,1m,88881.0,88890.0,88900.0,88875.0,26.27871,226
2025-12-31 12:29:00,1767184140000,1767184199999,BTC,1m,88890.0,88908.0,88908.0,88885.0,9.77357,139
2025-12-31 12:30:00,1767184200000,1767184259999,BTC,1m,88908.0,88923.0,88924.0,88907.0,0.67309,74
2025-12-31 12:31:00,1767184260000,1767184319999,BTC,1m,88924.0,88951.0,88951.0,88924.0,2.95706,75
2025-12-31 12:32:00,1767184320000,1767184379999,BTC,1m,88950.0,88943.0,88951.0,88942.0,1.02846,56
2025-12-31 12:33:00,1767184380000,1767184439999,BTC,1m,88942.0,88919.0,88942.0,88918.0,0.58383,55
2025-12-31 12:34:00,1767184440000,1767184499999,BTC,1m,88919.0,88925.0,88925.0,88918.0,0.86326,39
2025-12-31 12:35:00,1767184500000,1767184559999,BTC,1m,88925.0,88900.0,88927.0,88892.0,4.31333,134
2025-12-31 12:36:00,1767184560000,1767184619999,BTC,1m,88900.0,88878.0,88901.0,88872.0,13.80521,142
2025-12-31 12:37:00,1767184620000,1767184679999,BTC,1m,88877.0,88839.0,88878.0,88833.0,25.58321,232
2025-12-31 12:38:00,1767184680000,1767184739999,BTC,1m,88838.0,88825.0,88846.0,88822.0,1.59222,89
2025-12-31 12:39:00,1767184740000,1767184799999,BTC,1m,88824.0,88812.0,88832.0,88800.0,3.59215,174
2025-12-31 12:40:00,1767184800000,1767184859999,BTC,1m,88813.0,88838.0,88842.0,88813.0,23.81822,150
2025-12-31 12:41:00,1767184860000,1767184919999,BTC,1m,88837.0,88838.0,88838.0,88837.0,0.87457,39
2025-12-31 12:42:00,1767184920000,1767184979999,BTC,1m,88838.0,88841.0,88841.0,88837.0,0.96659,35
2025-12-31 12:43:00,1767184980000,1767185039999,BTC,1m,88842.0,88800.0,88846.0,88789.0,4.68534,234
2025-12-31 12:44:00,1767185040000,1767185099999,BTC,1m,88799.0,88800.0,88801.0,88799.0,0.54408,43
2025-12-31 12:45:00,1767185100000,1767185159999,BTC,1m,88801.0,88794.0,88837.0,88793.0,1.63608,171
2025-12-31 12:46:00,1767185160000,1767185219999,BTC,1m,88793.0,88823.0,88823.0,88789.0,11.08584,147
2025-12-31 12:47:00,1767185220000,1767185279999,BTC,1m,88822.0,88817.0,88823.0,88817.0,0.60537,40
2025-12-31 12:48:00,1767185280000,1767185339999,BTC,1m,88816.0,88816.0,88818.0,88809.0,2.57303,73
2025-12-31 12:49:00,1767185340000,1767185399999,BTC,1m,88815.0,88799.0,88816.0,88798.0,2.09557,58
2025-12-31 12:50:00,1767185400000,1767185459999,BTC,1m,88798.0,88781.0,88799.0,88779.0,2.44206,104
2025-12-31 12:51:00,1767185460000,1767185519999,BTC,1m,88779.0,88777.0,88780.0,88767.0,10.13527,108
2025-12-31 12:52:00,1767185520000,1767185579999,BTC,1m,88778.0,88767.0,88778.0,88767.0,1.69909,60
2025-12-31 12:53:00,1767185580000,1767185639999,BTC,1m,88767.0,88757.0,88767.0,88731.0,28.29786,262
2025-12-31 12:54:00,1767185640000,1767185699999,BTC,1m,88757.0,88713.0,88757.0,88712.0,2.74282,123
2025-12-31 12:55:00,1767185700000,1767185759999,BTC,1m,88712.0,88726.0,88726.0,88712.0,19.24433,104
2025-12-31 12:56:00,1767185760000,1767185819999,BTC,1m,88726.0,88724.0,88726.0,88717.0,43.73306,161
2025-12-31 12:57:00,1767185820000,1767185879999,BTC,1m,88725.0,88738.0,88738.0,88724.0,21.21741,98
2025-12-31 12:58:00,1767185880000,1767185939999,BTC,1m,88738.0,88746.0,88747.0,88738.0,0.61005,45
2025-12-31 12:59:00,1767185940000,1767185999999,BTC,1m,88745.0,88746.0,88746.0,88745.0,0.62652,31
2025-12-31 13:00:00,1767186000000,1767186059999,BTC,1m,88745.0,88739.0,88745.0,88738.0,24.50921,146
2025-12-31 13:01:00,1767186060000,1767186119999,BTC,1m,88739.0,88748.0,88770.0,88739.0,1.34626,149
2025-12-31 13:02:00,1767186120000,1767186179999,BTC,1m,88748.0,88727.0,88748.0,88714.0,1.83506,122
2025-12-31 13:03:00,1767186180000,1767186239999,BTC,1m,88727.0,88768.0,88769.0,88727.0,1.81456,108
2025-12-31 13:04:00,1767186240000,1767186299999,BTC,1m,88768.0,88768.0,88768.0,88767.0,0.46256,31
2025-12-31 13:05:00,1767186300000,1767186359999,BTC,1m,88768.0,88770.0,88770.0,88767.0,1.79695,37
2025-12-31 13:06:00,1767186360000,1767186419999,BTC,1m,88769.0,88787.0,88787.0,88769.0,1.83145,64
2025-12-31 13:07:00,1767186420000,1767186479999,BTC,1m,88787.0,88806.0,88806.0,88787.0,4.02065,85
2025-12-31 13:08:00,1767186480000,1767186539999,BTC,1m,88806.0,88731.0,88806.0,88725.0,2.44186,243
2025-12-31 13:09:00,1767186540000,1767186599999,BTC,1m,88733.0,88763.0,88763.0,88733.0,2.61671,104
2025-12-31 13:10:00,1767186600000,1767186659999,BTC,1m,88762.0,88767.0,88768.0,88760.0,20.87651,98
2025-12-31 13:11:00,1767186660000,1767186719999,BTC,1m,88767.0,88767.0,88768.0,88766.0,0.47845,38
2025-12-31 13:12:00,1767186720000,1767186779999,BTC,1m,88766.0,88778.0,88779.0,88766.0,2.82223,60
2025-12-31 13:13:00,1767186780000,1767186839999,BTC,1m,88779.0,88787.0,88787.0,88778.0,0.39445,42
2025-12-31 13:14:00,1767186840000,1767186899999,BTC,1m,88787.0,88785.0,88787.0,88785.0,0.15467,26
2025-12-31 13:15:00,1767186900000,1767186959999,BTC,1m,88786.0,88796.0,88806.0,88785.0,0.9146,74
2025-12-31 13:16:00,1767186960000,1767187019999,BTC,1m,88796.0,88787.0,88796.0,88778.0,0.09207,46
2025-12-31 13:17:00,1767187020000,1767187079999,BTC,1m,88788.0,88795.0,88813.0,88787.0,0.53737,104
2025-12-31 13:18:00,1767187080000,1767187139999,BTC,1m,88794.0,88806.0,88807.0,88793.0,0.66173,47
2025-12-31 13:19:00,1767187140000,1767187199999,BTC,1m,88807.0,88840.0,88844.0,88807.0,0.86716,101
2025-12-31 13:20:00,1767187200000,1767187259999,BTC,1m,88839.0,88858.0,88858.0,88825.0,3.14101,128
2025-12-31 13:21:00,1767187260000,1767187319999,BTC,1m,88854.0,88861.0,88861.0,88853.0,2.5999,60
2025-12-31 13:22:00,1767187320000,1767187379999,BTC,1m,88860.0,88860.0,88862.0,88860.0,0.90091,49
2025-12-31 13:23:00,1767187380000,1767187439999,BTC,1m,88860.0,88836.0,88860.0,88834.0,1.33256,85
2025-12-31 13:24:00,1767187440000,1767187499999,BTC,1m,88835.0,88833.0,88837.0,88831.0,13.61469,111
2025-12-31 13:25:00,1767187500000,1767187559999,BTC,1m,88833.0,88828.0,88833.0,88827.0,5.85437,73
2025-12-31 13:26:00,1767187560000,1767187619999,BTC,1m,88828.0,88828.0,88828.0,88827.0,1.96509,36
2025-12-31 13:27:00,1767187620000,1767187679999,BTC,1m,88828.0,88841.0,88841.0,88827.0,0.35867,49
2025-12-31 13:28:00,1767187680000,1767187739999,BTC,1m,88840.0,88820.0,88851.0,88819.0,1.18143,89
2025-12-31 13:29:00,1767187740000,1767187799999,BTC,1m,88819.0,88819.0,88820.0,88819.0,1.43553,35
2025-12-31 13:30:00,1767187800000,1767187859999,BTC,1m,88819.0,88746.0,88819.0,88735.0,12.79209,233
2025-12-31 13:31:00,1767187860000,1767187919999,BTC,1m,88746.0,88767.0,88789.0,88746.0,3.82064,130
2025-12-31 13:32:00,1767187920000,1767187979999,BTC,1m,88769.0,88787.0,88794.0,88768.0,21.71088,108
2025-12-31 13:33:00,1767187980000,1767188039999,BTC,1m,88787.0,88781.0,88794.0,88763.0,1.8459,98
2025-12-31 13:34:00,1767188040000,1767188099999,BTC,1m,88782.0,88740.0,88789.0,88739.0,10.16836,166
2025-12-31 13:35:00,1767188100000,1767188159999,BTC,1m,88740.0,88736.0,88740.0,88736.0,1.34925,32
2025-12-31 13:36:00,1767188160000,1767188219999,BTC,1m,88736.0,88737.0,88737.0,88736.0,3.07254,49
2025-12-31 13:37:00,1767188220000,1767188279999,BTC,1m,88736.0,88715.0,88737.0,88714.0,5.32439,95
2025-12-31 13:38:00,1767188280000,1767188339999,BTC,1m,88715.0,88716.0,88716.0,88715.0,4.52666,53
2025-12-31 13:39:00,1767188340000,1767188399999,BTC,1m,88716.0,88715.0,88716.0,88711.0,5.5369,44
2025-12-31 13:40:00,1767188400000,1767188459999,BTC,1m,88715.0,88718.0,88740.0,88715.0,16.9335,132
2025-12-31 13:41:00,1767188460000,1767188519999,BTC,1m,88718.0,88729.0,88729.0,88708.0,4.55757,112
2025-12-31 13:42:00,1767188520000,1767188579999,BTC,1m,88729.0,88750.0,88750.0,88729.0,8.42664,132
2025-12-31 13:43:00,1767188580000,1767188639999,BTC,1m,88750.0,88764.0,88769.0,88750.0,0.32282,69
2025-12-31 13:44:00,1767188640000,1767188699999,BTC,1m,88764.0,88762.0,88765.0,88761.0,0.11167,21
2025-12-31 13:45:00,1767188700000,1767188759999,BTC,1m,88762.0,88749.0,88768.0,88749.0,14.18535,112
2025-12-31 13:46:00,1767188760000,1767188819999,BTC,1m,88750.0,88793.0,88794.0,88750.0,2.19591,112
2025-12-31 13:47:00,1767188820000,1767188879999,BTC,1m,88793.0,88773.0,88800.0,88773.0,2.91625,95
2025-12-31 13:48:00,1767188880000,1767188939999,BTC,1m,88772.0,88780.0,88784.0,88771.0,2.34603,62
2025-12-31 13:49:00,1767188940000,1767188999999,BTC,1m,88781.0,88813.0,88813.0,88781.0,10.95558,132
2025-12-31 13:50:00,1767189000000,1767189059999,BTC,1m,88812.0,88866.0,88866.0,88812.0,2.05259,150
2025-12-31 13:51:00,1767189060000,1767189119999,BTC,1m,88865.0,88931.0,88932.0,88852.0,13.78411,302
2025-12-31 13:52:00,1767189120000,1767189179999,BTC,1m,88932.0,89008.0,89023.0,88932.0,51.77452,525
2025-12-31 13:53:00,1767189180000,1767189239999,BTC,1m,89009.0,89007.0,89025.0,88991.0,15.5665,279
2025-12-31 13:54:00,1767189240000,1767189299999,BTC,1m,89007.0,88975.0,89007.0,88974.0,9.35725,216
2025-12-31 13:55:00,1767189300000,1767189359999,BTC,1m,88974.0,88951.0,88983.0,88951.0,38.1539,266
2025-12-31 13:56:00,1767189360000,1767189419999,BTC,1m,88951.0,88923.0,88951.0,88923.0,3.89278,118
2025-12-31 13:57:00,1767189420000,1767189479999,BTC,1m,88922.0,88945.0,88945.0,88911.0,3.53005,115
2025-12-31 13:58:00,1767189480000,1767189539999,BTC,1m,88946.0,88937.0,88946.0,88935.0,1.72888,94
2025-12-31 13:59:00,1767189540000,1767189599999,BTC,1m,88938.0,88957.0,88979.0,88938.0,13.08069,202
2025-12-31 14:00:00,1767189600000,1767189659999,BTC,1m,88957.0,88964.0,88965.0,88952.0,4.49548,93
2025-12-31 14:01:00,1767189660000,1767189719999,BTC,1m,88964.0,88982.0,88982.0,88964.0,3.10089,73
2025-12-31 14:02:00,1767189720000,1767189779999,BTC,1m,88982.0,88980.0,88982.0,88960.0,4.29712,119
2025-12-31 14:03:00,1767189780000,1767189839999,BTC,1m,88980.0,89011.0,89018.0,88980.0,5.96116,159
2025-12-31 14:04:00,1767189840000,1767189899999,BTC,1m,89011.0,89016.0,89026.0,89011.0,3.67275,106
2025-12-31 14:05:00,1767189900000,1767189959999,BTC,1m,89015.0,88964.0,89015.0,88964.0,11.4754,201
2025-12-31 14:06:00,1767189960000,1767190019999,BTC,1m,88965.0,88933.0,88984.0,88933.0,24.53111,233
2025-12-31 14:07:00,1767190020000,1767190079999,BTC,1m,88943.0,88949.0,88950.0,88906.0,30.82334,264
2025-12-31 14:08:00,1767190080000,1767190139999,BTC,1m,88951.0,89102.0,89139.0,88951.0,56.55983,1134
2025-12-31 14:09:00,1767190140000,1767190199999,BTC,1m,89105.0,89082.0,89178.0,89081.0,115.18997,936
2025-12-31 14:10:00,1767190200000,1767190259999,BTC,1m,89082.0,89028.0,89088.0,89020.0,11.4283,400
2025-12-31 14:11:00,1767190260000,1767190319999,BTC,1m,89028.0,89050.0,89077.0,89028.0,5.60103,251
2025-12-31 14:12:00,1767190320000,1767190379999,BTC,1m,89050.0,89075.0,89075.0,89050.0,9.58026,130
2025-12-31 14:13:00,1767190380000,1767190439999,BTC,1m,89075.0,89083.0,89108.0,89075.0,9.63131,179
2025-12-31 14:14:00,1767190440000,1767190499999,BTC,1m,89083.0,89112.0,89117.0,89083.0,3.12603,100
2025-12-31 14:15:00,1767190500000,1767190559999,BTC,1m,89112.0,89034.0,89112.0,89034.0,5.70096,252
2025-12-31 14:16:00,1767190560000,1767190619999,BTC,1m,89034.0,89045.0,89045.0,89023.0,6.34938,132
2025-12-31 14:17:00,1767190620000,1767190679999,BTC,1m,89045.0,89038.0,89066.0,89038.0,6.24257,135
2025-12-31 14:18:00,1767190680000,1767190739999,BTC,1m,89038.0,89063.0,89064.0,89029.0,6.11156,154
2025-12-31 14:19:00,1767190740000,1767190799999,BTC,1m,89063.0,89013.0,89064.0,89013.0,4.5593,175
2025-12-31 14:20:00,1767190800000,1767190859999,BTC,1m,89013.0,88990.0,89020.0,88990.0,3.68208,141
2025-12-31 14:21:00,1767190860000,1767190919999,BTC,1m,88990.0,88993.0,89002.0,88990.0,9.14507,181
2025-12-31 14:22:00,1767190920000,1767190979999,BTC,1m,88993.0,88957.0,88993.0,88955.0,9.18927,145
2025-12-31 14:23:00,1767190980000,1767191039999,BTC,1m,88956.0,88957.0,88957.0,88956.0,2.39129,46
2025-12-31 14:24:00,1767191040000,1767191099999,BTC,1m,88956.0,88963.0,88981.0,88949.0,7.93714,180
2025-12-31 14:25:00,1767191100000,1767191159999,BTC,1m,88964.0,88963.0,88964.0,88936.0,5.09408,132
2025-12-31 14:26:00,1767191160000,1767191219999,BTC,1m,88962.0,88956.0,88963.0,88956.0,2.76208,59
2025-12-31 14:27:00,1767191220000,1767191279999,BTC,1m,88956.0,88948.0,88957.0,88947.0,3.3,72
2025-12-31 14:28:00,1767191280000,1767191339999,BTC,1m,88947.0,88918.0,88948.0,88907.0,45.54019,253
2025-12-31 14:29:00,1767191340000,1767191399999,BTC,1m,88917.0,88912.0,88917.0,88910.0,6.87703,100
2025-12-31 14:30:00,1767191400000,1767191459999,BTC,1m,88911.0,88884.0,88911.0,88812.0,42.74687,627
2025-12-31 14:31:00,1767191460000,1767191519999,BTC,1m,88887.0,88767.0,88902.0,88729.0,54.88118,664
2025-12-31 14:32:00,1767191520000,1767191579999,BTC,1m,88767.0,88865.0,88900.0,88767.0,6.15249,445
2025-12-31 14:33:00,1767191580000,1767191639999,BTC,1m,88864.0,88798.0,88864.0,88775.0,33.81252,514
2025-12-31 14:34:00,1767191640000,1767191699999,BTC,1m,88800.0,88766.0,88831.0,88741.0,16.60904,398
2025-12-31 14:35:00,1767191700000,1767191759999,BTC,1m,88765.0,88723.0,88855.0,88721.0,9.89566,572
2025-12-31 14:36:00,1767191760000,1767191819999,BTC,1m,88723.0,88635.0,88723.0,88581.0,71.00669,934
2025-12-31 14:37:00,1767191820000,1767191879999,BTC,1m,88636.0,88574.0,88638.0,88568.0,18.29267,478
2025-12-31 14:38:00,1767191880000,1767191939999,BTC,1m,88574.0,88649.0,88656.0,88574.0,14.39077,322
2025-12-31 14:39:00,1767191940000,1767191999999,BTC,1m,88653.0,88617.0,88661.0,88594.0,8.42388,305
2025-12-31 14:40:00,1767192000000,1767192059999,BTC,1m,88616.0,88610.0,88655.0,88596.0,40.38199,504
2025-12-31 14:41:00,1767192060000,1767192119999,BTC,1m,88611.0,88599.0,88637.0,88558.0,79.52683,670
2025-12-31 14:42:00,1767192120000,1767192179999,BTC,1m,88607.0,88608.0,88625.0,88584.0,12.34167,255
2025-12-31 14:43:00,1767192180000,1767192239999,BTC,1m,88608.0,88547.0,88626.0,88537.0,14.68366,362
2025-12-31 14:44:00,1767192240000,1767192299999,BTC,1m,88548.0,88624.0,88625.0,88548.0,5.66775,290
2025-12-31 14:45:00,1767192300000,1767192359999,BTC,1m,88623.0,88464.0,88624.0,88406.0,133.31763,1077
2025-12-31 14:46:00,1767192360000,1767192419999,BTC,1m,88464.0,88487.0,88493.0,88414.0,32.12607,571
2025-12-31 14:47:00,1767192420000,1767192479999,BTC,1m,88487.0,88310.0,88487.0,88302.0,73.41545,1003
2025-12-31 14:48:00,1767192480000,1767192539999,BTC,1m,88310.0,88330.0,88330.0,88250.0,33.49695,776
2025-12-31 14:49:00,1767192540000,1767192599999,BTC,1m,88328.0,88302.0,88334.0,88250.0,216.21556,765
2025-12-31 14:50:00,1767192600000,1767192659999,BTC,1m,88301.0,88425.0,88425.0,88284.0,41.44952,746
2025-12-31 14:51:00,1767192660000,1767192719999,BTC,1m,88425.0,88444.0,88456.0,88393.0,24.08235,402
2025-12-31 14:52:00,1767192720000,1767192779999,BTC,1m,88445.0,88455.0,88495.0,88445.0,15.52895,421
2025-12-31 14:53:00,1767192780000,1767192839999,BTC,1m,88453.0,88400.0,88455.0,88400.0,8.33549,292
2025-12-31 14:54:00,1767192840000,1767192899999,BTC,1m,88401.0,88430.0,88432.0,88354.0,6.85995,361
2025-12-31 14:55:00,1767192900000,1767192959999,BTC,1m,88430.0,88490.0,88490.0,88424.0,4.56362,292
2025-12-31 14:56:00,1767192960000,1767193019999,BTC,1m,88490.0,88379.0,88504.0,88379.0,9.46508,393
2025-12-31 14:57:00,1767193020000,1767193079999,BTC,1m,88378.0,88393.0,88412.0,88343.0,11.47694,333
2025-12-31 14:58:00,1767193080000,1767193139999,BTC,1m,88394.0,88388.0,88443.0,88376.0,4.69569,358
2025-12-31 14:59:00,1767193140000,1767193199999,BTC,1m,88388.0,88445.0,88445.0,88385.0,1.11484,214
2025-12-31 15:00:00,1767193200000,1767193259999,BTC,1m,88444.0,88426.0,88444.0,88394.0,4.93947,292
2025-12-31 15:01:00,1767193260000,1767193319999,BTC,1m,88426.0,88353.0,88455.0,88331.0,8.085,485
2025-12-31 15:02:00,1767193320000,1767193379999,BTC,1m,88353.0,88348.0,88353.0,88284.0,9.1114,410
2025-12-31 15:03:00,1767193380000,1767193439999,BTC,1m,88348.0,88314.0,88348.0,88303.0,24.78235,355
2025-12-31 15:04:00,1767193440000,1767193499999,BTC,1m,88314.0,88370.0,88387.0,88313.0,105.63215,443
2025-12-31 15:05:00,1767193500000,1767193559999,BTC,1m,88370.0,88267.0,88397.0,88241.0,69.74402,563
2025-12-31 15:06:00,1767193560000,1767193619999,BTC,1m,88264.0,88341.0,88346.0,88263.0,4.71246,332
2025-12-31 15:07:00,1767193620000,1767193679999,BTC,1m,88333.0,88318.0,88333.0,88292.0,14.37993,325
2025-12-31 15:08:00,1767193680000,1767193739999,BTC,1m,88319.0,88323.0,88367.0,88299.0,40.72827,544
2025-12-31 15:09:00,1767193740000,1767193799999,BTC,1m,88323.0,88277.0,88335.0,88271.0,7.61143,267
2025-12-31 15:10:00,1767193800000,1767193859999,BTC,1m,88277.0,88249.0,88288.0,88249.0,4.54402,184
2025-12-31 15:11:00,1767193860000,1767193919999,BTC,1m,88250.0,88048.0,88256.0,88037.0,140.03407,1321
2025-12-31 15:12:00,1767193920000,1767193979999,BTC,1m,88049.0,87991.0,88049.0,87898.0,165.12008,2038
2025-12-31 15:13:00,1767193980000,1767194039999,BTC,1m,87991.0,88105.0,88122.0,87954.0,471.24212,2097
2025-12-31 15:14:00,1767194040000,1767194099999,BTC,1m,88105.0,88180.0,88240.0,88085.0,454.79068,1848
2025-12-31 15:15:00,1767194100000,1767194159999,BTC,1m,88180.0,88162.0,88180.0,88066.0,23.87946,681
2025-12-31 15:16:00,1767194160000,1767194219999,BTC,1m,88163.0,88076.0,88195.0,88074.0,189.54024,856
2025-12-31 15:17:00,1767194220000,1767194279999,BTC,1m,88076.0,88082.0,88096.0,88045.0,37.74176,414
2025-12-31 15:18:00,1767194280000,1767194339999,BTC,1m,88083.0,88037.0,88089.0,87970.0,63.33353,691
2025-12-31 15:19:00,1767194340000,1767194399999,BTC,1m,88025.0,88016.0,88046.0,88000.0,19.58055,333
2025-12-31 15:20:00,1767194400000,1767194459999,BTC,1m,88017.0,88080.0,88112.0,88006.0,18.51594,434
2025-12-31 15:21:00,1767194460000,1767194519999,BTC,1m,88081.0,88057.0,88138.0,88057.0,5.03463,325
2025-12-31 15:22:00,1767194520000,1767194579999,BTC,1m,88057.0,88042.0,88071.0,88040.0,4.51556,247
2025-12-31 15:23:00,1767194580000,1767194639999,BTC,1m,88042.0,87905.0,88064.0,87904.0,278.42299,1074
2025-12-31 15:24:00,1767194640000,1767194699999,BTC,1m,87904.0,87911.0,87947.0,87888.0,114.2713,510
2025-12-31 15:25:00,1767194700000,1767194759999,BTC,1m,87912.0,87981.0,87988.0,87912.0,47.1382,438
2025-12-31 15:26:00,1767194760000,1767194819999,BTC,1m,87983.0,87998.0,88036.0,87983.0,30.36462,418
2025-12-31 15:27:00,1767194820000,1767194879999,BTC,1m,87998.0,88015.0,88030.0,87992.0,38.40766,351
2025-12-31 15:28:00,1767194880000,1767194939999,BTC,1m,88015.0,87976.0,88047.0,87976.0,23.093,390
2025-12-31 15:29:00,1767194940000,1767194999999,BTC,1m,87976.0,87960.0,87977.0,87952.0,4.05929,161
2025-12-31 15:30:00,1767195000000,1767195059999,BTC,1m,87959.0,87927.0,87959.0,87924.0,10.36415,265
2025-12-31 15:31:00,1767195060000,1767195119999,BTC,1m,87926.0,87876.0,87939.0,87872.0,21.06172,394
2025-12-31 15:32:00,1767195120000,1767195179999,BTC,1m,87876.0,87778.0,87876.0,87747.0,283.8084,1981
2025-12-31 15:33:00,1767195180000,1767195239999,BTC,1m,87778.0,87858.0,87859.0,87778.0,14.3184,331
2025-12-31 15:34:00,1767195240000,1767195299999,BTC,1m,87858.0,87891.0,87905.0,87826.0,26.20985,413
2025-12-31 15:35:00,1767195300000,1767195359999,BTC,1m,87891.0,87890.0,87893.0,87821.0,6.91401,387
2025-12-31 15:36:00,1767195360000,1767195419999,BTC,1m,87890.0,87855.0,87908.0,87854.0,36.37695,330
2025-12-31 15:37:00,1767195420000,1767195479999,BTC,1m,87855.0,87913.0,87921.0,87854.0,6.71088,293
2025-12-31 15:38:00,1767195480000,1767195539999,BTC,1m,87914.0,87972.0,87985.0,87859.0,7.27837,428
2025-12-31 15:39:00,1767195540000,1767195599999,BTC,1m,87972.0,88032.0,88089.0,87943.0,77.53128,785
2025-12-31 15:40:00,1767195600000,1767195659999,BTC,1m,88033.0,87983.0,88036.0,87973.0,11.12961,257
2025-12-31 15:41:00,1767195660000,1767195719999,BTC,1m,87984.0,88019.0,88019.0,87961.0,10.13477,329
2025-12-31 15:42:00,1767195720000,1767195779999,BTC,1m,88020.0,88048.0,88100.0,88020.0,58.50407,520
2025-12-31 15:43:00,1767195780000,1767195839999,BTC,1m,88048.0,88041.0,88054.0,88027.0,9.23068,235
2025-12-31 15:44:00,1767195840000,1767195899999,BTC,1m,88040.0,88032.0,88044.0,88000.0,5.96834,252
2025-12-31 15:45:00,1767195900000,1767195959999,BTC,1m,88031.0,88016.0,88031.0,88005.0,3.28956,180
2025-12-31 15:46:00,1767195960000,1767196019999,BTC,1m,88015.0,88054.0,88073.0,88015.0,13.71832,269
2025-12-31 15:47:00,1767196020000,1767196079999,BTC,1m,88053.0,88033.0,88053.0,88033.0,3.89906,154
2025-12-31 15:48:00,1767196080000,1767196139999,BTC,1m,88033.0,88033.0,88035.0,88033.0,1.09515,78
2025-12-31 15:49:00,1767196140000,1767196199999,BTC,1m,88032.0,88133.0,88133.0,88032.0,29.6654,381
2025-12-31 15:50:00,1767196200000,1767196259999,BTC,1m,88133.0,88114.0,88135.0,88104.0,10.06913,200
2025-12-31 15:51:00,1767196260000,1767196319999,BTC,1m,88115.0,88085.0,88116.0,88085.0,12.60353,151
2025-12-31 15:52:00,1767196320000,1767196379999,BTC,1m,88086.0,88047.0,88105.0,88043.0,3.07555,190
2025-12-31 15:53:00,1767196380000,1767196439999,BTC,1m,88046.0,88004.0,88047.0,87989.0,16.59736,263
2025-12-31 15:54:00,1767196440000,1767196499999,BTC,1m,88003.0,88047.0,88053.0,88003.0,10.79622,169
2025-12-31 15:55:00,1767196500000,1767196559999,BTC,1m,88048.0,88010.0,88048.0,87966.0,22.70381,346
2025-12-31 15:56:00,1767196560000,1767196619999,BTC,1m,88012.0,88035.0,88043.0,88004.0,28.74974,300
2025-12-31 15:57:00,1767196620000,1767196679999,BTC,1m,88034.0,87991.0,88060.0,87987.0,3.85901,280
2025-12-31 15:58:00,1767196680000,1767196739999,BTC,1m,87990.0,88005.0,88019.0,87990.0,6.37164,156
2025-12-31 15:59:00,1767196740000,1767196799999,BTC,1m,88005.0,87927.0,88022.0,87914.0,43.0069,425
2025-12-31 16:00:00,1767196800000,1767196859999,BTC,1m,87926.0,87942.0,87971.0,87925.0,10.96993,458
2025-12-31 16:01:00,1767196860000,1767196919999,BTC,1m,87943.0,87915.0,87979.0,87909.0,4.05361,308
2025-12-31 16:02:00,1767196920000,1767196979999,BTC,1m,87915.0,87876.0,87940.0,87845.0,24.57272,436
2025-12-31 16:03:00,1767196980000,1767197039999,BTC,1m,87870.0,87865.0,87874.0,87809.0,14.2349,306
2025-12-31 16:04:00,1767197040000,1767197099999,BTC,1m,87866.0,87847.0,87890.0,87847.0,15.3028,325
2025-12-31 16:05:00,1767197100000,1767197159999,BTC,1m,87847.0,87825.0,87863.0,87780.0,44.75882,461
2025-12-31 16:06:00,1767197160000,1767197219999,BTC,1m,87824.0,87900.0,87900.0,87812.0,8.01202,259
2025-12-31 16:07:00,1767197220000,1767197279999,BTC,1m,87899.0,87827.0,87907.0,87815.0,10.06581,294
2025-12-31 16:08:00,1767197280000,1767197339999,BTC,1m,87826.0,87837.0,87845.0,87807.0,13.879,303
2025-12-31 16:09:00,1767197340000,1767197399999,BTC,1m,87837.0,87827.0,87845.0,87809.0,2.17152,206
2025-12-31 16:10:00,1767197400000,1767197459999,BTC,1m,87826.0,87839.0,87844.0,87822.0,7.04236,162
2025-12-31 16:11:00,1767197460000,1767197519999,BTC,1m,87838.0,87856.0,87879.0,87838.0,5.82044,150
2025-12-31 16:12:00,1767197520000,1767197579999,BTC,1m,87857.0,87858.0,87888.0,87849.0,6.38311,179
2025-12-31 16:13:00,1767197580000,1767197639999,BTC,1m,87860.0,87929.0,87933.0,87860.0,8.00438,208
2025-12-31 16:14:00,1767197640000,1767197699999,BTC,1m,87930.0,87906.0,87932.0,87906.0,47.71792,151
2025-12-31 16:15:00,1767197700000,1767197759999,BTC,1m,87906.0,87989.0,87990.0,87887.0,17.03607,390
2025-12-31 16:16:00,1767197760000,1767197819999,BTC,1m,87990.0,87990.0,88004.0,87987.0,16.81253,172
2025-12-31 16:17:00,1767197820000,1767197879999,BTC,1m,87990.0,87989.0,88025.0,87940.0,11.50606,413
2025-12-31 16:18:00,1767197880000,1767197939999,BTC,1m,87990.0,87997.0,88030.0,87990.0,4.23368,193
2025-12-31 16:19:00,1767197940000,1767197999999,BTC,1m,87997.0,87915.0,88022.0,87915.0,42.63344,398
2025-12-31 16:20:00,1767198000000,1767198059999,BTC,1m,87915.0,87922.0,87962.0,87901.0,15.85111,296
2025-12-31 16:21:00,1767198060000,1767198119999,BTC,1m,87920.0,87831.0,87920.0,87822.0,5.83292,324
2025-12-31 16:22:00,1767198120000,1767198179999,BTC,1m,87831.0,87831.0,87850.0,87797.0,10.70646,301
2025-12-31 16:23:00,1767198180000,1767198239999,BTC,1m,87832.0,87834.0,87848.0,87819.0,4.85897,148
2025-12-31 16:24:00,1767198240000,1767198299999,BTC,1m,87834.0,87724.0,87834.0,87702.0,50.34915,920
2025-12-31 16:25:00,1767198300000,1767198359999,BTC,1m,87726.0,87799.0,87799.0,87675.0,107.10044,874
2025-12-31 16:26:00,1767198360000,1767198419999,BTC,1m,87798.0,87902.0,87905.0,87787.0,93.49166,815
2025-12-31 16:27:00,1767198420000,1767198479999,BTC,1m,87901.0,87883.0,87911.0,87873.0,66.1993,344
2025-12-31 16:28:00,1767198480000,1767198539999,BTC,1m,87883.0,87868.0,87923.0,87867.0,23.0915,306
2025-12-31 16:29:00,1767198540000,1767198599999,BTC,1m,87868.0,87898.0,87912.0,87853.0,9.12319,190
2025-12-31 16:30:00,1767198600000,1767198659999,BTC,1m,87899.0,87910.0,87918.0,87877.0,11.53123,237
2025-12-31 16:31:00,1767198660000,1767198719999,BTC,1m,87909.0,87853.0,87911.0,87853.0,7.14672,291
2025-12-31 16:32:00,1767198720000,1767198779999,BTC,1m,87852.0,87786.0,87867.0,87786.0,7.76707,354
2025-12-31 16:33:00,1767198780000,1767198839999,BTC,1m,87787.0,87855.0,87864.0,87786.0,17.37252,388
2025-12-31 16:34:00,1767198840000,1767198899999,BTC,1m,87854.0,87750.0,87854.0,87747.0,11.61031,285
2025-12-31 16:35:00,1767198900000,1767198959999,BTC,1m,87751.0,87684.0,87751.0,87666.0,132.00258,601
2025-12-31 16:36:00,1767198960000,1767199019999,BTC,1m,87683.0,87673.0,87734.0,87673.0,12.56467,306
2025-12-31 16:37:00,1767199020000,1767199079999,BTC,1m,87672.0,87735.0,87735.0,87637.0,82.67765,590
2025-12-31 16:38:00,1767199080000,1767199139999,BTC,1m,87735.0,87741.0,87795.0,87702.0,103.91642,490
2025-12-31 16:39:00,1767199140000,1767199199999,BTC,1m,87739.0,87768.0,87769.0,87688.0,160.86073,603
2025-12-31 16:40:00,1767199200000,1767199259999,BTC,1m,87766.0,87674.0,87766.0,87674.0,93.24849,450
2025-12-31 16:41:00,1767199260000,1767199319999,BTC,1m,87675.0,87667.0,87707.0,87667.0,27.88336,226
2025-12-31 16:42:00,1767199320000,1767199379999,BTC,1m,87668.0,87437.0,87668.0,87428.0,323.56851,2403
2025-12-31 16:43:00,1767199380000,1767199439999,BTC,1m,87436.0,87398.0,87516.0,87366.0,101.17095,1290
2025-12-31 16:44:00,1767199440000,1767199499999,BTC,1m,87399.0,87429.0,87466.0,87380.0,44.49752,600
2025-12-31 16:45:00,1767199500000,1767199559999,BTC,1m,87430.0,87496.0,87504.0,87396.0,25.39082,608
2025-12-31 16:46:00,1767199560000,1767199619999,BTC,1m,87496.0,87485.0,87522.0,87459.0,24.38083,473
2025-12-31 16:47:00,1767199620000,1767199679999,BTC,1m,87480.0,87506.0,87540.0,87453.0,63.1355,517
2025-12-31 16:48:00,1767199680000,1767199739999,BTC,1m,87508.0,87513.0,87568.0,87502.0,91.18367,400
2025-12-31 16:49:00,1767199740000,1767199799999,BTC,1m,87513.0,87482.0,87518.0,87470.0,4.05643,164
2025-12-31 16:50:00,1767199800000,1767199859999,BTC,1m,87482.0,87533.0,87536.0,87443.0,27.79205,307
2025-12-31 16:51:00,1767199860000,1767199919999,BTC,1m,87534.0,87512.0,87559.0,87511.0,5.88064,229
2025-12-31 16:52:00,1767199920000,1767199979999,BTC,1m,87512.0,87528.0,87568.0,87511.0,8.18866,231
2025-12-31 16:53:00,1767199980000,1767200039999,BTC,1m,87527.0,87552.0,87552.0,87512.0,3.46965,184
2025-12-31 16:54:00,1767200040000,1767200099999,BTC,1m,87553.0,87520.0,87571.0,87517.0,4.35874,208
2025-12-31 16:55:00,1767200100000,1767200159999,BTC,1m,87522.0,87543.0,87551.0,87522.0,2.64246,129
2025-12-31 16:56:00,1767200160000,1767200219999,BTC,1m,87544.0,87612.0,87612.0,87539.0,47.78689,406
2025-12-31 16:57:00,1767200220000,1767200279999,BTC,1m,87611.0,87634.0,87635.0,87590.0,21.87157,292
2025-12-31 16:58:00,1767200280000,1767200339999,BTC,1m,87635.0,87683.0,87683.0,87634.0,48.72636,372
2025-12-31 16:59:00,1767200340000,1767200399999,BTC,1m,87682.0,87630.0,87683.0,87614.0,43.65591,316
2025-12-31 17:00:00,1767200400000,1767200459999,BTC,1m,87631.0,87608.0,87631.0,87598.0,18.28341,244
2025-12-31 17:01:00,1767200460000,1767200519999,BTC,1m,87607.0,87591.0,87633.0,87590.0,13.93461,275
2025-12-31 17:02:00,1767200520000,1767200579999,BTC,1m,87591.0,87649.0,87650.0,87580.0,2.64029,195
2025-12-31 17:03:00,1767200580000,1767200639999,BTC,1m,87650.0,87653.0,87659.0,87650.0,3.32951,96
2025-12-31 17:04:00,1767200640000,1767200699999,BTC,1m,87653.0,87630.0,87653.0,87630.0,6.76143,97
2025-12-31 17:05:00,1767200700000,1767200759999,BTC,1m,87631.0,87582.0,87651.0,87582.0,88.0196,272
2025-12-31 17:06:00,1767200760000,1767200819999,BTC,1m,87583.0,87545.0,87583.0,87515.0,28.41407,262
2025-12-31 17:07:00,1767200820000,1767200879999,BTC,1m,87546.0,87516.0,87570.0,87515.0,3.46073,186
2025-12-31 17:08:00,1767200880000,1767200939999,BTC,1m,87517.0,87519.0,87520.0,87488.0,4.62249,165
2025-12-31 17:09:00,1767200940000,1767200999999,BTC,1m,87518.0,87490.0,87519.0,87481.0,16.7137,155
2025-12-31 17:10:00,1767201000000,1767201059999,BTC,1m,87492.0,87524.0,87526.0,87491.0,4.49817,142
2025-12-31 17:11:00,1767201060000,1767201119999,BTC,1m,87519.0,87486.0,87520.0,87480.0,11.05222,139
2025-12-31 17:12:00,1767201120000,1767201179999,BTC,1m,87487.0,87517.0,87531.0,87486.0,19.57024,211
2025-12-31 17:13:00,1767201180000,1767201239999,BTC,1m,87518.0,87501.0,87520.0,87500.0,5.67454,101
2025-12-31 17:14:00,1767201240000,1767201299999,BTC,1m,87501.0,87513.0,87514.0,87492.0,7.59644,114
2025-12-31 17:15:00,1767201300000,1767201359999,BTC,1m,87513.0,87491.0,87515.0,87456.0,11.40427,205
2025-12-31 17:16:00,1767201360000,1767201419999,BTC,1m,87491.0,87535.0,87536.0,87491.0,4.71993,200
2025-12-31 17:17:00,1767201420000,1767201479999,BTC,1m,87536.0,87624.0,87624.0,87535.0,182.92612,599
2025-12-31 17:18:00,1767201480000,1767201539999,BTC,1m,87624.0,87676.0,87689.0,87624.0,35.79371,346
2025-12-31 17:19:00,1767201540000,1767201599999,BTC,1m,87675.0,87718.0,87736.0,87675.0,10.64531,329
2025-12-31 17:20:00,1767201600000,1767201659999,BTC,1m,87719.0,87592.0,87719.0,87583.0,127.28795,462
2025-12-31 17:21:00,1767201660000,1767201719999,BTC,1m,87593.0,87621.0,87623.0,87593.0,1.46314,139
2025-12-31 17:22:00,1767201720000,1767201779999,BTC,1m,87621.0,87579.0,87622.0,87572.0,2.3101,101
2025-12-31 17:23:00,1767201780000,1767201839999,BTC,1m,87578.0,87593.0,87605.0,87578.0,1.97452,132
2025-12-31 17:24:00,1767201840000,1767201899999,BTC,1m,87593.0,87540.0,87593.0,87539.0,23.02822,198
2025-12-31 17:25:00,1767201900000,1767201959999,BTC,1m,87540.0,87601.0,87603.0,87539.0,1.65094,173
2025-12-31 17:26:00,1767201960000,1767202019999,BTC,1m,87601.0,87631.0,87632.0,87600.0,6.87711,161
2025-12-31 17:27:00,1767202020000,1767202079999,BTC,1m,87632.0,87659.0,87667.0,87618.0,2.53105,128
2025-12-31 17:28:00,1767202080000,1767202139999,BTC,1m,87658.0,87638.0,87658.0,87637.0,4.65882,98
2025-12-31 17:29:00,1767202140000,1767202199999,BTC,1m,87637.0,87597.0,87644.0,87596.0,1.68814,116
2025-12-31 17:30:00,1767202200000,1767202259999,BTC,1m,87597.0,87567.0,87614.0,87565.0,3.21971,116
2025-12-31 17:31:00,1767202260000,1767202319999,BTC,1m,87567.0,87584.0,87605.0,87567.0,16.24517,165
2025-12-31 17:32:00,1767202320000,1767202379999,BTC,1m,87583.0,87613.0,87620.0,87583.0,1.582,123
2025-12-31 17:33:00,1767202380000,1767202439999,BTC,1m,87615.0,87661.0,87661.0,87615.0,21.53915,175
2025-12-31 17:34:00,1767202440000,1767202499999,BTC,1m,87651.0,87640.0,87652.0,87639.0,1.28726,63
2025-12-31 17:35:00,1767202500000,1767202559999,BTC,1m,87640.0,87586.0,87640.0,87585.0,3.32788,80
2025-12-31 17:36:00,1767202560000,1767202619999,BTC,1m,87586.0,87605.0,87679.0,87586.0,39.23026,288
2025-12-31 17:37:00,1767202620000,1767202679999,BTC,1m,87604.0,87549.0,87623.0,87548.0,25.8317,209
2025-12-31 17:38:00,1767202680000,1767202739999,BTC,1m,87547.0,87548.0,87570.0,87539.0,15.30525,170
2025-12-31 17:39:00,1767202740000,1767202799999,BTC,1m,87550.0,87571.0,87580.0,87550.0,1.70512,98
2025-12-31 17:40:00,1767202800000,1767202859999,BTC,1m,87571.0,87547.0,87592.0,87547.0,1.91338,89
2025-12-31 17:41:00,1767202860000,1767202919999,BTC,1m,87547.0,87567.0,87567.0,87528.0,2.66202,164
2025-12-31 17:42:00,1767202920000,1767202979999,BTC,1m,87566.0,87586.0,87586.0,87566.0,0.69899,81
2025-12-31 17:43:00,1767202980000,1767203039999,BTC,1m,87583.0,87592.0,87592.0,87581.0,5.38192,70
2025-12-31 17:44:00,1767203040000,1767203099999,BTC,1m,87592.0,87607.0,87608.0,87591.0,2.82988,106
2025-12-31 17:45:00,1767203100000,1767203159999,BTC,1m,87607.0,87588.0,87607.0,87549.0,22.82024,217
2025-12-31 17:46:00,1767203160000,1767203219999,BTC,1m,87589.0,87596.0,87619.0,87575.0,15.13317,174
2025-12-31 17:47:00,1767203220000,1767203279999,BTC,1m,87596.0,87626.0,87627.0,87588.0,1.22385,107
2025-12-31 17:48:00,1767203280000,1767203339999,BTC,1m,87627.0,87626.0,87627.0,87608.0,1.28166,82
2025-12-31 17:49:00,1767203340000,1767203399999,BTC,1m,87620.0,87595.0,87632.0,87594.0,3.81438,95
2025-12-31 17:50:00,1767203400000,1767203459999,BTC,1m,87596.0,87560.0,87604.0,87560.0,3.32584,121
2025-12-31 17:51:00,1767203460000,1767203519999,BTC,1m,87560.0,87548.0,87561.0,87543.0,5.0101,183
2025-12-31 17:52:00,1767203520000,1767203579999,BTC,1m,87547.0,87610.0,87610.0,87547.0,1.48249,155
2025-12-31 17:53:00,1767203580000,1767203639999,BTC,1m,87614.0,87649.0,87649.0,87614.0,1.64961,101
2025-12-31 17:54:00,1767203640000,1767203699999,BTC,1m,87650.0,87649.0,87659.0,87647.0,3.08924,78
2025-12-31 17:55:00,1767203700000,1767203759999,BTC,1m,87644.0,87594.0,87644.0,87594.0,1.74855,66
2025-12-31 17:56:00,1767203760000,1767203819999,BTC,1m,87594.0,87550.0,87594.0,87548.0,5.78317,144
2025-12-31 17:57:00,1767203820000,1767203879999,BTC,1m,87551.0,87599.0,87599.0,87551.0,2.45916,130
2025-12-31 17:58:00,1767203880000,1767203939999,BTC,1m,87599.0,87610.0,87610.0,87599.0,1.93165,62
2025-12-31 17:59:00,1767203940000,1767203999999,BTC,1m,87610.0,87599.0,87610.0,87598.0,0.81012,46
2025-12-31 18:00:00,1767204000000,1767204059999,BTC,1m,87599.0,87554.0,87623.0,87554.0,21.83954,203
2025-12-31 18:01:00,1767204060000,1767204119999,BTC,1m,87555.0,87560.0,87565.0,87554.0,1.13473,84
2025-12-31 18:02:00,1767204120000,1767204179999,BTC,1m,87562.0,87613.0,87615.0,87562.0,4.81368,152
2025-12-31 18:03:00,1767204180000,1767204239999,BTC,1m,87614.0,87649.0,87654.0,87614.0,4.49127,127
2025-12-31 18:04:00,1767204240000,1767204299999,BTC,1m,87648.0,87641.0,87671.0,87627.0,128.00547,372
2025-12-31 18:05:00,1767204300000,1767204359999,BTC,1m,87641.0,87623.0,87649.0,87622.0,0.87087,56
2025-12-31 18:06:00,1767204360000,1767204419999,BTC,1m,87622.0,87622.0,87625.0,87621.0,3.16922,65
2025-12-31 18:07:00,1767204420000,1767204479999,BTC,1m,87622.0,87803.0,87838.0,87622.0,27.6137,738
2025-12-31 18:08:00,1767204480000,1767204539999,BTC,1m,87803.0,87871.0,87884.0,87803.0,21.41517,425
2025-12-31 18:09:00,1767204540000,1767204599999,BTC,1m,87871.0,87852.0,87882.0,87845.0,36.7182,324
2025-12-31 18:10:00,1767204600000,1767204659999,BTC,1m,87852.0,87894.0,87904.0,87852.0,26.24416,412
2025-12-31 18:11:00,1767204660000,1767204719999,BTC,1m,87894.0,87893.0,87900.0,87889.0,6.72148,95
2025-12-31 18:12:00,1767204720000,1767204779999,BTC,1m,87892.0,87898.0,87943.0,87885.0,28.30199,268
2025-12-31 18:13:00,1767204780000,1767204839999,BTC,1m,87898.0,87887.0,87898.0,87860.0,16.66884,224
2025-12-31 18:14:00,1767204840000,1767204899999,BTC,1m,87887.0,87888.0,87902.0,87860.0,12.69433,187
2025-12-31 18:15:00,1767204900000,1767204959999,BTC,1m,87889.0,87899.0,87920.0,87878.0,15.59948,171
2025-12-31 18:16:00,1767204960000,1767205019999,BTC,1m,87899.0,87901.0,87911.0,87899.0,25.76409,154
2025-12-31 18:17:00,1767205020000,1767205079999,BTC,1m,87902.0,87900.0,87911.0,87878.0,53.45744,273
2025-12-31 18:18:00,1767205080000,1767205139999,BTC,1m,87900.0,87877.0,87900.0,87862.0,10.02285,143
2025-12-31 18:19:00,1767205140000,1767205199999,BTC,1m,87877.0,87827.0,87877.0,87827.0,10.08055,120
2025-12-31 18:20:00,1767205200000,1767205259999,BTC,1m,87828.0,87862.0,87864.0,87802.0,64.66827,347
2025-12-31 18:21:00,1767205260000,1767205319999,BTC,1m,87863.0,87899.0,87899.0,87849.0,16.00299,143
2025-12-31 18:22:00,1767205320000,1767205379999,BTC,1m,87899.0,87887.0,87911.0,87886.0,1.19374,66
2025-12-31 18:23:00,1767205380000,1767205439999,BTC,1m,87889.0,87918.0,87942.0,87889.0,9.29227,192
2025-12-31 18:24:00,1767205440000,1767205499999,BTC,1m,87917.0,87910.0,87917.0,87907.0,1.03864,48
2025-12-31 18:25:00,1767205500000,1767205559999,BTC,1m,87911.0,87928.0,87928.0,87877.0,1.69897,154
2025-12-31 18:26:00,1767205560000,1767205619999,BTC,1m,87928.0,87913.0,87933.0,87912.0,3.04211,66
2025-12-31 18:27:00,1767205620000,1767205679999,BTC,1m,87913.0,87943.0,87944.0,87913.0,52.40567,264
2025-12-31 18:28:00,1767205680000,1767205739999,BTC,1m,87944.0,87973.0,87978.0,87943.0,39.45538,319
2025-12-31 18:29:00,1767205740000,1767205799999,BTC,1m,87973.0,87931.0,87973.0,87929.0,4.64903,114
2025-12-31 18:30:00,1767205800000,1767205859999,BTC,1m,87931.0,87891.0,87931.0,87891.0,15.69605,147
2025-12-31 18:31:00,1767205860000,1767205919999,BTC,1m,87892.0,87930.0,87930.0,87885.0,6.65803,157
2025-12-31 18:32:00,1767205920000,1767205979999,BTC,1m,87930.0,87900.0,87930.0,87900.0,5.07434,96
2025-12-31 18:33:00,1767205980000,1767206039999,BTC,1m,87900.0,87888.0,87900.0,87888.0,10.86294,131
2025-12-31 18:34:00,1767206040000,1767206099999,BTC,1m,87889.0,87874.0,87889.0,87873.0,2.2938,93
2025-12-31 18:35:00,1767206100000,1767206159999,BTC,1m,87874.0,87861.0,87874.0,87861.0,11.46149,94
2025-12-31 18:36:00,1767206160000,1767206219999,BTC,1m,87862.0,87887.0,87888.0,87861.0,4.11788,91
2025-12-31 18:37:00,1767206220000,1767206279999,BTC,1m,87888.0,87849.0,87893.0,87849.0,7.73154,115
2025-12-31 18:38:00,1767206280000,1767206339999,BTC,1m,87850.0,87829.0,87858.0,87828.0,5.32747,131
2025-12-31 18:39:00,1767206340000,1767206399999,BTC,1m,87829.0,87820.0,87829.0,87807.0,24.29483,157
2025-12-31 18:40:00,1767206400000,1767206459999,BTC,1m,87820.0,87863.0,87874.0,87820.0,3.15981,117
2025-12-31 18:41:00,1767206460000,1767206519999,BTC,1m,87868.0,87852.0,87880.0,87851.0,0.90665,75
2025-12-31 18:42:00,1767206520000,1767206579999,BTC,1m,87852.0,87819.0,87852.0,87819.0,0.69902,64
2025-12-31 18:43:00,1767206580000,1767206639999,BTC,1m,87819.0,87820.0,87820.0,87819.0,6.37937,39
2025-12-31 18:44:00,1767206640000,1767206699999,BTC,1m,87820.0,87852.0,87852.0,87819.0,3.29662,84
2025-12-31 18:45:00,1767206700000,1767206759999,BTC,1m,87852.0,87860.0,87862.0,87851.0,0.64129,61
2025-12-31 18:46:00,1767206760000,1767206819999,BTC,1m,87845.0,87822.0,87845.0,87819.0,0.43898,37
2025-12-31 18:47:00,1767206820000,1767206879999,BTC,1m,87820.0,87774.0,87821.0,87773.0,22.03838,171
2025-12-31 18:48:00,1767206880000,1767206939999,BTC,1m,87773.0,87761.0,87774.0,87720.0,53.80795,298
2025-12-31 18:49:00,1767206940000,1767206999999,BTC,1m,87762.0,87744.0,87771.0,87743.0,1.09564,77
2025-12-31 18:50:00,1767207000000,1767207059999,BTC,1m,87734.0,87704.0,87735.0,87703.0,29.85663,161
2025-12-31 18:51:00,1767207060000,1767207119999,BTC,1m,87703.0,87686.0,87703.0,87683.0,1.32997,100
2025-12-31 18:52:00,1767207120000,1767207179999,BTC,1m,87684.0,87691.0,87704.0,87684.0,1.30314,81
2025-12-31 18:53:00,1767207180000,1767207239999,BTC,1m,87692.0,87704.0,87704.0,87691.0,0.96644,50
2025-12-31 18:54:00,1767207240000,1767207299999,BTC,1m,87704.0,87724.0,87724.0,87703.0,1.96305,77
2025-12-31 18:55:00,1767207300000,1767207359999,BTC,1m,87723.0,87717.0,87723.0,87712.0,2.13607,66
2025-12-31 18:56:00,1767207360000,1767207419999,BTC,1m,87717.0,87713.0,87718.0,87691.0,2.2365,71
2025-12-31 18:57:00,1767207420000,1767207479999,BTC,1m,87713.0,87714.0,87714.0,87712.0,5.1499,72
2025-12-31 18:58:00,1767207480000,1767207539999,BTC,1m,87712.0,87678.0,87712.0,87672.0,4.03671,87
2025-12-31 18:59:00,1767207540000,1767207599999,BTC,1m,87677.0,87673.0,87678.0,87673.0,1.04801,42
2025-12-31 19:00:00,1767207600000,1767207659999,BTC,1m,87674.0,87762.0,87762.0,87674.0,2.01231,180
2025-12-31 19:01:00,1767207660000,1767207719999,BTC,1m,87761.0,87746.0,87766.0,87745.0,1.7105,80
2025-12-31 19:02:00,1767207720000,1767207779999,BTC,1m,87746.0,87777.0,87777.0,87746.0,2.51625,101
2025-12-31 19:03:00,1767207780000,1767207839999,BTC,1m,87776.0,87775.0,87790.0,87775.0,6.55918,132
2025-12-31 19:04:00,1767207840000,1767207899999,BTC,1m,87775.0,87775.0,87775.0,87761.0,0.94663,53
2025-12-31 19:05:00,1767207900000,1767207959999,BTC,1m,87774.0,87732.0,87775.0,87732.0,2.58069,101
2025-12-31 19:06:00,1767207960000,1767208019999,BTC,1m,87732.0,87717.0,87733.0,87700.0,53.58139,218
2025-12-31 19:07:00,1767208020000,1767208079999,BTC,1m,87716.0,87783.0,87783.0,87716.0,2.68695,199
2025-12-31 19:08:00,1767208080000,1767208139999,BTC,1m,87782.0,87808.0,87810.0,87782.0,90.93886,377
2025-12-31 19:09:00,1767208140000,1767208199999,BTC,1m,87808.0,87757.0,87828.0,87756.0,2.66272,152
2025-12-31 19:10:00,1767208200000,1767208259999,BTC,1m,87756.0,87795.0,87795.0,87749.0,1.91364,117
2025-12-31 19:11:00,1767208260000,1767208319999,BTC,1m,87796.0,87819.0,87829.0,87796.0,1.14912,115
2025-12-31 19:12:00,1767208320000,1767208379999,BTC,1m,87818.0,87846.0,87847.0,87818.0,2.33595,126
2025-12-31 19:13:00,1767208380000,1767208439999,BTC,1m,87849.0,87815.0,87858.0,87814.0,1.45531,83
2025-12-31 19:14:00,1767208440000,1767208499999,BTC,1m,87815.0,87774.0,87819.0,87774.0,1.12364,83
2025-12-31 19:15:00,1767208500000,1767208559999,BTC,1m,87774.0,87782.0,87788.0,87774.0,1.549,75
2025-12-31 19:16:00,1767208560000,1767208619999,BTC,1m,87782.0,87789.0,87800.0,87782.0,4.80906,93
2025-12-31 19:17:00,1767208620000,1767208679999,BTC,1m,87789.0,87780.0,87790.0,87780.0,1.40673,34
2025-12-31 19:18:00,1767208680000,1767208739999,BTC,1m,87780.0,87787.0,87787.0,87760.0,2.61078,102
2025-12-31 19:19:00,1767208740000,1767208799999,BTC,1m,87786.0,87780.0,87790.0,87780.0,0.48054,40
2025-12-31 19:20:00,1767208800000,1767208859999,BTC,1m,87780.0,87793.0,87817.0,87780.0,3.17952,138
2025-12-31 19:21:00,1767208860000,1767208919999,BTC,1m,87788.0,87763.0,87789.0,87762.0,1.32021,82
2025-12-31 19:22:00,1767208920000,1767208979999,BTC,1m,87764.0,87708.0,87764.0,87708.0,1.56429,86
2025-12-31 19:23:00,1767208980000,1767209039999,BTC,1m,87708.0,87761.0,87761.0,87708.0,1.75564,142
2025-12-31 19:24:00,1767209040000,1767209099999,BTC,1m,87760.0,87732.0,87776.0,87732.0,8.04054,91
2025-12-31 19:25:00,1767209100000,1767209159999,BTC,1m,87732.0,87662.0,87732.0,87662.0,8.87601,138
2025-12-31 19:26:00,1767209160000,1767209219999,BTC,1m,87662.0,87699.0,87700.0,87662.0,12.42337,161
2025-12-31 19:27:00,1767209220000,1767209279999,BTC,1m,87699.0,87746.0,87746.0,87699.0,0.99091,109
2025-12-31 19:28:00,1767209280000,1767209339999,BTC,1m,87746.0,87736.0,87746.0,87735.0,0.96071,43
2025-12-31 19:29:00,1767209340000,1767209399999,BTC,1m,87735.0,87730.0,87736.0,87715.0,1.28996,70
2025-12-31 19:30:00,1767209400000,1767209459999,BTC,1m,87727.0,87700.0,87728.0,87700.0,1.31846,63
2025-12-31 19:31:00,1767209460000,1767209519999,BTC,1m,87699.0,87695.0,87713.0,87694.0,1.29343,82
2025-12-31 19:32:00,1767209520000,1767209579999,BTC,1m,87692.0,87712.0,87712.0,87674.0,18.42781,172
2025-12-31 19:33:00,1767209580000,1767209639999,BTC,1m,87711.0,87699.0,87712.0,87698.0,16.46015,150
2025-12-31 19:34:00,1767209640000,1767209699999,BTC,1m,87697.0,87660.0,87697.0,87660.0,11.32223,126
2025-12-31 19:35:00,1767209700000,1767209759999,BTC,1m,87660.0,87680.0,87680.0,87660.0,2.86467,111
2025-12-31 19:36:00,1767209760000,1767209819999,BTC,1m,87679.0,87666.0,87679.0,87665.0,1.0566,55
2025-12-31 19:37:00,1767209820000,1767209879999,BTC,1m,87666.0,87684.0,87684.0,87666.0,0.77763,79
2025-12-31 19:38:00,1767209880000,1767209939999,BTC,1m,87684.0,87639.0,87684.0,87639.0,7.77934,156
2025-12-31 19:39:00,1767209940000,1767209999999,BTC,1m,87639.0,87639.0,87639.0,87619.0,6.80897,147
2025-12-31 19:40:00,1767210000000,1767210059999,BTC,1m,87638.0,87679.0,87679.0,87628.0,2.25179,133
2025-12-31 19:41:00,1767210060000,1767210119999,BTC,1m,87679.0,87676.0,87699.0,87675.0,10.36513,150
2025-12-31 19:42:00,1767210120000,1767210179999,BTC,1m,87676.0,87681.0,87700.0,87676.0,0.69612,85
2025-12-31 19:43:00,1767210180000,1767210239999,BTC,1m,87680.0,87638.0,87680.0,87637.0,1.50509,95
2025-12-31 19:44:00,1767210240000,1767210299999,BTC,1m,87637.0,87631.0,87637.0,87629.0,0.26237,42
2025-12-31 19:45:00,1767210300000,1767210359999,BTC,1m,87631.0,87635.0,87635.0,87630.0,0.22868,46
2025-12-31 19:46:00,1767210360000,1767210419999,BTC,1m,87634.0,87655.0,87655.0,87630.0,0.60868,79
2025-12-31 19:47:00,1767210420000,1767210479999,BTC,1m,87655.0,87653.0,87655.0,87616.0,39.39031,225
2025-12-31 19:48:00,1767210480000,1767210539999,BTC,1m,87653.0,87677.0,87696.0,87652.0,9.70628,119
2025-12-31 19:49:00,1767210540000,1767210599999,BTC,1m,87676.0,87676.0,87682.0,87676.0,1.86525,62
2025-12-31 19:50:00,1767210600000,1767210659999,BTC,1m,87676.0,87666.0,87677.0,87666.0,0.43241,40
2025-12-31 19:51:00,1767210660000,1767210719999,BTC,1m,87667.0,87663.0,87667.0,87650.0,0.49539,79
2025-12-31 19:52:00,1767210720000,1767210779999,BTC,1m,87662.0,87651.0,87667.0,87651.0,9.86204,84
2025-12-31 19:53:00,1767210780000,1767210839999,BTC,1m,87654.0,87626.0,87664.0,87617.0,65.73191,316
2025-12-31 19:54:00,1767210840000,1767210899999,BTC,1m,87626.0,87627.0,87627.0,87625.0,1.597,54
2025-12-31 19:55:00,1767210900000,1767210959999,BTC,1m,87627.0,87531.0,87627.0,87520.0,65.93172,652
2025-12-31 19:56:00,1767210960000,1767211019999,BTC,1m,87534.0,87564.0,87570.0,87534.0,53.483,256
2025-12-31 19:57:00,1767211020000,1767211079999,BTC,1m,87563.0,87564.0,87564.0,87562.0,0.53885,102
2025-12-31 19:58:00,1767211080000,1767211139999,BTC,1m,87563.0,87579.0,87580.0,87563.0,1.33513,116
2025-12-31 19:59:00,1767211140000,1767211199999,BTC,1m,87580.0,87534.0,87581.0,87533.0,6.5448,158
2025-12-31 20:00:00,1767211200000,1767211259999,BTC,1m,87533.0,87502.0,87533.0,87491.0,33.3811,305
2025-12-31 20:01:00,1767211260000,1767211319999,BTC,1m,87501.0,87495.0,87510.0,87494.0,1.94919,102
2025-12-31 20:02:00,1767211320000,1767211379999,BTC,1m,87494.0,87531.0,87536.0,87472.0,9.78215,258
2025-12-31 20:03:00,1767211380000,1767211439999,BTC,1m,87531.0,87504.0,87531.0,87504.0,0.51567,97
2025-12-31 20:04:00,1767211440000,1767211499999,BTC,1m,87505.0,87484.0,87505.0,87484.0,0.41938,96
2025-12-31 20:05:00,1767211500000,1767211559999,BTC,1m,87483.0,87459.0,87495.0,87453.0,52.87486,447
2025-12-31 20:06:00,1767211560000,1767211619999,BTC,1m,87461.0,87449.0,87461.0,87441.0,8.52812,164
2025-12-31 20:07:00,1767211620000,1767211679999,BTC,1m,87449.0,87445.0,87449.0,87430.0,8.25332,114
2025-12-31 20:08:00,1767211680000,1767211739999,BTC,1m,87444.0,87445.0,87446.0,87422.0,8.01857,121
2025-12-31 20:09:00,1767211740000,1767211799999,BTC,1m,87445.0,87450.0,87453.0,87438.0,40.52503,177
2025-12-31 20:10:00,1767211800000,1767211859999,BTC,1m,87450.0,87409.0,87450.0,87402.0,36.29137,255
2025-12-31 20:11:00,1767211860000,1767211919999,BTC,1m,87412.0,87436.0,87464.0,87412.0,21.68395,186
2025-12-31 20:12:00,1767211920000,1767211979999,BTC,1m,87435.0,87447.0,87475.0,87435.0,3.62132,237
2025-12-31 20:13:00,1767211980000,1767212039999,BTC,1m,87447.0,87459.0,87460.0,87438.0,1.17378,104
2025-12-31 20:14:00,1767212040000,1767212099999,BTC,1m,87460.0,87527.0,87537.0,87459.0,134.93975,536
2025-12-31 20:15:00,1767212100000,1767212159999,BTC,1m,87527.0,87544.0,87565.0,87523.0,170.93913,639
2025-12-31 20:16:00,1767212160000,1767212219999,BTC,1m,87544.0,87524.0,87544.0,87515.0,2.06892,116
2025-12-31 20:17:00,1767212220000,1767212279999,BTC,1m,87523.0,87523.0,87524.0,87517.0,1.61929,87
2025-12-31 20:18:00,1767212280000,1767212339999,BTC,1m,87524.0,87518.0,87524.0,87511.0,0.60448,75
2025-12-31 20:19:00,1767212340000,1767212399999,BTC,1m,87518.0,87505.0,87520.0,87505.0,0.90933,72
2025-12-31 20:20:00,1767212400000,1767212459999,BTC,1m,87504.0,87471.0,87504.0,87471.0,2.60139,122
2025-12-31 20:21:00,1767212460000,1767212519999,BTC,1m,87472.0,87448.0,87472.0,87434.0,4.81161,182
2025-12-31 20:22:00,1767212520000,1767212579999,BTC,1m,87448.0,87467.0,87473.0,87439.0,25.46324,228
2025-12-31 20:23:00,1767212580000,1767212639999,BTC,1m,87467.0,87499.0,87510.0,87466.0,0.93062,123
2025-12-31 20:24:00,1767212640000,1767212699999,BTC,1m,87498.0,87489.0,87499.0,87488.0,19.8621,118
2025-12-31 20:25:00,1767212700000,1767212759999,BTC,1m,87489.0,87468.0,87489.0,87463.0,3.83036,176
2025-12-31 20:26:00,1767212760000,1767212819999,BTC,1m,87467.0,87464.0,87467.0,87460.0,1.90122,76
2025-12-31 20:27:00,1767212820000,1767212879999,BTC,1m,87465.0,87453.0,87465.0,87453.0,0.62996,80
2025-12-31 20:28:00,1767212880000,1767212939999,BTC,1m,87454.0,87483.0,87512.0,87454.0,5.012,262
2025-12-31 20:29:00,1767212940000,1767212999999,BTC,1m,87480.0,87479.0,87480.0,87473.0,1.48937,72
2025-12-31 20:30:00,1767213000000,1767213059999,BTC,1m,87480.0,87443.0,87480.0,87440.0,8.56141,186
2025-12-31 20:31:00,1767213060000,1767213119999,BTC,1m,87442.0,87463.0,87463.0,87441.0,3.82586,143
2025-12-31 20:32:00,1767213120000,1767213179999,BTC,1m,87464.0,87514.0,87530.0,87464.0,9.04327,208
2025-12-31 20:33:00,1767213180000,1767213239999,BTC,1m,87512.0,87453.0,87513.0,87453.0,5.91884,220
2025-12-31 20:34:00,1767213240000,1767213299999,BTC,1m,87451.0,87423.0,87452.0,87410.0,7.51074,234
2025-12-31 20:35:00,1767213300000,1767213359999,BTC,1m,87422.0,87413.0,87422.0,87413.0,2.20912,100
2025-12-31 20:36:00,1767213360000,1767213419999,BTC,1m,87413.0,87352.0,87414.0,87323.0,55.22167,799
2025-12-31 20:37:00,1767213420000,1767213479999,BTC,1m,87352.0,87349.0,87372.0,87349.0,2.72738,152
2025-12-31 20:38:00,1767213480000,1767213539999,BTC,1m,87349.0,87322.0,87349.0,87317.0,5.57124,255
2025-12-31 20:39:00,1767213540000,1767213599999,BTC,1m,87322.0,87337.0,87337.0,87322.0,0.77206,61
2025-12-31 20:40:00,1767213600000,1767213659999,BTC,1m,87336.0,87277.0,87337.0,87229.0,120.83946,1289
2025-12-31 20:41:00,1767213660000,1767213719999,BTC,1m,87278.0,87292.0,87343.0,87265.0,38.36471,416
2025-12-31 20:42:00,1767213720000,1767213779999,BTC,1m,87292.0,87352.0,87354.0,87286.0,37.19476,321
2025-12-31 20:43:00,1767213780000,1767213839999,BTC,1m,87351.0,87418.0,87418.0,87350.0,2.7519,208
2025-12-31 20:44:00,1767213840000,1767213899999,BTC,1m,87418.0,87422.0,87424.0,87408.0,35.60573,186
2025-12-31 20:45:00,1767213900000,1767213959999,BTC,1m,87423.0,87416.0,87424.0,87398.0,4.27033,157
2025-12-31 20:46:00,1767213960000,1767214019999,BTC,1m,87417.0,87389.0,87417.0,87374.0,2.64618,163
2025-12-31 20:47:00,1767214020000,1767214079999,BTC,1m,87388.0,87400.0,87413.0,87388.0,7.54916,163
2025-12-31 20:48:00,1767214080000,1767214139999,BTC,1m,87399.0,87395.0,87412.0,87381.0,10.31633,173
2025-12-31 20:49:00,1767214140000,1767214199999,BTC,1m,87394.0,87396.0,87419.0,87382.0,94.14369,336
2025-12-31 20:50:00,1767214200000,1767214259999,BTC,1m,87395.0,87406.0,87413.0,87359.0,128.54186,472
2025-12-31 20:51:00,1767214260000,1767214319999,BTC,1m,87406.0,87406.0,87427.0,87405.0,40.62151,196
2025-12-31 20:52:00,1767214320000,1767214379999,BTC,1m,87406.0,87450.0,87457.0,87406.0,18.33531,239
2025-12-31 20:53:00,1767214380000,1767214439999,BTC,1m,87450.0,87496.0,87496.0,87450.0,17.86368,191
2025-12-31 20:54:00,1767214440000,1767214499999,BTC,1m,87497.0,87525.0,87532.0,87497.0,15.73471,205
2025-12-31 20:55:00,1767214500000,1767214559999,BTC,1m,87525.0,87636.0,87636.0,87507.0,21.02516,403
2025-12-31 20:56:00,1767214560000,1767214619999,BTC,1m,87636.0,87623.0,87636.0,87601.0,2.4671,117
2025-12-31 20:57:00,1767214620000,1767214679999,BTC,1m,87628.0,87679.0,87688.0,87628.0,29.40334,259
2025-12-31 20:58:00,1767214680000,1767214739999,BTC,1m,87678.0,87689.0,87704.0,87663.0,44.97529,411
2025-12-31 20:59:00,1767214740000,1767214799999,BTC,1m,87689.0,87660.0,87710.0,87641.0,118.05116,749
2025-12-31 21:00:00,1767214800000,1767214859999,BTC,1m,87660.0,87704.0,87727.0,87657.0,58.39652,523
2025-12-31 21:01:00,1767214860000,1767214919999,BTC,1m,87705.0,87692.0,87715.0,87691.0,3.98533,134
2025-12-31 21:02:00,1767214920000,1767214979999,BTC,1m,87692.0,87742.0,87777.0,87692.0,22.87334,420
2025-12-31 21:03:00,1767214980000,1767215039999,BTC,1m,87743.0,87732.0,87775.0,87732.0,3.62384,162
2025-12-31 21:04:00,1767215040000,1767215099999,BTC,1m,87733.0,87719.0,87733.0,87707.0,4.09419,181
2025-12-31 21:05:00,1767215100000,1767215159999,BTC,1m,87718.0,87764.0,87775.0,87718.0,10.58533,253
2025-12-31 21:06:00,1767215160000,1767215219999,BTC,1m,87764.0,87778.0,87778.0,87752.0,24.42453,150
2025-12-31 21:07:00,1767215220000,1767215279999,BTC,1m,87779.0,87749.0,87787.0,87748.0,5.99686,144
2025-12-31 21:08:00,1767215280000,1767215339999,BTC,1m,87748.0,87726.0,87749.0,87715.0,9.17836,136
2025-12-31 21:09:00,1767215340000,1767215399999,BTC,1m,87726.0,87713.0,87727.0,87712.0,5.90064,80
2025-12-31 21:10:00,1767215400000,1767215459999,BTC,1m,87712.0,87711.0,87724.0,87707.0,4.48803,99
2025-12-31 21:11:00,1767215460000,1767215519999,BTC,1m,87711.0,87727.0,87727.0,87711.0,5.29024,113
2025-12-31 21:12:00,1767215520000,1767215579999,BTC,1m,87726.0,87729.0,87740.0,87726.0,5.88997,101
2025-12-31 21:13:00,1767215580000,1767215639999,BTC,1m,87728.0,87720.0,87728.0,87703.0,3.81827,102
2025-12-31 21:14:00,1767215640000,1767215699999,BTC,1m,87719.0,87750.0,87751.0,87719.0,3.89052,103
2025-12-31 21:15:00,1767215700000,1767215759999,BTC,1m,87750.0,87729.0,87750.0,87725.0,2.88386,88
2025-12-31 21:16:00,1767215760000,1767215819999,BTC,1m,87728.0,87728.0,87729.0,87727.0,2.46678,51
2025-12-31 21:17:00,1767215820000,1767215879999,BTC,1m,87728.0,87721.0,87728.0,87719.0,6.73656,90
2025-12-31 21:18:00,1767215880000,1767215939999,BTC,1m,87721.0,87749.0,87755.0,87720.0,3.90091,123
2025-12-31 21:19:00,1767215940000,1767215999999,BTC,1m,87747.0,87749.0,87749.0,87747.0,4.11833,73
2025-12-31 21:20:00,1767216000000,1767216059999,BTC,1m,87748.0,87782.0,87787.0,87745.0,6.46497,180
2025-12-31 21:21:00,1767216060000,1767216119999,BTC,1m,87782.0,87778.0,87783.0,87777.0,31.94694,157
2025-12-31 21:22:00,1767216120000,1767216179999,BTC,1m,87778.0,87776.0,87778.0,87775.0,5.83209,74
2025-12-31 21:23:00,1767216180000,1767216239999,BTC,1m,87776.0,87777.0,87777.0,87775.0,2.5328,50
2025-12-31 21:24:00,1767216240000,1767216299999,BTC,1m,87776.0,87747.0,87777.0,87743.0,7.55125,206
2025-12-31 21:25:00,1767216300000,1767216359999,BTC,1m,87748.0,87752.0,87754.0,87748.0,2.97076,89
2025-12-31 21:26:00,1767216360000,1767216419999,BTC,1m,87752.0,87769.0,87770.0,87752.0,6.07472,99
2025-12-31 21:27:00,1767216420000,1767216479999,BTC,1m,87770.0,87772.0,87772.0,87770.0,4.35938,57
2025-12-31 21:28:00,1767216480000,1767216539999,BTC,1m,87772.0,87773.0,87773.0,87771.0,2.80866,54
2025-12-31 21:29:00,1767216540000,1767216599999,BTC,1m,87772.0,87767.0,87772.0,87766.0,2.62479,65
2025-12-31 21:30:00,1767216600000,1767216659999,BTC,1m,87767.0,87767.0,87767.0,87766.0,2.84101,39
2025-12-31 21:31:00,1767216660000,1767216719999,BTC,1m,87767.0,87767.0,87768.0,87766.0,3.23068,55
2025-12-31 21:32:00,1767216720000,1767216779999,BTC,1m,87768.0,87784.0,87784.0,87768.0,3.64086,70
2025-12-31 21:33:00,1767216780000,1767216839999,BTC,1m,87784.0,87797.0,87798.0,87783.0,5.39913,85
2025-12-31 21:34:00,1767216840000,1767216899999,BTC,1m,87798.0,87797.0,87798.0,87797.0,0.76831,33
2025-12-31 21:35:00,1767216900000,1767216959999,BTC,1m,87798.0,87802.0,87802.0,87797.0,0.73492,50
2025-12-31 21:36:00,1767216960000,1767217019999,BTC,1m,87802.0,87803.0,87804.0,87801.0,5.30742,49
2025-12-31 21:37:00,1767217020000,1767217079999,BTC,1m,87804.0,87800.0,87805.0,87799.0,1.0406,39
2025-12-31 21:38:00,1767217080000,1767217139999,BTC,1m,87801.0,87848.0,87848.0,87800.0,5.12274,152
2025-12-31 21:39:00,1767217140000,1767217199999,BTC,1m,87847.0,87833.0,87875.0,87832.0,8.61432,144
2025-12-31 21:40:00,1767217200000,1767217259999,BTC,1m,87832.0,87836.0,87836.0,87832.0,0.45941,38
2025-12-31 21:41:00,1767217260000,1767217319999,BTC,1m,87836.0,87830.0,87836.0,87829.0,1.45204,86
2025-12-31 21:42:00,1767217320000,1767217379999,BTC,1m,87829.0,87829.0,87830.0,87829.0,0.19759,28
2025-12-31 21:43:00,1767217380000,1767217439999,BTC,1m,87830.0,87830.0,87830.0,87829.0,3.87158,28
2025-12-31 21:44:00,1767217440000,1767217499999,BTC,1m,87829.0,87823.0,87830.0,87823.0,6.29136,49
2025-12-31 21:45:00,1767217500000,1767217559999,BTC,1m,87824.0,87815.0,87824.0,87814.0,4.4241,96
2025-12-31 21:46:00,1767217560000,1767217619999,BTC,1m,87815.0,87823.0,87824.0,87814.0,0.66997,44
2025-12-31 21:47:00,1767217620000,1767217679999,BTC,1m,87824.0,87823.0,87824.0,87823.0,0.83679,23
2025-12-31 21:48:00,1767217680000,1767217739999,BTC,1m,87824.0,87815.0,87824.0,87812.0,0.43396,47
2025-12-31 21:49:00,1767217740000,1767217799999,BTC,1m,87815.0,87815.0,87824.0,87801.0,12.74165,114
2025-12-31 21:50:00,1767217800000,1767217859999,BTC,1m,87814.0,87794.0,87814.0,87790.0,1.01185,48
2025-12-31 21:51:00,1767217860000,1767217919999,BTC,1m,87795.0,87795.0,87795.0,87794.0,1.05458,32
2025-12-31 21:52:00,1767217920000,1767217979999,BTC,1m,87795.0,87809.0,87809.0,87794.0,2.89817,55
2025-12-31 21:53:00,1767217980000,1767218039999,BTC,1m,87808.0,87813.0,87813.0,87808.0,0.2679,45
2025-12-31 21:54:00,1767218040000,1767218099999,BTC,1m,87812.0,87813.0,87813.0,87812.0,0.11828,23
2025-12-31 21:55:00,1767218100000,1767218159999,BTC,1m,87813.0,87809.0,87816.0,87809.0,0.43194,58
2025-12-31 21:56:00,1767218160000,1767218219999,BTC,1m,87810.0,87801.0,87810.0,87801.0,1.07683,58
2025-12-31 21:57:00,1767218220000,1767218279999,BTC,1m,87801.0,87778.0,87802.0,87766.0,6.80749,198
2025-12-31 21:58:00,1767218280000,1767218339999,BTC,1m,87778.0,87781.0,87782.0,87777.0,0.60662,52
2025-12-31 21:59:00,1767218340000,1767218399999,BTC,1m,87782.0,87794.0,87794.0,87781.0,0.155,42
2025-12-31 22:00:00,1767218400000,1767218459999,BTC,1m,87793.0,87784.0,87794.0,87784.0,4.37809,72
2025-12-31 22:01:00,1767218460000,1767218519999,BTC,1m,87785.0,87765.0,87785.0,87765.0,7.78407,130
2025-12-31 22:02:00,1767218520000,1767218579999,BTC,1m,87766.0,87775.0,87776.0,87765.0,1.51471,70
2025-12-31 22:03:00,1767218580000,1767218639999,BTC,1m,87775.0,87776.0,87776.0,87775.0,1.07088,38
2025-12-31 22:04:00,1767218640000,1767218699999,BTC,1m,87776.0,87792.0,87794.0,87769.0,18.6924,197
2025-12-31 22:05:00,1767218700000,1767218759999,BTC,1m,87791.0,87799.0,87799.0,87791.0,2.2233,57
2025-12-31 22:06:00,1767218760000,1767218819999,BTC,1m,87799.0,87799.0,87799.0,87798.0,0.23544,34
2025-12-31 22:07:00,1767218820000,1767218879999,BTC,1m,87799.0,87782.0,87799.0,87782.0,0.86892,73
2025-12-31 22:08:00,1767218880000,1767218939999,BTC,1m,87782.0,87777.0,87783.0,87769.0,17.18749,143
2025-12-31 22:09:00,1767218940000,1767218999999,BTC,1m,87778.0,87764.0,87778.0,87761.0,4.21066,101
2025-12-31 22:10:00,1767219000000,1767219059999,BTC,1m,87764.0,87764.0,87764.0,87763.0,0.19729,21
2025-12-31 22:11:00,1767219060000,1767219119999,BTC,1m,87764.0,87789.0,87789.0,87763.0,2.13541,83
2025-12-31 22:12:00,1767219120000,1767219179999,BTC,1m,87789.0,87800.0,87800.0,87788.0,9.62045,99
2025-12-31 22:13:00,1767219180000,1767219239999,BTC,1m,87800.0,87817.0,87817.0,87799.0,2.93406,102
2025-12-31 22:14:00,1767219240000,1767219299999,BTC,1m,87817.0,87824.0,87824.0,87817.0,0.12799,37
2025-12-31 22:15:00,1767219300000,1767219359999,BTC,1m,87824.0,87818.0,87845.0,87817.0,10.47482,185
2025-12-31 22:16:00,1767219360000,1767219419999,BTC,1m,87818.0,87814.0,87818.0,87814.0,0.56618,43
2025-12-31 22:17:00,1767219420000,1767219479999,BTC,1m,87815.0,87839.0,87839.0,87812.0,2.17674,116
2025-12-31 22:18:00,1767219480000,1767219539999,BTC,1m,87839.0,87839.0,87839.0,87838.0,0.21675,31
2025-12-31 22:19:00,1767219540000,1767219599999,BTC,1m,87839.0,87839.0,87839.0,87838.0,0.19733,25
2025-12-31 22:20:00,1767219600000,1767219659999,BTC,1m,87838.0,87825.0,87839.0,87824.0,1.03256,54
2025-12-31 22:21:00,1767219660000,1767219719999,BTC,1m,87825.0,87825.0,87825.0,87824.0,0.06452,21
2025-12-31 22:22:00,1767219720000,1767219779999,BTC,1m,87825.0,87846.0,87846.0,87824.0,15.06348,153
2025-12-31 22:23:00,1767219780000,1767219839999,BTC,1m,87846.0,87845.0,87846.0,87845.0,0.95382,39
2025-12-31 22:24:00,1767219840000,1767219899999,BTC,1m,87846.0,87848.0,87848.0,87845.0,0.86744,36
2025-12-31 22:25:00,1767219900000,1767219959999,BTC,1m,87848.0,87873.0,87873.0,87848.0,1.15032,98
2025-12-31 22:26:00,1767219960000,1767220019999,BTC,1m,87874.0,87881.0,87886.0,87874.0,4.33562,94
2025-12-31 22:27:00,1767220020000,1767220079999,BTC,1m,87880.0,87880.0,87881.0,87880.0,1.27399,57
2025-12-31 22:28:00,1767220080000,1767220139999,BTC,1m,87881.0,87881.0,87881.0,87880.0,0.57126,35
2025-12-31 22:29:00,1767220140000,1767220199999,BTC,1m,87881.0,87865.0,87881.0,87864.0,5.76921,88
2025-12-31 22:30:00,1767220200000,1767220259999,BTC,1m,87865.0,87838.0,87865.0,87829.0,20.75558,157
2025-12-31 22:31:00,1767220260000,1767220319999,BTC,1m,87838.0,87827.0,87838.0,87826.0,1.86604,66
2025-12-31 22:32:00,1767220320000,1767220379999,BTC,1m,87827.0,87827.0,87827.0,87826.0,1.40611,45
2025-12-31 22:33:00,1767220380000,1767220439999,BTC,1m,87827.0,87761.0,87827.0,87754.0,5.22548,266
2025-12-31 22:34:00,1767220440000,1767220499999,BTC,1m,87762.0,87746.0,87762.0,87746.0,1.29014,98
2025-12-31 22:35:00,1767220500000,1767220559999,BTC,1m,87746.0,87784.0,87784.0,87746.0,14.37535,169
2025-12-31 22:36:00,1767220560000,1767220619999,BTC,1m,87784.0,87794.0,87795.0,87784.0,2.00896,66
2025-12-31 22:37:00,1767220620000,1767220679999,BTC,1m,87795.0,87794.0,87795.0,87794.0,0.30519,27
2025-12-31 22:38:00,1767220680000,1767220739999,BTC,1m,87795.0,87783.0,87806.0,87783.0,3.56866,98
2025-12-31 22:39:00,1767220740000,1767220799999,BTC,1m,87783.0,87782.0,87784.0,87781.0,8.70217,70
2025-12-31 22:40:00,1767220800000,1767220859999,BTC,1m,87782.0,87745.0,87782.0,87744.0,6.49111,135
2025-12-31 22:41:00,1767220860000,1767220919999,BTC,1m,87745.0,87716.0,87745.0,87713.0,9.54544,153
2025-12-31 22:42:00,1767220920000,1767220979999,BTC,1m,87715.0,87728.0,87728.0,87679.0,30.11409,275
2025-12-31 22:43:00,1767220980000,1767221039999,BTC,1m,87728.0,87691.0,87729.0,87689.0,8.00869,155
2025-12-31 22:44:00,1767221040000,1767221099999,BTC,1m,87690.0,87725.0,87725.0,87690.0,6.26585,103
2025-12-31 22:45:00,1767221100000,1767221159999,BTC,1m,87725.0,87726.0,87726.0,87725.0,6.07751,49
2025-12-31 22:46:00,1767221160000,1767221219999,BTC,1m,87726.0,87728.0,87728.0,87725.0,5.56804,46
2025-12-31 22:47:00,1767221220000,1767221279999,BTC,1m,87728.0,87727.0,87733.0,87727.0,6.37663,70
2025-12-31 22:48:00,1767221280000,1767221339999,BTC,1m,87727.0,87719.0,87728.0,87694.0,9.71194,153
2025-12-31 22:49:00,1767221340000,1767221399999,BTC,1m,87721.0,87730.0,87730.0,87721.0,16.95765,74
2025-12-31 22:50:00,1767221400000,1767221459999,BTC,1m,87730.0,87748.0,87748.0,87729.0,17.47117,88
2025-12-31 22:51:00,1767221460000,1767221519999,BTC,1m,87748.0,87737.0,87771.0,87737.0,15.67176,164
2025-12-31 22:52:00,1767221520000,1767221579999,BTC,1m,87738.0,87723.0,87738.0,87722.0,5.7046,81
2025-12-31 22:53:00,1767221580000,1767221639999,BTC,1m,87723.0,87713.0,87723.0,87712.0,6.59803,111
2025-12-31 22:54:00,1767221640000,1767221699999,BTC,1m,87712.0,87659.0,87712.0,87646.0,9.74612,217
2025-12-31 22:55:00,1767221700000,1767221759999,BTC,1m,87660.0,87719.0,87721.0,87656.0,10.50926,239
2025-12-31 22:56:00,1767221760000,1767221819999,BTC,1m,87720.0,87700.0,87720.0,87700.0,5.79994,103
2025-12-31 22:57:00,1767221820000,1767221879999,BTC,1m,87701.0,87684.0,87701.0,87684.0,6.07247,83
2025-12-31 22:58:00,1767221880000,1767221939999,BTC,1m,87685.0,87706.0,87706.0,87672.0,5.89983,140
2025-12-31 22:59:00,1767221940000,1767221999999,BTC,1m,87707.0,87727.0,87735.0,87706.0,11.40447,199
2025-12-31 23:00:00,1767222000000,1767222059999,BTC,1m,87726.0,87711.0,87726.0,87691.0,6.06375,124
2025-12-31 23:01:00,1767222060000,1767222119999,BTC,1m,87712.0,87711.0,87712.0,87711.0,5.70456,48
2025-12-31 23:02:00,1767222120000,1767222179999,BTC,1m,87712.0,87709.0,87713.0,87707.0,5.71036,71
2025-12-31 23:03:00,1767222180000,1767222239999,BTC,1m,87709.0,87673.0,87709.0,87668.0,5.91044,151
2025-12-31 23:04:00,1767222240000,1767222299999,BTC,1m,87675.0,87677.0,87695.0,87674.0,6.8925,137
2025-12-31 23:05:00,1767222300000,1767222359999,BTC,1m,87676.0,87663.0,87677.0,87662.0,20.73152,162
2025-12-31 23:06:00,1767222360000,1767222419999,BTC,1m,87664.0,87657.0,87664.0,87656.0,5.8542,68
2025-12-31 23:07:00,1767222420000,1767222479999,BTC,1m,87658.0,87672.0,87681.0,87658.0,7.06761,128
2025-12-31 23:08:00,1767222480000,1767222539999,BTC,1m,87672.0,87677.0,87678.0,87671.0,6.15121,84
2025-12-31 23:09:00,1767222540000,1767222599999,BTC,1m,87678.0,87684.0,87690.0,87676.0,6.64014,114
2025-12-31 23:10:00,1767222600000,1767222659999,BTC,1m,87684.0,87671.0,87684.0,87669.0,5.81371,79
2025-12-31 23:11:00,1767222660000,1767222719999,BTC,1m,87671.0,87673.0,87673.0,87668.0,5.64632,55
2025-12-31 23:12:00,1767222720000,1767222779999,BTC,1m,87672.0,87686.0,87687.0,87672.0,6.52998,108
2025-12-31 23:13:00,1767222780000,1767222839999,BTC,1m,87686.0,87684.0,87686.0,87683.0,5.60915,48
2025-12-31 23:14:00,1767222840000,1767222899999,BTC,1m,87684.0,87682.0,87684.0,87681.0,6.4694,64
2025-12-31 23:15:00,1767222900000,1767222959999,BTC,1m,87682.0,87670.0,87682.0,87669.0,5.6222,70
2025-12-31 23:16:00,1767222960000,1767223019999,BTC,1m,87670.0,87669.0,87670.0,87669.0,5.56068,56
2025-12-31 23:17:00,1767223020000,1767223079999,BTC,1m,87669.0,87670.0,87670.0,87669.0,5.72739,36
2025-12-31 23:18:00,1767223080000,1767223139999,BTC,1m,87670.0,87657.0,87670.0,87657.0,8.19829,61
2025-12-31 23:19:00,1767223140000,1767223199999,BTC,1m,87658.0,87639.0,87658.0,87638.0,12.72104,94
2025-12-31 23:20:00,1767223200000,1767223259999,BTC,1m,87639.0,87647.0,87647.0,87639.0,7.71138,57
2025-12-31 23:21:00,1767223260000,1767223319999,BTC,1m,87647.0,87616.0,87647.0,87615.0,8.04417,121
2025-12-31 23:22:00,1767223320000,1767223379999,BTC,1m,87616.0,87634.0,87636.0,87615.0,16.41069,99
2025-12-31 23:23:00,1767223380000,1767223439999,BTC,1m,87634.0,87659.0,87660.0,87634.0,14.10816,85
2025-12-31 23:24:00,1767223440000,1767223499999,BTC,1m,87659.0,87665.0,87665.0,87659.0,13.86585,79
2025-12-31 23:25:00,1767223500000,1767223559999,BTC,1m,87665.0,87681.0,87682.0,87664.0,6.02441,70
2025-12-31 23:26:00,1767223560000,1767223619999,BTC,1m,87681.0,87666.0,87682.0,87666.0,7.54216,93
2025-12-31 23:27:00,1767223620000,1767223679999,BTC,1m,87667.0,87654.0,87667.0,87654.0,5.78357,88
2025-12-31 23:28:00,1767223680000,1767223739999,BTC,1m,87654.0,87654.0,87654.0,87653.0,7.02917,54
2025-12-31 23:29:00,1767223740000,1767223799999,BTC,1m,87653.0,87658.0,87658.0,87653.0,6.11642,53
2025-12-31 23:30:00,1767223800000,1767223859999,BTC,1m,87658.0,87660.0,87661.0,87658.0,6.85717,65
2025-12-31 23:31:00,1767223860000,1767223919999,BTC,1m,87661.0,87669.0,87688.0,87660.0,20.41288,200
2025-12-31 23:32:00,1767223920000,1767223979999,BTC,1m,87669.0,87669.0,87669.0,87668.0,5.87831,55
2025-12-31 23:33:00,1767223980000,1767224039999,BTC,1m,87669.0,87657.0,87669.0,87657.0,5.87058,76
2025-12-31 23:34:00,1767224040000,1767224099999,BTC,1m,87658.0,87657.0,87658.0,87657.0,6.05211,53
2025-12-31 23:35:00,1767224100000,1767224159999,BTC,1m,87658.0,87657.0,87658.0,87657.0,5.89967,52
2025-12-31 23:36:00,1767224160000,1767224219999,BTC,1m,87656.0,87649.0,87657.0,87648.0,6.31902,76
2025-12-31 23:37:00,1767224220000,1767224279999,BTC,1m,87649.0,87646.0,87649.0,87635.0,7.24436,114
2025-12-31 23:38:00,1767224280000,1767224339999,BTC,1m,87645.0,87631.0,87646.0,87630.0,7.17447,104
2025-12-31 23:39:00,1767224340000,1767224399999,BTC,1m,87631.0,87643.0,87643.0,87628.0,3.82351,89
2025-12-31 23:40:00,1767224400000,1767224459999,BTC,1m,87643.0,87668.0,87669.0,87643.0,1.63244,93
2025-12-31 23:41:00,1767224460000,1767224519999,BTC,1m,87669.0,87669.0,87669.0,87668.0,0.36203,26
2025-12-31 23:42:00,1767224520000,1767224579999,BTC,1m,87669.0,87669.0,87669.0,87668.0,0.22989,24
2025-12-31 23:43:00,1767224580000,1767224639999,BTC,1m,87669.0,87680.0,87681.0,87668.0,10.63184,97
2025-12-31 23:44:00,1767224640000,1767224699999,BTC,1m,87680.0,87679.0,87680.0,87679.0,1.09271,25
2025-12-31 23:45:00,1767224700000,1767224759999,BTC,1m,87680.0,87649.0,87680.0,87648.0,9.41767,152
2025-12-31 23:46:00,1767224760000,1767224819999,BTC,1m,87649.0,87649.0,87649.0,87648.0,0.66764,37
2025-12-31 23:47:00,1767224820000,1767224879999,BTC,1m,87649.0,87659.0,87659.0,87648.0,1.03733,59
2025-12-31 23:48:00,1767224880000,1767224939999,BTC,1m,87661.0,87681.0,87682.0,87660.0,0.39893,72
2025-12-31 23:49:00,1767224940000,1767224999999,BTC,1m,87682.0,87681.0,87682.0,87681.0,0.46398,42
2025-12-31 23:50:00,1767225000000,1767225059999,BTC,1m,87681.0,87682.0,87682.0,87681.0,0.32481,48
2025-12-31 23:51:00,1767225060000,1767225119999,BTC,1m,87682.0,87667.0,87682.0,87666.0,1.11467,74
2025-12-31 23:52:00,1767225120000,1767225179999,BTC,1m,87667.0,87641.0,87667.0,87641.0,5.66081,115
2025-12-31 23:53:00,1767225180000,1767225239999,BTC,1m,87640.0,87629.0,87641.0,87628.0,10.41105,89
2025-12-31 23:54:00,1767225240000,1767225299999,BTC,1m,87629.0,87629.0,87629.0,87628.0,0.68707,36
2025-12-31 23:55:00,1767225300000,1767225359999,BTC,1m,87629.0,87629.0,87629.0,87628.0,0.24921,30
2025-12-31 23:56:00,1767225360000,1767225419999,BTC,1m,87629.0,87640.0,87640.0,87629.0,1.73485,49
2025-12-31 23:57:00,1767225420000,1767225479999,BTC,1m,87640.0,87632.0,87640.0,87631.0,1.21826,78
2025-12-31 23:58:00,1767225480000,1767225539999,BTC,1m,87631.0,87631.0,87632.0,87631.0,0.38453,44
2025-12-31 23:59:00,1767225540000,1767225599999,BTC,1m,87631.0,87632.0,87632.0,87631.0,0.47081,43
2026-01-01 00:00:00,1767225600000,1767225659999,BTC,1m,87631.0,87631.0,87632.0,87628.0,5.38322,98
2026-01-01 00:01:00,1767225660000,1767225719999,BTC,1m,87631.0,87670.0,87670.0,87630.0,0.64608,123
2026-01-01 00:02:00,1767225720000,1767225779999,BTC,1m,87670.0,87665.0,87670.0,87664.0,1.12046,42
2026-01-01 00:03:00,1767225780000,1767225839999,BTC,1m,87664.0,87680.0,87680.0,87664.0,0.74769,62
2026-01-01 00:04:00,1767225840000,1767225899999,BTC,1m,87680.0,87684.0,87684.0,87680.0,8.70754,85
2026-01-01 00:05:00,1767225900000,1767225959999,BTC,1m,87684.0,87747.0,87799.0,87684.0,16.95334,573
2026-01-01 00:06:00,1767225960000,1767226019999,BTC,1m,87747.0,87696.0,87747.0,87692.0,1.632,144
2026-01-01 00:07:00,1767226020000,1767226079999,BTC,1m,87697.0,87727.0,87727.0,87696.0,34.32604,290
2026-01-01 00:08:00,1767226080000,1767226139999,BTC,1m,87727.0,87754.0,87757.0,87726.0,1.04957,87
2026-01-01 00:09:00,1767226140000,1767226199999,BTC,1m,87754.0,87754.0,87756.0,87749.0,2.56489,85
2026-01-01 00:10:00,1767226200000,1767226259999,BTC,1m,87755.0,87743.0,87755.0,87737.0,0.41428,79
2026-01-01 00:11:00,1767226260000,1767226319999,BTC,1m,87744.0,87745.0,87745.0,87743.0,1.00172,43
2026-01-01 00:12:00,1767226320000,1767226379999,BTC,1m,87746.0,87731.0,87749.0,87731.0,8.39906,115
2026-01-01 00:13:00,1767226380000,1767226439999,BTC,1m,87732.0,87728.0,87732.0,87727.0,2.13716,57
2026-01-01 00:14:00,1767226440000,1767226499999,BTC,1m,87728.0,87725.0,87728.0,87724.0,1.57306,38
2026-01-01 00:15:00,1767226500000,1767226559999,BTC,1m,87724.0,87746.0,87746.0,87724.0,1.20441,76
2026-01-01 00:16:00,1767226560000,1767226619999,BTC,1m,87746.0,87736.0,87746.0,87736.0,2.30201,66
2026-01-01 00:17:00,1767226620000,1767226679999,BTC,1m,87736.0,87736.0,87736.0,87735.0,0.98809,38
2026-01-01 00:18:00,1767226680000,1767226739999,BTC,1m,87736.0,87741.0,87741.0,87732.0,0.33401,55
2026-01-01 00:19:00,1767226740000,1767226799999,BTC,1m,87741.0,87755.0,87756.0,87741.0,15.23692,111
2026-01-01 00:20:00,1767226800000,1767226859999,BTC,1m,87756.0,87757.0,87757.0,87756.0,0.21791,32
2026-01-01 00:21:00,1767226860000,1767226919999,BTC,1m,87757.0,87753.0,87757.0,87749.0,10.90163,78
2026-01-01 00:22:00,1767226920000,1767226979999,BTC,1m,87753.0,87752.0,87753.0,87752.0,0.61649,30
2026-01-01 00:23:00,1767226980000,1767227039999,BTC,1m,87753.0,87757.0,87765.0,87753.0,2.35785,83
2026-01-01 00:24:00,1767227040000,1767227099999,BTC,1m,87756.0,87755.0,87757.0,87755.0,5.43176,51
2026-01-01 00:25:00,1767227100000,1767227159999,BTC,1m,87756.0,87768.0,87768.0,87755.0,1.03436,44
2026-01-01 00:26:00,1767227160000,1767227219999,BTC,1m,87768.0,87753.0,87768.0,87752.0,0.1374,29
2026-01-01 00:27:00,1767227220000,1767227279999,BTC,1m,87753.0,87753.0,87753.0,87752.0,0.81782,29
2026-01-01 00:28:00,1767227280000,1767227339999,BTC,1m,87753.0,87766.0,87768.0,87752.0,1.35413,47
2026-01-01 00:29:00,1767227340000,1767227399999,BTC,1m,87766.0,87766.0,87766.0,87765.0,3.21645,40
2026-01-01 00:30:00,1767227400000,1767227459999,BTC,1m,87766.0,87758.0,87766.0,87757.0,0.16204,35
2026-01-01 00:31:00,1767227460000,1767227519999,BTC,1m,87758.0,87740.0,87758.0,87739.0,1.45835,65
2026-01-01 00:32:00,1767227520000,1767227579999,BTC,1m,87739.0,87765.0,87772.0,87739.0,31.61866,181
2026-01-01 00:33:00,1767227580000,1767227639999,BTC,1m,87765.0,87744.0,87765.0,87744.0,0.69503,66
2026-01-01 00:34:00,1767227640000,1767227699999,BTC,1m,87745.0,87738.0,87745.0,87737.0,0.59752,36
2026-01-01 00:35:00,1767227700000,1767227759999,BTC,1m,87738.0,87739.0,87747.0,87737.0,12.98455,82
2026-01-01 00:36:00,1767227760000,1767227819999,BTC,1m,87740.0,87719.0,87740.0,87719.0,10.08886,96
2026-01-01 00:37:00,1767227820000,1767227879999,BTC,1m,87719.0,87719.0,87720.0,87719.0,0.09551,37
2026-01-01 00:38:00,1767227880000,1767227939999,BTC,1m,87720.0,87740.0,87740.0,87719.0,0.75667,62
2026-01-01 00:39:00,1767227940000,1767227999999,BTC,1m,87740.0,87741.0,87741.0,87739.0,7.94605,94
2026-01-01 00:40:00,1767228000000,1767228059999,BTC,1m,87741.0,87738.0,87741.0,87737.0,0.34983,24
2026-01-01 00:41:00,1767228060000,1767228119999,BTC,1m,87738.0,87738.0,87738.0,87737.0,0.11853,26
2026-01-01 00:42:00,1767228120000,1767228179999,BTC,1m,87738.0,87741.0,87741.0,87738.0,0.07876,26
2026-01-01 00:43:00,1767228180000,1767228239999,BTC,1m,87741.0,87738.0,87741.0,87737.0,2.09039,34
2026-01-01 00:44:00,1767228240000,1767228299999,BTC,1m,87738.0,87737.0,87738.0,87737.0,11.78913,97
2026-01-01 00:45:00,1767228300000,1767228359999,BTC,1m,87738.0,87737.0,87738.0,87737.0,3.08512,45
2026-01-01 00:46:00,1767228360000,1767228419999,BTC,1m,87738.0,87738.0,87738.0,87737.0,0.0791,19
2026-01-01 00:47:00,1767228420000,1767228479999,BTC,1m,87738.0,87739.0,87739.0,87738.0,0.19765,30
2026-01-01 00:48:00,1767228480000,1767228539999,BTC,1m,87739.0,87759.0,87763.0,87738.0,5.13467,95
2026-01-01 00:49:00,1767228540000,1767228599999,BTC,1m,87760.0,87797.0,87797.0,87760.0,33.57202,240
2026-01-01 00:50:00,1767228600000,1767228659999,BTC,1m,87799.0,87790.0,87799.0,87790.0,6.57738,68
2026-01-01 00:51:00,1767228660000,1767228719999,BTC,1m,87790.0,87805.0,87805.0,87790.0,12.77552,85
2026-01-01 00:52:00,1767228720000,1767228779999,BTC,1m,87805.0,87827.0,87828.0,87805.0,23.15741,232
2026-01-01 00:53:00,1767228780000,1767228839999,BTC,1m,87828.0,87816.0,87830.0,87816.0,18.99478,159
2026-01-01 00:54:00,1767228840000,1767228899999,BTC,1m,87817.0,87795.0,87817.0,87785.0,33.47552,197
2026-01-01 00:55:00,1767228900000,1767228959999,BTC,1m,87795.0,87809.0,87809.0,87794.0,2.61569,69
2026-01-01 00:56:00,1767228960000,1767229019999,BTC,1m,87809.0,87823.0,87823.0,87809.0,0.23954,38
2026-01-01 00:57:00,1767229020000,1767229079999,BTC,1m,87824.0,87837.0,87837.0,87823.0,8.89874,90
2026-01-01 00:58:00,1767229080000,1767229139999,BTC,1m,87837.0,87829.0,87837.0,87828.0,1.73582,54
2026-01-01 00:59:00,1767229140000,1767229199999,BTC,1m,87829.0,87807.0,87829.0,87806.0,0.89667,90
2026-01-01 01:00:00,1767229200000,1767229259999,BTC,1m,87807.0,87808.0,87808.0,87805.0,0.53492,43
2026-01-01 01:01:00,1767229260000,1767229319999,BTC,1m,87808.0,87834.0,87834.0,87807.0,0.44417,67
2026-01-01 01:02:00,1767229320000,1767229379999,BTC,1m,87834.0,87837.0,87837.0,87833.0,0.20137,40
2026-01-01 01:03:00,1767229380000,1767229439999,BTC,1m,87837.0,87839.0,87852.0,87836.0,2.0746,81
2026-01-01 01:04:00,1767229440000,1767229499999,BTC,1m,87840.0,87839.0,87840.0,87839.0,0.17598,32
2026-01-01 01:05:00,1767229500000,1767229559999,BTC,1m,87840.0,87848.0,87849.0,87839.0,0.6391,45
2026-01-01 01:06:00,1767229560000,1767229619999,BTC,1m,87849.0,87856.0,87857.0,87849.0,3.17051,55
2026-01-01 01:07:00,1767229620000,1767229679999,BTC,1m,87857.0,87921.0,87921.0,87857.0,25.99457,304
2026-01-01 01:08:00,1767229680000,1767229739999,BTC,1m,87921.0,87934.0,87935.0,87920.0,2.58372,80
2026-01-01 01:09:00,1767229740000,1767229799999,BTC,1m,87934.0,87946.0,87947.0,87933.0,3.80928,104
2026-01-01 01:10:00,1767229800000,1767229859999,BTC,1m,87946.0,87938.0,87947.0,87938.0,1.94124,69
2026-01-01 01:11:00,1767229860000,1767229919999,BTC,1m,87939.0,87997.0,88000.0,87938.0,12.45468,220
2026-01-01 01:12:00,1767229920000,1767229979999,BTC,1m,87994.0,87990.0,87995.0,87973.0,14.31066,170
2026-01-01 01:13:00,1767229980000,1767230039999,BTC,1m,87990.0,88015.0,88015.0,87989.0,11.24698,174
2026-01-01 01:14:00,1767230040000,1767230099999,BTC,1m,88015.0,87997.0,88015.0,87997.0,1.38093,78
2026-01-01 01:15:00,1767230100000,1767230159999,BTC,1m,87998.0,88041.0,88043.0,87997.0,3.50235,199
2026-01-01 01:16:00,1767230160000,1767230219999,BTC,1m,88041.0,87973.0,88041.0,87973.0,5.35938,205
2026-01-01 01:17:00,1767230220000,1767230279999,BTC,1m,87974.0,87957.0,87974.0,87956.0,2.65928,87
2026-01-01 01:18:00,1767230280000,1767230339999,BTC,1m,87957.0,87969.0,87969.0,87943.0,5.15447,88
2026-01-01 01:19:00,1767230340000,1767230399999,BTC,1m,87971.0,87948.0,87971.0,87948.0,3.09321,77
2026-01-01 01:20:00,1767230400000,1767230459999,BTC,1m,87947.0,87934.0,87947.0,87905.0,7.76385,195
2026-01-01 01:21:00,1767230460000,1767230519999,BTC,1m,87935.0,87939.0,87940.0,87935.0,3.09307,57
2026-01-01 01:22:00,1767230520000,1767230579999,BTC,1m,87939.0,87947.0,87949.0,87939.0,1.73259,56
2026-01-01 01:23:00,1767230580000,1767230639999,BTC,1m,87947.0,87921.0,87948.0,87920.0,0.52725,71
2026-01-01 01:24:00,1767230640000,1767230699999,BTC,1m,87921.0,87932.0,87932.0,87920.0,0.84637,88
2026-01-01 01:25:00,1767230700000,1767230759999,BTC,1m,87931.0,87921.0,87932.0,87920.0,0.31447,56
2026-01-01 01:26:00,1767230760000,1767230819999,BTC,1m,87920.0,87914.0,87921.0,87905.0,2.07879,76
2026-01-01 01:27:00,1767230820000,1767230879999,BTC,1m,87914.0,87885.0,87914.0,87885.0,4.25126,110
2026-01-01 01:28:00,1767230880000,1767230939999,BTC,1m,87886.0,87883.0,87887.0,87883.0,1.88606,44
2026-01-01 01:29:00,1767230940000,1767230999999,BTC,1m,87884.0,87865.0,87884.0,87858.0,0.76309,75
2026-01-01 01:30:00,1767231000000,1767231059999,BTC,1m,87864.0,87875.0,87877.0,87864.0,1.93083,62
2026-01-01 01:31:00,1767231060000,1767231119999,BTC,1m,87876.0,87889.0,87890.0,87875.0,0.75934,56
2026-01-01 01:32:00,1767231120000,1767231179999,BTC,1m,87889.0,87889.0,87890.0,87889.0,7.13815,71
2026-01-01 01:33:00,1767231180000,1767231239999,BTC,1m,87889.0,87888.0,87889.0,87888.0,0.25145,32
2026-01-01 01:34:00,1767231240000,1767231299999,BTC,1m,87889.0,87889.0,87889.0,87888.0,2.25743,57
2026-01-01 01:35:00,1767231300000,1767231359999,BTC,1m,87889.0,87871.0,87889.0,87866.0,0.23574,69
2026-01-01 01:36:00,1767231360000,1767231419999,BTC,1m,87871.0,87874.0,87875.0,87870.0,2.03831,40
2026-01-01 01:37:00,1767231420000,1767231479999,BTC,1m,87875.0,87839.0,87875.0,87839.0,2.46918,111
2026-01-01 01:38:00,1767231480000,1767231539999,BTC,1m,87838.0,87836.0,87839.0,87831.0,0.95575,64
2026-01-01 01:39:00,1767231540000,1767231599999,BTC,1m,87836.0,87848.0,87848.0,87836.0,0.82103,48
2026-01-01 01:40:00,1767231600000,1767231659999,BTC,1m,87848.0,87848.0,87848.0,87847.0,0.69027,31
2026-01-01 01:41:00,1767231660000,1767231719999,BTC,1m,87848.0,87870.0,87870.0,87847.0,0.08273,55
2026-01-01 01:42:00,1767231720000,1767231779999,BTC,1m,87870.0,87872.0,87872.0,87870.0,0.14303,19
2026-01-01 01:43:00,1767231780000,1767231839999,BTC,1m,87872.0,87871.0,87872.0,87871.0,0.03973,24
2026-01-01 01:44:00,1767231840000,1767231899999,BTC,1m,87872.0,87881.0,87881.0,87871.0,2.5799,58
2026-01-01 01:45:00,1767231900000,1767231959999,BTC,1m,87881.0,87879.0,87881.0,87879.0,0.71741,37
2026-01-01 01:46:00,1767231960000,1767232019999,BTC,1m,87879.0,87875.0,87879.0,87872.0,0.19701,68
2026-01-01 01:47:00,1767232020000,1767232079999,BTC,1m,87878.0,87901.0,87915.0,87878.0,5.70866,136
2026-01-01 01:48:00,1767232080000,1767232139999,BTC,1m,87903.0,87907.0,87938.0,87903.0,1.5263,142
2026-01-01 01:49:00,1767232140000,1767232199999,BTC,1m,87907.0,87902.0,87907.0,87901.0,1.5794,49
2026-01-01 01:50:00,1767232200000,1767232259999,BTC,1m,87902.0,87902.0,87902.0,87901.0,0.13061,30
2026-01-01 01:51:00,1767232260000,1767232319999,BTC,1m,87902.0,87902.0,87902.0,87901.0,0.20486,27
2026-01-01 01:52:00,1767232320000,1767232379999,BTC,1m,87902.0,87910.0,87910.0,87901.0,0.15091,41
2026-01-01 01:53:00,1767232380000,1767232439999,BTC,1m,87911.0,87961.0,87969.0,87911.0,8.37025,142
2026-01-01 01:54:00,1767232440000,1767232499999,BTC,1m,87962.0,87997.0,88004.0,87961.0,55.91858,374
2026-01-01 01:55:00,1767232500000,1767232559999,BTC,1m,87997.0,88004.0,88005.0,87996.0,2.26251,67
2026-01-01 01:56:00,1767232560000,1767232619999,BTC,1m,88004.0,88007.0,88007.0,88004.0,0.67895,45
2026-01-01 01:57:00,1767232620000,1767232679999,BTC,1m,88006.0,87961.0,88008.0,87961.0,3.65941,168
2026-01-01 01:58:00,1767232680000,1767232739999,BTC,1m,87961.0,87956.0,87969.0,87947.0,15.65137,151
2026-01-01 01:59:00,1767232740000,1767232799999,BTC,1m,87956.0,87955.0,87956.0,87954.0,10.44865,52
2026-01-01 02:00:00,1767232800000,1767232859999,BTC,1m,87956.0,87903.0,87956.0,87900.0,3.56052,231
2026-01-01 02:01:00,1767232860000,1767232919999,BTC,1m,87903.0,87903.0,87903.0,87902.0,0.23426,34
2026-01-01 02:02:00,1767232920000,1767232979999,BTC,1m,87902.0,87904.0,87905.0,87902.0,0.20148,35
2026-01-01 02:03:00,1767232980000,1767233039999,BTC,1m,87905.0,87911.0,87911.0,87905.0,0.18438,41
2026-01-01 02:04:00,1767233040000,1767233099999,BTC,1m,87911.0,87950.0,87950.0,87910.0,1.27373,95
2026-01-01 02:05:00,1767233100000,1767233159999,BTC,1m,87950.0,87987.0,87988.0,87949.0,5.55771,120
2026-01-01 02:06:00,1767233160000,1767233219999,BTC,1m,87988.0,87991.0,87991.0,87987.0,9.04521,94
2026-01-01 02:07:00,1767233220000,1767233279999,BTC,1m,87991.0,88008.0,88009.0,87990.0,2.48847,70
2026-01-01 02:08:00,1767233280000,1767233339999,BTC,1m,88009.0,88003.0,88009.0,88003.0,21.77435,77
2026-01-01 02:09:00,1767233340000,1767233399999,BTC,1m,88004.0,88014.0,88014.0,88003.0,17.29561,110
2026-01-01 02:10:00,1767233400000,1767233459999,BTC,1m,88014.0,88022.0,88022.0,88013.0,3.95748,82
2026-01-01 02:11:00,1767233460000,1767233519999,BTC,1m,88022.0,88003.0,88022.0,88003.0,1.3472,66
2026-01-01 02:12:00,1767233520000,1767233579999,BTC,1m,88004.0,87980.0,88004.0,87976.0,14.79735,145
2026-01-01 02:13:00,1767233580000,1767233639999,BTC,1m,87979.0,87982.0,87982.0,87979.0,1.85975,50
2026-01-01 02:14:00,1767233640000,1767233699999,BTC,1m,87982.0,87983.0,87983.0,87981.0,0.41955,30
2026-01-01 02:15:00,1767233700000,1767233759999,BTC,1m,87983.0,87995.0,87995.0,87983.0,1.00386,54
2026-01-01 02:16:00,1767233760000,1767233819999,BTC,1m,87997.0,88029.0,88046.0,87997.0,2.14487,170
2026-01-01 02:17:00,1767233820000,1767233879999,BTC,1m,88028.0,88096.0,88096.0,88028.0,25.00262,318
2026-01-01 02:18:00,1767233880000,1767233939999,BTC,1m,88096.0,88038.0,88096.0,88037.0,9.47185,256
2026-01-01 02:19:00,1767233940000,1767233999999,BTC,1m,88038.0,87998.0,88038.0,87994.0,17.2497,186
2026-01-01 02:20:00,1767234000000,1767234059999,BTC,1m,87998.0,88013.0,88014.0,87997.0,0.15357,66
2026-01-01 02:21:00,1767234060000,1767234119999,BTC,1m,88014.0,87961.0,88014.0,87955.0,1.65318,164
2026-01-01 02:22:00,1767234120000,1767234179999,BTC,1m,87960.0,87982.0,87982.0,87960.0,0.20831,59
2026-01-01 02:23:00,1767234180000,1767234239999,BTC,1m,87982.0,87966.0,87983.0,87966.0,0.85004,66
2026-01-01 02:24:00,1767234240000,1767234299999,BTC,1m,87967.0,87958.0,87967.0,87958.0,8.2846,71
2026-01-01 02:25:00,1767234300000,1767234359999,BTC,1m,87959.0,87945.0,87959.0,87944.0,36.73736,206
2026-01-01 02:26:00,1767234360000,1767234419999,BTC,1m,87944.0,87947.0,87948.0,87944.0,0.86446,39
2026-01-01 02:27:00,1767234420000,1767234479999,BTC,1m,87947.0,87947.0,87948.0,87947.0,0.60202,29
2026-01-01 02:28:00,1767234480000,1767234539999,BTC,1m,87948.0,87949.0,87949.0,87947.0,1.74537,37
2026-01-01 02:29:00,1767234540000,1767234599999,BTC,1m,87948.0,87950.0,87950.0,87948.0,0.76043,38
2026-01-01 02:30:00,1767234600000,1767234659999,BTC,1m,87950.0,87949.0,87950.0,87948.0,5.82762,41
2026-01-01 02:31:00,1767234660000,1767234719999,BTC,1m,87949.0,87950.0,87950.0,87948.0,11.40428,46
2026-01-01 02:32:00,1767234720000,1767234779999,BTC,1m,87950.0,88016.0,88016.0,87950.0,27.76328,217
2026-01-01 02:33:00,1767234780000,1767234839999,BTC,1m,88016.0,88054.0,88055.0,88016.0,23.48565,123
2026-01-01 02:34:00,1767234840000,1767234899999,BTC,1m,88050.0,87977.0,88050.0,87977.0,3.58305,185
2026-01-01 02:35:00,1767234900000,1767234959999,BTC,1m,87979.0,87964.0,87994.0,87963.0,1.24034,113
2026-01-01 02:36:00,1767234960000,1767235019999,BTC,1m,87964.0,87949.0,87964.0,87948.0,0.15625,43
2026-01-01 02:37:00,1767235020000,1767235079999,BTC,1m,87949.0,87948.0,87949.0,87947.0,21.15054,85
2026-01-01 02:38:00,1767235080000,1767235139999,BTC,1m,87947.0,87959.0,87959.0,87947.0,1.60604,68
2026-01-01 02:39:00,1767235140000,1767235199999,BTC,1m,87959.0,87983.0,87989.0,87959.0,21.37976,154
2026-01-01 02:40:00,1767235200000,1767235259999,BTC,1m,87983.0,87997.0,87997.0,87983.0,1.27393,32
2026-01-01 02:41:00,1767235260000,1767235319999,BTC,1m,87997.0,87960.0,87997.0,87960.0,0.90177,101
2026-01-01 02:42:00,1767235320000,1767235379999,BTC,1m,87960.0,87961.0,87961.0,87960.0,0.22428,24
2026-01-01 02:43:00,1767235380000,1767235439999,BTC,1m,87961.0,87947.0,87961.0,87947.0,5.57505,53
2026-01-01 02:44:00,1767235440000,1767235499999,BTC,1m,87948.0,87949.0,87949.0,87937.0,14.54176,97
2026-01-01 02:45:00,1767235500000,1767235559999,BTC,1m,87949.0,87933.0,87954.0,87932.0,4.02543,77
2026-01-01 02:46:00,1767235560000,1767235619999,BTC,1m,87933.0,87942.0,87942.0,87932.0,0.61413,39
2026-01-01 02:47:00,1767235620000,1767235679999,BTC,1m,87942.0,87948.0,87948.0,87942.0,0.31791,38
2026-01-01 02:48:00,1767235680000,1767235739999,BTC,1m,87948.0,87948.0,87948.0,87947.0,0.03623,23
2026-01-01 02:49:00,1767235740000,1767235799999,BTC,1m,87947.0,87917.0,87947.0,87902.0,2.34021,125
2026-01-01 02:50:00,1767235800000,1767235859999,BTC,1m,87917.0,87916.0,87918.0,87915.0,0.23797,25
2026-01-01 02:51:00,1767235860000,1767235919999,BTC,1m,87916.0,87909.0,87916.0,87908.0,3.47526,53
2026-01-01 02:52:00,1767235920000,1767235979999,BTC,1m,87909.0,87892.0,87909.0,87885.0,3.48586,98
2026-01-01 02:53:00,1767235980000,1767236039999,BTC,1m,87893.0,87896.0,87903.0,87892.0,1.3479,48
2026-01-01 02:54:00,1767236040000,1767236099999,BTC,1m,87896.0,87896.0,87896.0,87895.0,0.17661,26
2026-01-01 02:55:00,1767236100000,1767236159999,BTC,1m,87896.0,87896.0,87896.0,87895.0,4.03315,28
2026-01-01 02:56:00,1767236160000,1767236219999,BTC,1m,87896.0,87907.0,87907.0,87895.0,0.09616,73
2026-01-01 02:57:00,1767236220000,1767236279999,BTC,1m,87907.0,87940.0,87946.0,87906.0,2.28278,144
2026-01-01 02:58:00,1767236280000,1767236339999,BTC,1m,87940.0,87913.0,87941.0,87912.0,0.428,79
2026-01-01 02:59:00,1767236340000,1767236399999,BTC,1m,87913.0,87902.0,87913.0,87902.0,1.04797,59
2026-01-01 03:00:00,1767236400000,1767236459999,BTC,1m,87903.0,87896.0,87903.0,87895.0,7.63303,63
2026-01-01 03:01:00,1767236460000,1767236519999,BTC,1m,87895.0,87895.0,87896.0,87895.0,1.31003,28
2026-01-01 03:02:00,1767236520000,1767236579999,BTC,1m,87896.0,87896.0,87896.0,87895.0,0.60924,22
2026-01-01 03:03:00,1767236580000,1767236639999,BTC,1m,87896.0,87886.0,87896.0,87878.0,6.71026,84
2026-01-01 03:04:00,1767236640000,1767236699999,BTC,1m,87886.0,87909.0,87909.0,87885.0,41.50608,210
2026-01-01 03:05:00,1767236700000,1767236759999,BTC,1m,87909.0,87927.0,87927.0,87908.0,0.49734,62
2026-01-01 03:06:00,1767236760000,1767236819999,BTC,1m,87927.0,87930.0,87930.0,87926.0,0.28451,34
2026-01-01 03:07:00,1767236820000,1767236879999,BTC,1m,87930.0,87911.0,87937.0,87910.0,0.89602,102
2026-01-01 03:08:00,1767236880000,1767236939999,BTC,1m,87910.0,87904.0,87929.0,87903.0,1.67701,76
2026-01-01 03:09:00,1767236940000,1767236999999,BTC,1m,87904.0,87916.0,87916.0,87903.0,0.95689,34
2026-01-01 03:10:00,1767237000000,1767237059999,BTC,1m,87916.0,87926.0,87926.0,87915.0,0.26904,32
2026-01-01 03:11:00,1767237060000,1767237119999,BTC,1m,87928.0,87932.0,87933.0,87928.0,0.03114,28
2026-01-01 03:12:00,1767237120000,1767237179999,BTC,1m,87933.0,87926.0,87933.0,87926.0,0.32887,54
2026-01-01 03:13:00,1767237180000,1767237239999,BTC,1m,87928.0,87943.0,87943.0,87928.0,1.06299,53
2026-01-01 03:14:00,1767237240000,1767237299999,BTC,1m,87942.0,87979.0,87979.0,87942.0,1.07231,81
2026-01-01 03:15:00,1767237300000,1767237359999,BTC,1m,87979.0,87974.0,87979.0,87974.0,0.58088,41
2026-01-01 03:16:00,1767237360000,1767237419999,BTC,1m,87975.0,87974.0,87975.0,87969.0,2.35539,43
2026-01-01 03:17:00,1767237420000,1767237479999,BTC,1m,87974.0,87992.0,87993.0,87973.0,3.97873,79
2026-01-01 03:18:00,1767237480000,1767237539999,BTC,1m,87993.0,88006.0,88006.0,87992.0,0.44222,58
2026-01-01 03:19:00,1767237540000,1767237599999,BTC,1m,88006.0,88010.0,88011.0,88004.0,4.52308,58
2026-01-01 03:20:00,1767237600000,1767237659999,BTC,1m,88011.0,88010.0,88011.0,88010.0,0.91329,36
2026-01-01 03:21:00,1767237660000,1767237719999,BTC,1m,88011.0,87955.0,88011.0,87955.0,2.23152,165
2026-01-01 03:22:00,1767237720000,1767237779999,BTC,1m,87956.0,87956.0,87956.0,87955.0,0.64011,36
2026-01-01 03:23:00,1767237780000,1767237839999,BTC,1m,87956.0,87932.0,87956.0,87932.0,2.79508,108
2026-01-01 03:24:00,1767237840000,1767237899999,BTC,1m,87933.0,87927.0,87933.0,87926.0,0.38911,38
2026-01-01 03:25:00,1767237900000,1767237959999,BTC,1m,87927.0,87893.0,87927.0,87892.0,5.84136,108
2026-01-01 03:26:00,1767237960000,1767238019999,BTC,1m,87894.0,87916.0,87916.0,87894.0,0.12204,61
2026-01-01 03:27:00,1767238020000,1767238079999,BTC,1m,87916.0,87916.0,87916.0,87915.0,0.36677,32
2026-01-01 03:28:00,1767238080000,1767238139999,BTC,1m,87916.0,87929.0,87931.0,87916.0,1.30042,53
2026-01-01 03:29:00,1767238140000,1767238199999,BTC,1m,87930.0,87925.0,87930.0,87925.0,3.68075,50
2026-01-01 03:30:00,1767238200000,1767238259999,BTC,1m,87926.0,87926.0,87926.0,87925.0,2.09716,26
2026-01-01 03:31:00,1767238260000,1767238319999,BTC,1m,87926.0,87901.0,87926.0,87900.0,18.64835,105
2026-01-01 03:32:00,1767238320000,1767238379999,BTC,1m,87901.0,87919.0,87920.0,87901.0,3.52704,75
2026-01-01 03:33:00,1767238380000,1767238439999,BTC,1m,87920.0,87919.0,87920.0,87916.0,0.07679,29
2026-01-01 03:34:00,1767238440000,1767238499999,BTC,1m,87919.0,87923.0,87924.0,87918.0,0.8011,31
2026-01-01 03:35:00,1767238500000,1767238559999,BTC,1m,87924.0,87924.0,87924.0,87923.0,0.02282,21
2026-01-01 03:36:00,1767238560000,1767238619999,BTC,1m,87924.0,87924.0,87924.0,87923.0,0.0078,22
2026-01-01 03:37:00,1767238620000,1767238679999,BTC,1m,87924.0,87923.0,87924.0,87923.0,0.60746,24
2026-01-01 03:38:00,1767238680000,1767238739999,BTC,1m,87924.0,87935.0,87941.0,87923.0,8.77126,78
2026-01-01 03:39:00,1767238740000,1767238799999,BTC,1m,87935.0,87934.0,87935.0,87934.0,2.36284,36
2026-01-01 03:40:00,1767238800000,1767238859999,BTC,1m,87935.0,87940.0,87940.0,87935.0,0.37054,35
2026-01-01 03:41:00,1767238860000,1767238919999,BTC,1m,87940.0,87946.0,87946.0,87939.0,0.70761,38
2026-01-01 03:42:00,1767238920000,1767238979999,BTC,1m,87946.0,87944.0,87946.0,87944.0,0.59002,26
2026-01-01 03:43:00,1767238980000,1767239039999,BTC,1m,87945.0,87934.0,87945.0,87934.0,0.6624,52
2026-01-01 03:44:00,1767239040000,1767239099999,BTC,1m,87935.0,87934.0,87935.0,87934.0,0.43414,32
2026-01-01 03:45:00,1767239100000,1767239159999,BTC,1m,87935.0,87935.0,87935.0,87934.0,0.74388,31
2026-01-01 03:46:00,1767239160000,1767239219999,BTC,1m,87935.0,87905.0,87935.0,87896.0,1.80305,132
2026-01-01 03:47:00,1767239220000,1767239279999,BTC,1m,87905.0,87911.0,87911.0,87904.0,0.33637,45
2026-01-01 03:48:00,1767239280000,1767239339999,BTC,1m,87911.0,87911.0,87911.0,87910.0,0.3706,27
2026-01-01 03:49:00,1767239340000,1767239399999,BTC,1m,87911.0,87911.0,87911.0,87910.0,0.06659,26
2026-01-01 03:50:00,1767239400000,1767239459999,BTC,1m,87911.0,87902.0,87911.0,87902.0,0.23558,46
2026-01-01 03:51:00,1767239460000,1767239519999,BTC,1m,87903.0,87885.0,87903.0,87885.0,1.22862,67
2026-01-01 03:52:00,1767239520000,1767239579999,BTC,1m,87886.0,87868.0,87886.0,87868.0,2.30707,82
2026-01-01 03:53:00,1767239580000,1767239639999,BTC,1m,87869.0,87859.0,87869.0,87847.0,2.32126,117
2026-01-01 03:54:00,1767239640000,1767239699999,BTC,1m,87860.0,87861.0,87862.0,87859.0,0.50884,40
2026-01-01 03:55:00,1767239700000,1767239759999,BTC,1m,87862.0,87861.0,87862.0,87861.0,0.3543,36
2026-01-01 03:56:00,1767239760000,1767239819999,BTC,1m,87862.0,87870.0,87870.0,87861.0,0.07435,46
2026-01-01 03:57:00,1767239820000,1767239879999,BTC,1m,87870.0,87862.0,87870.0,87861.0,0.33883,39
2026-01-01 03:58:00,1767239880000,1767239939999,BTC,1m,87862.0,87861.0,87862.0,87861.0,0.22006,29
2026-01-01 03:59:00,1767239940000,1767239999999,BTC,1m,87862.0,87839.0,87862.0,87831.0,30.09588,156
2026-01-01 04:00:00,1767240000000,1767240059999,BTC,1m,87839.0,87850.0,87854.0,87839.0,2.27508,85
2026-01-01 04:01:00,1767240060000,1767240119999,BTC,1m,87850.0,87836.0,87850.0,87836.0,0.53052,68
2026-01-01 04:02:00,1767240120000,1767240179999,BTC,1m,87837.0,87833.0,87837.0,87832.0,0.31639,47
2026-01-01 04:03:00,1767240180000,1767240239999,BTC,1m,87833.0,87806.0,87833.0,87806.0,3.48268,120
2026-01-01 04:04:00,1767240240000,1767240299999,BTC,1m,87807.0,87809.0,87809.0,87806.0,0.74495,46
2026-01-01 04:05:00,1767240300000,1767240359999,BTC,1m,87809.0,87809.0,87809.0,87808.0,0.87267,52
2026-01-01 04:06:00,1767240360000,1767240419999,BTC,1m,87809.0,87799.0,87834.0,87799.0,31.66967,225
2026-01-01 04:07:00,1767240420000,1767240479999,BTC,1m,87800.0,87760.0,87800.0,87760.0,26.63107,191
2026-01-01 04:08:00,1767240480000,1767240539999,BTC,1m,87761.0,87710.0,87761.0,87700.0,55.0592,318
2026-01-01 04:09:00,1767240540000,1767240599999,BTC,1m,87711.0,87701.0,87730.0,87700.0,3.28562,123
2026-01-01 04:10:00,1767240600000,1767240659999,BTC,1m,87701.0,87717.0,87718.0,87679.0,17.46344,255
2026-01-01 04:11:00,1767240660000,1767240719999,BTC,1m,87718.0,87691.0,87718.0,87691.0,1.36896,94
2026-01-01 04:12:00,1767240720000,1767240779999,BTC,1m,87692.0,87674.0,87692.0,87673.0,3.55465,100
2026-01-01 04:13:00,1767240780000,1767240839999,BTC,1m,87674.0,87660.0,87674.0,87654.0,31.76464,160
2026-01-01 04:14:00,1767240840000,1767240899999,BTC,1m,87660.0,87646.0,87672.0,87637.0,10.27706,209
2026-01-01 04:15:00,1767240900000,1767240959999,BTC,1m,87646.0,87638.0,87652.0,87637.0,16.60547,173
2026-01-01 04:16:00,1767240960000,1767241019999,BTC,1m,87638.0,87593.0,87638.0,87575.0,67.73534,357
2026-01-01 04:17:00,1767241020000,1767241079999,BTC,1m,87593.0,87610.0,87610.0,87552.0,25.88041,368
2026-01-01 04:18:00,1767241080000,1767241139999,BTC,1m,87605.0,87603.0,87605.0,87602.0,2.13296,73
2026-01-01 04:19:00,1767241140000,1767241199999,BTC,1m,87603.0,87564.0,87603.0,87550.0,18.40031,248
2026-01-01 04:20:00,1767241200000,1767241259999,BTC,1m,87564.0,87613.0,87613.0,87563.0,3.77504,200
2026-01-01 04:21:00,1767241260000,1767241319999,BTC,1m,87613.0,87587.0,87618.0,87587.0,6.61236,141
2026-01-01 04:22:00,1767241320000,1767241379999,BTC,1m,87588.0,87613.0,87614.0,87588.0,3.53224,134
2026-01-01 04:23:00,1767241380000,1767241439999,BTC,1m,87614.0,87597.0,87614.0,87597.0,2.72841,84
2026-01-01 04:24:00,1767241440000,1767241499999,BTC,1m,87598.0,87628.0,87637.0,87598.0,39.75418,231
2026-01-01 04:25:00,1767241500000,1767241559999,BTC,1m,87628.0,87651.0,87652.0,87622.0,3.15618,117
2026-01-01 04:26:00,1767241560000,1767241619999,BTC,1m,87651.0,87693.0,87700.0,87650.0,70.5871,348
2026-01-01 04:27:00,1767241620000,1767241679999,BTC,1m,87692.0,87647.0,87693.0,87647.0,4.27247,120
2026-01-01 04:28:00,1767241680000,1767241739999,BTC,1m,87647.0,87628.0,87648.0,87623.0,1.46887,103
2026-01-01 04:29:00,1767241740000,1767241799999,BTC,1m,87628.0,87628.0,87628.0,87627.0,0.7464,26
2026-01-01 04:30:00,1767241800000,1767241859999,BTC,1m,87628.0,87663.0,87665.0,87628.0,3.09989,107
2026-01-01 04:31:00,1767241860000,1767241919999,BTC,1m,87662.0,87640.0,87663.0,87639.0,0.89347,66
2026-01-01 04:32:00,1767241920000,1767241979999,BTC,1m,87640.0,87639.0,87640.0,87639.0,0.46054,44
2026-01-01 04:33:00,1767241980000,1767242039999,BTC,1m,87640.0,87633.0,87640.0,87633.0,0.79212,48
2026-01-01 04:34:00,1767242040000,1767242099999,BTC,1m,87633.0,87608.0,87634.0,87604.0,3.35326,136
2026-01-01 04:35:00,1767242100000,1767242159999,BTC,1m,87608.0,87623.0,87624.0,87608.0,0.6448,74
2026-01-01 04:36:00,1767242160000,1767242219999,BTC,1m,87622.0,87591.0,87622.0,87590.0,2.40441,109
2026-01-01 04:37:00,1767242220000,1767242279999,BTC,1m,87591.0,87604.0,87604.0,87585.0,0.16677,70
2026-01-01 04:38:00,1767242280000,1767242339999,BTC,1m,87604.0,87595.0,87607.0,87590.0,2.20033,85
2026-01-01 04:39:00,1767242340000,1767242399999,BTC,1m,87595.0,87613.0,87613.0,87595.0,0.22669,64
2026-01-01 04:40:00,1767242400000,1767242459999,BTC,1m,87613.0,87615.0,87615.0,87612.0,0.4306,38
2026-01-01 04:41:00,1767242460000,1767242519999,BTC,1m,87615.0,87629.0,87629.0,87614.0,0.78411,82
2026-01-01 04:42:00,1767242520000,1767242579999,BTC,1m,87628.0,87613.0,87643.0,87613.0,11.57687,190
2026-01-01 04:43:00,1767242580000,1767242639999,BTC,1m,87614.0,87591.0,87620.0,87590.0,0.90036,116
2026-01-01 04:44:00,1767242640000,1767242699999,BTC,1m,87591.0,87550.0,87592.0,87550.0,8.69317,183
2026-01-01 04:45:00,1767242700000,1767242759999,BTC,1m,87551.0,87577.0,87578.0,87551.0,1.30987,114
2026-01-01 04:46:00,1767242760000,1767242819999,BTC,1m,87578.0,87601.0,87603.0,87578.0,0.33881,77
2026-01-01 04:47:00,1767242820000,1767242879999,BTC,1m,87602.0,87636.0,87650.0,87602.0,2.77207,241
2026-01-01 04:48:00,1767242880000,1767242939999,BTC,1m,87635.0,87602.0,87635.0,87597.0,2.75521,141
2026-01-01 04:49:00,1767242940000,1767242999999,BTC,1m,87603.0,87604.0,87604.0,87602.0,0.48793,38
2026-01-01 04:50:00,1767243000000,1767243059999,BTC,1m,87606.0,87590.0,87608.0,87590.0,0.66013,76
2026-01-01 04:51:00,1767243060000,1767243119999,BTC,1m,87591.0,87591.0,87591.0,87590.0,4.07059,35
2026-01-01 04:52:00,1767243120000,1767243179999,BTC,1m,87591.0,87598.0,87598.0,87590.0,5.88704,83
2026-01-01 04:53:00,1767243180000,1767243239999,BTC,1m,87597.0,87598.0,87598.0,87597.0,0.25502,28
2026-01-01 04:54:00,1767243240000,1767243299999,BTC,1m,87598.0,87598.0,87598.0,87597.0,0.11449,41
2026-01-01 04:55:00,1767243300000,1767243359999,BTC,1m,87598.0,87605.0,87605.0,87597.0,4.29505,92
2026-01-01 04:56:00,1767243360000,1767243419999,BTC,1m,87604.0,87605.0,87605.0,87604.0,0.46268,37
2026-01-01 04:57:00,1767243420000,1767243479999,BTC,1m,87605.0,87611.0,87611.0,87604.0,0.63002,66
2026-01-01 04:58:00,1767243480000,1767243539999,BTC,1m,87609.0,87609.0,87610.0,87609.0,11.72994,75
2026-01-01 04:59:00,1767243540000,1767243599999,BTC,1m,87610.0,87597.0,87610.0,87596.0,0.58919,63
2026-01-01 05:00:00,1767243600000,1767243659999,BTC,1m,87597.0,87613.0,87613.0,87596.0,0.1088,62
2026-01-01 05:01:00,1767243660000,1767243719999,BTC,1m,87613.0,87640.0,87640.0,87613.0,2.19335,107
2026-01-01 05:02:00,1767243720000,1767243779999,BTC,1m,87639.0,87642.0,87642.0,87639.0,0.09722,28
2026-01-01 05:03:00,1767243780000,1767243839999,BTC,1m,87642.0,87670.0,87670.0,87642.0,1.34819,69
2026-01-01 05:04:00,1767243840000,1767243899999,BTC,1m,87670.0,87670.0,87670.0,87669.0,0.2448,25
2026-01-01 05:05:00,1767243900000,1767243959999,BTC,1m,87670.0,87670.0,87670.0,87669.0,0.7159,44
2026-01-01 05:06:00,1767243960000,1767244019999,BTC,1m,87670.0,87670.0,87670.0,87669.0,0.8029,31
2026-01-01 05:07:00,1767244020000,1767244079999,BTC,1m,87670.0,87714.0,87718.0,87670.0,6.25144,174
2026-01-01 05:08:00,1767244080000,1767244139999,BTC,1m,87714.0,87727.0,87728.0,87714.0,6.1424,121
2026-01-01 05:09:00,1767244140000,1767244199999,BTC,1m,87727.0,87713.0,87728.0,87713.0,7.17845,68
2026-01-01 05:10:00,1767244200000,1767244259999,BTC,1m,87714.0,87714.0,87715.0,87713.0,1.11577,47
2026-01-01 05:11:00,1767244260000,1767244319999,BTC,1m,87715.0,87725.0,87725.0,87714.0,1.16346,56
2026-01-01 05:12:00,1767244320000,1767244379999,BTC,1m,87725.0,87717.0,87725.0,87717.0,3.25224,48
2026-01-01 05:13:00,1767244380000,1767244439999,BTC,1m,87717.0,87711.0,87717.0,87711.0,11.10546,64
2026-01-01 05:14:00,1767244440000,1767244499999,BTC,1m,87710.0,87710.0,87711.0,87710.0,8.9884,45
2026-01-01 05:15:00,1767244500000,1767244559999,BTC,1m,87711.0,87711.0,87711.0,87710.0,2.40178,28
2026-01-01 05:16:00,1767244560000,1767244619999,BTC,1m,87711.0,87730.0,87736.0,87711.0,7.31256,123
2026-01-01 05:17:00,1767244620000,1767244679999,BTC,1m,87730.0,87730.0,87730.0,87729.0,0.43741,31
2026-01-01 05:18:00,1767244680000,1767244739999,BTC,1m,87730.0,87730.0,87730.0,87729.0,0.98734,32
2026-01-01 05:19:00,1767244740000,1767244799999,BTC,1m,87730.0,87731.0,87734.0,87730.0,6.89143,57
2026-01-01 05:20:00,1767244800000,1767244859999,BTC,1m,87731.0,87718.0,87731.0,87717.0,5.73596,81
2026-01-01 05:21:00,1767244860000,1767244919999,BTC,1m,87718.0,87718.0,87718.0,87717.0,13.95954,64
2026-01-01 05:22:00,1767244920000,1767244979999,BTC,1m,87718.0,87696.0,87718.0,87693.0,11.38986,150
2026-01-01 05:23:00,1767244980000,1767245039999,BTC,1m,87696.0,87706.0,87706.0,87673.0,2.78367,130
2026-01-01 05:24:00,1767245040000,1767245099999,BTC,1m,87707.0,87717.0,87721.0,87707.0,1.80707,72
2026-01-01 05:25:00,1767245100000,1767245159999,BTC,1m,87716.0,87684.0,87717.0,87680.0,0.50226,86
2026-01-01 05:26:00,1767245160000,1767245219999,BTC,1m,87684.0,87691.0,87691.0,87684.0,0.47244,38
2026-01-01 05:27:00,1767245220000,1767245279999,BTC,1m,87690.0,87718.0,87718.0,87690.0,6.18941,80
2026-01-01 05:28:00,1767245280000,1767245339999,BTC,1m,87717.0,87718.0,87718.0,87717.0,0.14373,21
2026-01-01 05:29:00,1767245340000,1767245399999,BTC,1m,87718.0,87718.0,87718.0,87717.0,1.36894,43
2026-01-01 05:30:00,1767245400000,1767245459999,BTC,1m,87718.0,87655.0,87721.0,87645.0,1.73606,197
2026-01-01 05:31:00,1767245460000,1767245519999,BTC,1m,87655.0,87657.0,87658.0,87655.0,1.10981,57
2026-01-01 05:32:00,1767245520000,1767245579999,BTC,1m,87657.0,87711.0,87711.0,87657.0,1.41667,120
2026-01-01 05:33:00,1767245580000,1767245639999,BTC,1m,87711.0,87741.0,87741.0,87711.0,2.2398,114
2026-01-01 05:34:00,1767245640000,1767245699999,BTC,1m,87741.0,87738.0,87741.0,87733.0,10.51977,98
2026-01-01 05:35:00,1767245700000,1767245759999,BTC,1m,87737.0,87736.0,87737.0,87735.0,0.04476,42
2026-01-01 05:36:00,1767245760000,1767245819999,BTC,1m,87736.0,87704.0,87736.0,87704.0,2.99831,96
2026-01-01 05:37:00,1767245820000,1767245879999,BTC,1m,87705.0,87705.0,87705.0,87704.0,0.37279,22
2026-01-01 05:38:00,1767245880000,1767245939999,BTC,1m,87705.0,87704.0,87705.0,87704.0,0.29564,46
2026-01-01 05:39:00,1767245940000,1767245999999,BTC,1m,87704.0,87705.0,87705.0,87704.0,0.27284,26
2026-01-01 05:40:00,1767246000000,1767246059999,BTC,1m,87705.0,87697.0,87705.0,87689.0,3.80068,129
2026-01-01 05:41:00,1767246060000,1767246119999,BTC,1m,87697.0,87702.0,87702.0,87697.0,0.1376,41
2026-01-01 05:42:00,1767246120000,1767246179999,BTC,1m,87702.0,87704.0,87705.0,87702.0,0.17676,27
2026-01-01 05:43:00,1767246180000,1767246239999,BTC,1m,87704.0,87705.0,87705.0,87704.0,0.41604,66
2026-01-01 05:44:00,1767246240000,1767246299999,BTC,1m,87706.0,87706.0,87706.0,87705.0,0.73014,29
2026-01-01 05:45:00,1767246300000,1767246359999,BTC,1m,87706.0,87712.0,87712.0,87705.0,1.34364,60
2026-01-01 05:46:00,1767246360000,1767246419999,BTC,1m,87712.0,87713.0,87713.0,87712.0,0.18484,29
2026-01-01 05:47:00,1767246420000,1767246479999,BTC,1m,87713.0,87713.0,87713.0,87712.0,0.31479,46
2026-01-01 05:48:00,1767246480000,1767246539999,BTC,1m,87712.0,87713.0,87713.0,87712.0,0.34879,23
2026-01-01 05:49:00,1767246540000,1767246599999,BTC,1m,87713.0,87713.0,87713.0,87712.0,0.01556,35
2026-01-01 05:50:00,1767246600000,1767246659999,BTC,1m,87712.0,87717.0,87717.0,87712.0,0.12793,66
2026-01-01 05:51:00,1767246660000,1767246719999,BTC,1m,87717.0,87716.0,87717.0,87716.0,0.08818,32
2026-01-01 05:52:00,1767246720000,1767246779999,BTC,1m,87717.0,87717.0,87717.0,87716.0,1.01554,30
2026-01-01 05:53:00,1767246780000,1767246839999,BTC,1m,87717.0,87722.0,87735.0,87717.0,1.37569,113
2026-01-01 05:54:00,1767246840000,1767246899999,BTC,1m,87721.0,87722.0,87722.0,87721.0,0.01767,18
2026-01-01 05:55:00,1767246900000,1767246959999,BTC,1m,87722.0,87722.0,87722.0,87721.0,0.03892,21
2026-01-01 05:56:00,1767246960000,1767247019999,BTC,1m,87722.0,87717.0,87722.0,87717.0,0.96758,47
2026-01-01 05:57:00,1767247020000,1767247079999,BTC,1m,87718.0,87717.0,87718.0,87717.0,0.61938,30
2026-01-01 05:58:00,1767247080000,1767247139999,BTC,1m,87718.0,87718.0,87718.0,87717.0,0.33685,18
2026-01-01 05:59:00,1767247140000,1767247199999,BTC,1m,87718.0,87718.0,87718.0,87717.0,0.15161,22
2026-01-01 06:00:00,1767247200000,1767247259999,BTC,1m,87718.0,87718.0,87718.0,87717.0,0.01218,22
2026-01-01 06:01:00,1767247260000,1767247319999,BTC,1m,87717.0,87713.0,87718.0,87712.0,0.60194,38
2026-01-01 06:02:00,1767247320000,1767247379999,BTC,1m,87712.0,87672.0,87712.0,87658.0,3.37456,182
2026-01-01 06:03:00,1767247380000,1767247439999,BTC,1m,87672.0,87675.0,87675.0,87671.0,0.10017,26
2026-01-01 06:04:00,1767247440000,1767247499999,BTC,1m,87675.0,87674.0,87675.0,87674.0,0.20421,42
2026-01-01 06:05:00,1767247500000,1767247559999,BTC,1m,87674.0,87675.0,87675.0,87674.0,0.50599,38
2026-01-01 06:06:00,1767247560000,1767247619999,BTC,1m,87676.0,87676.0,87676.0,87675.0,0.27578,23
2026-01-01 06:07:00,1767247620000,1767247679999,BTC,1m,87675.0,87663.0,87675.0,87663.0,0.1613,56
2026-01-01 06:08:00,1767247680000,1767247739999,BTC,1m,87664.0,87646.0,87664.0,87646.0,3.55489,91
2026-01-01 06:09:00,1767247740000,1767247799999,BTC,1m,87646.0,87647.0,87647.0,87646.0,0.4411,26
2026-01-01 06:10:00,1767247800000,1767247859999,BTC,1m,87647.0,87650.0,87657.0,87646.0,0.9966,60
2026-01-01 06:11:00,1767247860000,1767247919999,BTC,1m,87649.0,87648.0,87650.0,87648.0,5.5861,65
2026-01-01 06:12:00,1767247920000,1767247979999,BTC,1m,87648.0,87648.0,87648.0,87647.0,0.25628,28
2026-01-01 06:13:00,1767247980000,1767248039999,BTC,1m,87648.0,87648.0,87648.0,87648.0,0.36985,69
2026-01-01 06:14:00,1767248040000,1767248099999,BTC,1m,87648.0,87648.0,87648.0,87647.0,3.96699,37
2026-01-01 06:15:00,1767248100000,1767248159999,BTC,1m,87648.0,87654.0,87654.0,87647.0,6.44671,59
2026-01-01 06:16:00,1767248160000,1767248219999,BTC,1m,87654.0,87661.0,87662.0,87654.0,1.85931,43
2026-01-01 06:17:00,1767248220000,1767248279999,BTC,1m,87661.0,87660.0,87662.0,87660.0,0.45397,33
2026-01-01 06:18:00,1767248280000,1767248339999,BTC,1m,87661.0,87660.0,87661.0,87659.0,0.07955,22
2026-01-01 06:19:00,1767248340000,1767248399999,BTC,1m,87660.0,87660.0,87660.0,87659.0,5.23608,50
2026-01-01 06:20:00,1767248400000,1767248459999,BTC,1m,87660.0,87662.0,87662.0,87660.0,0.76793,32
2026-01-01 06:21:00,1767248460000,1767248519999,BTC,1m,87662.0,87663.0,87664.0,87661.0,1.82425,41
2026-01-01 06:22:00,1767248520000,1767248579999,BTC,1m,87663.0,87664.0,87664.0,87663.0,0.38764,25
2026-01-01 06:23:00,1767248580000,1767248639999,BTC,1m,87664.0,87664.0,87664.0,87663.0,0.16319,19
2026-01-01 06:24:00,1767248640000,1767248699999,BTC,1m,87663.0,87663.0,87664.0,87663.0,0.13913,19
2026-01-01 06:25:00,1767248700000,1767248759999,BTC,1m,87664.0,87663.0,87664.0,87663.0,0.17775,25
2026-01-01 06:26:00,1767248760000,1767248819999,BTC,1m,87664.0,87667.0,87667.0,87664.0,0.25231,32
2026-01-01 06:27:00,1767248820000,1767248879999,BTC,1m,87667.0,87667.0,87667.0,87666.0,0.61743,30
2026-01-01 06:28:00,1767248880000,1767248939999,BTC,1m,87666.0,87669.0,87669.0,87666.0,0.61798,31
2026-01-01 06:29:00,1767248940000,1767248999999,BTC,1m,87669.0,87669.0,87669.0,87668.0,0.54705,28
2026-01-01 06:30:00,1767249000000,1767249059999,BTC,1m,87669.0,87669.0,87669.0,87668.0,0.5798,19
2026-01-01 06:31:00,1767249060000,1767249119999,BTC,1m,87669.0,87678.0,87679.0,87669.0,0.36778,51
2026-01-01 06:32:00,1767249120000,1767249179999,BTC,1m,87679.0,87679.0,87679.0,87679.0,0.01836,19
2026-01-01 06:33:00,1767249180000,1767249239999,BTC,1m,87679.0,87679.0,87679.0,87679.0,0.06988,16
2026-01-01 06:34:00,1767249240000,1767249299999,BTC,1m,87679.0,87679.0,87680.0,87678.0,0.16755,30
2026-01-01 06:35:00,1767249300000,1767249359999,BTC,1m,87680.0,87680.0,87680.0,87679.0,0.04065,20
2026-01-01 06:36:00,1767249360000,1767249419999,BTC,1m,87679.0,87680.0,87680.0,87679.0,0.02302,23
2026-01-01 06:37:00,1767249420000,1767249479999,BTC,1m,87680.0,87679.0,87680.0,87678.0,0.48053,35
2026-01-01 06:38:00,1767249480000,1767249539999,BTC,1m,87679.0,87679.0,87679.0,87678.0,0.24184,22
2026-01-01 06:39:00,1767249540000,1767249599999,BTC,1m,87679.0,87679.0,87679.0,87679.0,0.07916,19
2026-01-01 06:40:00,1767249600000,1767249659999,BTC,1m,87679.0,87679.0,87679.0,87678.0,0.30901,28
2026-01-01 06:41:00,1767249660000,1767249719999,BTC,1m,87678.0,87679.0,87679.0,87678.0,0.28503,33
2026-01-01 06:42:00,1767249720000,1767249779999,BTC,1m,87679.0,87679.0,87679.0,87678.0,0.03682,20
2026-01-01 06:43:00,1767249780000,1767249839999,BTC,1m,87679.0,87688.0,87688.0,87679.0,8.42158,114
2026-01-01 06:44:00,1767249840000,1767249899999,BTC,1m,87687.0,87669.0,87687.0,87669.0,0.23918,50
2026-01-01 06:45:00,1767249900000,1767249959999,BTC,1m,87670.0,87670.0,87670.0,87669.0,0.02758,24
2026-01-01 06:46:00,1767249960000,1767250019999,BTC,1m,87669.0,87670.0,87670.0,87669.0,0.01729,17
2026-01-01 06:47:00,1767250020000,1767250079999,BTC,1m,87669.0,87670.0,87670.0,87669.0,0.0272,11
2026-01-01 06:48:00,1767250080000,1767250139999,BTC,1m,87670.0,87670.0,87670.0,87669.0,0.01245,15
2026-01-01 06:49:00,1767250140000,1767250199999,BTC,1m,87670.0,87670.0,87671.0,87669.0,2.50967,41
2026-01-01 06:50:00,1767250200000,1767250259999,BTC,1m,87670.0,87671.0,87671.0,87670.0,0.59923,28
2026-01-01 06:51:00,1767250260000,1767250319999,BTC,1m,87670.0,87671.0,87671.0,87670.0,0.22702,19
2026-01-01 06:52:00,1767250320000,1767250379999,BTC,1m,87670.0,87671.0,87671.0,87670.0,0.16157,21
2026-01-01 06:53:00,1767250380000,1767250439999,BTC,1m,87671.0,87671.0,87671.0,87670.0,0.20941,22
2026-01-01 06:54:00,1767250440000,1767250499999,BTC,1m,87671.0,87671.0,87671.0,87671.0,0.01894,13
2026-01-01 06:55:00,1767250500000,1767250559999,BTC,1m,87670.0,87670.0,87671.0,87670.0,0.41304,35
2026-01-01 06:56:00,1767250560000,1767250619999,BTC,1m,87670.0,87671.0,87671.0,87670.0,0.67063,48
2026-01-01 06:57:00,1767250620000,1767250679999,BTC,1m,87670.0,87670.0,87671.0,87670.0,0.83393,49
2026-01-01 06:58:00,1767250680000,1767250739999,BTC,1m,87670.0,87664.0,87671.0,87664.0,0.98567,65
2026-01-01 06:59:00,1767250740000,1767250799999,BTC,1m,87664.0,87664.0,87665.0,87664.0,0.98274,55
2026-01-01 07:00:00,1767250800000,1767250859999,BTC,1m,87664.0,87664.0,87665.0,87664.0,1.00485,58
2026-01-01 07:01:00,1767250860000,1767250919999,BTC,1m,87664.0,87665.0,87665.0,87664.0,0.99116,37
2026-01-01 07:02:00,1767250920000,1767250979999,BTC,1m,87664.0,87665.0,87665.0,87664.0,0.31997,27
2026-01-01 07:03:00,1767250980000,1767251039999,BTC,1m,87664.0,87665.0,87665.0,87664.0,0.48844,22
2026-01-01 07:04:00,1767251040000,1767251099999,BTC,1m,87664.0,87665.0,87665.0,87664.0,2.12652,36
2026-01-01 07:05:00,1767251100000,1767251159999,BTC,1m,87664.0,87665.0,87665.0,87664.0,0.50649,25
2026-01-01 07:06:00,1767251160000,1767251219999,BTC,1m,87664.0,87665.0,87665.0,87664.0,0.36537,20
2026-01-01 07:07:00,1767251220000,1767251279999,BTC,1m,87665.0,87666.0,87667.0,87664.0,1.99961,40
2026-01-01 07:08:00,1767251280000,1767251339999,BTC,1m,87666.0,87677.0,87677.0,87666.0,1.01949,39
2026-01-01 07:09:00,1767251340000,1767251399999,BTC,1m,87677.0,87675.0,87677.0,87674.0,0.39933,30
2026-01-01 07:10:00,1767251400000,1767251459999,BTC,1m,87674.0,87671.0,87675.0,87671.0,0.40678,31
2026-01-01 07:11:00,1767251460000,1767251519999,BTC,1m,87671.0,87616.0,87672.0,87602.0,19.44442,299
2026-01-01 07:12:00,1767251520000,1767251579999,BTC,1m,87617.0,87633.0,87634.0,87617.0,0.26679,58
2026-01-01 07:13:00,1767251580000,1767251639999,BTC,1m,87634.0,87634.0,87634.0,87633.0,1.52771,28
2026-01-01 07:14:00,1767251640000,1767251699999,BTC,1m,87634.0,87649.0,87649.0,87634.0,1.59159,58
2026-01-01 07:15:00,1767251700000,1767251759999,BTC,1m,87649.0,87672.0,87673.0,87649.0,0.06595,70
2026-01-01 07:16:00,1767251760000,1767251819999,BTC,1m,87673.0,87675.0,87675.0,87672.0,1.07668,47
2026-01-01 07:17:00,1767251820000,1767251879999,BTC,1m,87675.0,87674.0,87675.0,87674.0,0.06601,18
2026-01-01 07:18:00,1767251880000,1767251939999,BTC,1m,87675.0,87674.0,87675.0,87674.0,0.28604,16
2026-01-01 07:19:00,1767251940000,1767251999999,BTC,1m,87674.0,87673.0,87674.0,87673.0,0.22798,21
2026-01-01 07:20:00,1767252000000,1767252059999,BTC,1m,87674.0,87674.0,87674.0,87673.0,1.18683,31
2026-01-01 07:21:00,1767252060000,1767252119999,BTC,1m,87673.0,87674.0,87674.0,87673.0,4.22791,27
2026-01-01 07:22:00,1767252120000,1767252179999,BTC,1m,87674.0,87674.0,87674.0,87673.0,6.99229,40
2026-01-01 07:23:00,1767252180000,1767252239999,BTC,1m,87674.0,87674.0,87674.0,87673.0,0.13837,24
2026-01-01 07:24:00,1767252240000,1767252299999,BTC,1m,87674.0,87674.0,87674.0,87674.0,0.00526,13
2026-01-01 07:25:00,1767252300000,1767252359999,BTC,1m,87674.0,87673.0,87674.0,87673.0,0.7834,24
2026-01-01 07:26:00,1767252360000,1767252419999,BTC,1m,87673.0,87642.0,87673.0,87640.0,15.31566,114
2026-01-01 07:27:00,1767252420000,1767252479999,BTC,1m,87642.0,87643.0,87643.0,87641.0,0.26445,21
2026-01-01 07:28:00,1767252480000,1767252539999,BTC,1m,87643.0,87643.0,87643.0,87642.0,0.04312,15
2026-01-01 07:29:00,1767252540000,1767252599999,BTC,1m,87643.0,87609.0,87643.0,87604.0,1.40752,103
2026-01-01 07:30:00,1767252600000,1767252659999,BTC,1m,87609.0,87639.0,87640.0,87609.0,0.31985,44
2026-01-01 07:31:00,1767252660000,1767252719999,BTC,1m,87640.0,87650.0,87650.0,87640.0,0.86107,44
2026-01-01 07:32:00,1767252720000,1767252779999,BTC,1m,87652.0,87663.0,87663.0,87652.0,0.99378,61
2026-01-01 07:33:00,1767252780000,1767252839999,BTC,1m,87663.0,87662.0,87663.0,87662.0,1.53413,30
2026-01-01 07:34:00,1767252840000,1767252899999,BTC,1m,87663.0,87669.0,87670.0,87662.0,4.58584,82
2026-01-01 07:35:00,1767252900000,1767252959999,BTC,1m,87670.0,87653.0,87670.0,87652.0,1.30075,60
2026-01-01 07:36:00,1767252960000,1767253019999,BTC,1m,87652.0,87656.0,87656.0,87652.0,0.39045,30
2026-01-01 07:37:00,1767253020000,1767253079999,BTC,1m,87656.0,87670.0,87670.0,87655.0,0.17577,49
2026-01-01 07:38:00,1767253080000,1767253139999,BTC,1m,87670.0,87674.0,87675.0,87670.0,0.01597,23
2026-01-01 07:39:00,1767253140000,1767253199999,BTC,1m,87675.0,87661.0,87675.0,87654.0,10.96737,127
2026-01-01 07:40:00,1767253200000,1767253259999,BTC,1m,87660.0,87664.0,87665.0,87660.0,5.02567,45
2026-01-01 07:41:00,1767253260000,1767253319999,BTC,1m,87664.0,87667.0,87667.0,87664.0,0.11087,17
2026-01-01 07:42:00,1767253320000,1767253379999,BTC,1m,87667.0,87666.0,87667.0,87659.0,9.64465,74
2026-01-01 07:43:00,1767253380000,1767253439999,BTC,1m,87665.0,87660.0,87666.0,87660.0,1.61992,51
2026-01-01 07:44:00,1767253440000,1767253499999,BTC,1m,87661.0,87650.0,87661.0,87649.0,1.27672,47
2026-01-01 07:45:00,1767253500000,1767253559999,BTC,1m,87649.0,87638.0,87649.0,87632.0,0.67245,65
2026-01-01 07:46:00,1767253560000,1767253619999,BTC,1m,87637.0,87646.0,87646.0,87637.0,10.47477,69
2026-01-01 07:47:00,1767253620000,1767253679999,BTC,1m,87645.0,87649.0,87649.0,87645.0,0.04258,19
2026-01-01 07:48:00,1767253680000,1767253739999,BTC,1m,87648.0,87649.0,87649.0,87648.0,9.72349,75
2026-01-01 07:49:00,1767253740000,1767253799999,BTC,1m,87649.0,87652.0,87652.0,87648.0,1.01091,41
2026-01-01 07:50:00,1767253800000,1767253859999,BTC,1m,87652.0,87673.0,87674.0,87652.0,0.24553,58
2026-01-01 07:51:00,1767253860000,1767253919999,BTC,1m,87673.0,87673.0,87674.0,87673.0,0.30171,44
2026-01-01 07:52:00,1767253920000,1767253979999,BTC,1m,87673.0,87673.0,87674.0,87673.0,1.82525,55
2026-01-01 07:53:00,1767253980000,1767254039999,BTC,1m,87673.0,87674.0,87674.0,87673.0,0.77658,40
2026-01-01 07:54:00,1767254040000,1767254099999,BTC,1m,87673.0,87675.0,87675.0,87673.0,1.13472,28
2026-01-01 07:55:00,1767254100000,1767254159999,BTC,1m,87674.0,87618.0,87675.0,87617.0,2.42533,154
2026-01-01 07:56:00,1767254160000,1767254219999,BTC,1m,87618.0,87621.0,87621.0,87617.0,0.34549,58
2026-01-01 07:57:00,1767254220000,1767254279999,BTC,1m,87621.0,87638.0,87638.0,87620.0,0.16287,65
2026-01-01 07:58:00,1767254280000,1767254339999,BTC,1m,87638.0,87642.0,87642.0,87638.0,1.26368,47
2026-01-01 07:59:00,1767254340000,1767254399999,BTC,1m,87641.0,87642.0,87642.0,87641.0,0.22429,43
2026-01-01 08:00:00,1767254400000,1767254459999,BTC,1m,87641.0,87648.0,87648.0,87632.0,4.20615,92
2026-01-01 08:01:00,1767254460000,1767254519999,BTC,1m,87647.0,87654.0,87654.0,87647.0,0.1051,36
2026-01-01 08:02:00,1767254520000,1767254579999,BTC,1m,87654.0,87680.0,87703.0,87654.0,3.19799,261
2026-01-01 08:03:00,1767254580000,1767254639999,BTC,1m,87680.0,87669.0,87686.0,87669.0,2.6662,107
2026-01-01 08:04:00,1767254640000,1767254699999,BTC,1m,87669.0,87666.0,87669.0,87666.0,0.48532,54
2026-01-01 08:05:00,1767254700000,1767254759999,BTC,1m,87667.0,87684.0,87684.0,87666.0,0.3315,62
2026-01-01 08:06:00,1767254760000,1767254819999,BTC,1m,87685.0,87714.0,87715.0,87684.0,2.60485,91
2026-01-01 08:07:00,1767254820000,1767254879999,BTC,1m,87715.0,87751.0,87761.0,87715.0,1.49554,142
2026-01-01 08:08:00,1767254880000,1767254939999,BTC,1m,87750.0,87769.0,87769.0,87750.0,0.53065,101
2026-01-01 08:09:00,1767254940000,1767254999999,BTC,1m,87769.0,87819.0,87827.0,87769.0,26.91129,259
2026-01-01 08:10:00,1767255000000,1767255059999,BTC,1m,87820.0,87806.0,87820.0,87806.0,4.62286,79
2026-01-01 08:11:00,1767255060000,1767255119999,BTC,1m,87807.0,87771.0,87807.0,87770.0,2.11356,119
2026-01-01 08:12:00,1767255120000,1767255179999,BTC,1m,87771.0,87778.0,87778.0,87770.0,1.38589,64
2026-01-01 08:13:00,1767255180000,1767255239999,BTC,1m,87777.0,87767.0,87778.0,87766.0,2.19199,65
2026-01-01 08:14:00,1767255240000,1767255299999,BTC,1m,87766.0,87755.0,87766.0,87740.0,2.29303,152
2026-01-01 08:15:00,1767255300000,1767255359999,BTC,1m,87755.0,87762.0,87763.0,87754.0,1.24254,59
2026-01-01 08:16:00,1767255360000,1767255419999,BTC,1m,87763.0,87771.0,87771.0,87762.0,2.13101,48
2026-01-01 08:17:00,1767255420000,1767255479999,BTC,1m,87771.0,87744.0,87771.0,87728.0,2.22738,159
2026-01-01 08:18:00,1767255480000,1767255539999,BTC,1m,87743.0,87729.0,87744.0,87721.0,0.28236,76
2026-01-01 08:19:00,1767255540000,1767255599999,BTC,1m,87729.0,87731.0,87731.0,87711.0,1.50942,107
2026-01-01 08:20:00,1767255600000,1767255659999,BTC,1m,87731.0,87743.0,87743.0,87730.0,0.72567,63
2026-01-01 08:21:00,1767255660000,1767255719999,BTC,1m,87742.0,87743.0,87743.0,87742.0,0.32143,32
2026-01-01 08:22:00,1767255720000,1767255779999,BTC,1m,87743.0,87743.0,87743.0,87742.0,0.44246,46
2026-01-01 08:23:00,1767255780000,1767255839999,BTC,1m,87743.0,87742.0,87743.0,87742.0,0.4443,36
2026-01-01 08:24:00,1767255840000,1767255899999,BTC,1m,87742.0,87743.0,87743.0,87742.0,0.93875,23
2026-01-01 08:25:00,1767255900000,1767255959999,BTC,1m,87742.0,87743.0,87743.0,87742.0,1.50349,42
2026-01-01 08:26:00,1767255960000,1767256019999,BTC,1m,87742.0,87742.0,87743.0,87742.0,1.526,56
2026-01-01 08:27:00,1767256020000,1767256079999,BTC,1m,87742.0,87743.0,87743.0,87742.0,0.45977,24
2026-01-01 08:28:00,1767256080000,1767256139999,BTC,1m,87742.0,87742.0,87743.0,87742.0,0.20586,42
2026-01-01 08:29:00,1767256140000,1767256199999,BTC,1m,87743.0,87743.0,87743.0,87742.0,1.11151,38
2026-01-01 08:30:00,1767256200000,1767256259999,BTC,1m,87742.0,87743.0,87743.0,87742.0,0.31036,30
2026-01-01 08:31:00,1767256260000,1767256319999,BTC,1m,87743.0,87745.0,87745.0,87743.0,0.17859,48
2026-01-01 08:32:00,1767256320000,1767256379999,BTC,1m,87745.0,87761.0,87762.0,87745.0,0.90909,80
2026-01-01 08:33:00,1767256380000,1767256439999,BTC,1m,87761.0,87774.0,87774.0,87755.0,22.22134,193
2026-01-01 08:34:00,1767256440000,1767256499999,BTC,1m,87774.0,87779.0,87781.0,87774.0,10.36639,92
2026-01-01 08:35:00,1767256500000,1767256559999,BTC,1m,87780.0,87766.0,87780.0,87762.0,0.42668,92
2026-01-01 08:36:00,1767256560000,1767256619999,BTC,1m,87766.0,87766.0,87767.0,87766.0,0.21641,76
2026-01-01 08:37:00,1767256620000,1767256679999,BTC,1m,87766.0,87749.0,87767.0,87749.0,2.1537,96
2026-01-01 08:38:00,1767256680000,1767256739999,BTC,1m,87749.0,87743.0,87750.0,87742.0,4.56538,57
2026-01-01 08:39:00,1767256740000,1767256799999,BTC,1m,87742.0,87743.0,87743.0,87742.0,1.88518,81
2026-01-01 08:40:00,1767256800000,1767256859999,BTC,1m,87743.0,87743.0,87743.0,87742.0,5.95484,124
2026-01-01 08:41:00,1767256860000,1767256919999,BTC,1m,87742.0,87742.0,87743.0,87741.0,3.77634,59
2026-01-01 08:42:00,1767256920000,1767256979999,BTC,1m,87742.0,87735.0,87742.0,87735.0,1.3032,129
2026-01-01 08:43:00,1767256980000,1767257039999,BTC,1m,87735.0,87705.0,87736.0,87704.0,1.73018,117
2026-01-01 08:44:00,1767257040000,1767257099999,BTC,1m,87704.0,87693.0,87711.0,87693.0,0.63578,105
2026-01-01 08:45:00,1767257100000,1767257159999,BTC,1m,87694.0,87702.0,87702.0,87694.0,0.15015,154
2026-01-01 08:46:00,1767257160000,1767257219999,BTC,1m,87702.0,87719.0,87720.0,87701.0,1.04251,183
2026-01-01 08:47:00,1767257220000,1767257279999,BTC,1m,87719.0,87730.0,87730.0,87719.0,2.95666,91
2026-01-01 08:48:00,1767257280000,1767257339999,BTC,1m,87730.0,87726.0,87730.0,87725.0,1.81329,59
2026-01-01 08:49:00,1767257340000,1767257399999,BTC,1m,87726.0,87726.0,87726.0,87725.0,1.1283,32
2026-01-01 08:50:00,1767257400000,1767257459999,BTC,1m,87725.0,87726.0,87726.0,87725.0,1.08402,25
2026-01-01 08:51:00,1767257460000,1767257519999,BTC,1m,87726.0,87725.0,87726.0,87725.0,0.37442,53
2026-01-01 08:52:00,1767257520000,1767257579999,BTC,1m,87725.0,87739.0,87739.0,87725.0,2.3541,169
2026-01-01 08:53:00,1767257580000,1767257639999,BTC,1m,87739.0,87738.0,87739.0,87738.0,0.16658,37
2026-01-01 08:54:00,1767257640000,1767257699999,BTC,1m,87738.0,87739.0,87739.0,87738.0,0.12023,44
2026-01-01 08:55:00,1767257700000,1767257759999,BTC,1m,87738.0,87738.0,87739.0,87738.0,0.09092,43
2026-01-01 08:56:00,1767257760000,1767257819999,BTC,1m,87738.0,87738.0,87739.0,87738.0,0.04654,39
2026-01-01 08:57:00,1767257820000,1767257879999,BTC,1m,87738.0,87752.0,87752.0,87738.0,1.25211,176
2026-01-01 08:58:00,1767257880000,1767257939999,BTC,1m,87752.0,87774.0,87774.0,87752.0,0.85979,66
2026-01-01 08:59:00,1767257940000,1767257999999,BTC,1m,87774.0,87774.0,87774.0,87773.0,0.14437,20
2026-01-01 09:00:00,1767258000000,1767258059999,BTC,1m,87774.0,87774.0,87774.0,87773.0,0.04441,42
2026-01-01 09:01:00,1767258060000,1767258119999,BTC,1m,87774.0,87774.0,87774.0,87773.0,0.13771,45
2026-01-01 09:02:00,1767258120000,1767258179999,BTC,1m,87774.0,87773.0,87774.0,87773.0,0.47862,37
2026-01-01 09:03:00,1767258180000,1767258239999,BTC,1m,87773.0,87773.0,87774.0,87773.0,1.81096,57
2026-01-01 09:04:00,1767258240000,1767258299999,BTC,1m,87773.0,87782.0,87782.0,87773.0,2.3117,130
2026-01-01 09:05:00,1767258300000,1767258359999,BTC,1m,87782.0,87778.0,87782.0,87778.0,5.16583,49
2026-01-01 09:06:00,1767258360000,1767258419999,BTC,1m,87779.0,87757.0,87779.0,87757.0,0.95928,97
2026-01-01 09:07:00,1767258420000,1767258479999,BTC,1m,87758.0,87776.0,87776.0,87757.0,1.61796,100
2026-01-01 09:08:00,1767258480000,1767258539999,BTC,1m,87776.0,87800.0,87800.0,87775.0,0.30023,82
2026-01-01 09:09:00,1767258540000,1767258599999,BTC,1m,87800.0,87801.0,87802.0,87799.0,1.58269,56
2026-01-01 09:10:00,1767258600000,1767258659999,BTC,1m,87802.0,87811.0,87811.0,87801.0,0.74386,56
2026-01-01 09:11:00,1767258660000,1767258719999,BTC,1m,87811.0,87822.0,87823.0,87811.0,1.37722,64
2026-01-01 09:12:00,1767258720000,1767258779999,BTC,1m,87822.0,87854.0,87854.0,87822.0,0.31105,91
2026-01-01 09:13:00,1767258780000,1767258839999,BTC,1m,87854.0,87860.0,87860.0,87854.0,1.92503,42
2026-01-01 09:14:00,1767258840000,1767258899999,BTC,1m,87859.0,87859.0,87860.0,87859.0,3.98701,60
2026-01-01 09:15:00,1767258900000,1767258959999,BTC,1m,87860.0,87859.0,87860.0,87859.0,2.20253,36
2026-01-01 09:16:00,1767258960000,1767259019999,BTC,1m,87860.0,87901.0,87901.0,87860.0,34.63678,274
2026-01-01 09:17:00,1767259020000,1767259079999,BTC,1m,87900.0,87901.0,87901.0,87900.0,1.2925,51
2026-01-01 09:18:00,1767259080000,1767259139999,BTC,1m,87900.0,87948.0,87949.0,87900.0,10.06828,216
2026-01-01 09:19:00,1767259140000,1767259199999,BTC,1m,87948.0,87950.0,87973.0,87948.0,7.8242,207
2026-01-01 09:20:00,1767259200000,1767259259999,BTC,1m,87950.0,87912.0,87950.0,87912.0,4.55334,144
2026-01-01 09:21:00,1767259260000,1767259319999,BTC,1m,87912.0,87887.0,87913.0,87885.0,2.97437,120
2026-01-01 09:22:00,1767259320000,1767259379999,BTC,1m,87887.0,87880.0,87887.0,87880.0,1.13038,53
2026-01-01 09:23:00,1767259380000,1767259439999,BTC,1m,87880.0,87863.0,87880.0,87834.0,3.72011,193
2026-01-01 09:24:00,1767259440000,1767259499999,BTC,1m,87864.0,87876.0,87876.0,87863.0,2.1612,72
2026-01-01 09:25:00,1767259500000,1767259559999,BTC,1m,87875.0,87876.0,87876.0,87875.0,0.84588,59
2026-01-01 09:26:00,1767259560000,1767259619999,BTC,1m,87875.0,87835.0,87876.0,87835.0,1.83143,113
2026-01-01 09:27:00,1767259620000,1767259679999,BTC,1m,87835.0,87820.0,87836.0,87820.0,2.35357,87
2026-01-01 09:28:00,1767259680000,1767259739999,BTC,1m,87820.0,87834.0,87835.0,87820.0,0.31023,45
2026-01-01 09:29:00,1767259740000,1767259799999,BTC,1m,87834.0,87834.0,87835.0,87834.0,1.13117,47
2026-01-01 09:30:00,1767259800000,1767259859999,BTC,1m,87835.0,87834.0,87835.0,87834.0,4.1127,44
2026-01-01 09:31:00,1767259860000,1767259919999,BTC,1m,87835.0,87838.0,87839.0,87834.0,0.32266,49
2026-01-01 09:32:00,1767259920000,1767259979999,BTC,1m,87839.0,87838.0,87839.0,87838.0,0.977,29
2026-01-01 09:33:00,1767259980000,1767260039999,BTC,1m,87838.0,87838.0,87839.0,87838.0,9.60077,63
2026-01-01 09:34:00,1767260040000,1767260099999,BTC,1m,87838.0,87839.0,87839.0,87838.0,0.12558,22
2026-01-01 09:35:00,1767260100000,1767260159999,BTC,1m,87838.0,87838.0,87839.0,87838.0,4.70356,65
2026-01-01 09:36:00,1767260160000,1767260219999,BTC,1m,87838.0,87838.0,87839.0,87838.0,1.36656,60
2026-01-01 09:37:00,1767260220000,1767260279999,BTC,1m,87838.0,87839.0,87839.0,87838.0,1.19065,51
2026-01-01 09:38:00,1767260280000,1767260339999,BTC,1m,87838.0,87836.0,87839.0,87835.0,4.71538,82
2026-01-01 09:39:00,1767260340000,1767260399999,BTC,1m,87835.0,87883.0,87883.0,87835.0,2.94637,149
2026-01-01 09:40:00,1767260400000,1767260459999,BTC,1m,87883.0,87880.0,87883.0,87879.0,1.38828,60
2026-01-01 09:41:00,1767260460000,1767260519999,BTC,1m,87880.0,87879.0,87880.0,87879.0,0.10997,40
2026-01-01 09:42:00,1767260520000,1767260579999,BTC,1m,87880.0,87880.0,87880.0,87879.0,0.31803,40
2026-01-01 09:43:00,1767260580000,1767260639999,BTC,1m,87879.0,87880.0,87880.0,87879.0,0.73019,27
2026-01-01 09:44:00,1767260640000,1767260699999,BTC,1m,87880.0,87879.0,87880.0,87879.0,0.1427,48
2026-01-01 09:45:00,1767260700000,1767260759999,BTC,1m,87879.0,87868.0,87879.0,87868.0,0.55598,55
2026-01-01 09:46:00,1767260760000,1767260819999,BTC,1m,87867.0,87859.0,87867.0,87858.0,0.72447,42
2026-01-01 09:47:00,1767260820000,1767260879999,BTC,1m,87858.0,87858.0,87859.0,87858.0,2.16869,37
2026-01-01 09:48:00,1767260880000,1767260939999,BTC,1m,87858.0,87868.0,87869.0,87858.0,1.16605,60
2026-01-01 09:49:00,1767260940000,1767260999999,BTC,1m,87868.0,87868.0,87869.0,87868.0,0.47062,36
2026-01-01 09:50:00,1767261000000,1767261059999,BTC,1m,87868.0,87868.0,87869.0,87868.0,0.96159,46
2026-01-01 09:51:00,1767261060000,1767261119999,BTC,1m,87868.0,87870.0,87870.0,87868.0,1.19598,57
2026-01-01 09:52:00,1767261120000,1767261179999,BTC,1m,87870.0,87870.0,87870.0,87869.0,0.25394,57
2026-01-01 09:53:00,1767261180000,1767261239999,BTC,1m,87869.0,87869.0,87870.0,87869.0,0.36413,39
2026-01-01 09:54:00,1767261240000,1767261299999,BTC,1m,87869.0,87869.0,87870.0,87868.0,0.14521,32
2026-01-01 09:55:00,1767261300000,1767261359999,BTC,1m,87868.0,87858.0,87869.0,87857.0,1.72496,58
2026-01-01 09:56:00,1767261360000,1767261419999,BTC,1m,87857.0,87864.0,87865.0,87857.0,1.49327,80
2026-01-01 09:57:00,1767261420000,1767261479999,BTC,1m,87864.0,87865.0,87865.0,87864.0,0.15116,40
2026-01-01 09:58:00,1767261480000,1767261539999,BTC,1m,87865.0,87864.0,87865.0,87864.0,0.20952,49
2026-01-01 09:59:00,1767261540000,1767261599999,BTC,1m,87865.0,87878.0,87878.0,87865.0,1.81698,71
2026-01-01 10:00:00,1767261600000,1767261659999,BTC,1m,87878.0,87880.0,87880.0,87878.0,1.64728,46
2026-01-01 10:01:00,1767261660000,1767261719999,BTC,1m,87879.0,87879.0,87880.0,87879.0,0.93087,50
2026-01-01 10:02:00,1767261720000,1767261779999,BTC,1m,87879.0,87879.0,87880.0,87879.0,0.39103,39
2026-01-01 10:03:00,1767261780000,1767261839999,BTC,1m,87879.0,87880.0,87880.0,87879.0,0.19924,31
2026-01-01 10:04:00,1767261840000,1767261899999,BTC,1m,87879.0,87885.0,87886.0,87879.0,1.57501,58
2026-01-01 10:05:00,1767261900000,1767261959999,BTC,1m,87886.0,87886.0,87886.0,87885.0,0.7457,54
2026-01-01 10:06:00,1767261960000,1767262019999,BTC,1m,87886.0,87879.0,87886.0,87879.0,1.56955,65
2026-01-01 10:07:00,1767262020000,1767262079999,BTC,1m,87879.0,87879.0,87880.0,87878.0,0.52263,49
2026-01-01 10:08:00,1767262080000,1767262139999,BTC,1m,87878.0,87870.0,87879.0,87869.0,2.51707,61
2026-01-01 10:09:00,1767262140000,1767262199999,BTC,1m,87870.0,87869.0,87870.0,87868.0,1.32764,35
2026-01-01 10:10:00,1767262200000,1767262259999,BTC,1m,87868.0,87869.0,87869.0,87868.0,1.47309,62
2026-01-01 10:11:00,1767262260000,1767262319999,BTC,1m,87869.0,87870.0,87870.0,87868.0,1.62791,59
2026-01-01 10:12:00,1767262320000,1767262379999,BTC,1m,87870.0,87870.0,87870.0,87869.0,0.88736,59
2026-01-01 10:13:00,1767262380000,1767262439999,BTC,1m,87870.0,87870.0,87870.0,87869.0,0.67667,23
2026-01-01 10:14:00,1767262440000,1767262499999,BTC,1m,87870.0,87869.0,87870.0,87869.0,0.97776,22
2026-01-01 10:15:00,1767262500000,1767262559999,BTC,1m,87869.0,87827.0,87869.0,87826.0,32.24959,212
2026-01-01 10:16:00,1767262560000,1767262619999,BTC,1m,87827.0,87826.0,87827.0,87826.0,0.80628,41
2026-01-01 10:17:00,1767262620000,1767262679999,BTC,1m,87826.0,87823.0,87827.0,87822.0,3.12246,68
2026-01-01 10:18:00,1767262680000,1767262739999,BTC,1m,87822.0,87822.0,87823.0,87822.0,1.03923,32
2026-01-01 10:19:00,1767262740000,1767262799999,BTC,1m,87822.0,87823.0,87823.0,87822.0,0.62794,24
2026-01-01 10:20:00,1767262800000,1767262859999,BTC,1m,87822.0,87808.0,87822.0,87808.0,2.35065,67
2026-01-01 10:21:00,1767262860000,1767262919999,BTC,1m,87808.0,87791.0,87808.0,87788.0,3.55862,102
2026-01-01 10:22:00,1767262920000,1767262979999,BTC,1m,87791.0,87801.0,87802.0,87791.0,0.72131,47
2026-01-01 10:23:00,1767262980000,1767263039999,BTC,1m,87802.0,87801.0,87802.0,87801.0,0.63291,36
2026-01-01 10:24:00,1767263040000,1767263099999,BTC,1m,87802.0,87802.0,87802.0,87801.0,0.70459,40
2026-01-01 10:25:00,1767263100000,1767263159999,BTC,1m,87801.0,87802.0,87802.0,87801.0,0.51786,29
2026-01-01 10:26:00,1767263160000,1767263219999,BTC,1m,87802.0,87813.0,87813.0,87801.0,2.68354,71
2026-01-01 10:27:00,1767263220000,1767263279999,BTC,1m,87812.0,87812.0,87813.0,87812.0,0.87421,36
2026-01-01 10:28:00,1767263280000,1767263339999,BTC,1m,87813.0,87832.0,87832.0,87812.0,0.84759,80
2026-01-01 10:29:00,1767263340000,1767263399999,BTC,1m,87833.0,87848.0,87848.0,87833.0,0.62656,70
2026-01-01 10:30:00,1767263400000,1767263459999,BTC,1m,87847.0,87841.0,87855.0,87841.0,0.50738,71
2026-01-01 10:31:00,1767263460000,1767263519999,BTC,1m,87841.0,87842.0,87842.0,87841.0,0.74829,27
2026-01-01 10:32:00,1767263520000,1767263579999,BTC,1m,87840.0,87840.0,87841.0,87840.0,0.29686,28
2026-01-01 10:33:00,1767263580000,1767263639999,BTC,1m,87841.0,87840.0,87841.0,87840.0,1.01181,57
2026-01-01 10:34:00,1767263640000,1767263699999,BTC,1m,87840.0,87840.0,87841.0,87840.0,0.39969,24
2026-01-01 10:35:00,1767263700000,1767263759999,BTC,1m,87841.0,87847.0,87847.0,87840.0,0.24788,72
2026-01-01 10:36:00,1767263760000,1767263819999,BTC,1m,87847.0,87840.0,87847.0,87840.0,1.27954,74
2026-01-01 10:37:00,1767263820000,1767263879999,BTC,1m,87840.0,87840.0,87841.0,87840.0,0.67039,58
2026-01-01 10:38:00,1767263880000,1767263939999,BTC,1m,87841.0,87833.0,87841.0,87833.0,0.76653,72
2026-01-01 10:39:00,1767263940000,1767263999999,BTC,1m,87833.0,87833.0,87834.0,87832.0,0.44497,49
2026-01-01 10:40:00,1767264000000,1767264059999,BTC,1m,87832.0,87833.0,87834.0,87832.0,0.23247,74
2026-01-01 10:41:00,1767264060000,1767264119999,BTC,1m,87834.0,87834.0,87835.0,87833.0,10.1687,70
2026-01-01 10:42:00,1767264120000,1767264179999,BTC,1m,87835.0,87835.0,87835.0,87834.0,0.12237,21
2026-01-01 10:43:00,1767264180000,1767264239999,BTC,1m,87834.0,87835.0,87835.0,87834.0,0.07983,23
2026-01-01 10:44:00,1767264240000,1767264299999,BTC,1m,87834.0,87835.0,87835.0,87834.0,0.32432,20
2026-01-01 10:45:00,1767264300000,1767264359999,BTC,1m,87834.0,87834.0,87835.0,87834.0,0.24833,45
2026-01-01 10:46:00,1767264360000,1767264419999,BTC,1m,87835.0,87835.0,87835.0,87834.0,1.04993,43
2026-01-01 10:47:00,1767264420000,1767264479999,BTC,1m,87835.0,87834.0,87835.0,87834.0,1.93279,40
2026-01-01 10:48:00,1767264480000,1767264539999,BTC,1m,87835.0,87834.0,87835.0,87834.0,0.09131,17
2026-01-01 10:49:00,1767264540000,1767264599999,BTC,1m,87835.0,87831.0,87835.0,87830.0,10.59215,96
2026-01-01 10:50:00,1767264600000,1767264659999,BTC,1m,87831.0,87839.0,87839.0,87830.0,0.78598,48
2026-01-01 10:51:00,1767264660000,1767264719999,BTC,1m,87839.0,87839.0,87839.0,87838.0,0.14213,18
2026-01-01 10:52:00,1767264720000,1767264779999,BTC,1m,87838.0,87855.0,87855.0,87838.0,1.18146,69
2026-01-01 10:53:00,1767264780000,1767264839999,BTC,1m,87855.0,87854.0,87855.0,87854.0,0.32035,26
2026-01-01 10:54:00,1767264840000,1767264899999,BTC,1m,87855.0,87868.0,87868.0,87854.0,1.40127,55
2026-01-01 10:55:00,1767264900000,1767264959999,BTC,1m,87868.0,87875.0,87875.0,87867.0,2.87135,53
2026-01-01 10:56:00,1767264960000,1767265019999,BTC,1m,87875.0,87861.0,87875.0,87861.0,1.27549,63
2026-01-01 10:57:00,1767265020000,1767265079999,BTC,1m,87862.0,87860.0,87862.0,87859.0,5.00993,77
2026-01-01 10:58:00,1767265080000,1767265139999,BTC,1m,87860.0,87859.0,87860.0,87859.0,0.58581,48
2026-01-01 10:59:00,1767265140000,1767265199999,BTC,1m,87859.0,87860.0,87860.0,87859.0,0.02986,23
2026-01-01 11:00:00,1767265200000,1767265259999,BTC,1m,87860.0,87852.0,87860.0,87851.0,1.46968,65
2026-01-01 11:01:00,1767265260000,1767265319999,BTC,1m,87852.0,87852.0,87852.0,87851.0,0.61866,30
2026-01-01 11:02:00,1767265320000,1767265379999,BTC,1m,87851.0,87852.0,87852.0,87851.0,0.10558,38
2026-01-01 11:03:00,1767265380000,1767265439999,BTC,1m,87851.0,87855.0,87855.0,87851.0,10.49217,91
2026-01-01 11:04:00,1767265440000,1767265499999,BTC,1m,87855.0,87865.0,87865.0,87854.0,1.46674,54
2026-01-01 11:05:00,1767265500000,1767265559999,BTC,1m,87865.0,87859.0,87865.0,87858.0,1.08226,70
2026-01-01 11:06:00,1767265560000,1767265619999,BTC,1m,87858.0,87859.0,87859.0,87858.0,1.31188,36
2026-01-01 11:07:00,1767265620000,1767265679999,BTC,1m,87859.0,87863.0,87883.0,87859.0,1.54842,106
2026-01-01 11:08:00,1767265680000,1767265739999,BTC,1m,87863.0,87880.0,87880.0,87862.0,0.28928,49
2026-01-01 11:09:00,1767265740000,1767265799999,BTC,1m,87880.0,87881.0,87881.0,87880.0,0.56869,25
2026-01-01 11:10:00,1767265800000,1767265859999,BTC,1m,87881.0,87898.0,87898.0,87880.0,10.41141,94
2026-01-01 11:11:00,1767265860000,1767265919999,BTC,1m,87897.0,87923.0,87936.0,87897.0,3.11626,159
2026-01-01 11:12:00,1767265920000,1767265979999,BTC,1m,87923.0,87907.0,87923.0,87905.0,0.76152,67
2026-01-01 11:13:00,1767265980000,1767266039999,BTC,1m,87906.0,87929.0,87929.0,87906.0,0.13868,57
2026-01-01 11:14:00,1767266040000,1767266099999,BTC,1m,87929.0,87928.0,87944.0,87928.0,1.60998,108
2026-01-01 11:15:00,1767266100000,1767266159999,BTC,1m,87926.0,87971.0,87971.0,87926.0,1.8874,135
2026-01-01 11:16:00,1767266160000,1767266219999,BTC,1m,87971.0,87937.0,87971.0,87937.0,2.44203,105
2026-01-01 11:17:00,1767266220000,1767266279999,BTC,1m,87937.0,87942.0,87949.0,87936.0,0.20939,66
2026-01-01 11:18:00,1767266280000,1767266339999,BTC,1m,87942.0,87912.0,87942.0,87912.0,1.32969,103
2026-01-01 11:19:00,1767266340000,1767266399999,BTC,1m,87913.0,87925.0,87926.0,87913.0,0.19108,44
2026-01-01 11:20:00,1767266400000,1767266459999,BTC,1m,87925.0,87924.0,87925.0,87923.0,0.64959,31
2026-01-01 11:21:00,1767266460000,1767266519999,BTC,1m,87924.0,87924.0,87924.0,87923.0,1.16808,35
2026-01-01 11:22:00,1767266520000,1767266579999,BTC,1m,87923.0,87923.0,87924.0,87923.0,1.98977,44
2026-01-01 11:23:00,1767266580000,1767266639999,BTC,1m,87924.0,87923.0,87924.0,87923.0,2.37671,50
2026-01-01 11:24:00,1767266640000,1767266699999,BTC,1m,87924.0,87923.0,87924.0,87923.0,3.21353,42
2026-01-01 11:25:00,1767266700000,1767266759999,BTC,1m,87923.0,87912.0,87923.0,87911.0,12.7049,91
2026-01-01 11:26:00,1767266760000,1767266819999,BTC,1m,87912.0,87911.0,87912.0,87910.0,2.9816,65
2026-01-01 11:27:00,1767266820000,1767266879999,BTC,1m,87911.0,87911.0,87911.0,87910.0,0.44275,28
2026-01-01 11:28:00,1767266880000,1767266939999,BTC,1m,87911.0,87911.0,87911.0,87910.0,1.58982,33
2026-01-01 11:29:00,1767266940000,1767266999999,BTC,1m,87911.0,87912.0,87913.0,87911.0,2.46706,46
2026-01-01 11:30:00,1767267000000,1767267059999,BTC,1m,87913.0,87938.0,87938.0,87912.0,13.94247,117
2026-01-01 11:31:00,1767267060000,1767267119999,BTC,1m,87938.0,87944.0,87945.0,87937.0,0.92134,48
2026-01-01 11:32:00,1767267120000,1767267179999,BTC,1m,87945.0,87944.0,87945.0,87944.0,1.99024,51
2026-01-01 11:33:00,1767267180000,1767267239999,BTC,1m,87945.0,87913.0,87945.0,87913.0,21.66448,219
2026-01-01 11:34:00,1767267240000,1767267299999,BTC,1m,87914.0,87903.0,87914.0,87903.0,3.80431,82
2026-01-01 11:35:00,1767267300000,1767267359999,BTC,1m,87903.0,87886.0,87904.0,87886.0,4.82462,92
2026-01-01 11:36:00,1767267360000,1767267419999,BTC,1m,87887.0,87893.0,87894.0,87886.0,3.64525,85
2026-01-01 11:37:00,1767267420000,1767267479999,BTC,1m,87893.0,87873.0,87893.0,87872.0,1.6985,66
2026-01-01 11:38:00,1767267480000,1767267539999,BTC,1m,87873.0,87873.0,87873.0,87872.0,0.48476,31
2026-01-01 11:39:00,1767267540000,1767267599999,BTC,1m,87873.0,87873.0,87873.0,87872.0,0.15011,34
2026-01-01 11:40:00,1767267600000,1767267659999,BTC,1m,87872.0,87884.0,87884.0,87872.0,0.71482,51
2026-01-01 11:41:00,1767267660000,1767267719999,BTC,1m,87883.0,87897.0,87897.0,87883.0,1.47017,86
2026-01-01 11:42:00,1767267720000,1767267779999,BTC,1m,87896.0,87896.0,87897.0,87896.0,1.66717,46
2026-01-01 11:43:00,1767267780000,1767267839999,BTC,1m,87897.0,87896.0,87897.0,87896.0,1.703,70
2026-01-01 11:44:00,1767267840000,1767267899999,BTC,1m,87896.0,87907.0,87913.0,87896.0,9.47125,122
2026-01-01 11:45:00,1767267900000,1767267959999,BTC,1m,87907.0,87927.0,87928.0,87907.0,1.17127,68
2026-01-01 11:46:00,1767267960000,1767268019999,BTC,1m,87928.0,87940.0,87941.0,87927.0,10.31015,121
2026-01-01 11:47:00,1767268020000,1767268079999,BTC,1m,87940.0,87956.0,87956.0,87940.0,2.96033,94
2026-01-01 11:48:00,1767268080000,1767268139999,BTC,1m,87955.0,87954.0,87956.0,87954.0,3.53867,58
2026-01-01 11:49:00,1767268140000,1767268199999,BTC,1m,87954.0,87955.0,87955.0,87954.0,3.80159,61
2026-01-01 11:50:00,1767268200000,1767268259999,BTC,1m,87955.0,87954.0,87955.0,87954.0,2.21531,48
2026-01-01 11:51:00,1767268260000,1767268319999,BTC,1m,87954.0,87975.0,87975.0,87954.0,13.2541,121
2026-01-01 11:52:00,1767268320000,1767268379999,BTC,1m,87975.0,87974.0,87985.0,87973.0,16.79187,184
2026-01-01 11:53:00,1767268380000,1767268439999,BTC,1m,87974.0,87981.0,87997.0,87974.0,7.17981,128
2026-01-01 11:54:00,1767268440000,1767268499999,BTC,1m,87982.0,87981.0,87982.0,87981.0,3.29541,44
2026-01-01 11:55:00,1767268500000,1767268559999,BTC,1m,87982.0,87975.0,87983.0,87975.0,12.71909,97
2026-01-01 11:56:00,1767268560000,1767268619999,BTC,1m,87976.0,87975.0,87976.0,87975.0,1.566,37
2026-01-01 11:57:00,1767268620000,1767268679999,BTC,1m,87976.0,87996.0,87996.0,87975.0,5.83251,94
2026-01-01 11:58:00,1767268680000,1767268739999,BTC,1m,87995.0,88022.0,88022.0,87995.0,13.17281,200
2026-01-01 11:59:00,1767268740000,1767268799999,BTC,1m,88022.0,88022.0,88023.0,88021.0,1.77915,55
2026-01-01 12:00:00,1767268800000,1767268859999,BTC,1m,88022.0,88021.0,88022.0,88021.0,7.44391,59
2026-01-01 12:01:00,1767268860000,1767268919999,BTC,1m,88021.0,88010.0,88022.0,88009.0,13.97062,101
2026-01-01 12:02:00,1767268920000,1767268979999,BTC,1m,88010.0,87991.0,88010.0,87989.0,11.83824,126
2026-01-01 12:03:00,1767268980000,1767269039999,BTC,1m,87991.0,87993.0,87993.0,87990.0,0.38973,47
2026-01-01 12:04:00,1767269040000,1767269099999,BTC,1m,87993.0,88015.0,88016.0,87992.0,4.95343,94
2026-01-01 12:05:00,1767269100000,1767269159999,BTC,1m,88015.0,88039.0,88043.0,88015.0,8.83544,147
2026-01-01 12:06:00,1767269160000,1767269219999,BTC,1m,88040.0,88011.0,88040.0,88010.0,3.50922,84
2026-01-01 12:07:00,1767269220000,1767269279999,BTC,1m,88010.0,87997.0,88010.0,87992.0,16.58003,156
2026-01-01 12:08:00,1767269280000,1767269339999,BTC,1m,87996.0,87996.0,87997.0,87996.0,2.79818,67
2026-01-01 12:09:00,1767269340000,1767269399999,BTC,1m,87996.0,88015.0,88015.0,87996.0,2.77813,88
2026-01-01 12:10:00,1767269400000,1767269459999,BTC,1m,88014.0,88027.0,88028.0,88014.0,1.82552,69
2026-01-01 12:11:00,1767269460000,1767269519999,BTC,1m,88026.0,88027.0,88027.0,88026.0,2.93433,80
2026-01-01 12:12:00,1767269520000,1767269579999,BTC,1m,88027.0,88028.0,88028.0,88026.0,1.64303,66
2026-01-01 12:13:00,1767269580000,1767269639999,BTC,1m,88028.0,88026.0,88035.0,88026.0,0.98898,63
2026-01-01 12:14:00,1767269640000,1767269699999,BTC,1m,88027.0,88004.0,88027.0,88004.0,1.07942,97
2026-01-01 12:15:00,1767269700000,1767269759999,BTC,1m,88003.0,87998.0,88003.0,87998.0,2.57632,72
2026-01-01 12:16:00,1767269760000,1767269819999,BTC,1m,87998.0,88015.0,88016.0,87998.0,2.77734,60
2026-01-01 12:17:00,1767269820000,1767269879999,BTC,1m,88015.0,87999.0,88015.0,87998.0,0.46069,97
2026-01-01 12:18:00,1767269880000,1767269939999,BTC,1m,87998.0,87987.0,87999.0,87986.0,19.36867,129
2026-01-01 12:19:00,1767269940000,1767269999999,BTC,1m,87986.0,87986.0,87987.0,87986.0,0.41255,43
2026-01-01 12:20:00,1767270000000,1767270059999,BTC,1m,87986.0,87981.0,87986.0,87980.0,1.61333,52
2026-01-01 12:21:00,1767270060000,1767270119999,BTC,1m,87980.0,87977.0,87981.0,87977.0,1.64697,53
2026-01-01 12:22:00,1767270120000,1767270179999,BTC,1m,87977.0,87977.0,87978.0,87977.0,1.29594,34
2026-01-01 12:23:00,1767270180000,1767270239999,BTC,1m,87978.0,87950.0,87978.0,87950.0,7.11494,120
2026-01-01 12:24:00,1767270240000,1767270299999,BTC,1m,87950.0,87981.0,87981.0,87950.0,14.0036,117
2026-01-01 12:25:00,1767270300000,1767270359999,BTC,1m,87981.0,87996.0,87996.0,87981.0,3.17186,88
2026-01-01 12:26:00,1767270360000,1767270419999,BTC,1m,87996.0,87999.0,87999.0,87996.0,2.39797,58
2026-01-01 12:27:00,1767270420000,1767270479999,BTC,1m,87998.0,88007.0,88008.0,87998.0,4.68296,52
2026-01-01 12:28:00,1767270480000,1767270539999,BTC,1m,88008.0,88007.0,88008.0,88007.0,0.34784,30
2026-01-01 12:29:00,1767270540000,1767270599999,BTC,1m,88007.0,88007.0,88008.0,88007.0,0.22582,38
2026-01-01 12:30:00,1767270600000,1767270659999,BTC,1m,88007.0,87985.0,88008.0,87985.0,1.14634,100
2026-01-01 12:31:00,1767270660000,1767270719999,BTC,1m,87985.0,87971.0,87985.0,87965.0,4.30418,169
2026-01-01 12:32:00,1767270720000,1767270779999,BTC,1m,87971.0,87969.0,87972.0,87969.0,7.87694,66
2026-01-01 12:33:00,1767270780000,1767270839999,BTC,1m,87969.0,87928.0,87969.0,87923.0,71.14358,278
2026-01-01 12:34:00,1767270840000,1767270899999,BTC,1m,87928.0,87939.0,87939.0,87927.0,22.52912,89
2026-01-01 12:35:00,1767270900000,1767270959999,BTC,1m,87939.0,87940.0,87940.0,87939.0,0.61342,38
2026-01-01 12:36:00,1767270960000,1767271019999,BTC,1m,87939.0,87958.0,87958.0,87939.0,2.47376,84
2026-01-01 12:37:00,1767271020000,1767271079999,BTC,1m,87958.0,87961.0,87962.0,87958.0,0.5727,54
2026-01-01 12:38:00,1767271080000,1767271139999,BTC,1m,87962.0,87973.0,87973.0,87961.0,3.6593,76
2026-01-01 12:39:00,1767271140000,1767271199999,BTC,1m,87972.0,87972.0,87973.0,87972.0,2.06943,36
2026-01-01 12:40:00,1767271200000,1767271259999,BTC,1m,87973.0,87963.0,87973.0,87962.0,0.15253,38
2026-01-01 12:41:00,1767271260000,1767271319999,BTC,1m,87962.0,87974.0,87975.0,87962.0,6.89662,68
2026-01-01 12:42:00,1767271320000,1767271379999,BTC,1m,87975.0,87975.0,87975.0,87974.0,0.06936,21
2026-01-01 12:43:00,1767271380000,1767271439999,BTC,1m,87975.0,87975.0,87975.0,87974.0,0.51362,25
2026-01-01 12:44:00,1767271440000,1767271499999,BTC,1m,87975.0,87975.0,87975.0,87974.0,1.41674,20
2026-01-01 12:45:00,1767271500000,1767271559999,BTC,1m,87975.0,87975.0,87975.0,87975.0,0.18764,19
2026-01-01 12:46:00,1767271560000,1767271619999,BTC,1m,87975.0,87975.0,87975.0,87974.0,0.13692,15
2026-01-01 12:47:00,1767271620000,1767271679999,BTC,1m,87974.0,87970.0,87975.0,87969.0,2.52359,41
2026-01-01 12:48:00,1767271680000,1767271739999,BTC,1m,87969.0,87974.0,87975.0,87969.0,1.41103,52
2026-01-01 12:49:00,1767271740000,1767271799999,BTC,1m,87975.0,87975.0,87975.0,87974.0,3.55407,45
2026-01-01 12:50:00,1767271800000,1767271859999,BTC,1m,87974.0,87973.0,87975.0,87973.0,1.57481,26
2026-01-01 12:51:00,1767271860000,1767271919999,BTC,1m,87973.0,87975.0,87975.0,87973.0,2.6108,35
2026-01-01 12:52:00,1767271920000,1767271979999,BTC,1m,87974.0,87978.0,87978.0,87974.0,2.27012,49
2026-01-01 12:53:00,1767271980000,1767272039999,BTC,1m,87977.0,87978.0,87978.0,87977.0,2.5243,31
2026-01-01 12:54:00,1767272040000,1767272099999,BTC,1m,87978.0,87978.0,87979.0,87977.0,3.60262,44
2026-01-01 12:55:00,1767272100000,1767272159999,BTC,1m,87978.0,87974.0,87979.0,87974.0,2.90141,50
2026-01-01 12:56:00,1767272160000,1767272219999,BTC,1m,87975.0,87975.0,87975.0,87974.0,0.20456,34
2026-01-01 12:57:00,1767272220000,1767272279999,BTC,1m,87975.0,87976.0,87976.0,87974.0,0.89752,30
2026-01-01 12:58:00,1767272280000,1767272339999,BTC,1m,87975.0,87964.0,87976.0,87964.0,3.92731,79
2026-01-01 12:59:00,1767272340000,1767272399999,BTC,1m,87965.0,87947.0,87965.0,87946.0,0.61388,89
2026-01-01 13:00:00,1767272400000,1767272459999,BTC,1m,87946.0,87902.0,87946.0,87895.0,15.79939,260
2026-01-01 13:01:00,1767272460000,1767272519999,BTC,1m,87902.0,87913.0,87913.0,87901.0,4.90471,76
2026-01-01 13:02:00,1767272520000,1767272579999,BTC,1m,87913.0,87941.0,87941.0,87913.0,6.27528,108
2026-01-01 13:03:00,1767272580000,1767272639999,BTC,1m,87940.0,87932.0,87941.0,87932.0,0.84997,39
2026-01-01 13:04:00,1767272640000,1767272699999,BTC,1m,87931.0,87931.0,87932.0,87931.0,2.98611,40
2026-01-01 13:05:00,1767272700000,1767272759999,BTC,1m,87932.0,87932.0,87932.0,87931.0,2.60718,40
2026-01-01 13:06:00,1767272760000,1767272819999,BTC,1m,87932.0,87931.0,87932.0,87931.0,3.11324,71
2026-01-01 13:07:00,1767272820000,1767272879999,BTC,1m,87931.0,87930.0,87932.0,87927.0,3.00597,65
2026-01-01 13:08:00,1767272880000,1767272939999,BTC,1m,87930.0,87979.0,87979.0,87929.0,16.09566,220
2026-01-01 13:09:00,1767272940000,1767272999999,BTC,1m,87978.0,87967.0,87979.0,87967.0,1.20144,46
2026-01-01 13:10:00,1767273000000,1767273059999,BTC,1m,87967.0,87977.0,87978.0,87967.0,5.37102,85
2026-01-01 13:11:00,1767273060000,1767273119999,BTC,1m,87977.0,87977.0,87978.0,87977.0,1.32082,40
2026-01-01 13:12:00,1767273120000,1767273179999,BTC,1m,87977.0,87986.0,87987.0,87977.0,5.74636,87
2026-01-01 13:13:00,1767273180000,1767273239999,BTC,1m,87986.0,87989.0,87989.0,87986.0,8.07874,79
2026-01-01 13:14:00,1767273240000,1767273299999,BTC,1m,87989.0,87988.0,87989.0,87988.0,2.24832,51
2026-01-01 13:15:00,1767273300000,1767273359999,BTC,1m,87988.0,87977.0,87989.0,87977.0,1.6442,91
2026-01-01 13:16:00,1767273360000,1767273419999,BTC,1m,87977.0,87983.0,87983.0,87977.0,0.20906,54
2026-01-01 13:17:00,1767273420000,1767273479999,BTC,1m,87982.0,87978.0,87983.0,87977.0,5.38803,78
2026-01-01 13:18:00,1767273480000,1767273539999,BTC,1m,87977.0,87978.0,87978.0,87977.0,0.09074,31
2026-01-01 13:19:00,1767273540000,1767273599999,BTC,1m,87978.0,87979.0,87979.0,87977.0,0.52184,57
2026-01-01 13:20:00,1767273600000,1767273659999,BTC,1m,87979.0,87996.0,87997.0,87979.0,16.89294,96
2026-01-01 13:21:00,1767273660000,1767273719999,BTC,1m,87995.0,88017.0,88017.0,87995.0,6.489,113
2026-01-01 13:22:00,1767273720000,1767273779999,BTC,1m,88016.0,88017.0,88024.0,88016.0,11.20022,136
2026-01-01 13:23:00,1767273780000,1767273839999,BTC,1m,88016.0,87996.0,88016.0,87996.0,1.39165,73
2026-01-01 13:24:00,1767273840000,1767273899999,BTC,1m,87997.0,87974.0,87997.0,87974.0,1.6104,92
2026-01-01 13:25:00,1767273900000,1767273959999,BTC,1m,87974.0,87954.0,87975.0,87954.0,5.59012,94
2026-01-01 13:26:00,1767273960000,1767274019999,BTC,1m,87954.0,87954.0,87955.0,87954.0,8.54532,52
2026-01-01 13:27:00,1767274020000,1767274079999,BTC,1m,87954.0,87957.0,87959.0,87954.0,2.0631,56
2026-01-01 13:28:00,1767274080000,1767274139999,BTC,1m,87960.0,87985.0,87992.0,87960.0,9.87153,150
2026-01-01 13:29:00,1767274140000,1767274199999,BTC,1m,87984.0,87981.0,87985.0,87981.0,0.84957,42
2026-01-01 13:30:00,1767274200000,1767274259999,BTC,1m,87981.0,87968.0,87982.0,87968.0,3.13655,86
2026-01-01 13:31:00,1767274260000,1767274319999,BTC,1m,87968.0,87957.0,87969.0,87957.0,1.65158,45
2026-01-01 13:32:00,1767274320000,1767274379999,BTC,1m,87957.0,87949.0,87958.0,87948.0,3.19676,70
2026-01-01 13:33:00,1767274380000,1767274439999,BTC,1m,87948.0,87956.0,87957.0,87944.0,4.03228,102
2026-01-01 13:34:00,1767274440000,1767274499999,BTC,1m,87957.0,87970.0,87970.0,87957.0,12.46353,71
2026-01-01 13:35:00,1767274500000,1767274559999,BTC,1m,87969.0,87969.0,87970.0,87969.0,0.10197,22
2026-01-01 13:36:00,1767274560000,1767274619999,BTC,1m,87969.0,87975.0,87975.0,87969.0,3.08653,72
2026-01-01 13:37:00,1767274620000,1767274679999,BTC,1m,87974.0,87971.0,87974.0,87970.0,0.23431,30
2026-01-01 13:38:00,1767274680000,1767274739999,BTC,1m,87970.0,87971.0,87971.0,87970.0,0.77968,29
2026-01-01 13:39:00,1767274740000,1767274799999,BTC,1m,87970.0,87970.0,87971.0,87969.0,1.04179,36
2026-01-01 13:40:00,1767274800000,1767274859999,BTC,1m,87969.0,87968.0,87969.0,87963.0,2.03906,52
2026-01-01 13:41:00,1767274860000,1767274919999,BTC,1m,87968.0,87978.0,87978.0,87968.0,0.31083,61
2026-01-01 13:42:00,1767274920000,1767274979999,BTC,1m,87979.0,87996.0,87999.0,87979.0,7.17559,123
2026-01-01 13:43:00,1767274980000,1767275039999,BTC,1m,87995.0,87986.0,87996.0,87986.0,0.22564,50
2026-01-01 13:44:00,1767275040000,1767275099999,BTC,1m,87986.0,87986.0,87987.0,87986.0,1.10317,24
2026-01-01 13:45:00,1767275100000,1767275159999,BTC,1m,87987.0,87962.0,87987.0,87962.0,0.53302,71
2026-01-01 13:46:00,1767275160000,1767275219999,BTC,1m,87963.0,87962.0,87963.0,87962.0,0.19159,26
2026-01-01 13:47:00,1767275220000,1767275279999,BTC,1m,87962.0,87961.0,87963.0,87960.0,0.08546,29
2026-01-01 13:48:00,1767275280000,1767275339999,BTC,1m,87961.0,87961.0,87962.0,87960.0,0.05069,24
2026-01-01 13:49:00,1767275340000,1767275399999,BTC,1m,87961.0,87883.0,87961.0,87855.0,164.76896,664
2026-01-01 13:50:00,1767275400000,1767275459999,BTC,1m,87883.0,87902.0,87902.0,87883.0,8.1906,114
2026-01-01 13:51:00,1767275460000,1767275519999,BTC,1m,87901.0,87928.0,87941.0,87901.0,1.24498,107
2026-01-01 13:52:00,1767275520000,1767275579999,BTC,1m,87928.0,87896.0,87928.0,87896.0,2.16549,96
2026-01-01 13:53:00,1767275580000,1767275639999,BTC,1m,87896.0,87894.0,87897.0,87894.0,12.13701,99
2026-01-01 13:54:00,1767275640000,1767275699999,BTC,1m,87894.0,87900.0,87900.0,87894.0,0.83053,43
2026-01-01 13:55:00,1767275700000,1767275759999,BTC,1m,87899.0,87925.0,87926.0,87899.0,1.70773,98
2026-01-01 13:56:00,1767275760000,1767275819999,BTC,1m,87925.0,87926.0,87926.0,87925.0,0.09466,30
2026-01-01 13:57:00,1767275820000,1767275879999,BTC,1m,87925.0,87926.0,87926.0,87925.0,0.15197,32
2026-01-01 13:58:00,1767275880000,1767275939999,BTC,1m,87926.0,87900.0,87926.0,87899.0,49.59143,189
2026-01-01 13:59:00,1767275940000,1767275999999,BTC,1m,87899.0,87899.0,87900.0,87899.0,44.44321,41
2026-01-01 14:00:00,1767276000000,1767276059999,BTC,1m,87899.0,87872.0,87900.0,87841.0,9.54491,311
2026-01-01 14:01:00,1767276060000,1767276119999,BTC,1m,87872.0,87881.0,87881.0,87848.0,3.34772,154
2026-01-01 14:02:00,1767276120000,1767276179999,BTC,1m,87879.0,87863.0,87880.0,87862.0,2.1064,50
2026-01-01 14:03:00,1767276180000,1767276239999,BTC,1m,87863.0,87835.0,87863.0,87828.0,7.73202,215
2026-01-01 14:04:00,1767276240000,1767276299999,BTC,1m,87836.0,87860.0,87860.0,87835.0,1.64373,98
2026-01-01 14:05:00,1767276300000,1767276359999,BTC,1m,87860.0,87878.0,87878.0,87859.0,0.22241,62
2026-01-01 14:06:00,1767276360000,1767276419999,BTC,1m,87877.0,87864.0,87882.0,87864.0,0.59765,82
2026-01-01 14:07:00,1767276420000,1767276479999,BTC,1m,87864.0,87838.0,87873.0,87799.0,233.10254,678
2026-01-01 14:08:00,1767276480000,1767276539999,BTC,1m,87838.0,87845.0,87845.0,87838.0,4.61241,64
2026-01-01 14:09:00,1767276540000,1767276599999,BTC,1m,87846.0,87864.0,87864.0,87846.0,0.3744,57
2026-01-01 14:10:00,1767276600000,1767276659999,BTC,1m,87863.0,87941.0,87941.0,87863.0,6.2038,314
2026-01-01 14:11:00,1767276660000,1767276719999,BTC,1m,87932.0,87934.0,87951.0,87932.0,2.85771,90
2026-01-01 14:12:00,1767276720000,1767276779999,BTC,1m,87933.0,87944.0,87944.0,87933.0,1.3249,49
2026-01-01 14:13:00,1767276780000,1767276839999,BTC,1m,87943.0,87944.0,87944.0,87943.0,1.15405,29
2026-01-01 14:14:00,1767276840000,1767276899999,BTC,1m,87943.0,87944.0,87944.0,87943.0,0.5268,29
2026-01-01 14:15:00,1767276900000,1767276959999,BTC,1m,87944.0,87941.0,87944.0,87940.0,0.33387,36
2026-01-01 14:16:00,1767276960000,1767277019999,BTC,1m,87940.0,87935.0,87941.0,87934.0,0.58802,30
2026-01-01 14:17:00,1767277020000,1767277079999,BTC,1m,87934.0,87939.0,87939.0,87933.0,0.08869,46
2026-01-01 14:18:00,1767277080000,1767277139999,BTC,1m,87938.0,87943.0,87944.0,87938.0,3.50552,52
2026-01-01 14:19:00,1767277140000,1767277199999,BTC,1m,87943.0,87944.0,87944.0,87943.0,22.22148,102
2026-01-01 14:20:00,1767277200000,1767277259999,BTC,1m,87943.0,87930.0,87943.0,87930.0,37.55456,208
2026-01-01 14:21:00,1767277260000,1767277319999,BTC,1m,87930.0,87907.0,87931.0,87893.0,23.73317,184
2026-01-01 14:22:00,1767277320000,1767277379999,BTC,1m,87907.0,87922.0,87923.0,87906.0,3.43459,77
2026-01-01 14:23:00,1767277380000,1767277439999,BTC,1m,87922.0,87925.0,87925.0,87922.0,4.09768,52
2026-01-01 14:24:00,1767277440000,1767277499999,BTC,1m,87924.0,87878.0,87934.0,87877.0,114.65941,299
2026-01-01 14:25:00,1767277500000,1767277559999,BTC,1m,87878.0,87864.0,87878.0,87851.0,2.79948,141
2026-01-01 14:26:00,1767277560000,1767277619999,BTC,1m,87863.0,87868.0,87868.0,87863.0,1.39129,54
2026-01-01 14:27:00,1767277620000,1767277679999,BTC,1m,87867.0,87887.0,87887.0,87867.0,2.47336,85
2026-01-01 14:28:00,1767277680000,1767277739999,BTC,1m,87887.0,87828.0,87889.0,87828.0,156.3669,377
2026-01-01 14:29:00,1767277740000,1767277799999,BTC,1m,87828.0,87831.0,87832.0,87828.0,59.24751,215
2026-01-01 14:30:00,1767277800000,1767277859999,BTC,1m,87832.0,87831.0,87832.0,87830.0,2.12179,110
2026-01-01 14:31:00,1767277860000,1767277919999,BTC,1m,87829.0,87808.0,87830.0,87799.0,123.33129,272
2026-01-01 14:32:00,1767277920000,1767277979999,BTC,1m,87809.0,87786.0,87809.0,87786.0,3.5627,177
2026-01-01 14:33:00,1767277980000,1767278039999,BTC,1m,87787.0,87809.0,87809.0,87786.0,7.14551,112
2026-01-01 14:34:00,1767278040000,1767278099999,BTC,1m,87809.0,87819.0,87819.0,87808.0,0.98343,79
2026-01-01 14:35:00,1767278100000,1767278159999,BTC,1m,87818.0,87851.0,87851.0,87818.0,13.63137,199
2026-01-01 14:36:00,1767278160000,1767278219999,BTC,1m,87850.0,87845.0,87854.0,87845.0,11.7064,106
2026-01-01 14:37:00,1767278220000,1767278279999,BTC,1m,87845.0,87855.0,87855.0,87845.0,1.25371,66
2026-01-01 14:38:00,1767278280000,1767278339999,BTC,1m,87855.0,87855.0,87855.0,87854.0,0.5658,49
2026-01-01 14:39:00,1767278340000,1767278399999,BTC,1m,87855.0,87856.0,87857.0,87854.0,0.47967,70
2026-01-01 14:40:00,1767278400000,1767278459999,BTC,1m,87856.0,87878.0,87878.0,87856.0,2.72606,140
2026-01-01 14:41:00,1767278460000,1767278519999,BTC,1m,87877.0,87878.0,87878.0,87877.0,0.30756,38
2026-01-01 14:42:00,1767278520000,1767278579999,BTC,1m,87877.0,87868.0,87878.0,87868.0,2.86117,62
2026-01-01 14:43:00,1767278580000,1767278639999,BTC,1m,87867.0,87861.0,87867.0,87860.0,0.22316,47
2026-01-01 14:44:00,1767278640000,1767278699999,BTC,1m,87861.0,87876.0,87884.0,87856.0,91.71495,241
2026-01-01 14:45:00,1767278700000,1767278759999,BTC,1m,87876.0,87877.0,87877.0,87876.0,0.1106,28
2026-01-01 14:46:00,1767278760000,1767278819999,BTC,1m,87877.0,87879.0,87879.0,87876.0,0.02957,21
2026-01-01 14:47:00,1767278820000,1767278879999,BTC,1m,87878.0,87863.0,87879.0,87858.0,30.32058,182
2026-01-01 14:48:00,1767278880000,1767278939999,BTC,1m,87862.0,87872.0,87872.0,87862.0,0.26346,37
2026-01-01 14:49:00,1767278940000,1767278999999,BTC,1m,87871.0,87872.0,87872.0,87871.0,0.32196,28
2026-01-01 14:50:00,1767279000000,1767279059999,BTC,1m,87871.0,87919.0,87923.0,87871.0,2.25768,214
2026-01-01 14:51:00,1767279060000,1767279119999,BTC,1m,87918.0,87919.0,87919.0,87918.0,0.412,26
2026-01-01 14:52:00,1767279120000,1767279179999,BTC,1m,87918.0,87939.0,87940.0,87918.0,0.64762,77
2026-01-01 14:53:00,1767279180000,1767279239999,BTC,1m,87939.0,87940.0,87940.0,87939.0,0.90361,45
2026-01-01 14:54:00,1767279240000,1767279299999,BTC,1m,87939.0,87940.0,87940.0,87939.0,1.11282,38
2026-01-01 14:55:00,1767279300000,1767279359999,BTC,1m,87939.0,87928.0,87940.0,87927.0,1.70556,47
2026-01-01 14:56:00,1767279360000,1767279419999,BTC,1m,87928.0,87928.0,87928.0,87927.0,1.10318,31
2026-01-01 14:57:00,1767279420000,1767279479999,BTC,1m,87927.0,87940.0,87940.0,87927.0,1.89229,61
2026-01-01 14:58:00,1767279480000,1767279539999,BTC,1m,87940.0,87935.0,87940.0,87935.0,0.34515,28
2026-01-01 14:59:00,1767279540000,1767279599999,BTC,1m,87935.0,87936.0,87937.0,87935.0,0.33924,23
2026-01-01 15:00:00,1767279600000,1767279659999,BTC,1m,87937.0,87940.0,87940.0,87936.0,2.7135,44
2026-01-01 15:01:00,1767279660000,1767279719999,BTC,1m,87940.0,87937.0,87940.0,87936.0,1.34869,45
2026-01-01 15:02:00,1767279720000,1767279779999,BTC,1m,87935.0,87927.0,87936.0,87927.0,0.54602,51
2026-01-01 15:03:00,1767279780000,1767279839999,BTC,1m,87928.0,87928.0,87928.0,87927.0,4.05223,44
2026-01-01 15:04:00,1767279840000,1767279899999,BTC,1m,87928.0,87927.0,87928.0,87927.0,0.87904,24
2026-01-01 15:05:00,1767279900000,1767279959999,BTC,1m,87928.0,87928.0,87928.0,87927.0,0.67158,22
2026-01-01 15:06:00,1767279960000,1767280019999,BTC,1m,87928.0,87934.0,87934.0,87928.0,1.15366,56
2026-01-01 15:07:00,1767280020000,1767280079999,BTC,1m,87933.0,87934.0,87934.0,87933.0,0.07136,18
2026-01-01 15:08:00,1767280080000,1767280139999,BTC,1m,87933.0,87928.0,87934.0,87917.0,0.49121,70
2026-01-01 15:09:00,1767280140000,1767280199999,BTC,1m,87927.0,87913.0,87928.0,87913.0,0.87714,44
2026-01-01 15:10:00,1767280200000,1767280259999,BTC,1m,87913.0,87907.0,87913.0,87899.0,0.29958,77
2026-01-01 15:11:00,1767280260000,1767280319999,BTC,1m,87907.0,87909.0,87909.0,87906.0,1.4305,31
2026-01-01 15:12:00,1767280320000,1767280379999,BTC,1m,87908.0,87928.0,87928.0,87908.0,0.66296,70
2026-01-01 15:13:00,1767280380000,1767280439999,BTC,1m,87928.0,87940.0,87940.0,87928.0,2.47521,50
2026-01-01 15:14:00,1767280440000,1767280499999,BTC,1m,87939.0,87955.0,87957.0,87939.0,16.16317,141
2026-01-01 15:15:00,1767280500000,1767280559999,BTC,1m,87954.0,88013.0,88014.0,87954.0,16.81865,297
2026-01-01 15:16:00,1767280560000,1767280619999,BTC,1m,88014.0,88019.0,88052.0,88014.0,5.87596,248
2026-01-01 15:17:00,1767280620000,1767280679999,BTC,1m,88019.0,88032.0,88058.0,88018.0,3.60302,176
2026-01-01 15:18:00,1767280680000,1767280739999,BTC,1m,88032.0,88031.0,88052.0,88030.0,7.17046,125
2026-01-01 15:19:00,1767280740000,1767280799999,BTC,1m,88029.0,88010.0,88029.0,88009.0,1.09664,83
2026-01-01 15:20:00,1767280800000,1767280859999,BTC,1m,88010.0,88010.0,88010.0,88009.0,2.72648,52
2026-01-01 15:21:00,1767280860000,1767280919999,BTC,1m,88009.0,88007.0,88009.0,88006.0,2.32797,48
2026-01-01 15:22:00,1767280920000,1767280979999,BTC,1m,88006.0,88007.0,88007.0,88006.0,0.94431,29
2026-01-01 15:23:00,1767280980000,1767281039999,BTC,1m,88006.0,87988.0,88007.0,87987.0,1.38677,68
2026-01-01 15:24:00,1767281040000,1767281099999,BTC,1m,87987.0,87980.0,87988.0,87979.0,1.85798,67
2026-01-01 15:25:00,1767281100000,1767281159999,BTC,1m,87979.0,87968.0,87979.0,87967.0,2.82947,70
2026-01-01 15:26:00,1767281160000,1767281219999,BTC,1m,87968.0,87949.0,87968.0,87948.0,3.18686,87
2026-01-01 15:27:00,1767281220000,1767281279999,BTC,1m,87949.0,87957.0,87957.0,87949.0,2.43627,54
2026-01-01 15:28:00,1767281280000,1767281339999,BTC,1m,87956.0,87956.0,87957.0,87956.0,3.20697,62
2026-01-01 15:29:00,1767281340000,1767281399999,BTC,1m,87956.0,87981.0,87981.0,87956.0,4.39097,111
2026-01-01 15:30:00,1767281400000,1767281459999,BTC,1m,87980.0,87980.0,87981.0,87980.0,2.69138,53
2026-01-01 15:31:00,1767281460000,1767281519999,BTC,1m,87980.0,87953.0,87981.0,87953.0,7.33224,109
2026-01-01 15:32:00,1767281520000,1767281579999,BTC,1m,87954.0,87984.0,87985.0,87953.0,1.90854,114
2026-01-01 15:33:00,1767281580000,1767281639999,BTC,1m,87985.0,87957.0,87985.0,87957.0,0.85502,81
2026-01-01 15:34:00,1767281640000,1767281699999,BTC,1m,87958.0,87943.0,87958.0,87943.0,1.09456,86
2026-01-01 15:35:00,1767281700000,1767281759999,BTC,1m,87943.0,87917.0,87944.0,87917.0,0.51229,89
2026-01-01 15:36:00,1767281760000,1767281819999,BTC,1m,87917.0,87965.0,87965.0,87917.0,2.02234,178
2026-01-01 15:37:00,1767281820000,1767281879999,BTC,1m,87964.0,87965.0,87965.0,87964.0,6.56158,50
2026-01-01 15:38:00,1767281880000,1767281939999,BTC,1m,87964.0,87951.0,87964.0,87951.0,5.94411,85
2026-01-01 15:39:00,1767281940000,1767281999999,BTC,1m,87952.0,87951.0,87952.0,87951.0,6.49918,52
2026-01-01 15:40:00,1767282000000,1767282059999,BTC,1m,87951.0,87967.0,87969.0,87951.0,6.2528,93
2026-01-01 15:41:00,1767282060000,1767282119999,BTC,1m,87966.0,88009.0,88010.0,87966.0,20.97693,220
2026-01-01 15:42:00,1767282120000,1767282179999,BTC,1m,88010.0,88055.0,88096.0,88009.0,5.19538,382
2026-01-01 15:43:00,1767282180000,1767282239999,BTC,1m,88054.0,88007.0,88054.0,88006.0,3.80263,137
2026-01-01 15:44:00,1767282240000,1767282299999,BTC,1m,88007.0,87997.0,88007.0,87997.0,0.52333,49
2026-01-01 15:45:00,1767282300000,1767282359999,BTC,1m,87998.0,87998.0,87998.0,87997.0,6.3919,89
2026-01-01 15:46:00,1767282360000,1767282419999,BTC,1m,87998.0,88037.0,88045.0,87997.0,3.19764,205
2026-01-01 15:47:00,1767282420000,1767282479999,BTC,1m,88040.0,87978.0,88063.0,87978.0,16.16557,300
2026-01-01 15:48:00,1767282480000,1767282539999,BTC,1m,87978.0,87986.0,87992.0,87978.0,6.00707,104
2026-01-01 15:49:00,1767282540000,1767282599999,BTC,1m,87986.0,87969.0,87987.0,87962.0,3.59455,110
2026-01-01 15:50:00,1767282600000,1767282659999,BTC,1m,87970.0,87993.0,87993.0,87970.0,0.89144,88
2026-01-01 15:51:00,1767282660000,1767282719999,BTC,1m,87993.0,87992.0,87993.0,87987.0,8.08892,86
2026-01-01 15:52:00,1767282720000,1767282779999,BTC,1m,87994.0,88003.0,88003.0,87994.0,1.08884,61
2026-01-01 15:53:00,1767282780000,1767282839999,BTC,1m,88003.0,88010.0,88011.0,88002.0,6.86486,69
2026-01-01 15:54:00,1767282840000,1767282899999,BTC,1m,88011.0,88022.0,88023.0,88010.0,7.80468,83
2026-01-01 15:55:00,1767282900000,1767282959999,BTC,1m,88023.0,88022.0,88023.0,88022.0,9.06903,47
2026-01-01 15:56:00,1767282960000,1767283019999,BTC,1m,88023.0,88015.0,88023.0,88015.0,2.05465,59
2026-01-01 15:57:00,1767283020000,1767283079999,BTC,1m,88016.0,88019.0,88020.0,88009.0,4.5043,98
2026-01-01 15:58:00,1767283080000,1767283139999,BTC,1m,88020.0,88019.0,88020.0,88019.0,0.62988,27
2026-01-01 15:59:00,1767283140000,1767283199999,BTC,1m,88018.0,88011.0,88018.0,88010.0,1.09213,54
2026-01-01 16:00:00,1767283200000,1767283259999,BTC,1m,88011.0,88007.0,88023.0,88006.0,2.58606,101
2026-01-01 16:01:00,1767283260000,1767283319999,BTC,1m,88007.0,87961.0,88007.0,87961.0,1.86368,178
2026-01-01 16:02:00,1767283320000,1767283379999,BTC,1m,87962.0,87960.0,87991.0,87960.0,1.58714,120
2026-01-01 16:03:00,1767283380000,1767283439999,BTC,1m,87960.0,87966.0,87980.0,87960.0,0.96184,66
2026-01-01 16:04:00,1767283440000,1767283499999,BTC,1m,87966.0,87955.0,87967.0,87954.0,2.24984,73
2026-01-01 16:05:00,1767283500000,1767283559999,BTC,1m,87955.0,87935.0,87966.0,87935.0,12.01528,167
2026-01-01 16:06:00,1767283560000,1767283619999,BTC,1m,87934.0,87972.0,87972.0,87932.0,28.16583,151
2026-01-01 16:07:00,1767283620000,1767283679999,BTC,1m,87972.0,87963.0,87972.0,87963.0,0.76638,42
2026-01-01 16:08:00,1767283680000,1767283739999,BTC,1m,87964.0,87930.0,87964.0,87928.0,1.59296,119
2026-01-01 16:09:00,1767283740000,1767283799999,BTC,1m,87930.0,87942.0,87949.0,87929.0,2.07404,101
2026-01-01 16:10:00,1767283800000,1767283859999,BTC,1m,87941.0,87929.0,87941.0,87927.0,6.47884,110
2026-01-01 16:11:00,1767283860000,1767283919999,BTC,1m,87929.0,87900.0,87929.0,87897.0,15.72908,200
2026-01-01 16:12:00,1767283920000,1767283979999,BTC,1m,87900.0,87935.0,87940.0,87899.0,1.90803,93
2026-01-01 16:13:00,1767283980000,1767284039999,BTC,1m,87936.0,87926.0,87936.0,87925.0,5.96829,75
2026-01-01 16:14:00,1767284040000,1767284099999,BTC,1m,87926.0,87925.0,87926.0,87925.0,2.0655,41
2026-01-01 16:15:00,1767284100000,1767284159999,BTC,1m,87926.0,87934.0,87934.0,87924.0,1.01426,47
2026-01-01 16:16:00,1767284160000,1767284219999,BTC,1m,87934.0,87915.0,87934.0,87900.0,0.99834,119
2026-01-01 16:17:00,1767284220000,1767284279999,BTC,1m,87914.0,87892.0,87914.0,87892.0,2.79688,100
2026-01-01 16:18:00,1767284280000,1767284339999,BTC,1m,87893.0,87885.0,87893.0,87885.0,2.18052,61
2026-01-01 16:19:00,1767284340000,1767284399999,BTC,1m,87885.0,87880.0,87885.0,87880.0,2.72566,60
2026-01-01 16:20:00,1767284400000,1767284459999,BTC,1m,87881.0,87880.0,87881.0,87880.0,1.34253,38
2026-01-01 16:21:00,1767284460000,1767284519999,BTC,1m,87881.0,87880.0,87898.0,87880.0,16.19779,165
2026-01-01 16:22:00,1767284520000,1767284579999,BTC,1m,87879.0,87858.0,87880.0,87857.0,8.47382,111
2026-01-01 16:23:00,1767284580000,1767284639999,BTC,1m,87857.0,87874.0,87874.0,87857.0,1.08092,54
2026-01-01 16:24:00,1767284640000,1767284699999,BTC,1m,87874.0,87875.0,87876.0,87873.0,0.5231,26
2026-01-01 16:25:00,1767284700000,1767284759999,BTC,1m,87876.0,87900.0,87900.0,87875.0,9.22575,113
2026-01-01 16:26:00,1767284760000,1767284819999,BTC,1m,87900.0,87914.0,87914.0,87899.0,0.32886,56
2026-01-01 16:27:00,1767284820000,1767284879999,BTC,1m,87914.0,87920.0,87921.0,87913.0,0.7308,43
2026-01-01 16:28:00,1767284880000,1767284939999,BTC,1m,87921.0,87929.0,87929.0,87920.0,0.95247,55
2026-01-01 16:29:00,1767284940000,1767284999999,BTC,1m,87930.0,87933.0,87933.0,87929.0,0.15204,49
2026-01-01 16:30:00,1767285000000,1767285059999,BTC,1m,87933.0,87925.0,87939.0,87924.0,7.73306,96
2026-01-01 16:31:00,1767285060000,1767285119999,BTC,1m,87925.0,87941.0,87941.0,87924.0,0.14724,54
2026-01-01 16:32:00,1767285120000,1767285179999,BTC,1m,87941.0,87973.0,87973.0,87941.0,30.38414,227
2026-01-01 16:33:00,1767285180000,1767285239999,BTC,1m,87973.0,87954.0,87977.0,87945.0,42.0426,248
2026-01-01 16:34:00,1767285240000,1767285299999,BTC,1m,87954.0,87954.0,87954.0,87953.0,1.46278,37
2026-01-01 16:35:00,1767285300000,1767285359999,BTC,1m,87954.0,87965.0,87973.0,87954.0,1.22843,53
2026-01-01 16:36:00,1767285360000,1767285419999,BTC,1m,87966.0,87966.0,87966.0,87965.0,0.21867,23
2026-01-01 16:37:00,1767285420000,1767285479999,BTC,1m,87966.0,87950.0,87966.0,87950.0,0.66987,43
2026-01-01 16:38:00,1767285480000,1767285539999,BTC,1m,87950.0,87943.0,87950.0,87939.0,0.74483,54
2026-01-01 16:39:00,1767285540000,1767285599999,BTC,1m,87943.0,87941.0,87943.0,87940.0,5.67538,62
2026-01-01 16:40:00,1767285600000,1767285659999,BTC,1m,87941.0,87928.0,87941.0,87928.0,6.81495,70
2026-01-01 16:41:00,1767285660000,1767285719999,BTC,1m,87929.0,87929.0,87929.0,87928.0,5.65126,51
2026-01-01 16:42:00,1767285720000,1767285779999,BTC,1m,87928.0,87927.0,87929.0,87927.0,5.73153,77
2026-01-01 16:43:00,1767285780000,1767285839999,BTC,1m,87927.0,87928.0,87928.0,87927.0,0.46201,28
2026-01-01 16:44:00,1767285840000,1767285899999,BTC,1m,87927.0,87921.0,87928.0,87920.0,0.58856,47
2026-01-01 16:45:00,1767285900000,1767285959999,BTC,1m,87920.0,87921.0,87921.0,87920.0,6.12639,58
2026-01-01 16:46:00,1767285960000,1767286019999,BTC,1m,87920.0,87921.0,87921.0,87920.0,0.23,23
2026-01-01 16:47:00,1767286020000,1767286079999,BTC,1m,87920.0,87974.0,87980.0,87920.0,137.06367,507
2026-01-01 16:48:00,1767286080000,1767286139999,BTC,1m,87973.0,87968.0,87973.0,87949.0,1.05493,73
2026-01-01 16:49:00,1767286140000,1767286199999,BTC,1m,87967.0,87971.0,87971.0,87967.0,0.35214,46
2026-01-01 16:50:00,1767286200000,1767286259999,BTC,1m,87971.0,87958.0,87971.0,87956.0,6.69528,91
2026-01-01 16:51:00,1767286260000,1767286319999,BTC,1m,87957.0,87957.0,87958.0,87957.0,0.08886,31
2026-01-01 16:52:00,1767286320000,1767286379999,BTC,1m,87956.0,87956.0,87957.0,87956.0,0.49623,28
2026-01-01 16:53:00,1767286380000,1767286439999,BTC,1m,87956.0,87958.0,87958.0,87956.0,0.32593,27
2026-01-01 16:54:00,1767286440000,1767286499999,BTC,1m,87957.0,87963.0,87964.0,87957.0,0.88545,40
2026-01-01 16:55:00,1767286500000,1767286559999,BTC,1m,87963.0,87961.0,87963.0,87960.0,1.3033,27
2026-01-01 16:56:00,1767286560000,1767286619999,BTC,1m,87960.0,87960.0,87961.0,87960.0,0.15917,25
2026-01-01 16:57:00,1767286620000,1767286679999,BTC,1m,87960.0,87961.0,87961.0,87960.0,0.17179,18
2026-01-01 16:58:00,1767286680000,1767286739999,BTC,1m,87960.0,87968.0,87968.0,87960.0,0.88815,37
2026-01-01 16:59:00,1767286740000,1767286799999,BTC,1m,87967.0,87968.0,87968.0,87967.0,0.55209,33
2026-01-01 17:00:00,1767286800000,1767286859999,BTC,1m,87969.0,87978.0,87978.0,87969.0,2.91405,38
2026-01-01 17:01:00,1767286860000,1767286919999,BTC,1m,87977.0,87962.0,87978.0,87962.0,0.19434,59
2026-01-01 17:02:00,1767286920000,1767286979999,BTC,1m,87961.0,87962.0,87962.0,87961.0,0.12338,25
2026-01-01 17:03:00,1767286980000,1767287039999,BTC,1m,87961.0,87962.0,87962.0,87961.0,0.30318,23
2026-01-01 17:04:00,1767287040000,1767287099999,BTC,1m,87961.0,87972.0,87972.0,87961.0,0.68616,31
2026-01-01 17:05:00,1767287100000,1767287159999,BTC,1m,87971.0,87972.0,87973.0,87971.0,0.05975,25
2026-01-01 17:06:00,1767287160000,1767287219999,BTC,1m,87973.0,87973.0,87979.0,87972.0,6.30606,63
2026-01-01 17:07:00,1767287220000,1767287279999,BTC,1m,87972.0,87972.0,87973.0,87972.0,1.58219,32
2026-01-01 17:08:00,1767287280000,1767287339999,BTC,1m,87972.0,87973.0,87973.0,87972.0,0.23815,23
2026-01-01 17:09:00,1767287340000,1767287399999,BTC,1m,87972.0,87973.0,87973.0,87972.0,1.28429,28
2026-01-01 17:10:00,1767287400000,1767287459999,BTC,1m,87972.0,87973.0,87973.0,87972.0,3.36498,48
2026-01-01 17:11:00,1767287460000,1767287519999,BTC,1m,87973.0,88025.0,88025.0,87973.0,5.1939,225
2026-01-01 17:12:00,1767287520000,1767287579999,BTC,1m,88024.0,88022.0,88024.0,88018.0,0.17155,47
2026-01-01 17:13:00,1767287580000,1767287639999,BTC,1m,88022.0,88046.0,88077.0,88022.0,40.57679,333
2026-01-01 17:14:00,1767287640000,1767287699999,BTC,1m,88046.0,88041.0,88046.0,88040.0,0.25108,29
2026-01-01 17:15:00,1767287700000,1767287759999,BTC,1m,88040.0,88064.0,88064.0,88022.0,5.41875,167
2026-01-01 17:16:00,1767287760000,1767287819999,BTC,1m,88063.0,88069.0,88070.0,88063.0,3.38379,68
2026-01-01 17:17:00,1767287820000,1767287879999,BTC,1m,88070.0,88051.0,88075.0,88049.0,1.30048,85
2026-01-01 17:18:00,1767287880000,1767287939999,BTC,1m,88050.0,88054.0,88054.0,88050.0,1.27565,41
2026-01-01 17:19:00,1767287940000,1767287999999,BTC,1m,88053.0,88054.0,88054.0,88053.0,0.27981,32
2026-01-01 17:20:00,1767288000000,1767288059999,BTC,1m,88054.0,88159.0,88170.0,88053.0,26.16546,624
2026-01-01 17:21:00,1767288060000,1767288119999,BTC,1m,88159.0,88210.0,88255.0,88159.0,39.04611,890
2026-01-01 17:22:00,1767288120000,1767288179999,BTC,1m,88210.0,88237.0,88257.0,88199.0,5.137,225
2026-01-01 17:23:00,1767288180000,1767288239999,BTC,1m,88238.0,88181.0,88240.0,88181.0,7.03069,194
2026-01-01 17:24:00,1767288240000,1767288299999,BTC,1m,88182.0,88175.0,88203.0,88174.0,8.57028,166
2026-01-01 17:25:00,1767288300000,1767288359999,BTC,1m,88175.0,88169.0,88175.0,88169.0,0.77867,43
2026-01-01 17:26:00,1767288360000,1767288419999,BTC,1m,88169.0,88192.0,88192.0,88152.0,5.58806,170
2026-01-01 17:27:00,1767288420000,1767288479999,BTC,1m,88193.0,88210.0,88210.0,88192.0,3.98438,122
2026-01-01 17:28:00,1767288480000,1767288539999,BTC,1m,88209.0,88221.0,88221.0,88209.0,4.59485,111
2026-01-01 17:29:00,1767288540000,1767288599999,BTC,1m,88222.0,88238.0,88238.0,88221.0,7.76108,160
2026-01-01 17:30:00,1767288600000,1767288659999,BTC,1m,88238.0,88476.0,88478.0,88238.0,68.25671,1720
2026-01-01 17:31:00,1767288660000,1767288719999,BTC,1m,88474.0,88448.0,88495.0,88429.0,93.15264,741
2026-01-01 17:32:00,1767288720000,1767288779999,BTC,1m,88448.0,88441.0,88473.0,88414.0,88.93711,682
2026-01-01 17:33:00,1767288780000,1767288839999,BTC,1m,88439.0,88383.0,88439.0,88365.0,6.08975,248
2026-01-01 17:34:00,1767288840000,1767288899999,BTC,1m,88383.0,88340.0,88384.0,88334.0,6.89891,191
2026-01-01 17:35:00,1767288900000,1767288959999,BTC,1m,88340.0,88345.0,88380.0,88340.0,7.92778,192
2026-01-01 17:36:00,1767288960000,1767289019999,BTC,1m,88345.0,88368.0,88369.0,88325.0,7.17414,207
2026-01-01 17:37:00,1767289020000,1767289079999,BTC,1m,88369.0,88366.0,88370.0,88365.0,2.05018,44
2026-01-01 17:38:00,1767289080000,1767289139999,BTC,1m,88365.0,88389.0,88389.0,88365.0,5.80196,185
2026-01-01 17:39:00,1767289140000,1767289199999,BTC,1m,88389.0,88417.0,88432.0,88389.0,3.95126,221
2026-01-01 17:40:00,1767289200000,1767289259999,BTC,1m,88417.0,88419.0,88479.0,88417.0,19.63469,404
2026-01-01 17:41:00,1767289260000,1767289319999,BTC,1m,88420.0,88409.0,88432.0,88400.0,38.85309,271
2026-01-01 17:42:00,1767289320000,1767289379999,BTC,1m,88408.0,88407.0,88408.0,88407.0,152.21118,157
2026-01-01 17:43:00,1767289380000,1767289439999,BTC,1m,88408.0,88334.0,88408.0,88334.0,71.33971,275
2026-01-01 17:44:00,1767289440000,1767289499999,BTC,1m,88335.0,88317.0,88355.0,88310.0,60.16418,375
2026-01-01 17:45:00,1767289500000,1767289559999,BTC,1m,88318.0,88306.0,88318.0,88302.0,11.9767,132
2026-01-01 17:46:00,1767289560000,1767289619999,BTC,1m,88306.0,88318.0,88318.0,88306.0,4.00111,80
2026-01-01 17:47:00,1767289620000,1767289679999,BTC,1m,88319.0,88306.0,88356.0,88305.0,1.28196,225
2026-01-01 17:48:00,1767289680000,1767289739999,BTC,1m,88305.0,88305.0,88308.0,88296.0,20.36601,117
2026-01-01 17:49:00,1767289740000,1767289799999,BTC,1m,88304.0,88308.0,88309.0,88304.0,0.87647,46
2026-01-01 17:50:00,1767289800000,1767289859999,BTC,1m,88308.0,88310.0,88310.0,88308.0,0.85583,41
2026-01-01 17:51:00,1767289860000,1767289919999,BTC,1m,88309.0,88383.0,88384.0,88309.0,4.47232,219
2026-01-01 17:52:00,1767289920000,1767289979999,BTC,1m,88384.0,88395.0,88432.0,88370.0,14.61259,355
2026-01-01 17:53:00,1767289980000,1767290039999,BTC,1m,88393.0,88383.0,88405.0,88383.0,3.27972,128
2026-01-01 17:54:00,1767290040000,1767290099999,BTC,1m,88383.0,88361.0,88384.0,88361.0,6.90878,144
2026-01-01 17:55:00,1767290100000,1767290159999,BTC,1m,88362.0,88305.0,88362.0,88304.0,9.33574,182
2026-01-01 17:56:00,1767290160000,1767290219999,BTC,1m,88305.0,88275.0,88305.0,88274.0,5.96267,153
2026-01-01 17:57:00,1767290220000,1767290279999,BTC,1m,88274.0,88275.0,88280.0,88274.0,1.06484,64
2026-01-01 17:58:00,1767290280000,1767290339999,BTC,1m,88275.0,88275.0,88275.0,88274.0,3.42926,67
2026-01-01 17:59:00,1767290340000,1767290399999,BTC,1m,88275.0,88293.0,88293.0,88274.0,8.15231,105
2026-01-01 18:00:00,1767290400000,1767290459999,BTC,1m,88293.0,88338.0,88339.0,88293.0,13.82805,327
2026-01-01 18:01:00,1767290460000,1767290519999,BTC,1m,88339.0,88328.0,88340.0,88320.0,24.48286,234
2026-01-01 18:02:00,1767290520000,1767290579999,BTC,1m,88329.0,88271.0,88329.0,88263.0,30.52343,182
2026-01-01 18:03:00,1767290580000,1767290639999,BTC,1m,88272.0,88260.0,88278.0,88260.0,1.21839,74
2026-01-01 18:04:00,1767290640000,1767290699999,BTC,1m,88260.0,88254.0,88261.0,88253.0,7.92509,110
2026-01-01 18:05:00,1767290700000,1767290759999,BTC,1m,88253.0,88203.0,88254.0,88192.0,13.54639,248
2026-01-01 18:06:00,1767290760000,1767290819999,BTC,1m,88202.0,88205.0,88205.0,88162.0,6.93579,182
2026-01-01 18:07:00,1767290820000,1767290879999,BTC,1m,88204.0,88192.0,88204.0,88192.0,5.30642,81
2026-01-01 18:08:00,1767290880000,1767290939999,BTC,1m,88192.0,88192.0,88193.0,88192.0,4.59608,84
2026-01-01 18:09:00,1767290940000,1767290999999,BTC,1m,88193.0,88230.0,88241.0,88193.0,6.62139,190
2026-01-01 18:10:00,1767291000000,1767291059999,BTC,1m,88231.0,88188.0,88231.0,88188.0,3.29509,131
2026-01-01 18:11:00,1767291060000,1767291119999,BTC,1m,88188.0,88209.0,88215.0,88188.0,3.89489,96
2026-01-01 18:12:00,1767291120000,1767291179999,BTC,1m,88209.0,88185.0,88209.0,88175.0,8.43348,200
2026-01-01 18:13:00,1767291180000,1767291239999,BTC,1m,88184.0,88180.0,88184.0,88179.0,6.55638,95
2026-01-01 18:14:00,1767291240000,1767291299999,BTC,1m,88179.0,88140.0,88180.0,88140.0,9.99127,180
2026-01-01 18:15:00,1767291300000,1767291359999,BTC,1m,88141.0,88118.0,88143.0,88111.0,11.37922,192
2026-01-01 18:16:00,1767291360000,1767291419999,BTC,1m,88119.0,88112.0,88157.0,88112.0,6.841,208
2026-01-01 18:17:00,1767291420000,1767291479999,BTC,1m,88112.0,88108.0,88116.0,88108.0,5.67748,110
2026-01-01 18:18:00,1767291480000,1767291539999,BTC,1m,88108.0,88171.0,88177.0,88108.0,18.86552,260
2026-01-01 18:19:00,1767291540000,1767291599999,BTC,1m,88170.0,88161.0,88171.0,88148.0,4.76937,162
2026-01-01 18:20:00,1767291600000,1767291659999,BTC,1m,88162.0,88161.0,88183.0,88161.0,4.24525,144
2026-01-01 18:21:00,1767291660000,1767291719999,BTC,1m,88162.0,88168.0,88169.0,88158.0,7.54209,67
2026-01-01 18:22:00,1767291720000,1767291779999,BTC,1m,88168.0,88198.0,88198.0,88168.0,5.28434,161
2026-01-01 18:23:00,1767291780000,1767291839999,BTC,1m,88198.0,88205.0,88233.0,88198.0,24.61746,299
2026-01-01 18:24:00,1767291840000,1767291899999,BTC,1m,88204.0,88133.0,88205.0,88132.0,13.03364,287
2026-01-01 18:25:00,1767291900000,1767291959999,BTC,1m,88132.0,88126.0,88134.0,88125.0,9.14882,120
2026-01-01 18:26:00,1767291960000,1767292019999,BTC,1m,88125.0,88125.0,88126.0,88125.0,3.75429,64
2026-01-01 18:27:00,1767292020000,1767292079999,BTC,1m,88125.0,88123.0,88126.0,88123.0,6.18597,78
2026-01-01 18:28:00,1767292080000,1767292139999,BTC,1m,88124.0,88084.0,88124.0,88083.0,5.08002,199
2026-01-01 18:29:00,1767292140000,1767292199999,BTC,1m,88083.0,88059.0,88084.0,88059.0,51.12868,355
2026-01-01 18:30:00,1767292200000,1767292259999,BTC,1m,88059.0,88096.0,88103.0,88059.0,10.16615,152
2026-01-01 18:31:00,1767292260000,1767292319999,BTC,1m,88095.0,88096.0,88096.0,88095.0,0.80676,35
2026-01-01 18:32:00,1767292320000,1767292379999,BTC,1m,88095.0,88096.0,88096.0,88095.0,0.32332,25
2026-01-01 18:33:00,1767292380000,1767292439999,BTC,1m,88096.0,88096.0,88096.0,88095.0,3.70429,48
2026-01-01 18:34:00,1767292440000,1767292499999,BTC,1m,88096.0,88100.0,88100.0,88095.0,1.74868,31
2026-01-01 18:35:00,1767292500000,1767292559999,BTC,1m,88100.0,88157.0,88158.0,88099.0,5.89527,308
2026-01-01 18:36:00,1767292560000,1767292619999,BTC,1m,88157.0,88131.0,88158.0,88130.0,0.76878,90
2026-01-01 18:37:00,1767292620000,1767292679999,BTC,1m,88130.0,88131.0,88131.0,88130.0,0.12961,25
2026-01-01 18:38:00,1767292680000,1767292739999,BTC,1m,88131.0,88130.0,88138.0,88129.0,1.69098,67
2026-01-01 18:39:00,1767292740000,1767292799999,BTC,1m,88129.0,88133.0,88141.0,88129.0,0.79813,49
2026-01-01 18:40:00,1767292800000,1767292859999,BTC,1m,88133.0,88125.0,88134.0,88124.0,0.97081,43
2026-01-01 18:41:00,1767292860000,1767292919999,BTC,1m,88124.0,88135.0,88135.0,88118.0,2.5335,83
2026-01-01 18:42:00,1767292920000,1767292979999,BTC,1m,88134.0,88135.0,88135.0,88134.0,3.38797,51
2026-01-01 18:43:00,1767292980000,1767293039999,BTC,1m,88135.0,88153.0,88153.0,88134.0,3.15751,56
2026-01-01 18:44:00,1767293040000,1767293099999,BTC,1m,88152.0,88152.0,88153.0,88152.0,0.42287,31
2026-01-01 18:45:00,1767293100000,1767293159999,BTC,1m,88152.0,88179.0,88179.0,88152.0,5.51589,176
2026-01-01 18:46:00,1767293160000,1767293219999,BTC,1m,88179.0,88187.0,88189.0,88178.0,1.65561,88
2026-01-01 18:47:00,1767293220000,1767293279999,BTC,1m,88187.0,88188.0,88188.0,88187.0,0.79634,36
2026-01-01 18:48:00,1767293280000,1767293339999,BTC,1m,88188.0,88171.0,88188.0,88171.0,12.4224,119
2026-01-01 18:49:00,1767293340000,1767293399999,BTC,1m,88171.0,88164.0,88172.0,88163.0,0.92879,42
2026-01-01 18:50:00,1767293400000,1767293459999,BTC,1m,88163.0,88164.0,88164.0,88163.0,0.03564,24
2026-01-01 18:51:00,1767293460000,1767293519999,BTC,1m,88163.0,88169.0,88169.0,88163.0,0.55279,36
2026-01-01 18:52:00,1767293520000,1767293579999,BTC,1m,88168.0,88169.0,88169.0,88168.0,3.06024,30
2026-01-01 18:53:00,1767293580000,1767293639999,BTC,1m,88168.0,88168.0,88169.0,88167.0,0.48383,29
2026-01-01 18:54:00,1767293640000,1767293699999,BTC,1m,88167.0,88133.0,88168.0,88132.0,3.18869,115
2026-01-01 18:55:00,1767293700000,1767293759999,BTC,1m,88132.0,88133.0,88133.0,88132.0,0.20083,23
2026-01-01 18:56:00,1767293760000,1767293819999,BTC,1m,88133.0,88133.0,88133.0,88132.0,1.23354,24
2026-01-01 18:57:00,1767293820000,1767293879999,BTC,1m,88132.0,88134.0,88135.0,88132.0,0.38887,35
2026-01-01 18:58:00,1767293880000,1767293939999,BTC,1m,88134.0,88159.0,88159.0,88134.0,1.27036,83
2026-01-01 18:59:00,1767293940000,1767293999999,BTC,1m,88159.0,88169.0,88170.0,88158.0,0.42588,49
2026-01-01 19:00:00,1767294000000,1767294059999,BTC,1m,88170.0,88166.0,88170.0,88165.0,0.7607,38
2026-01-01 19:01:00,1767294060000,1767294119999,BTC,1m,88165.0,88153.0,88166.0,88153.0,1.61684,79
2026-01-01 19:02:00,1767294120000,1767294179999,BTC,1m,88153.0,88140.0,88153.0,88140.0,1.44604,65
2026-01-01 19:03:00,1767294180000,1767294239999,BTC,1m,88140.0,88142.0,88142.0,88140.0,0.34402,36
2026-01-01 19:04:00,1767294240000,1767294299999,BTC,1m,88141.0,88138.0,88142.0,88137.0,1.37129,43
2026-01-01 19:05:00,1767294300000,1767294359999,BTC,1m,88137.0,88137.0,88138.0,88137.0,0.30306,26
2026-01-01 19:06:00,1767294360000,1767294419999,BTC,1m,88138.0,88142.0,88142.0,88137.0,1.87195,42
2026-01-01 19:07:00,1767294420000,1767294479999,BTC,1m,88141.0,88142.0,88142.0,88141.0,2.45662,45
2026-01-01 19:08:00,1767294480000,1767294539999,BTC,1m,88141.0,88132.0,88142.0,88131.0,0.37048,37
2026-01-01 19:09:00,1767294540000,1767294599999,BTC,1m,88131.0,88102.0,88132.0,88102.0,1.44004,89
2026-01-01 19:10:00,1767294600000,1767294659999,BTC,1m,88102.0,88103.0,88103.0,88102.0,3.24422,45
2026-01-01 19:11:00,1767294660000,1767294719999,BTC,1m,88102.0,88104.0,88105.0,88102.0,3.87102,44
2026-01-01 19:12:00,1767294720000,1767294779999,BTC,1m,88104.0,88091.0,88104.0,88090.0,1.01058,54
2026-01-01 19:13:00,1767294780000,1767294839999,BTC,1m,88091.0,88058.0,88092.0,88055.0,2.70977,127
2026-01-01 19:14:00,1767294840000,1767294899999,BTC,1m,88057.0,88086.0,88086.0,88044.0,5.61934,183
2026-01-01 19:15:00,1767294900000,1767294959999,BTC,1m,88086.0,88104.0,88105.0,88086.0,1.31273,99
2026-01-01 19:16:00,1767294960000,1767295019999,BTC,1m,88105.0,88105.0,88105.0,88104.0,0.66039,27
2026-01-01 19:17:00,1767295020000,1767295079999,BTC,1m,88104.0,88125.0,88126.0,88104.0,0.93978,118
2026-01-01 19:18:00,1767295080000,1767295139999,BTC,1m,88125.0,88105.0,88125.0,88104.0,1.34959,70
2026-01-01 19:19:00,1767295140000,1767295199999,BTC,1m,88105.0,88108.0,88108.0,88103.0,2.80236,57
2026-01-01 19:20:00,1767295200000,1767295259999,BTC,1m,88113.0,88106.0,88114.0,88105.0,1.57739,45
2026-01-01 19:21:00,1767295260000,1767295319999,BTC,1m,88106.0,88112.0,88112.0,88106.0,0.41749,26
2026-01-01 19:22:00,1767295320000,1767295379999,BTC,1m,88111.0,88134.0,88146.0,88111.0,1.4956,139
2026-01-01 19:23:00,1767295380000,1767295439999,BTC,1m,88134.0,88130.0,88134.0,88129.0,1.95624,49
2026-01-01 19:24:00,1767295440000,1767295499999,BTC,1m,88129.0,88130.0,88130.0,88129.0,0.24649,31
2026-01-01 19:25:00,1767295500000,1767295559999,BTC,1m,88129.0,88130.0,88130.0,88129.0,5.80324,50
2026-01-01 19:26:00,1767295560000,1767295619999,BTC,1m,88130.0,88130.0,88130.0,88129.0,1.11882,35
2026-01-01 19:27:00,1767295620000,1767295679999,BTC,1m,88129.0,88138.0,88139.0,88129.0,1.9719,61
2026-01-01 19:28:00,1767295680000,1767295739999,BTC,1m,88138.0,88142.0,88142.0,88138.0,0.47915,42
2026-01-01 19:29:00,1767295740000,1767295799999,BTC,1m,88141.0,88141.0,88142.0,88141.0,9.73873,71
2026-01-01 19:30:00,1767295800000,1767295859999,BTC,1m,88142.0,88146.0,88147.0,88141.0,1.88998,61
2026-01-01 19:31:00,1767295860000,1767295919999,BTC,1m,88146.0,88141.0,88147.0,88139.0,4.00032,66
2026-01-01 19:32:00,1767295920000,1767295979999,BTC,1m,88140.0,88141.0,88142.0,88140.0,0.6459,45
2026-01-01 19:33:00,1767295980000,1767296039999,BTC,1m,88141.0,88142.0,88142.0,88141.0,0.23227,31
2026-01-01 19:34:00,1767296040000,1767296099999,BTC,1m,88141.0,88141.0,88142.0,88141.0,0.63889,21
2026-01-01 19:35:00,1767296100000,1767296159999,BTC,1m,88141.0,88142.0,88142.0,88141.0,0.13377,22
2026-01-01 19:36:00,1767296160000,1767296219999,BTC,1m,88141.0,88165.0,88165.0,88141.0,1.63899,90
2026-01-01 19:37:00,1767296220000,1767296279999,BTC,1m,88164.0,88180.0,88199.0,88164.0,40.91533,238
2026-01-01 19:38:00,1767296280000,1767296339999,BTC,1m,88180.0,88218.0,88224.0,88180.0,47.51181,284
2026-01-01 19:39:00,1767296340000,1767296399999,BTC,1m,88218.0,88245.0,88245.0,88217.0,25.22775,204
2026-01-01 19:40:00,1767296400000,1767296459999,BTC,1m,88245.0,88285.0,88302.0,88243.0,45.03137,424
2026-01-01 19:41:00,1767296460000,1767296519999,BTC,1m,88284.0,88315.0,88320.0,88284.0,54.85355,310
2026-01-01 19:42:00,1767296520000,1767296579999,BTC,1m,88316.0,88328.0,88328.0,88316.0,49.26805,129
2026-01-01 19:43:00,1767296580000,1767296639999,BTC,1m,88327.0,88328.0,88328.0,88327.0,61.53337,86
2026-01-01 19:44:00,1767296640000,1767296699999,BTC,1m,88328.0,88327.0,88328.0,88326.0,80.88476,116
2026-01-01 19:45:00,1767296700000,1767296759999,BTC,1m,88327.0,88301.0,88327.0,88300.0,60.00248,122
2026-01-01 19:46:00,1767296760000,1767296819999,BTC,1m,88301.0,88300.0,88301.0,88291.0,14.86433,129
2026-01-01 19:47:00,1767296820000,1767296879999,BTC,1m,88301.0,88303.0,88303.0,88300.0,2.02883,52
2026-01-01 19:48:00,1767296880000,1767296939999,BTC,1m,88303.0,88333.0,88334.0,88302.0,6.01227,120
2026-01-01 19:49:00,1767296940000,1767296999999,BTC,1m,88334.0,88375.0,88375.0,88334.0,18.42054,213
2026-01-01 19:50:00,1767297000000,1767297059999,BTC,1m,88374.0,88416.0,88416.0,88374.0,7.8401,139
2026-01-01 19:51:00,1767297060000,1767297119999,BTC,1m,88415.0,88416.0,88420.0,88415.0,1.62634,48
2026-01-01 19:52:00,1767297120000,1767297179999,BTC,1m,88415.0,88371.0,88415.0,88371.0,15.73875,210
2026-01-01 19:53:00,1767297180000,1767297239999,BTC,1m,88371.0,88388.0,88391.0,88371.0,1.59643,93
2026-01-01 19:54:00,1767297240000,1767297299999,BTC,1m,88388.0,88387.0,88403.0,88387.0,2.44827,91
2026-01-01 19:55:00,1767297300000,1767297359999,BTC,1m,88387.0,88350.0,88388.0,88350.0,8.02272,126
2026-01-01 19:56:00,1767297360000,1767297419999,BTC,1m,88351.0,88335.0,88351.0,88334.0,5.67913,124
2026-01-01 19:57:00,1767297420000,1767297479999,BTC,1m,88334.0,88337.0,88338.0,88334.0,1.51866,64
2026-01-01 19:58:00,1767297480000,1767297539999,BTC,1m,88338.0,88320.0,88338.0,88320.0,0.97958,61
2026-01-01 19:59:00,1767297540000,1767297599999,BTC,1m,88321.0,88377.0,88377.0,88320.0,51.16514,255
2026-01-01 20:00:00,1767297600000,1767297659999,BTC,1m,88365.0,88334.0,88376.0,88334.0,1.65711,131
2026-01-01 20:01:00,1767297660000,1767297719999,BTC,1m,88334.0,88356.0,88357.0,88325.0,9.10219,155
2026-01-01 20:02:00,1767297720000,1767297779999,BTC,1m,88356.0,88341.0,88357.0,88341.0,3.96798,89
2026-01-01 20:03:00,1767297780000,1767297839999,BTC,1m,88338.0,88301.0,88339.0,88301.0,0.62428,79
2026-01-01 20:04:00,1767297840000,1767297899999,BTC,1m,88301.0,88303.0,88303.0,88281.0,3.21782,115
2026-01-01 20:05:00,1767297900000,1767297959999,BTC,1m,88302.0,88308.0,88308.0,88302.0,0.35072,43
2026-01-01 20:06:00,1767297960000,1767298019999,BTC,1m,88307.0,88314.0,88314.0,88307.0,9.32232,62
2026-01-01 20:07:00,1767298020000,1767298079999,BTC,1m,88313.0,88314.0,88314.0,88313.0,0.39091,26
2026-01-01 20:08:00,1767298080000,1767298139999,BTC,1m,88313.0,88311.0,88313.0,88310.0,0.93509,41
2026-01-01 20:09:00,1767298140000,1767298199999,BTC,1m,88311.0,88300.0,88311.0,88299.0,2.18603,62
2026-01-01 20:10:00,1767298200000,1767298259999,BTC,1m,88300.0,88301.0,88301.0,88300.0,0.41082,28
2026-01-01 20:11:00,1767298260000,1767298319999,BTC,1m,88301.0,88321.0,88322.0,88301.0,0.32224,71
2026-01-01 20:12:00,1767298320000,1767298379999,BTC,1m,88321.0,88301.0,88322.0,88301.0,0.91525,52
2026-01-01 20:13:00,1767298380000,1767298439999,BTC,1m,88302.0,88317.0,88317.0,88298.0,0.33928,52
2026-01-01 20:14:00,1767298440000,1767298499999,BTC,1m,88316.0,88316.0,88317.0,88316.0,0.20821,36
2026-01-01 20:15:00,1767298500000,1767298559999,BTC,1m,88316.0,88316.0,88317.0,88316.0,0.72581,29
2026-01-01 20:16:00,1767298560000,1767298619999,BTC,1m,88316.0,88318.0,88318.0,88316.0,0.04707,23
2026-01-01 20:17:00,1767298620000,1767298679999,BTC,1m,88317.0,88340.0,88340.0,88317.0,2.54018,84
2026-01-01 20:18:00,1767298680000,1767298739999,BTC,1m,88339.0,88343.0,88343.0,88339.0,0.47032,27
2026-01-01 20:19:00,1767298740000,1767298799999,BTC,1m,88342.0,88344.0,88344.0,88342.0,23.17386,91
2026-01-01 20:20:00,1767298800000,1767298859999,BTC,1m,88343.0,88308.0,88344.0,88307.0,21.89766,158
2026-01-01 20:21:00,1767298860000,1767298919999,BTC,1m,88307.0,88295.0,88308.0,88295.0,4.09463,56
2026-01-01 20:22:00,1767298920000,1767298979999,BTC,1m,88296.0,88333.0,88333.0,88295.0,0.60971,99
2026-01-01 20:23:00,1767298980000,1767299039999,BTC,1m,88332.0,88333.0,88333.0,88332.0,0.59587,28
2026-01-01 20:24:00,1767299040000,1767299099999,BTC,1m,88333.0,88328.0,88333.0,88328.0,0.19782,24
2026-01-01 20:25:00,1767299100000,1767299159999,BTC,1m,88322.0,88320.0,88322.0,88312.0,0.42842,41
2026-01-01 20:26:00,1767299160000,1767299219999,BTC,1m,88320.0,88321.0,88321.0,88320.0,0.23014,32
2026-01-01 20:27:00,1767299220000,1767299279999,BTC,1m,88320.0,88321.0,88321.0,88320.0,0.57442,32
2026-01-01 20:28:00,1767299280000,1767299339999,BTC,1m,88321.0,88325.0,88325.0,88320.0,0.35564,27
2026-01-01 20:29:00,1767299340000,1767299399999,BTC,1m,88324.0,88338.0,88338.0,88324.0,0.54808,47
2026-01-01 20:30:00,1767299400000,1767299459999,BTC,1m,88339.0,88326.0,88339.0,88325.0,0.58467,51
2026-01-01 20:31:00,1767299460000,1767299519999,BTC,1m,88325.0,88325.0,88326.0,88325.0,0.17181,28
2026-01-01 20:32:00,1767299520000,1767299579999,BTC,1m,88325.0,88313.0,88325.0,88313.0,0.15281,54
2026-01-01 20:33:00,1767299580000,1767299639999,BTC,1m,88313.0,88301.0,88314.0,88301.0,4.78933,64
2026-01-01 20:34:00,1767299640000,1767299699999,BTC,1m,88301.0,88301.0,88302.0,88301.0,0.17937,21
2026-01-01 20:35:00,1767299700000,1767299759999,BTC,1m,88301.0,88302.0,88302.0,88301.0,0.185,33
2026-01-01 20:36:00,1767299760000,1767299819999,BTC,1m,88301.0,88263.0,88302.0,88263.0,0.79448,117
2026-01-01 20:37:00,1767299820000,1767299879999,BTC,1m,88263.0,88267.0,88267.0,88263.0,0.52287,41
2026-01-01 20:38:00,1767299880000,1767299939999,BTC,1m,88266.0,88267.0,88267.0,88266.0,0.18138,24
2026-01-01 20:39:00,1767299940000,1767299999999,BTC,1m,88266.0,88267.0,88267.0,88266.0,0.29747,28
2026-01-01 20:40:00,1767300000000,1767300059999,BTC,1m,88267.0,88278.0,88279.0,88266.0,0.73695,41
2026-01-01 20:41:00,1767300060000,1767300119999,BTC,1m,88278.0,88279.0,88279.0,88278.0,0.45008,28
2026-01-01 20:42:00,1767300120000,1767300179999,BTC,1m,88278.0,88299.0,88299.0,88278.0,1.50739,66
2026-01-01 20:43:00,1767300180000,1767300239999,BTC,1m,88298.0,88238.0,88299.0,88225.0,156.85925,553
2026-01-01 20:44:00,1767300240000,1767300299999,BTC,1m,88237.0,88217.0,88240.0,88204.0,114.92352,401
2026-01-01 20:45:00,1767300300000,1767300359999,BTC,1m,88216.0,88227.0,88232.0,88216.0,1.00738,82
2026-01-01 20:46:00,1767300360000,1767300419999,BTC,1m,88228.0,88259.0,88259.0,88227.0,1.52858,132
2026-01-01 20:47:00,1767300420000,1767300479999,BTC,1m,88258.0,88245.0,88258.0,88245.0,1.16217,53
2026-01-01 20:48:00,1767300480000,1767300539999,BTC,1m,88246.0,88245.0,88246.0,88245.0,0.37542,28
2026-01-01 20:49:00,1767300540000,1767300599999,BTC,1m,88246.0,88246.0,88246.0,88245.0,0.16159,27
2026-01-01 20:50:00,1767300600000,1767300659999,BTC,1m,88245.0,88246.0,88246.0,88245.0,1.05727,23
2026-01-01 20:51:00,1767300660000,1767300719999,BTC,1m,88245.0,88228.0,88246.0,88227.0,1.45035,75
2026-01-01 20:52:00,1767300720000,1767300779999,BTC,1m,88227.0,88236.0,88237.0,88227.0,1.89315,45
2026-01-01 20:53:00,1767300780000,1767300839999,BTC,1m,88236.0,88237.0,88237.0,88236.0,0.12427,19
2026-01-01 20:54:00,1767300840000,1767300899999,BTC,1m,88237.0,88237.0,88237.0,88236.0,0.02532,16
2026-01-01 20:55:00,1767300900000,1767300959999,BTC,1m,88236.0,88239.0,88239.0,88236.0,5.40769,28
2026-01-01 20:56:00,1767300960000,1767301019999,BTC,1m,88238.0,88238.0,88239.0,88238.0,0.24813,22
2026-01-01 20:57:00,1767301020000,1767301079999,BTC,1m,88238.0,88239.0,88239.0,88238.0,0.94173,28
2026-01-01 20:58:00,1767301080000,1767301139999,BTC,1m,88238.0,88238.0,88239.0,88238.0,1.1637,28
2026-01-01 20:59:00,1767301140000,1767301199999,BTC,1m,88239.0,88238.0,88239.0,88238.0,0.04884,14
2026-01-01 21:00:00,1767301200000,1767301259999,BTC,1m,88238.0,88239.0,88239.0,88238.0,0.37751,20
2026-01-01 21:01:00,1767301260000,1767301319999,BTC,1m,88238.0,88243.0,88244.0,88238.0,32.46799,111
2026-01-01 21:02:00,1767301320000,1767301379999,BTC,1m,88243.0,88244.0,88244.0,88243.0,0.12964,20
2026-01-01 21:03:00,1767301380000,1767301439999,BTC,1m,88243.0,88244.0,88244.0,88243.0,0.22213,26
2026-01-01 21:04:00,1767301440000,1767301499999,BTC,1m,88243.0,88244.0,88244.0,88243.0,0.06385,23
2026-01-01 21:05:00,1767301500000,1767301559999,BTC,1m,88243.0,88239.0,88244.0,88238.0,6.35535,57
2026-01-01 21:06:00,1767301560000,1767301619999,BTC,1m,88239.0,88239.0,88239.0,88238.0,0.0644,21
2026-01-01 21:07:00,1767301620000,1767301679999,BTC,1m,88238.0,88257.0,88257.0,88238.0,0.40951,52
2026-01-01 21:08:00,1767301680000,1767301739999,BTC,1m,88256.0,88287.0,88288.0,88256.0,4.64308,147
2026-01-01 21:09:00,1767301740000,1767301799999,BTC,1m,88287.0,88296.0,88296.0,88287.0,1.21343,54
2026-01-01 21:10:00,1767301800000,1767301859999,BTC,1m,88295.0,88318.0,88318.0,88295.0,0.34567,55
2026-01-01 21:11:00,1767301860000,1767301919999,BTC,1m,88318.0,88332.0,88332.0,88317.0,2.5303,107
2026-01-01 21:12:00,1767301920000,1767301979999,BTC,1m,88332.0,88372.0,88372.0,88332.0,15.71952,176
2026-01-01 21:13:00,1767301980000,1767302039999,BTC,1m,88372.0,88387.0,88424.0,88372.0,3.84698,287
2026-01-01 21:14:00,1767302040000,1767302099999,BTC,1m,88387.0,88365.0,88387.0,88365.0,1.52824,85
2026-01-01 21:15:00,1767302100000,1767302159999,BTC,1m,88365.0,88354.0,88366.0,88353.0,0.82306,61
2026-01-01 21:16:00,1767302160000,1767302219999,BTC,1m,88353.0,88350.0,88354.0,88349.0,1.1169,39
2026-01-01 21:17:00,1767302220000,1767302279999,BTC,1m,88349.0,88358.0,88358.0,88338.0,2.81647,84
2026-01-01 21:18:00,1767302280000,1767302339999,BTC,1m,88358.0,88341.0,88364.0,88341.0,1.98944,79
2026-01-01 21:19:00,1767302340000,1767302399999,BTC,1m,88340.0,88341.0,88341.0,88340.0,0.56,31
2026-01-01 21:20:00,1767302400000,1767302459999,BTC,1m,88340.0,88345.0,88345.0,88340.0,0.19824,36
2026-01-01 21:21:00,1767302460000,1767302519999,BTC,1m,88345.0,88345.0,88345.0,88344.0,0.02169,17
2026-01-01 21:22:00,1767302520000,1767302579999,BTC,1m,88345.0,88345.0,88345.0,88344.0,0.18695,23
2026-01-01 21:23:00,1767302580000,1767302639999,BTC,1m,88344.0,88345.0,88345.0,88344.0,0.04359,23
2026-01-01 21:24:00,1767302640000,1767302699999,BTC,1m,88344.0,88345.0,88345.0,88344.0,1.35227,41
2026-01-01 21:25:00,1767302700000,1767302759999,BTC,1m,88344.0,88349.0,88349.0,88344.0,0.60966,50
2026-01-01 21:26:00,1767302760000,1767302819999,BTC,1m,88348.0,88371.0,88371.0,88348.0,3.17253,91
2026-01-01 21:27:00,1767302820000,1767302879999,BTC,1m,88370.0,88374.0,88374.0,88370.0,0.3123,38
2026-01-01 21:28:00,1767302880000,1767302939999,BTC,1m,88373.0,88363.0,88374.0,88362.0,0.34236,35
2026-01-01 21:29:00,1767302940000,1767302999999,BTC,1m,88362.0,88363.0,88363.0,88362.0,0.60461,27
2026-01-01 21:30:00,1767303000000,1767303059999,BTC,1m,88362.0,88343.0,88363.0,88342.0,3.80101,62
2026-01-01 21:31:00,1767303060000,1767303119999,BTC,1m,88342.0,88349.0,88365.0,88342.0,0.77856,80
2026-01-01 21:32:00,1767303120000,1767303179999,BTC,1m,88349.0,88350.0,88350.0,88349.0,0.12328,24
2026-01-01 21:33:00,1767303180000,1767303239999,BTC,1m,88349.0,88342.0,88349.0,88341.0,0.09737,36
2026-01-01 21:34:00,1767303240000,1767303299999,BTC,1m,88341.0,88338.0,88342.0,88338.0,1.369,40
2026-01-01 21:35:00,1767303300000,1767303359999,BTC,1m,88339.0,88353.0,88353.0,88338.0,0.11961,34
2026-01-01 21:36:00,1767303360000,1767303419999,BTC,1m,88354.0,88345.0,88355.0,88344.0,26.92092,126
2026-01-01 21:37:00,1767303420000,1767303479999,BTC,1m,88345.0,88341.0,88345.0,88340.0,0.95669,25
2026-01-01 21:38:00,1767303480000,1767303539999,BTC,1m,88340.0,88340.0,88341.0,88340.0,0.47453,21
2026-01-01 21:39:00,1767303540000,1767303599999,BTC,1m,88341.0,88340.0,88341.0,88340.0,0.3152,24
2026-01-01 21:40:00,1767303600000,1767303659999,BTC,1m,88340.0,88340.0,88341.0,88340.0,1.9157,28
2026-01-01 21:41:00,1767303660000,1767303719999,BTC,1m,88340.0,88357.0,88357.0,88340.0,0.58372,49
2026-01-01 21:42:00,1767303720000,1767303779999,BTC,1m,88357.0,88327.0,88357.0,88327.0,1.36479,82
2026-01-01 21:43:00,1767303780000,1767303839999,BTC,1m,88327.0,88320.0,88327.0,88319.0,12.60648,86
2026-01-01 21:44:00,1767303840000,1767303899999,BTC,1m,88319.0,88306.0,88320.0,88306.0,1.855,52
2026-01-01 21:45:00,1767303900000,1767303959999,BTC,1m,88305.0,88286.0,88306.0,88286.0,0.49066,51
2026-01-01 21:46:00,1767303960000,1767304019999,BTC,1m,88286.0,88286.0,88286.0,88285.0,0.68902,37
2026-01-01 21:47:00,1767304020000,1767304079999,BTC,1m,88285.0,88297.0,88297.0,88285.0,0.4945,42
2026-01-01 21:48:00,1767304080000,1767304139999,BTC,1m,88296.0,88320.0,88320.0,88296.0,2.3701,83
2026-01-01 21:49:00,1767304140000,1767304199999,BTC,1m,88320.0,88320.0,88320.0,88319.0,0.40317,33
2026-01-01 21:50:00,1767304200000,1767304259999,BTC,1m,88319.0,88331.0,88331.0,88319.0,0.59548,51
2026-01-01 21:51:00,1767304260000,1767304319999,BTC,1m,88331.0,88346.0,88347.0,88331.0,2.24245,78
2026-01-01 21:52:00,1767304320000,1767304379999,BTC,1m,88346.0,88365.0,88365.0,88346.0,2.86,83
2026-01-01 21:53:00,1767304380000,1767304439999,BTC,1m,88364.0,88350.0,88365.0,88350.0,0.77794,50
2026-01-01 21:54:00,1767304440000,1767304499999,BTC,1m,88350.0,88370.0,88382.0,88350.0,75.93203,238
2026-01-01 21:55:00,1767304500000,1767304559999,BTC,1m,88366.0,88369.0,88376.0,88365.0,29.70383,132
2026-01-01 21:56:00,1767304560000,1767304619999,BTC,1m,88368.0,88365.0,88369.0,88364.0,4.89667,59
2026-01-01 21:57:00,1767304620000,1767304679999,BTC,1m,88364.0,88364.0,88365.0,88364.0,0.44708,24
2026-01-01 21:58:00,1767304680000,1767304739999,BTC,1m,88364.0,88365.0,88365.0,88364.0,0.33593,28
2026-01-01 21:59:00,1767304740000,1767304799999,BTC,1m,88364.0,88365.0,88365.0,88364.0,0.93843,31
2026-01-01 22:00:00,1767304800000,1767304859999,BTC,1m,88365.0,88393.0,88400.0,88364.0,29.36906,140
2026-01-01 22:01:00,1767304860000,1767304919999,BTC,1m,88393.0,88418.0,88423.0,88392.0,29.3349,200
2026-01-01 22:02:00,1767304920000,1767304979999,BTC,1m,88418.0,88419.0,88419.0,88418.0,1.12423,38
2026-01-01 22:03:00,1767304980000,1767305039999,BTC,1m,88418.0,88431.0,88431.0,88418.0,1.68504,51
2026-01-01 22:04:00,1767305040000,1767305099999,BTC,1m,88430.0,88437.0,88437.0,88428.0,2.52913,64
2026-01-01 22:05:00,1767305100000,1767305159999,BTC,1m,88437.0,88449.0,88451.0,88436.0,5.97076,105
2026-01-01 22:06:00,1767305160000,1767305219999,BTC,1m,88448.0,88457.0,88458.0,88448.0,4.64557,69
2026-01-01 22:07:00,1767305220000,1767305279999,BTC,1m,88458.0,88469.0,88469.0,88454.0,60.979,205
2026-01-01 22:08:00,1767305280000,1767305339999,BTC,1m,88469.0,88545.0,88578.0,88469.0,94.36853,1089
2026-01-01 22:09:00,1767305340000,1767305399999,BTC,1m,88545.0,88514.0,88546.0,88493.0,7.20739,189
2026-01-01 22:10:00,1767305400000,1767305459999,BTC,1m,88514.0,88534.0,88536.0,88514.0,73.46731,198
2026-01-01 22:11:00,1767305460000,1767305519999,BTC,1m,88530.0,88517.0,88535.0,88514.0,28.09333,164
2026-01-01 22:12:00,1767305520000,1767305579999,BTC,1m,88517.0,88457.0,88535.0,88456.0,34.01867,390
2026-01-01 22:13:00,1767305580000,1767305639999,BTC,1m,88457.0,88482.0,88484.0,88457.0,17.3147,154
2026-01-01 22:14:00,1767305640000,1767305699999,BTC,1m,88481.0,88499.0,88499.0,88481.0,3.41168,89
2026-01-01 22:15:00,1767305700000,1767305759999,BTC,1m,88499.0,88499.0,88499.0,88498.0,0.5171,31
2026-01-01 22:16:00,1767305760000,1767305819999,BTC,1m,88499.0,88498.0,88499.0,88498.0,0.29311,23
2026-01-01 22:17:00,1767305820000,1767305879999,BTC,1m,88499.0,88498.0,88499.0,88498.0,0.18664,32
2026-01-01 22:18:00,1767305880000,1767305939999,BTC,1m,88499.0,88495.0,88499.0,88489.0,2.3827,77
2026-01-01 22:19:00,1767305940000,1767305999999,BTC,1m,88494.0,88475.0,88495.0,88475.0,11.84634,110
2026-01-01 22:20:00,1767306000000,1767306059999,BTC,1m,88475.0,88466.0,88475.0,88466.0,1.71069,66
2026-01-01 22:21:00,1767306060000,1767306119999,BTC,1m,88466.0,88469.0,88470.0,88466.0,6.69878,60
2026-01-01 22:22:00,1767306120000,1767306179999,BTC,1m,88469.0,88470.0,88470.0,88469.0,0.44547,27
2026-01-01 22:23:00,1767306180000,1767306239999,BTC,1m,88469.0,88483.0,88483.0,88469.0,3.21636,60
2026-01-01 22:24:00,1767306240000,1767306299999,BTC,1m,88482.0,88512.0,88513.0,88482.0,0.62044,90
2026-01-01 22:25:00,1767306300000,1767306359999,BTC,1m,88513.0,88547.0,88565.0,88513.0,19.95725,245
2026-01-01 22:26:00,1767306360000,1767306419999,BTC,1m,88547.0,88562.0,88570.0,88547.0,9.21993,125
2026-01-01 22:27:00,1767306420000,1767306479999,BTC,1m,88561.0,88559.0,88562.0,88559.0,0.41766,31
2026-01-01 22:28:00,1767306480000,1767306539999,BTC,1m,88559.0,88547.0,88560.0,88544.0,3.28323,75
2026-01-01 22:29:00,1767306540000,1767306599999,BTC,1m,88547.0,88524.0,88547.0,88523.0,1.85904,77
2026-01-01 22:30:00,1767306600000,1767306659999,BTC,1m,88522.0,88549.0,88550.0,88520.0,1.12648,83
2026-01-01 22:31:00,1767306660000,1767306719999,BTC,1m,88550.0,88575.0,88575.0,88549.0,0.88244,79
2026-01-01 22:32:00,1767306720000,1767306779999,BTC,1m,88575.0,88563.0,88576.0,88563.0,3.99823,87
2026-01-01 22:33:00,1767306780000,1767306839999,BTC,1m,88564.0,88551.0,88564.0,88551.0,0.38763,31
2026-01-01 22:34:00,1767306840000,1767306899999,BTC,1m,88550.0,88529.0,88550.0,88528.0,2.04889,63
2026-01-01 22:35:00,1767306900000,1767306959999,BTC,1m,88528.0,88455.0,88528.0,88455.0,98.29616,443
2026-01-01 22:36:00,1767306960000,1767307019999,BTC,1m,88455.0,88429.0,88455.0,88405.0,11.25163,204
2026-01-01 22:37:00,1767307020000,1767307079999,BTC,1m,88429.0,88458.0,88458.0,88421.0,11.89576,176
2026-01-01 22:38:00,1767307080000,1767307139999,BTC,1m,88458.0,88465.0,88465.0,88457.0,0.61059,44
2026-01-01 22:39:00,1767307140000,1767307199999,BTC,1m,88464.0,88465.0,88465.0,88464.0,0.95478,27
2026-01-01 22:40:00,1767307200000,1767307259999,BTC,1m,88464.0,88468.0,88468.0,88457.0,6.50284,87
2026-01-01 22:41:00,1767307260000,1767307319999,BTC,1m,88468.0,88538.0,88542.0,88468.0,14.92746,215
2026-01-01 22:42:00,1767307320000,1767307379999,BTC,1m,88538.0,88554.0,88555.0,88537.0,1.53822,63
2026-01-01 22:43:00,1767307380000,1767307439999,BTC,1m,88554.0,88554.0,88555.0,88531.0,8.60339,99
2026-01-01 22:44:00,1767307440000,1767307499999,BTC,1m,88554.0,88565.0,88565.0,88554.0,1.28871,68
2026-01-01 22:45:00,1767307500000,1767307559999,BTC,1m,88564.0,88561.0,88578.0,88561.0,9.87437,146
2026-01-01 22:46:00,1767307560000,1767307619999,BTC,1m,88561.0,88545.0,88562.0,88545.0,5.53366,71
2026-01-01 22:47:00,1767307620000,1767307679999,BTC,1m,88545.0,88568.0,88600.0,88519.0,63.66511,380
2026-01-01 22:48:00,1767307680000,1767307739999,BTC,1m,88567.0,88587.0,88587.0,88535.0,78.82178,352
2026-01-01 22:49:00,1767307740000,1767307799999,BTC,1m,88586.0,88607.0,88612.0,88586.0,74.26439,335
2026-01-01 22:50:00,1767307800000,1767307859999,BTC,1m,88606.0,88611.0,88612.0,88606.0,4.13385,87
2026-01-01 22:51:00,1767307860000,1767307919999,BTC,1m,88611.0,88615.0,88615.0,88611.0,5.4188,96
2026-01-01 22:52:00,1767307920000,1767307979999,BTC,1m,88614.0,88640.0,88640.0,88603.0,76.3388,381
2026-01-01 22:53:00,1767307980000,1767308039999,BTC,1m,88640.0,88645.0,88650.0,88626.0,8.95245,151
2026-01-01 22:54:00,1767308040000,1767308099999,BTC,1m,88644.0,88657.0,88662.0,88644.0,3.05014,148
2026-01-01 22:55:00,1767308100000,1767308159999,BTC,1m,88655.0,88656.0,88656.0,88655.0,1.26188,50
2026-01-01 22:56:00,1767308160000,1767308219999,BTC,1m,88655.0,88675.0,88689.0,88655.0,66.64041,296
2026-01-01 22:57:00,1767308220000,1767308279999,BTC,1m,88675.0,88674.0,88676.0,88674.0,0.92824,72
2026-01-01 22:58:00,1767308280000,1767308339999,BTC,1m,88674.0,88687.0,88688.0,88674.0,4.07487,108
2026-01-01 22:59:00,1767308340000,1767308399999,BTC,1m,88687.0,88637.0,88688.0,88637.0,37.27272,293
2026-01-01 23:00:00,1767308400000,1767308459999,BTC,1m,88637.0,88709.0,88766.0,88637.0,99.36749,853
2026-01-01 23:01:00,1767308460000,1767308519999,BTC,1m,88709.0,88638.0,88745.0,88637.0,24.18844,315
2026-01-01 23:02:00,1767308520000,1767308579999,BTC,1m,88637.0,88565.0,88653.0,88554.0,78.57923,521
2026-01-01 23:03:00,1767308580000,1767308639999,BTC,1m,88565.0,88523.0,88617.0,88507.0,179.11212,805
2026-01-01 23:04:00,1767308640000,1767308699999,BTC,1m,88522.0,88479.0,88537.0,88477.0,5.89441,264
2026-01-01 23:05:00,1767308700000,1767308759999,BTC,1m,88479.0,88486.0,88498.0,88460.0,5.09941,210
2026-01-01 23:06:00,1767308760000,1767308819999,BTC,1m,88485.0,88567.0,88572.0,88485.0,122.77957,553
2026-01-01 23:07:00,1767308820000,1767308879999,BTC,1m,88566.0,88585.0,88595.0,88535.0,6.6576,272
2026-01-01 23:08:00,1767308880000,1767308939999,BTC,1m,88584.0,88589.0,88589.0,88569.0,3.63777,125
2026-01-01 23:09:00,1767308940000,1767308999999,BTC,1m,88588.0,88607.0,88607.0,88588.0,1.38079,94
2026-01-01 23:10:00,1767309000000,1767309059999,BTC,1m,88606.0,88633.0,88633.0,88606.0,4.51654,128
2026-01-01 23:11:00,1767309060000,1767309119999,BTC,1m,88634.0,88546.0,88635.0,88546.0,8.29677,276
2026-01-01 23:12:00,1767309120000,1767309179999,BTC,1m,88546.0,88599.0,88599.0,88546.0,25.17895,222
2026-01-01 23:13:00,1767309180000,1767309239999,BTC,1m,88599.0,88570.0,88609.0,88570.0,1.28642,116
2026-01-01 23:14:00,1767309240000,1767309299999,BTC,1m,88570.0,88552.0,88571.0,88552.0,15.09415,125
2026-01-01 23:15:00,1767309300000,1767309359999,BTC,1m,88552.0,88612.0,88613.0,88552.0,60.45159,233
2026-01-01 23:16:00,1767309360000,1767309419999,BTC,1m,88612.0,88638.0,88639.0,88612.0,3.13257,93
2026-01-01 23:17:00,1767309420000,1767309479999,BTC,1m,88638.0,88684.0,88684.0,88638.0,29.23444,200
2026-01-01 23:18:00,1767309480000,1767309539999,BTC,1m,88683.0,88682.0,88684.0,88680.0,9.01337,92
2026-01-01 23:19:00,1767309540000,1767309599999,BTC,1m,88682.0,88682.0,88683.0,88682.0,2.56571,50
2026-01-01 23:20:00,1767309600000,1767309659999,BTC,1m,88682.0,88714.0,88745.0,88682.0,36.75757,351
2026-01-01 23:21:00,1767309660000,1767309719999,BTC,1m,88714.0,88769.0,88769.0,88714.0,45.48486,253
2026-01-01 23:22:00,1767309720000,1767309779999,BTC,1m,88768.0,88771.0,88771.0,88754.0,2.27853,116
2026-01-01 23:23:00,1767309780000,1767309839999,BTC,1m,88771.0,88755.0,88771.0,88743.0,13.99993,185
2026-01-01 23:24:00,1767309840000,1767309899999,BTC,1m,88756.0,88751.0,88756.0,88749.0,10.82974,124
2026-01-01 23:25:00,1767309900000,1767309959999,BTC,1m,88751.0,88746.0,88751.0,88746.0,2.03007,93
2026-01-01 23:26:00,1767309960000,1767310019999,BTC,1m,88747.0,88712.0,88747.0,88711.0,28.09034,233
2026-01-01 23:27:00,1767310020000,1767310079999,BTC,1m,88712.0,88717.0,88717.0,88697.0,17.79055,168
2026-01-01 23:28:00,1767310080000,1767310139999,BTC,1m,88717.0,88711.0,88720.0,88711.0,1.37127,75
2026-01-01 23:29:00,1767310140000,1767310199999,BTC,1m,88712.0,88712.0,88713.0,88709.0,1.95745,66
2026-01-01 23:30:00,1767310200000,1767310259999,BTC,1m,88713.0,88769.0,88771.0,88712.0,10.142,175
2026-01-01 23:31:00,1767310260000,1767310319999,BTC,1m,88770.0,88769.0,88774.0,88767.0,1.9433,123
2026-01-01 23:32:00,1767310320000,1767310379999,BTC,1m,88770.0,88789.0,88789.0,88769.0,20.49004,171
2026-01-01 23:33:00,1767310380000,1767310439999,BTC,1m,88789.0,88788.0,88789.0,88787.0,0.48051,58
2026-01-01 23:34:00,1767310440000,1767310499999,BTC,1m,88788.0,88751.0,88788.0,88750.0,43.91387,224
2026-01-01 23:35:00,1767310500000,1767310559999,BTC,1m,88751.0,88780.0,88781.0,88750.0,1.878,89
2026-01-01 23:36:00,1767310560000,1767310619999,BTC,1m,88781.0,88789.0,88792.0,88780.0,3.05733,104
2026-01-01 23:37:00,1767310620000,1767310679999,BTC,1m,88789.0,88796.0,88799.0,88788.0,6.19105,128
2026-01-01 23:38:00,1767310680000,1767310739999,BTC,1m,88796.0,88772.0,88796.0,88771.0,3.1269,140
2026-01-01 23:39:00,1767310740000,1767310799999,BTC,1m,88772.0,88766.0,88772.0,88760.0,2.38402,101
2026-01-01 23:40:00,1767310800000,1767310859999,BTC,1m,88766.0,88785.0,88786.0,88765.0,0.66119,81
2026-01-01 23:41:00,1767310860000,1767310919999,BTC,1m,88785.0,88779.0,88799.0,88779.0,46.46678,291
2026-01-01 23:42:00,1767310920000,1767310979999,BTC,1m,88780.0,88792.0,88792.0,88770.0,24.48294,184
2026-01-01 23:43:00,1767310980000,1767311039999,BTC,1m,88792.0,88823.0,88823.0,88791.0,26.26153,299
2026-01-01 23:44:00,1767311040000,1767311099999,BTC,1m,88823.0,88849.0,88850.0,88822.0,54.36959,379
2026-01-01 23:45:00,1767311100000,1767311159999,BTC,1m,88850.0,88866.0,88867.0,88849.0,98.29706,384
2026-01-01 23:46:00,1767311160000,1767311219999,BTC,1m,88867.0,88888.0,88888.0,88866.0,37.63798,319
2026-01-01 23:47:00,1767311220000,1767311279999,BTC,1m,88888.0,88836.0,88888.0,88835.0,19.51234,251
2026-01-01 23:48:00,1767311280000,1767311339999,BTC,1m,88836.0,88771.0,88836.0,88764.0,38.79474,326
2026-01-01 23:49:00,1767311340000,1767311399999,BTC,1m,88772.0,88751.0,88772.0,88734.0,16.07219,225
2026-01-01 23:50:00,1767311400000,1767311459999,BTC,1m,88752.0,88792.0,88792.0,88744.0,14.60462,201
2026-01-01 23:51:00,1767311460000,1767311519999,BTC,1m,88792.0,88795.0,88795.0,88789.0,0.27643,49
2026-01-01 23:52:00,1767311520000,1767311579999,BTC,1m,88795.0,88816.0,88816.0,88794.0,3.16414,123
2026-01-01 23:53:00,1767311580000,1767311639999,BTC,1m,88816.0,88843.0,88843.0,88815.0,4.75556,161
2026-01-01 23:54:00,1767311640000,1767311699999,BTC,1m,88843.0,88809.0,88843.0,88809.0,13.6677,159
2026-01-01 23:55:00,1767311700000,1767311759999,BTC,1m,88810.0,88802.0,88829.0,88801.0,15.12204,211
2026-01-01 23:56:00,1767311760000,1767311819999,BTC,1m,88802.0,88818.0,88818.0,88801.0,5.09362,79
2026-01-01 23:57:00,1767311820000,1767311879999,BTC,1m,88818.0,88818.0,88818.0,88812.0,2.5521,104
2026-01-01 23:58:00,1767311880000,1767311939999,BTC,1m,88818.0,88817.0,88818.0,88817.0,0.91949,69
2026-01-01 23:59:00,1767311940000,1767311999999,BTC,1m,88818.0,88809.0,88819.0,88807.0,13.57461,145
2026-01-02 00:00:00,1767312000000,1767312059999,BTC,1m,88810.0,88829.0,88846.0,88785.0,14.81954,430
2026-01-02 00:01:00,1767312060000,1767312119999,BTC,1m,88829.0,88837.0,88850.0,88824.0,61.6683,240
2026-01-02 00:02:00,1767312120000,1767312179999,BTC,1m,88837.0,88781.0,88837.0,88781.0,4.00518,206
2026-01-02 00:03:00,1767312180000,1767312239999,BTC,1m,88782.0,88734.0,88783.0,88730.0,32.33495,311
2026-01-02 00:04:00,1767312240000,1767312299999,BTC,1m,88735.0,88698.0,88737.0,88685.0,14.41179,258
2026-01-02 00:05:00,1767312300000,1767312359999,BTC,1m,88689.0,88699.0,88726.0,88687.0,34.52685,278
2026-01-02 00:06:00,1767312360000,1767312419999,BTC,1m,88698.0,88650.0,88698.0,88650.0,38.02137,258
2026-01-02 00:07:00,1767312420000,1767312479999,BTC,1m,88651.0,88626.0,88671.0,88618.0,13.86642,291
2026-01-02 00:08:00,1767312480000,1767312539999,BTC,1m,88627.0,88609.0,88635.0,88578.0,8.91743,310
2026-01-02 00:09:00,1767312540000,1767312599999,BTC,1m,88609.0,88582.0,88656.0,88577.0,112.35597,500
2026-01-02 00:10:00,1767312600000,1767312659999,BTC,1m,88583.0,88588.0,88601.0,88580.0,64.24006,289
2026-01-02 00:11:00,1767312660000,1767312719999,BTC,1m,88589.0,88608.0,88646.0,88588.0,79.20187,354
2026-01-02 00:12:00,1767312720000,1767312779999,BTC,1m,88609.0,88595.0,88626.0,88594.0,4.82897,160
2026-01-02 00:13:00,1767312780000,1767312839999,BTC,1m,88595.0,88609.0,88611.0,88594.0,4.46218,109
2026-01-02 00:14:00,1767312840000,1767312899999,BTC,1m,88609.0,88608.0,88609.0,88608.0,5.71121,77
2026-01-02 00:15:00,1767312900000,1767312959999,BTC,1m,88609.0,88623.0,88626.0,88608.0,6.38206,102
2026-01-02 00:16:00,1767312960000,1767313019999,BTC,1m,88624.0,88634.0,88635.0,88623.0,5.67376,66
2026-01-02 00:17:00,1767313020000,1767313079999,BTC,1m,88635.0,88597.0,88635.0,88597.0,4.91139,212
2026-01-02 00:18:00,1767313080000,1767313139999,BTC,1m,88598.0,88575.0,88598.0,88575.0,4.1841,102
2026-01-02 00:19:00,1767313140000,1767313199999,BTC,1m,88581.0,88588.0,88588.0,88562.0,4.11676,150
2026-01-02 00:20:00,1767313200000,1767313259999,BTC,1m,88588.0,88598.0,88599.0,88587.0,3.36996,97
2026-01-02 00:21:00,1767313260000,1767313319999,BTC,1m,88599.0,88632.0,88633.0,88598.0,2.39392,122
2026-01-02 00:22:00,1767313320000,1767313379999,BTC,1m,88633.0,88656.0,88669.0,88615.0,51.71051,368
2026-01-02 00:23:00,1767313380000,1767313439999,BTC,1m,88657.0,88685.0,88715.0,88656.0,74.32731,396
2026-01-02 00:24:00,1767313440000,1767313499999,BTC,1m,88686.0,88671.0,88686.0,88658.0,2.30291,145
2026-01-02 00:25:00,1767313500000,1767313559999,BTC,1m,88672.0,88684.0,88686.0,88671.0,0.9069,94
2026-01-02 00:26:00,1767313560000,1767313619999,BTC,1m,88685.0,88685.0,88685.0,88684.0,4.59628,50
2026-01-02 00:27:00,1767313620000,1767313679999,BTC,1m,88685.0,88660.0,88685.0,88648.0,2.87958,147
2026-01-02 00:28:00,1767313680000,1767313739999,BTC,1m,88660.0,88680.0,88680.0,88659.0,6.60485,94
2026-01-02 00:29:00,1767313740000,1767313799999,BTC,1m,88680.0,88685.0,88685.0,88679.0,6.1952,62
2026-01-02 00:30:00,1767313800000,1767313859999,BTC,1m,88685.0,88720.0,88720.0,88684.0,22.50676,147
2026-01-02 00:31:00,1767313860000,1767313919999,BTC,1m,88720.0,88811.0,88811.0,88719.0,56.85078,391
2026-01-02 00:32:00,1767313920000,1767313979999,BTC,1m,88811.0,88844.0,88871.0,88810.0,84.0436,379
2026-01-02 00:33:00,1767313980000,1767314039999,BTC,1m,88845.0,88838.0,88845.0,88811.0,4.6798,233
2026-01-02 00:34:00,1767314040000,1767314099999,BTC,1m,88839.0,88804.0,88839.0,88803.0,8.89343,162
2026-01-02 00:35:00,1767314100000,1767314159999,BTC,1m,88804.0,88813.0,88813.0,88802.0,24.4612,111
2026-01-02 00:36:00,1767314160000,1767314219999,BTC,1m,88813.0,88807.0,88813.0,88799.0,2.46146,129
2026-01-02 00:37:00,1767314220000,1767314279999,BTC,1m,88808.0,88799.0,88808.0,88798.0,0.3213,68
2026-01-02 00:38:00,1767314280000,1767314339999,BTC,1m,88799.0,88792.0,88799.0,88792.0,4.08407,98
2026-01-02 00:39:00,1767314340000,1767314399999,BTC,1m,88793.0,88723.0,88793.0,88718.0,99.45936,458
2026-01-02 00:40:00,1767314400000,1767314459999,BTC,1m,88723.0,88659.0,88723.0,88642.0,107.58155,404
2026-01-02 00:41:00,1767314460000,1767314519999,BTC,1m,88660.0,88639.0,88667.0,88607.0,211.16677,721
2026-01-02 00:42:00,1767314520000,1767314579999,BTC,1m,88640.0,88650.0,88650.0,88639.0,5.89024,129
2026-01-02 00:43:00,1767314580000,1767314639999,BTC,1m,88650.0,88634.0,88650.0,88633.0,0.40808,72
2026-01-02 00:44:00,1767314640000,1767314699999,BTC,1m,88634.0,88661.0,88662.0,88627.0,7.01693,105
2026-01-02 00:45:00,1767314700000,1767314759999,BTC,1m,88662.0,88735.0,88735.0,88661.0,2.30149,215
2026-01-02 00:46:00,1767314760000,1767314819999,BTC,1m,88737.0,88764.0,88778.0,88735.0,2.38024,227
2026-01-02 00:47:00,1767314820000,1767314879999,BTC,1m,88764.0,88809.0,88813.0,88759.0,4.94439,307
2026-01-02 00:48:00,1767314880000,1767314939999,BTC,1m,88810.0,88807.0,88810.0,88803.0,3.66237,94
2026-01-02 00:49:00,1767314940000,1767314999999,BTC,1m,88808.0,88808.0,88811.0,88807.0,9.83802,92
2026-01-02 00:50:00,1767315000000,1767315059999,BTC,1m,88807.0,88807.0,88809.0,88805.0,2.0915,61
2026-01-02 00:51:00,1767315060000,1767315119999,BTC,1m,88805.0,88854.0,88855.0,88804.0,25.03647,161
2026-01-02 00:52:00,1767315120000,1767315179999,BTC,1m,88854.0,88786.0,88862.0,88786.0,13.74633,267
2026-01-02 00:53:00,1767315180000,1767315239999,BTC,1m,88791.0,88769.0,88802.0,88745.0,85.22731,420
2026-01-02 00:54:00,1767315240000,1767315299999,BTC,1m,88768.0,88769.0,88770.0,88768.0,0.97085,52
2026-01-02 00:55:00,1767315300000,1767315359999,BTC,1m,88769.0,88781.0,88781.0,88769.0,0.68353,68
2026-01-02 00:56:00,1767315360000,1767315419999,BTC,1m,88780.0,88780.0,88781.0,88780.0,0.37844,44
2026-01-02 00:57:00,1767315420000,1767315479999,BTC,1m,88780.0,88781.0,88781.0,88780.0,1.21814,58
2026-01-02 00:58:00,1767315480000,1767315539999,BTC,1m,88780.0,88746.0,88781.0,88745.0,4.72806,138
2026-01-02 00:59:00,1767315540000,1767315599999,BTC,1m,88745.0,88802.0,88802.0,88745.0,1.03406,128
2026-01-02 01:00:00,1767315600000,1767315659999,BTC,1m,88804.0,88840.0,88840.0,88804.0,2.67723,119
2026-01-02 01:01:00,1767315660000,1767315719999,BTC,1m,88839.0,88793.0,88845.0,88793.0,13.08896,205
2026-01-02 01:02:00,1767315720000,1767315779999,BTC,1m,88791.0,88760.0,88792.0,88740.0,107.72953,357
2026-01-02 01:03:00,1767315780000,1767315839999,BTC,1m,88762.0,88730.0,88763.0,88730.0,2.83796,102
2026-01-02 01:04:00,1767315840000,1767315899999,BTC,1m,88731.0,88741.0,88742.0,88730.0,0.30244,52
2026-01-02 01:05:00,1767315900000,1767315959999,BTC,1m,88741.0,88778.0,88778.0,88741.0,2.0599,120
2026-01-02 01:06:00,1767315960000,1767316019999,BTC,1m,88778.0,88753.0,88779.0,88752.0,1.24635,109
2026-01-02 01:07:00,1767316020000,1767316079999,BTC,1m,88752.0,88729.0,88757.0,88729.0,0.3322,79
2026-01-02 01:08:00,1767316080000,1767316139999,BTC,1m,88727.0,88717.0,88733.0,88717.0,1.92522,71
2026-01-02 01:09:00,1767316140000,1767316199999,BTC,1m,88717.0,88727.0,88727.0,88717.0,2.86206,66
2026-01-02 01:10:00,1767316200000,1767316259999,BTC,1m,88728.0,88751.0,88752.0,88727.0,8.12375,109
2026-01-02 01:11:00,1767316260000,1767316319999,BTC,1m,88752.0,88776.0,88776.0,88751.0,0.57902,70
2026-01-02 01:12:00,1767316320000,1767316379999,BTC,1m,88776.0,88796.0,88796.0,88775.0,5.49844,110
2026-01-02 01:13:00,1767316380000,1767316439999,BTC,1m,88795.0,88786.0,88795.0,88785.0,0.36711,53
2026-01-02 01:14:00,1767316440000,1767316499999,BTC,1m,88786.0,88730.0,88786.0,88729.0,0.61243,118
2026-01-02 01:15:00,1767316500000,1767316559999,BTC,1m,88730.0,88707.0,88730.0,88669.0,14.99575,286
2026-01-02 01:16:00,1767316560000,1767316619999,BTC,1m,88708.0,88712.0,88719.0,88692.0,0.62054,114
2026-01-02 01:17:00,1767316620000,1767316679999,BTC,1m,88712.0,88675.0,88716.0,88674.0,7.77629,114
2026-01-02 01:18:00,1767316680000,1767316739999,BTC,1m,88675.0,88679.0,88680.0,88674.0,15.58676,102
2026-01-02 01:19:00,1767316740000,1767316799999,BTC,1m,88680.0,88687.0,88688.0,88679.0,0.2852,56
2026-01-02 01:20:00,1767316800000,1767316859999,BTC,1m,88688.0,88695.0,88701.0,88687.0,3.52027,72
2026-01-02 01:21:00,1767316860000,1767316919999,BTC,1m,88696.0,88679.0,88696.0,88677.0,1.45495,75
2026-01-02 01:22:00,1767316920000,1767316979999,BTC,1m,88680.0,88712.0,88720.0,88679.0,0.28212,109
2026-01-02 01:23:00,1767316980000,1767317039999,BTC,1m,88713.0,88696.0,88721.0,88696.0,0.14638,73
2026-01-02 01:24:00,1767317040000,1767317099999,BTC,1m,88697.0,88679.0,88701.0,88679.0,0.80193,65
2026-01-02 01:25:00,1767317100000,1767317159999,BTC,1m,88680.0,88672.0,88685.0,88672.0,0.49696,49
2026-01-02 01:26:00,1767317160000,1767317219999,BTC,1m,88673.0,88692.0,88693.0,88672.0,1.2267,58
2026-01-02 01:27:00,1767317220000,1767317279999,BTC,1m,88693.0,88687.0,88693.0,88687.0,0.30531,42
2026-01-02 01:28:00,1767317280000,1767317339999,BTC,1m,88685.0,88687.0,88688.0,88681.0,0.4354,38
2026-01-02 01:29:00,1767317340000,1767317399999,BTC,1m,88688.0,88655.0,88688.0,88655.0,47.50898,200
2026-01-02 01:30:00,1767317400000,1767317459999,BTC,1m,88656.0,88666.0,88667.0,88654.0,14.634,111
2026-01-02 01:31:00,1767317460000,1767317519999,BTC,1m,88667.0,88672.0,88672.0,88666.0,0.43302,47
2026-01-02 01:32:00,1767317520000,1767317579999,BTC,1m,88672.0,88651.0,88674.0,88641.0,1.91577,140
2026-01-02 01:33:00,1767317580000,1767317639999,BTC,1m,88652.0,88589.0,88652.0,88589.0,1.06621,144
2026-01-02 01:34:00,1767317640000,1767317699999,BTC,1m,88590.0,88571.0,88601.0,88563.0,6.0526,242
2026-01-02 01:35:00,1767317700000,1767317759999,BTC,1m,88571.0,88555.0,88582.0,88555.0,6.09714,120
2026-01-02 01:36:00,1767317760000,1767317819999,BTC,1m,88556.0,88527.0,88556.0,88524.0,18.6764,189
2026-01-02 01:37:00,1767317820000,1767317879999,BTC,1m,88527.0,88495.0,88527.0,88494.0,11.38913,239
2026-01-02 01:38:00,1767317880000,1767317939999,BTC,1m,88495.0,88520.0,88520.0,88494.0,3.90009,108
2026-01-02 01:39:00,1767317940000,1767317999999,BTC,1m,88520.0,88564.0,88572.0,88519.0,34.02775,253
2026-01-02 01:40:00,1767318000000,1767318059999,BTC,1m,88565.0,88581.0,88582.0,88563.0,2.06326,66
2026-01-02 01:41:00,1767318060000,1767318119999,BTC,1m,88582.0,88581.0,88582.0,88581.0,0.50712,30
2026-01-02 01:42:00,1767318120000,1767318179999,BTC,1m,88582.0,88623.0,88632.0,88581.0,66.97368,268
2026-01-02 01:43:00,1767318180000,1767318239999,BTC,1m,88624.0,88623.0,88624.0,88623.0,0.22261,34
2026-01-02 01:44:00,1767318240000,1767318299999,BTC,1m,88624.0,88607.0,88624.0,88606.0,1.97379,76
2026-01-02 01:45:00,1767318300000,1767318359999,BTC,1m,88607.0,88616.0,88617.0,88606.0,1.29614,57
2026-01-02 01:46:00,1767318360000,1767318419999,BTC,1m,88617.0,88624.0,88625.0,88616.0,10.33563,96
2026-01-02 01:47:00,1767318420000,1767318479999,BTC,1m,88625.0,88552.0,88625.0,88552.0,4.29781,193
2026-01-02 01:48:00,1767318480000,1767318539999,BTC,1m,88553.0,88589.0,88595.0,88540.0,9.59833,185
2026-01-02 01:49:00,1767318540000,1767318599999,BTC,1m,88590.0,88596.0,88597.0,88586.0,0.16198,63
2026-01-02 01:50:00,1767318600000,1767318659999,BTC,1m,88597.0,88614.0,88628.0,88596.0,10.90129,125
2026-01-02 01:51:00,1767318660000,1767318719999,BTC,1m,88615.0,88637.0,88637.0,88614.0,0.0987,55
2026-01-02 01:52:00,1767318720000,1767318779999,BTC,1m,88637.0,88636.0,88637.0,88636.0,0.91184,46
2026-01-02 01:53:00,1767318780000,1767318839999,BTC,1m,88637.0,88611.0,88637.0,88610.0,0.55535,80
2026-01-02 01:54:00,1767318840000,1767318899999,BTC,1m,88611.0,88619.0,88629.0,88610.0,0.81486,81
2026-01-02 01:55:00,1767318900000,1767318959999,BTC,1m,88620.0,88604.0,88620.0,88603.0,0.42992,51
2026-01-02 01:56:00,1767318960000,1767319019999,BTC,1m,88604.0,88617.0,88617.0,88603.0,4.43616,70
2026-01-02 01:57:00,1767319020000,1767319079999,BTC,1m,88617.0,88618.0,88618.0,88616.0,0.22496,30
2026-01-02 01:58:00,1767319080000,1767319139999,BTC,1m,88618.0,88617.0,88618.0,88617.0,0.36673,30
2026-01-02 01:59:00,1767319140000,1767319199999,BTC,1m,88618.0,88618.0,88618.0,88617.0,0.89627,40
2026-01-02 02:00:00,1767319200000,1767319259999,BTC,1m,88618.0,88637.0,88643.0,88617.0,1.43934,85
2026-01-02 02:01:00,1767319260000,1767319319999,BTC,1m,88638.0,88603.0,88638.0,88602.0,6.81419,110
2026-01-02 02:02:00,1767319320000,1767319379999,BTC,1m,88602.0,88561.0,88602.0,88525.0,31.19677,321
2026-01-02 02:03:00,1767319380000,1767319439999,BTC,1m,88563.0,88527.0,88574.0,88512.0,3.13984,164
2026-01-02 02:04:00,1767319440000,1767319499999,BTC,1m,88528.0,88554.0,88554.0,88527.0,1.70428,87
2026-01-02 02:05:00,1767319500000,1767319559999,BTC,1m,88554.0,88515.0,88569.0,88514.0,1.53021,140
2026-01-02 02:06:00,1767319560000,1767319619999,BTC,1m,88515.0,88453.0,88515.0,88438.0,62.30203,499
2026-01-02 02:07:00,1767319620000,1767319679999,BTC,1m,88453.0,88403.0,88453.0,88400.0,7.97114,239
2026-01-02 02:08:00,1767319680000,1767319739999,BTC,1m,88403.0,88415.0,88446.0,88402.0,19.00685,224
2026-01-02 02:09:00,1767319740000,1767319799999,BTC,1m,88416.0,88443.0,88444.0,88408.0,25.69529,202
2026-01-02 02:10:00,1767319800000,1767319859999,BTC,1m,88444.0,88452.0,88452.0,88443.0,2.76664,80
2026-01-02 02:11:00,1767319860000,1767319919999,BTC,1m,88452.0,88462.0,88471.0,88451.0,22.38174,160
2026-01-02 02:12:00,1767319920000,1767319979999,BTC,1m,88463.0,88459.0,88463.0,88458.0,5.39985,79
2026-01-02 02:13:00,1767319980000,1767320039999,BTC,1m,88459.0,88447.0,88459.0,88447.0,4.33258,80
2026-01-02 02:14:00,1767320040000,1767320099999,BTC,1m,88448.0,88457.0,88468.0,88444.0,24.2794,179
2026-01-02 02:15:00,1767320100000,1767320159999,BTC,1m,88458.0,88462.0,88463.0,88457.0,3.95267,66
2026-01-02 02:16:00,1767320160000,1767320219999,BTC,1m,88463.0,88420.0,88463.0,88420.0,19.21769,162
2026-01-02 02:17:00,1767320220000,1767320279999,BTC,1m,88420.0,88424.0,88450.0,88419.0,13.99732,161
2026-01-02 02:18:00,1767320280000,1767320339999,BTC,1m,88425.0,88393.0,88425.0,88393.0,17.73227,192
2026-01-02 02:19:00,1767320340000,1767320399999,BTC,1m,88394.0,88473.0,88479.0,88393.0,44.66211,422
2026-01-02 02:20:00,1767320400000,1767320459999,BTC,1m,88474.0,88471.0,88495.0,88471.0,6.95952,130
2026-01-02 02:21:00,1767320460000,1767320519999,BTC,1m,88472.0,88374.0,88472.0,88350.0,12.07743,357
2026-01-02 02:22:00,1767320520000,1767320579999,BTC,1m,88375.0,88412.0,88424.0,88374.0,7.52225,189
2026-01-02 02:23:00,1767320580000,1767320639999,BTC,1m,88413.0,88409.0,88413.0,88379.0,20.75249,156
2026-01-02 02:24:00,1767320640000,1767320699999,BTC,1m,88410.0,88390.0,88424.0,88390.0,10.42508,144
2026-01-02 02:25:00,1767320700000,1767320759999,BTC,1m,88390.0,88416.0,88417.0,88389.0,1.84799,82
2026-01-02 02:26:00,1767320760000,1767320819999,BTC,1m,88417.0,88399.0,88417.0,88399.0,0.83688,82
2026-01-02 02:27:00,1767320820000,1767320879999,BTC,1m,88400.0,88389.0,88400.0,88389.0,0.64807,59
2026-01-02 02:28:00,1767320880000,1767320939999,BTC,1m,88390.0,88395.0,88395.0,88389.0,1.44446,51
2026-01-02 02:29:00,1767320940000,1767320999999,BTC,1m,88396.0,88400.0,88401.0,88395.0,6.82729,50
2026-01-02 02:30:00,1767321000000,1767321059999,BTC,1m,88401.0,88408.0,88408.0,88400.0,10.12286,90
2026-01-02 02:31:00,1767321060000,1767321119999,BTC,1m,88408.0,88398.0,88408.0,88398.0,26.11008,120
2026-01-02 02:32:00,1767321120000,1767321179999,BTC,1m,88399.0,88391.0,88401.0,88391.0,0.21084,57
2026-01-02 02:33:00,1767321180000,1767321239999,BTC,1m,88392.0,88407.0,88408.0,88391.0,0.55749,60
2026-01-02 02:34:00,1767321240000,1767321299999,BTC,1m,88408.0,88415.0,88416.0,88407.0,1.78481,59
2026-01-02 02:35:00,1767321300000,1767321359999,BTC,1m,88416.0,88429.0,88445.0,88415.0,45.25754,260
2026-01-02 02:36:00,1767321360000,1767321419999,BTC,1m,88430.0,88429.0,88430.0,88429.0,1.97041,47
2026-01-02 02:37:00,1767321420000,1767321479999,BTC,1m,88430.0,88403.0,88430.0,88403.0,3.70179,101
2026-01-02 02:38:00,1767321480000,1767321539999,BTC,1m,88404.0,88427.0,88428.0,88403.0,0.37175,71
2026-01-02 02:39:00,1767321540000,1767321599999,BTC,1m,88428.0,88427.0,88428.0,88427.0,1.00787,50
2026-01-02 02:40:00,1767321600000,1767321659999,BTC,1m,88428.0,88427.0,88428.0,88427.0,0.3638,41
2026-01-02 02:41:00,1767321660000,1767321719999,BTC,1m,88428.0,88494.0,88495.0,88427.0,1.35311,160
2026-01-02 02:42:00,1767321720000,1767321779999,BTC,1m,88495.0,88464.0,88495.0,88464.0,7.96638,109
2026-01-02 02:43:00,1767321780000,1767321839999,BTC,1m,88465.0,88451.0,88465.0,88451.0,0.16607,54
2026-01-02 02:44:00,1767321840000,1767321899999,BTC,1m,88452.0,88453.0,88453.0,88451.0,1.52478,57
2026-01-02 02:45:00,1767321900000,1767321959999,BTC,1m,88453.0,88441.0,88454.0,88441.0,0.43449,70
2026-01-02 02:46:00,1767321960000,1767322019999,BTC,1m,88442.0,88466.0,88466.0,88441.0,4.11985,73
2026-01-02 02:47:00,1767322020000,1767322079999,BTC,1m,88467.0,88492.0,88504.0,88466.0,3.89995,123
2026-01-02 02:48:00,1767322080000,1767322139999,BTC,1m,88493.0,88503.0,88504.0,88492.0,0.51514,53
2026-01-02 02:49:00,1767322140000,1767322199999,BTC,1m,88504.0,88519.0,88519.0,88503.0,0.3306,71
2026-01-02 02:50:00,1767322200000,1767322259999,BTC,1m,88519.0,88572.0,88574.0,88518.0,10.35737,161
2026-01-02 02:51:00,1767322260000,1767322319999,BTC,1m,88572.0,88595.0,88615.0,88571.0,4.77819,225
2026-01-02 02:52:00,1767322320000,1767322379999,BTC,1m,88596.0,88579.0,88596.0,88579.0,6.87644,111
2026-01-02 02:53:00,1767322380000,1767322439999,BTC,1m,88580.0,88579.0,88580.0,88579.0,0.09323,37
2026-01-02 02:54:00,1767322440000,1767322499999,BTC,1m,88580.0,88590.0,88591.0,88579.0,2.67368,66
2026-01-02 02:55:00,1767322500000,1767322559999,BTC,1m,88591.0,88598.0,88599.0,88590.0,7.4419,76
2026-01-02 02:56:00,1767322560000,1767322619999,BTC,1m,88599.0,88584.0,88599.0,88584.0,0.76892,60
2026-01-02 02:57:00,1767322620000,1767322679999,BTC,1m,88585.0,88570.0,88585.0,88569.0,7.87308,109
2026-01-02 02:58:00,1767322680000,1767322739999,BTC,1m,88570.0,88593.0,88593.0,88569.0,0.82201,72
2026-01-02 02:59:00,1767322740000,1767322799999,BTC,1m,88593.0,88606.0,88607.0,88592.0,0.64988,71
2026-01-02 03:00:00,1767322800000,1767322859999,BTC,1m,88607.0,88563.0,88629.0,88554.0,15.29932,260
2026-01-02 03:01:00,1767322860000,1767322919999,BTC,1m,88564.0,88557.0,88567.0,88557.0,0.7154,69
2026-01-02 03:02:00,1767322920000,1767322979999,BTC,1m,88558.0,88557.0,88558.0,88557.0,0.3052,46
2026-01-02 03:03:00,1767322980000,1767323039999,BTC,1m,88558.0,88573.0,88578.0,88556.0,13.20797,126
2026-01-02 03:04:00,1767323040000,1767323099999,BTC,1m,88574.0,88555.0,88574.0,88544.0,0.56434,79
2026-01-02 03:05:00,1767323100000,1767323159999,BTC,1m,88555.0,88569.0,88570.0,88554.0,0.13047,52
2026-01-02 03:06:00,1767323160000,1767323219999,BTC,1m,88570.0,88607.0,88607.0,88569.0,5.38597,111
2026-01-02 03:07:00,1767323220000,1767323279999,BTC,1m,88607.0,88782.0,88783.0,88606.0,123.96141,884
2026-01-02 03:08:00,1767323280000,1767323339999,BTC,1m,88782.0,88771.0,88791.0,88768.0,28.46917,191
2026-01-02 03:09:00,1767323340000,1767323399999,BTC,1m,88771.0,88740.0,88771.0,88717.0,64.03414,389
2026-01-02 03:10:00,1767323400000,1767323459999,BTC,1m,88741.0,88790.0,88790.0,88740.0,5.6452,120
2026-01-02 03:11:00,1767323460000,1767323519999,BTC,1m,88790.0,88777.0,88790.0,88739.0,11.76481,241
2026-01-02 03:12:00,1767323520000,1767323579999,BTC,1m,88777.0,88800.0,88801.0,88776.0,5.45351,104
2026-01-02 03:13:00,1767323580000,1767323639999,BTC,1m,88801.0,88827.0,88878.0,88799.0,9.56752,345
2026-01-02 03:14:00,1767323640000,1767323699999,BTC,1m,88828.0,88938.0,88944.0,88827.0,61.12635,642
2026-01-02 03:15:00,1767323700000,1767323759999,BTC,1m,88939.0,88906.0,88965.0,88879.0,138.77781,835
2026-01-02 03:16:00,1767323760000,1767323819999,BTC,1m,88908.0,88827.0,88913.0,88815.0,103.6171,467
2026-01-02 03:17:00,1767323820000,1767323879999,BTC,1m,88828.0,88804.0,88860.0,88803.0,111.41905,596
2026-01-02 03:18:00,1767323880000,1767323939999,BTC,1m,88804.0,88803.0,88804.0,88792.0,16.15488,120
2026-01-02 03:19:00,1767323940000,1767323999999,BTC,1m,88803.0,88830.0,88833.0,88801.0,5.05548,184
2026-01-02 03:20:00,1767324000000,1767324059999,BTC,1m,88830.0,88815.0,88830.0,88804.0,2.0167,100
2026-01-02 03:21:00,1767324060000,1767324119999,BTC,1m,88815.0,88789.0,88815.0,88789.0,2.37875,106
2026-01-02 03:22:00,1767324120000,1767324179999,BTC,1m,88790.0,88813.0,88813.0,88790.0,1.79911,93
2026-01-02 03:23:00,1767324180000,1767324239999,BTC,1m,88813.0,88807.0,88813.0,88806.0,0.97199,56
2026-01-02 03:24:00,1767324240000,1767324299999,BTC,1m,88807.0,88791.0,88807.0,88789.0,4.34147,122
2026-01-02 03:25:00,1767324300000,1767324359999,BTC,1m,88791.0,88823.0,88823.0,88790.0,0.89255,82
2026-01-02 03:26:00,1767324360000,1767324419999,BTC,1m,88823.0,88872.0,88874.0,88822.0,9.04921,209
2026-01-02 03:27:00,1767324420000,1767324479999,BTC,1m,88872.0,88850.0,88872.0,88840.0,1.49624,98
2026-01-02 03:28:00,1767324480000,1767324539999,BTC,1m,88850.0,88832.0,88850.0,88831.0,5.93488,97
2026-01-02 03:29:00,1767324540000,1767324599999,BTC,1m,88832.0,88845.0,88845.0,88828.0,3.8116,114
2026-01-02 03:30:00,1767324600000,1767324659999,BTC,1m,88845.0,88891.0,88901.0,88845.0,2.53712,133
2026-01-02 03:31:00,1767324660000,1767324719999,BTC,1m,88891.0,88881.0,88891.0,88876.0,3.44227,88
2026-01-02 03:32:00,1767324720000,1767324779999,BTC,1m,88881.0,88855.0,88881.0,88851.0,0.30415,96
2026-01-02 03:33:00,1767324780000,1767324839999,BTC,1m,88856.0,88868.0,88872.0,88854.0,3.5582,119
2026-01-02 03:34:00,1767324840000,1767324899999,BTC,1m,88869.0,88819.0,88880.0,88819.0,1.03193,142
2026-01-02 03:35:00,1767324900000,1767324959999,BTC,1m,88820.0,88827.0,88833.0,88819.0,24.49538,209
2026-01-02 03:36:00,1767324960000,1767325019999,BTC,1m,88828.0,88839.0,88840.0,88821.0,28.72748,159
2026-01-02 03:37:00,1767325020000,1767325079999,BTC,1m,88840.0,88853.0,88853.0,88840.0,0.57377,60
2026-01-02 03:38:00,1767325080000,1767325139999,BTC,1m,88854.0,88901.0,88901.0,88853.0,23.98426,204
2026-01-02 03:39:00,1767325140000,1767325199999,BTC,1m,88901.0,88935.0,88954.0,88900.0,7.21145,240
2026-01-02 03:40:00,1767325200000,1767325259999,BTC,1m,88936.0,88979.0,88980.0,88935.0,10.29159,218
2026-01-02 03:41:00,1767325260000,1767325319999,BTC,1m,88980.0,89072.0,89077.0,88980.0,52.21661,901
2026-01-02 03:42:00,1767325320000,1767325379999,BTC,1m,89073.0,89004.0,89091.0,89004.0,34.84725,430
2026-01-02 03:43:00,1767325380000,1767325439999,BTC,1m,89005.0,88939.0,89010.0,88930.0,10.01208,343
2026-01-02 03:44:00,1767325440000,1767325499999,BTC,1m,88940.0,88944.0,88955.0,88939.0,7.0266,139
2026-01-02 03:45:00,1767325500000,1767325559999,BTC,1m,88945.0,88993.0,88995.0,88944.0,19.98233,236
2026-01-02 03:46:00,1767325560000,1767325619999,BTC,1m,88993.0,89002.0,89019.0,88990.0,12.75788,182
2026-01-02 03:47:00,1767325620000,1767325679999,BTC,1m,89003.0,88975.0,89003.0,88973.0,60.61343,205
2026-01-02 03:48:00,1767325680000,1767325739999,BTC,1m,88976.0,89011.0,89014.0,88975.0,5.55298,133
2026-01-02 03:49:00,1767325740000,1767325799999,BTC,1m,89011.0,89025.0,89065.0,89010.0,3.06431,238
2026-01-02 03:50:00,1767325800000,1767325859999,BTC,1m,89025.0,89056.0,89064.0,89024.0,1.27108,111
2026-01-02 03:51:00,1767325860000,1767325919999,BTC,1m,89057.0,89051.0,89057.0,89043.0,0.68825,72
2026-01-02 03:52:00,1767325920000,1767325979999,BTC,1m,89052.0,89014.0,89052.0,89013.0,7.03497,170
2026-01-02 03:53:00,1767325980000,1767326039999,BTC,1m,89014.0,89052.0,89052.0,89013.0,1.63179,110
2026-01-02 03:54:00,1767326040000,1767326099999,BTC,1m,89052.0,89054.0,89055.0,89051.0,0.12748,54
2026-01-02 03:55:00,1767326100000,1767326159999,BTC,1m,89055.0,89018.0,89094.0,89013.0,134.28113,640
2026-01-02 03:56:00,1767326160000,1767326219999,BTC,1m,89018.0,88934.0,89070.0,88933.0,19.68328,401
2026-01-02 03:57:00,1767326220000,1767326279999,BTC,1m,88934.0,88955.0,88993.0,88934.0,8.04197,266
2026-01-02 03:58:00,1767326280000,1767326339999,BTC,1m,88956.0,88858.0,88956.0,88854.0,17.53645,332
2026-01-02 03:59:00,1767326340000,1767326399999,BTC,1m,88860.0,88910.0,88911.0,88859.0,4.46707,179
2026-01-02 04:00:00,1767326400000,1767326459999,BTC,1m,88911.0,88930.0,88944.0,88910.0,4.65234,165
2026-01-02 04:01:00,1767326460000,1767326519999,BTC,1m,88932.0,88940.0,88953.0,88932.0,1.91669,96
2026-01-02 04:02:00,1767326520000,1767326579999,BTC,1m,88941.0,88948.0,88949.0,88941.0,0.53422,55
2026-01-02 04:03:00,1767326580000,1767326639999,BTC,1m,88949.0,88943.0,88960.0,88943.0,4.93251,96
2026-01-02 04:04:00,1767326640000,1767326699999,BTC,1m,88944.0,88854.0,88944.0,88854.0,10.33262,248
2026-01-02 04:05:00,1767326700000,1767326759999,BTC,1m,88855.0,88881.0,88882.0,88855.0,4.80699,124
2026-01-02 04:06:00,1767326760000,1767326819999,BTC,1m,88883.0,88878.0,88888.0,88878.0,0.59878,57
2026-01-02 04:07:00,1767326820000,1767326879999,BTC,1m,88879.0,88856.0,88879.0,88856.0,48.30243,211
2026-01-02 04:08:00,1767326880000,1767326939999,BTC,1m,88857.0,88810.0,88857.0,88774.0,41.92674,507
2026-01-02 04:09:00,1767326940000,1767326999999,BTC,1m,88811.0,88814.0,88828.0,88811.0,2.90181,102
2026-01-02 04:10:00,1767327000000,1767327059999,BTC,1m,88815.0,88847.0,88848.0,88815.0,0.8801,98
2026-01-02 04:11:00,1767327060000,1767327119999,BTC,1m,88848.0,88813.0,88848.0,88809.0,1.30297,111
2026-01-02 04:12:00,1767327120000,1767327179999,BTC,1m,88813.0,88777.0,88813.0,88776.0,5.03253,133
2026-01-02 04:13:00,1767327180000,1767327239999,BTC,1m,88777.0,88803.0,88803.0,88775.0,6.91934,118
2026-01-02 04:14:00,1767327240000,1767327299999,BTC,1m,88803.0,88787.0,88804.0,88787.0,1.20197,82
2026-01-02 04:15:00,1767327300000,1767327359999,BTC,1m,88788.0,88800.0,88810.0,88787.0,21.87404,158
2026-01-02 04:16:00,1767327360000,1767327419999,BTC,1m,88800.0,88782.0,88800.0,88781.0,2.10286,109
2026-01-02 04:17:00,1767327420000,1767327479999,BTC,1m,88782.0,88793.0,88793.0,88778.0,4.9754,99
2026-01-02 04:18:00,1767327480000,1767327539999,BTC,1m,88793.0,88795.0,88800.0,88787.0,6.34954,97
2026-01-02 04:19:00,1767327540000,1767327599999,BTC,1m,88795.0,88785.0,88795.0,88785.0,14.73126,109
2026-01-02 04:20:00,1767327600000,1767327659999,BTC,1m,88786.0,88751.0,88786.0,88750.0,39.02847,234
2026-01-02 04:21:00,1767327660000,1767327719999,BTC,1m,88751.0,88691.0,88751.0,88691.0,16.5061,259
2026-01-02 04:22:00,1767327720000,1767327779999,BTC,1m,88692.0,88740.0,88740.0,88691.0,14.35634,230
2026-01-02 04:23:00,1767327780000,1767327839999,BTC,1m,88741.0,88754.0,88755.0,88740.0,6.44068,95
2026-01-02 04:24:00,1767327840000,1767327899999,BTC,1m,88755.0,88755.0,88755.0,88754.0,1.25538,53
2026-01-02 04:25:00,1767327900000,1767327959999,BTC,1m,88755.0,88746.0,88785.0,88746.0,4.5801,173
2026-01-02 04:26:00,1767327960000,1767328019999,BTC,1m,88747.0,88706.0,88747.0,88705.0,3.35659,126
2026-01-02 04:27:00,1767328020000,1767328079999,BTC,1m,88706.0,88721.0,88721.0,88706.0,0.7834,75
2026-01-02 04:28:00,1767328080000,1767328139999,BTC,1m,88721.0,88652.0,88721.0,88647.0,18.78682,269
2026-01-02 04:29:00,1767328140000,1767328199999,BTC,1m,88652.0,88700.0,88701.0,88651.0,14.56146,201
2026-01-02 04:30:00,1767328200000,1767328259999,BTC,1m,88701.0,88705.0,88736.0,88700.0,1.7527,137
2026-01-02 04:31:00,1767328260000,1767328319999,BTC,1m,88706.0,88746.0,88746.0,88705.0,20.65511,175
2026-01-02 04:32:00,1767328320000,1767328379999,BTC,1m,88746.0,88776.0,88778.0,88745.0,1.82071,99
2026-01-02 04:33:00,1767328380000,1767328439999,BTC,1m,88776.0,88770.0,88776.0,88756.0,11.2086,125
2026-01-02 04:34:00,1767328440000,1767328499999,BTC,1m,88771.0,88760.0,88776.0,88754.0,0.34891,91
2026-01-02 04:35:00,1767328500000,1767328559999,BTC,1m,88763.0,88754.0,88772.0,88753.0,0.27854,75
2026-01-02 04:36:00,1767328560000,1767328619999,BTC,1m,88754.0,88759.0,88759.0,88753.0,41.16016,98
2026-01-02 04:37:00,1767328620000,1767328679999,BTC,1m,88761.0,88771.0,88796.0,88761.0,0.42788,121
2026-01-02 04:38:00,1767328680000,1767328739999,BTC,1m,88771.0,88771.0,88771.0,88770.0,3.24142,55
2026-01-02 04:39:00,1767328740000,1767328799999,BTC,1m,88771.0,88784.0,88784.0,88770.0,3.10549,78
2026-01-02 04:40:00,1767328800000,1767328859999,BTC,1m,88784.0,88765.0,88793.0,88757.0,8.53155,145
2026-01-02 04:41:00,1767328860000,1767328919999,BTC,1m,88765.0,88764.0,88771.0,88763.0,1.37844,62
2026-01-02 04:42:00,1767328920000,1767328979999,BTC,1m,88764.0,88773.0,88773.0,88761.0,0.25202,47
2026-01-02 04:43:00,1767328980000,1767329039999,BTC,1m,88773.0,88743.0,88773.0,88743.0,2.60057,104
2026-01-02 04:44:00,1767329040000,1767329099999,BTC,1m,88744.0,88691.0,88744.0,88690.0,12.4606,171
2026-01-02 04:45:00,1767329100000,1767329159999,BTC,1m,88691.0,88691.0,88691.0,88690.0,1.96358,40
2026-01-02 04:46:00,1767329160000,1767329219999,BTC,1m,88691.0,88698.0,88698.0,88690.0,1.14212,41
2026-01-02 04:47:00,1767329220000,1767329279999,BTC,1m,88698.0,88670.0,88698.0,88669.0,5.37977,97
2026-01-02 04:48:00,1767329280000,1767329339999,BTC,1m,88670.0,88676.0,88678.0,88669.0,0.28534,51
2026-01-02 04:49:00,1767329340000,1767329399999,BTC,1m,88676.0,88675.0,88676.0,88675.0,0.71351,36
2026-01-02 04:50:00,1767329400000,1767329459999,BTC,1m,88676.0,88697.0,88697.0,88675.0,1.42836,67
2026-01-02 04:51:00,1767329460000,1767329519999,BTC,1m,88697.0,88705.0,88705.0,88696.0,0.9628,57
2026-01-02 04:52:00,1767329520000,1767329579999,BTC,1m,88705.0,88715.0,88723.0,88705.0,0.59303,96
2026-01-02 04:53:00,1767329580000,1767329639999,BTC,1m,88715.0,88725.0,88731.0,88714.0,3.81818,92
2026-01-02 04:54:00,1767329640000,1767329699999,BTC,1m,88725.0,88676.0,88747.0,88675.0,95.64848,404
2026-01-02 04:55:00,1767329700000,1767329759999,BTC,1m,88676.0,88644.0,88680.0,88633.0,96.9308,354
2026-01-02 04:56:00,1767329760000,1767329819999,BTC,1m,88646.0,88662.0,88663.0,88646.0,2.03921,76
2026-01-02 04:57:00,1767329820000,1767329879999,BTC,1m,88663.0,88646.0,88663.0,88646.0,1.32772,67
2026-01-02 04:58:00,1767329880000,1767329939999,BTC,1m,88647.0,88600.0,88647.0,88581.0,114.75693,736
2026-01-02 04:59:00,1767329940000,1767329999999,BTC,1m,88600.0,88599.0,88608.0,88594.0,18.89708,167
2026-01-02 05:00:00,1767330000000,1767330059999,BTC,1m,88599.0,88599.0,88599.0,88598.0,1.3004,51
2026-01-02 05:01:00,1767330060000,1767330119999,BTC,1m,88599.0,88613.0,88629.0,88599.0,4.00005,181
2026-01-02 05:02:00,1767330120000,1767330179999,BTC,1m,88614.0,88601.0,88614.0,88600.0,1.11392,89
2026-01-02 05:03:00,1767330180000,1767330239999,BTC,1m,88601.0,88605.0,88616.0,88600.0,1.11331,98
2026-01-02 05:04:00,1767330240000,1767330299999,BTC,1m,88606.0,88620.0,88628.0,88605.0,12.39363,184
2026-01-02 05:05:00,1767330300000,1767330359999,BTC,1m,88622.0,88630.0,88639.0,88622.0,0.70355,88
2026-01-02 05:06:00,1767330360000,1767330419999,BTC,1m,88630.0,88655.0,88657.0,88630.0,3.73506,112
2026-01-02 05:07:00,1767330420000,1767330479999,BTC,1m,88655.0,88655.0,88655.0,88654.0,20.65031,93
2026-01-02 05:08:00,1767330480000,1767330539999,BTC,1m,88655.0,88658.0,88663.0,88654.0,4.4141,81
2026-01-02 05:09:00,1767330540000,1767330599999,BTC,1m,88659.0,88659.0,88659.0,88658.0,0.27239,31
2026-01-02 05:10:00,1767330600000,1767330659999,BTC,1m,88659.0,88665.0,88665.0,88658.0,46.9655,169
2026-01-02 05:11:00,1767330660000,1767330719999,BTC,1m,88665.0,88679.0,88679.0,88664.0,39.10681,161
2026-01-02 05:12:00,1767330720000,1767330779999,BTC,1m,88679.0,88663.0,88679.0,88663.0,0.54137,61
2026-01-02 05:13:00,1767330780000,1767330839999,BTC,1m,88664.0,88650.0,88664.0,88643.0,4.31097,105
2026-01-02 05:14:00,1767330840000,1767330899999,BTC,1m,88651.0,88649.0,88651.0,88648.0,3.13781,40
2026-01-02 05:15:00,1767330900000,1767330959999,BTC,1m,88649.0,88652.0,88652.0,88648.0,5.0563,55
2026-01-02 05:16:00,1767330960000,1767331019999,BTC,1m,88652.0,88667.0,88667.0,88651.0,0.29459,73
2026-01-02 05:17:00,1767331020000,1767331079999,BTC,1m,88667.0,88710.0,88710.0,88667.0,0.95661,98
2026-01-02 05:18:00,1767331080000,1767331139999,BTC,1m,88711.0,88717.0,88718.0,88711.0,1.11665,62
2026-01-02 05:19:00,1767331140000,1767331199999,BTC,1m,88718.0,88727.0,88730.0,88717.0,1.3636,69
2026-01-02 05:20:00,1767331200000,1767331259999,BTC,1m,88727.0,88663.0,88727.0,88659.0,2.55063,157
2026-01-02 05:21:00,1767331260000,1767331319999,BTC,1m,88663.0,88666.0,88666.0,88662.0,0.14072,34
2026-01-02 05:22:00,1767331320000,1767331379999,BTC,1m,88666.0,88597.0,88666.0,88593.0,3.29314,207
2026-01-02 05:23:00,1767331380000,1767331439999,BTC,1m,88598.0,88590.0,88598.0,88578.0,2.49428,134
2026-01-02 05:24:00,1767331440000,1767331499999,BTC,1m,88590.0,88599.0,88599.0,88589.0,1.49594,75
2026-01-02 05:25:00,1767331500000,1767331559999,BTC,1m,88599.0,88584.0,88599.0,88584.0,2.06256,84
2026-01-02 05:26:00,1767331560000,1767331619999,BTC,1m,88585.0,88585.0,88585.0,88584.0,0.4495,46
2026-01-02 05:27:00,1767331620000,1767331679999,BTC,1m,88585.0,88572.0,88585.0,88567.0,2.61686,98
2026-01-02 05:28:00,1767331680000,1767331739999,BTC,1m,88573.0,88548.0,88573.0,88548.0,1.12415,74
2026-01-02 05:29:00,1767331740000,1767331799999,BTC,1m,88554.0,88551.0,88554.0,88549.0,1.48243,51
2026-01-02 05:30:00,1767331800000,1767331859999,BTC,1m,88552.0,88542.0,88556.0,88538.0,3.4172,128
2026-01-02 05:31:00,1767331860000,1767331919999,BTC,1m,88543.0,88557.0,88557.0,88542.0,1.2018,95
2026-01-02 05:32:00,1767331920000,1767331979999,BTC,1m,88557.0,88569.0,88569.0,88557.0,5.04492,89
2026-01-02 05:33:00,1767331980000,1767332039999,BTC,1m,88569.0,88585.0,88585.0,88568.0,1.6872,82
2026-01-02 05:34:00,1767332040000,1767332099999,BTC,1m,88585.0,88583.0,88585.0,88583.0,0.16056,30
2026-01-02 05:35:00,1767332100000,1767332159999,BTC,1m,88584.0,88651.0,88651.0,88584.0,104.95901,409
2026-01-02 05:36:00,1767332160000,1767332219999,BTC,1m,88652.0,88650.0,88652.0,88649.0,0.68741,42
2026-01-02 05:37:00,1767332220000,1767332279999,BTC,1m,88650.0,88637.0,88650.0,88628.0,1.05264,95
2026-01-02 05:38:00,1767332280000,1767332339999,BTC,1m,88637.0,88642.0,88642.0,88636.0,16.72891,83
2026-01-02 05:39:00,1767332340000,1767332399999,BTC,1m,88642.0,88639.0,88642.0,88638.0,0.88064,47
2026-01-02 05:40:00,1767332400000,1767332459999,BTC,1m,88639.0,88649.0,88649.0,88638.0,1.62315,44
2026-01-02 05:41:00,1767332460000,1767332519999,BTC,1m,88649.0,88646.0,88649.0,88646.0,0.72828,39
2026-01-02 05:42:00,1767332520000,1767332579999,BTC,1m,88647.0,88652.0,88652.0,88646.0,0.3021,31
2026-01-02 05:43:00,1767332580000,1767332639999,BTC,1m,88652.0,88652.0,88652.0,88651.0,0.09108,27
2026-01-02 05:44:00,1767332640000,1767332699999,BTC,1m,88652.0,88655.0,88657.0,88652.0,1.40209,49
2026-01-02 05:45:00,1767332700000,1767332759999,BTC,1m,88655.0,88678.0,88678.0,88654.0,0.46059,70
2026-01-02 05:46:00,1767332760000,1767332819999,BTC,1m,88678.0,88695.0,88696.0,88678.0,1.28042,75
2026-01-02 05:47:00,1767332820000,1767332879999,BTC,1m,88696.0,88700.0,88700.0,88695.0,0.98188,68
2026-01-02 05:48:00,1767332880000,1767332939999,BTC,1m,88700.0,88663.0,88700.0,88642.0,92.03361,334
2026-01-02 05:49:00,1767332940000,1767332999999,BTC,1m,88663.0,88679.0,88679.0,88662.0,1.60086,82
2026-01-02 05:50:00,1767333000000,1767333059999,BTC,1m,88680.0,88727.0,88728.0,88679.0,14.35588,142
2026-01-02 05:51:00,1767333060000,1767333119999,BTC,1m,88728.0,88755.0,88755.0,88728.0,22.89492,167
2026-01-02 05:52:00,1767333120000,1767333179999,BTC,1m,88755.0,88745.0,88755.0,88741.0,1.34451,72
2026-01-02 05:53:00,1767333180000,1767333239999,BTC,1m,88745.0,88750.0,88750.0,88718.0,45.32764,191
2026-01-02 05:54:00,1767333240000,1767333299999,BTC,1m,88750.0,88750.0,88750.0,88749.0,1.51611,25
2026-01-02 05:55:00,1767333300000,1767333359999,BTC,1m,88750.0,88750.0,88750.0,88749.0,0.27661,27
2026-01-02 05:56:00,1767333360000,1767333419999,BTC,1m,88750.0,88757.0,88757.0,88749.0,0.86539,49
2026-01-02 05:57:00,1767333420000,1767333479999,BTC,1m,88757.0,88759.0,88759.0,88756.0,4.64874,51
2026-01-02 05:58:00,1767333480000,1767333539999,BTC,1m,88759.0,88719.0,88759.0,88710.0,23.11204,222
2026-01-02 05:59:00,1767333540000,1767333599999,BTC,1m,88719.0,88724.0,88727.0,88718.0,0.26332,43
2026-01-02 06:00:00,1767333600000,1767333659999,BTC,1m,88724.0,88716.0,88732.0,88716.0,1.2154,94
2026-01-02 06:01:00,1767333660000,1767333719999,BTC,1m,88717.0,88759.0,88759.0,88716.0,1.4006,93
2026-01-02 06:02:00,1767333720000,1767333779999,BTC,1m,88760.0,88784.0,88785.0,88760.0,6.8833,103
2026-01-02 06:03:00,1767333780000,1767333839999,BTC,1m,88785.0,88807.0,88818.0,88784.0,11.8072,160
2026-01-02 06:04:00,1767333840000,1767333899999,BTC,1m,88808.0,88754.0,88808.0,88753.0,6.24476,142
2026-01-02 06:05:00,1767333900000,1767333959999,BTC,1m,88755.0,88750.0,88771.0,88750.0,0.6483,100
2026-01-02 06:06:00,1767333960000,1767334019999,BTC,1m,88751.0,88714.0,88751.0,88714.0,1.97807,106
2026-01-02 06:07:00,1767334020000,1767334079999,BTC,1m,88715.0,88701.0,88715.0,88701.0,0.81592,56
2026-01-02 06:08:00,1767334080000,1767334139999,BTC,1m,88702.0,88703.0,88704.0,88701.0,5.09015,70
2026-01-02 06:09:00,1767334140000,1767334199999,BTC,1m,88704.0,88716.0,88717.0,88703.0,1.41046,70
2026-01-02 06:10:00,1767334200000,1767334259999,BTC,1m,88717.0,88762.0,88768.0,88716.0,1.08289,170
2026-01-02 06:11:00,1767334260000,1767334319999,BTC,1m,88763.0,88763.0,88763.0,88762.0,0.35968,44
2026-01-02 06:12:00,1767334320000,1767334379999,BTC,1m,88764.0,88770.0,88771.0,88763.0,0.92513,50
2026-01-02 06:13:00,1767334380000,1767334439999,BTC,1m,88771.0,88777.0,88778.0,88770.0,0.19055,35
2026-01-02 06:14:00,1767334440000,1767334499999,BTC,1m,88778.0,88762.0,88778.0,88762.0,0.65134,67
2026-01-02 06:15:00,1767334500000,1767334559999,BTC,1m,88765.0,88765.0,88766.0,88762.0,1.25268,46
2026-01-02 06:16:00,1767334560000,1767334619999,BTC,1m,88767.0,88766.0,88767.0,88766.0,0.53067,37
2026-01-02 06:17:00,1767334620000,1767334679999,BTC,1m,88767.0,88787.0,88788.0,88766.0,0.48772,52
2026-01-02 06:18:00,1767334680000,1767334739999,BTC,1m,88788.0,88787.0,88788.0,88787.0,0.47613,34
2026-01-02 06:19:00,1767334740000,1767334799999,BTC,1m,88788.0,88807.0,88807.0,88787.0,1.69073,99
2026-01-02 06:20:00,1767334800000,1767334859999,BTC,1m,88807.0,88797.0,88807.0,88797.0,6.27764,67
2026-01-02 06:21:00,1767334860000,1767334919999,BTC,1m,88798.0,88789.0,88798.0,88789.0,0.82776,52
2026-01-02 06:22:00,1767334920000,1767334979999,BTC,1m,88790.0,88800.0,88800.0,88789.0,0.71644,58
2026-01-02 06:23:00,1767334980000,1767335039999,BTC,1m,88800.0,88842.0,88844.0,88799.0,29.49364,202
2026-01-02 06:24:00,1767335040000,1767335099999,BTC,1m,88843.0,88833.0,88843.0,88833.0,6.97453,77
2026-01-02 06:25:00,1767335100000,1767335159999,BTC,1m,88834.0,88833.0,88834.0,88833.0,0.79497,34
2026-01-02 06:26:00,1767335160000,1767335219999,BTC,1m,88834.0,88885.0,88888.0,88824.0,5.97565,223
2026-01-02 06:27:00,1767335220000,1767335279999,BTC,1m,88886.0,88885.0,88888.0,88885.0,1.1604,60
2026-01-02 06:28:00,1767335280000,1767335339999,BTC,1m,88886.0,88885.0,88886.0,88885.0,3.05551,63
2026-01-02 06:29:00,1767335340000,1767335399999,BTC,1m,88886.0,88887.0,88888.0,88885.0,4.38183,68
2026-01-02 06:30:00,1767335400000,1767335459999,BTC,1m,88888.0,88910.0,88911.0,88883.0,88.33345,247
2026-01-02 06:31:00,1767335460000,1767335519999,BTC,1m,88911.0,88914.0,88925.0,88911.0,2.5969,105
2026-01-02 06:32:00,1767335520000,1767335579999,BTC,1m,88915.0,88919.0,88920.0,88915.0,0.95089,35
2026-01-02 06:33:00,1767335580000,1767335639999,BTC,1m,88920.0,88910.0,88920.0,88909.0,77.22815,200
2026-01-02 06:34:00,1767335640000,1767335699999,BTC,1m,88911.0,88917.0,88917.0,88910.0,2.72232,66
2026-01-02 06:35:00,1767335700000,1767335759999,BTC,1m,88917.0,88915.0,88920.0,88915.0,1.91836,59
2026-01-02 06:36:00,1767335760000,1767335819999,BTC,1m,88916.0,88920.0,88920.0,88915.0,2.55286,54
2026-01-02 06:37:00,1767335820000,1767335879999,BTC,1m,88920.0,88919.0,88920.0,88919.0,6.2591,30
2026-01-02 06:38:00,1767335880000,1767335939999,BTC,1m,88920.0,88980.0,88981.0,88919.0,13.22404,203
2026-01-02 06:39:00,1767335940000,1767335999999,BTC,1m,88981.0,88994.0,89006.0,88980.0,49.73785,353
2026-01-02 06:40:00,1767336000000,1767336059999,BTC,1m,88995.0,89023.0,89059.0,88994.0,19.44394,324
2026-01-02 06:41:00,1767336060000,1767336119999,BTC,1m,89023.0,89043.0,89044.0,89023.0,7.21811,130
2026-01-02 06:42:00,1767336120000,1767336179999,BTC,1m,89044.0,88989.0,89044.0,88982.0,13.65191,249
2026-01-02 06:43:00,1767336180000,1767336239999,BTC,1m,88990.0,88986.0,88990.0,88967.0,15.6221,165
2026-01-02 06:44:00,1767336240000,1767336299999,BTC,1m,88986.0,88946.0,88986.0,88945.0,3.97945,141
2026-01-02 06:45:00,1767336300000,1767336359999,BTC,1m,88946.0,89002.0,89014.0,88945.0,5.89364,189
2026-01-02 06:46:00,1767336360000,1767336419999,BTC,1m,89001.0,89002.0,89018.0,88999.0,7.53962,145
2026-01-02 06:47:00,1767336420000,1767336479999,BTC,1m,89002.0,88946.0,89002.0,88940.0,12.35911,224
2026-01-02 06:48:00,1767336480000,1767336539999,BTC,1m,88946.0,88961.0,88961.0,88945.0,19.11417,134
2026-01-02 06:49:00,1767336540000,1767336599999,BTC,1m,88961.0,88975.0,88975.0,88960.0,1.76416,83
2026-01-02 06:50:00,1767336600000,1767336659999,BTC,1m,88975.0,89006.0,89006.0,88974.0,1.73429,132
2026-01-02 06:51:00,1767336660000,1767336719999,BTC,1m,89006.0,88999.0,89006.0,88998.0,2.86443,75
2026-01-02 06:52:00,1767336720000,1767336779999,BTC,1m,88999.0,88974.0,88999.0,88973.0,0.9665,86
2026-01-02 06:53:00,1767336780000,1767336839999,BTC,1m,88974.0,88972.0,88974.0,88972.0,0.2549,46
2026-01-02 06:54:00,1767336840000,1767336899999,BTC,1m,88973.0,88974.0,88974.0,88973.0,2.43534,57
2026-01-02 06:55:00,1767336900000,1767336959999,BTC,1m,88974.0,88972.0,88974.0,88972.0,0.3216,52
2026-01-02 06:56:00,1767336960000,1767337019999,BTC,1m,88973.0,88965.0,88973.0,88962.0,2.00527,68
2026-01-02 06:57:00,1767337020000,1767337079999,BTC,1m,88962.0,88943.0,88962.0,88943.0,2.10082,110
2026-01-02 06:58:00,1767337080000,1767337139999,BTC,1m,88944.0,88901.0,88944.0,88887.0,12.69021,240
2026-01-02 06:59:00,1767337140000,1767337199999,BTC,1m,88901.0,88906.0,88906.0,88900.0,0.53325,40
2026-01-02 07:00:00,1767337200000,1767337259999,BTC,1m,88906.0,88941.0,88947.0,88906.0,6.97455,135
2026-01-02 07:01:00,1767337260000,1767337319999,BTC,1m,88941.0,88941.0,88941.0,88940.0,0.61528,40
2026-01-02 07:02:00,1767337320000,1767337379999,BTC,1m,88941.0,88963.0,88963.0,88940.0,3.65024,94
2026-01-02 07:03:00,1767337380000,1767337439999,BTC,1m,88963.0,88952.0,88963.0,88951.0,0.47696,52
2026-01-02 07:04:00,1767337440000,1767337499999,BTC,1m,88952.0,88938.0,88952.0,88920.0,1.10584,126
2026-01-02 07:05:00,1767337500000,1767337559999,BTC,1m,88938.0,88970.0,88970.0,88938.0,1.17093,100
2026-01-02 07:06:00,1767337560000,1767337619999,BTC,1m,88970.0,88970.0,88970.0,88969.0,0.35334,47
2026-01-02 07:07:00,1767337620000,1767337679999,BTC,1m,88970.0,88974.0,88974.0,88969.0,1.2603,62
2026-01-02 07:08:00,1767337680000,1767337739999,BTC,1m,88974.0,88973.0,88974.0,88973.0,0.37494,35
2026-01-02 07:09:00,1767337740000,1767337799999,BTC,1m,88974.0,88974.0,88974.0,88973.0,1.3211,53
2026-01-02 07:10:00,1767337800000,1767337859999,BTC,1m,88974.0,88998.0,88999.0,88973.0,5.83989,99
2026-01-02 07:11:00,1767337860000,1767337919999,BTC,1m,88999.0,88996.0,88999.0,88992.0,0.51596,72
2026-01-02 07:12:00,1767337920000,1767337979999,BTC,1m,88996.0,88996.0,88996.0,88995.0,0.19024,39
2026-01-02 07:13:00,1767337980000,1767338039999,BTC,1m,88996.0,89027.0,89036.0,88956.0,3.01565,248
2026-01-02 07:14:00,1767338040000,1767338099999,BTC,1m,89027.0,89013.0,89027.0,89012.0,1.69265,96
2026-01-02 07:15:00,1767338100000,1767338159999,BTC,1m,89013.0,88983.0,89013.0,88982.0,23.06268,185
2026-01-02 07:16:00,1767338160000,1767338219999,BTC,1m,88983.0,88985.0,88985.0,88982.0,7.61213,68
2026-01-02 07:17:00,1767338220000,1767338279999,BTC,1m,88985.0,88994.0,88994.0,88985.0,0.38038,41
2026-01-02 07:18:00,1767338280000,1767338339999,BTC,1m,88994.0,88907.0,88994.0,88887.0,10.66008,408
2026-01-02 07:19:00,1767338340000,1767338399999,BTC,1m,88907.0,88971.0,88972.0,88902.0,5.78529,161
2026-01-02 07:20:00,1767338400000,1767338459999,BTC,1m,88972.0,88973.0,88983.0,88962.0,3.93634,150
2026-01-02 07:21:00,1767338460000,1767338519999,BTC,1m,88973.0,88942.0,88973.0,88941.0,3.36736,121
2026-01-02 07:22:00,1767338520000,1767338579999,BTC,1m,88942.0,88953.0,88953.0,88941.0,0.45719,47
2026-01-02 07:23:00,1767338580000,1767338639999,BTC,1m,88953.0,88928.0,88953.0,88927.0,0.62533,98
2026-01-02 07:24:00,1767338640000,1767338699999,BTC,1m,88928.0,88946.0,88946.0,88927.0,0.19773,53
2026-01-02 07:25:00,1767338700000,1767338759999,BTC,1m,88946.0,88938.0,88946.0,88937.0,0.33092,67
2026-01-02 07:26:00,1767338760000,1767338819999,BTC,1m,88938.0,88875.0,88938.0,88875.0,6.34494,159
2026-01-02 07:27:00,1767338820000,1767338879999,BTC,1m,88876.0,88902.0,88902.0,88863.0,6.33427,151
2026-01-02 07:28:00,1767338880000,1767338939999,BTC,1m,88902.0,88871.0,88902.0,88865.0,4.04406,151
2026-01-02 07:29:00,1767338940000,1767338999999,BTC,1m,88866.0,88859.0,88866.0,88832.0,6.34884,163
2026-01-02 07:30:00,1767339000000,1767339059999,BTC,1m,88860.0,88879.0,88879.0,88859.0,1.22338,66
2026-01-02 07:31:00,1767339060000,1767339119999,BTC,1m,88880.0,88841.0,88888.0,88834.0,0.99809,176
2026-01-02 07:32:00,1767339120000,1767339179999,BTC,1m,88834.0,88836.0,88836.0,88833.0,0.67149,55
2026-01-02 07:33:00,1767339180000,1767339239999,BTC,1m,88836.0,88848.0,88848.0,88824.0,0.79435,117
2026-01-02 07:34:00,1767339240000,1767339299999,BTC,1m,88848.0,88845.0,88866.0,88844.0,1.43084,135
2026-01-02 07:35:00,1767339300000,1767339359999,BTC,1m,88845.0,88832.0,88845.0,88816.0,33.46871,183
2026-01-02 07:36:00,1767339360000,1767339419999,BTC,1m,88832.0,88820.0,88832.0,88819.0,24.4454,172
2026-01-02 07:37:00,1767339420000,1767339479999,BTC,1m,88820.0,88820.0,88828.0,88819.0,18.5081,126
2026-01-02 07:38:00,1767339480000,1767339539999,BTC,1m,88820.0,88814.0,88820.0,88805.0,33.94843,217
2026-01-02 07:39:00,1767339540000,1767339599999,BTC,1m,88816.0,88824.0,88824.0,88816.0,3.2175,79
2026-01-02 07:40:00,1767339600000,1767339659999,BTC,1m,88824.0,88861.0,88862.0,88824.0,4.22512,154
2026-01-02 07:41:00,1767339660000,1767339719999,BTC,1m,88862.0,88839.0,88862.0,88838.0,4.56601,135
2026-01-02 07:42:00,1767339720000,1767339779999,BTC,1m,88839.0,88829.0,88839.0,88828.0,8.92238,83
2026-01-02 07:43:00,1767339780000,1767339839999,BTC,1m,88829.0,88828.0,88829.0,88828.0,5.50401,66
2026-01-02 07:44:00,1767339840000,1767339899999,BTC,1m,88829.0,88821.0,88829.0,88815.0,5.08859,114
2026-01-02 07:45:00,1767339900000,1767339959999,BTC,1m,88821.0,88852.0,88852.0,88821.0,3.6605,115
2026-01-02 07:46:00,1767339960000,1767340019999,BTC,1m,88852.0,88855.0,88855.0,88843.0,9.67893,105
2026-01-02 07:47:00,1767340020000,1767340079999,BTC,1m,88855.0,88855.0,88855.0,88854.0,0.47646,69
2026-01-02 07:48:00,1767340080000,1767340139999,BTC,1m,88855.0,88828.0,88855.0,88822.0,2.70377,146
2026-01-02 07:49:00,1767340140000,1767340199999,BTC,1m,88828.0,88826.0,88828.0,88825.0,0.73814,57
2026-01-02 07:50:00,1767340200000,1767340259999,BTC,1m,88826.0,88816.0,88826.0,88815.0,3.96693,75
2026-01-02 07:51:00,1767340260000,1767340319999,BTC,1m,88816.0,88823.0,88823.0,88815.0,3.6733,66
2026-01-02 07:52:00,1767340320000,1767340379999,BTC,1m,88823.0,88828.0,88828.0,88822.0,3.52473,72
2026-01-02 07:53:00,1767340380000,1767340439999,BTC,1m,88828.0,88848.0,88849.0,88810.0,15.18514,200
2026-01-02 07:54:00,1767340440000,1767340499999,BTC,1m,88849.0,88848.0,88849.0,88848.0,1.24457,56
2026-01-02 07:55:00,1767340500000,1767340559999,BTC,1m,88849.0,88844.0,88849.0,88844.0,0.40181,69
2026-01-02 07:56:00,1767340560000,1767340619999,BTC,1m,88845.0,88842.0,88845.0,88841.0,1.55259,69
2026-01-02 07:57:00,1767340620000,1767340679999,BTC,1m,88842.0,88855.0,88855.0,88841.0,4.84536,82
2026-01-02 07:58:00,1767340680000,1767340739999,BTC,1m,88855.0,88855.0,88857.0,88854.0,0.66178,68
2026-01-02 07:59:00,1767340740000,1767340799999,BTC,1m,88855.0,88827.0,88855.0,88816.0,1.3071,146
2026-01-02 08:00:00,1767340800000,1767340859999,BTC,1m,88827.0,88856.0,88857.0,88826.0,1.97377,86
2026-01-02 08:01:00,1767340860000,1767340919999,BTC,1m,88857.0,88854.0,88871.0,88853.0,20.87892,142
2026-01-02 08:02:00,1767340920000,1767340979999,BTC,1m,88854.0,88806.0,88854.0,88805.0,6.74605,145
2026-01-02 08:03:00,1767340980000,1767341039999,BTC,1m,88806.0,88796.0,88817.0,88771.0,6.54754,210
2026-01-02 08:04:00,1767341040000,1767341099999,BTC,1m,88796.0,88814.0,88814.0,88795.0,9.76209,106
2026-01-02 08:05:00,1767341100000,1767341159999,BTC,1m,88814.0,88818.0,88818.0,88814.0,2.86725,61
2026-01-02 08:06:00,1767341160000,1767341219999,BTC,1m,88818.0,88923.0,88923.0,88818.0,44.85489,285
2026-01-02 08:07:00,1767341220000,1767341279999,BTC,1m,88912.0,88953.0,88953.0,88912.0,3.88299,169
2026-01-02 08:08:00,1767341280000,1767341339999,BTC,1m,88953.0,88942.0,88953.0,88941.0,3.7806,87
2026-01-02 08:09:00,1767341340000,1767341399999,BTC,1m,88942.0,88952.0,88952.0,88941.0,0.86986,81
2026-01-02 08:10:00,1767341400000,1767341459999,BTC,1m,88952.0,88974.0,88974.0,88951.0,9.24648,128
2026-01-02 08:11:00,1767341460000,1767341519999,BTC,1m,88974.0,88959.0,88974.0,88946.0,2.20261,143
2026-01-02 08:12:00,1767341520000,1767341579999,BTC,1m,88959.0,89000.0,89000.0,88958.0,4.5016,140
2026-01-02 08:13:00,1767341580000,1767341639999,BTC,1m,89000.0,89025.0,89050.0,88999.0,8.46063,353
2026-01-02 08:14:00,1767341640000,1767341699999,BTC,1m,89026.0,89049.0,89050.0,89025.0,3.98659,192
2026-01-02 08:15:00,1767341700000,1767341759999,BTC,1m,89050.0,89040.0,89050.0,89039.0,7.61913,123
2026-01-02 08:16:00,1767341760000,1767341819999,BTC,1m,89040.0,89021.0,89040.0,89020.0,7.97796,113
2026-01-02 08:17:00,1767341820000,1767341879999,BTC,1m,89021.0,89002.0,89021.0,88995.0,24.8558,229
2026-01-02 08:18:00,1767341880000,1767341939999,BTC,1m,89002.0,88950.0,89002.0,88949.0,4.7495,203
2026-01-02 08:19:00,1767341940000,1767341999999,BTC,1m,88950.0,88956.0,88956.0,88948.0,0.88924,65
2026-01-02 08:20:00,1767342000000,1767342059999,BTC,1m,88956.0,89010.0,89010.0,88955.0,1.65095,117
2026-01-02 08:21:00,1767342060000,1767342119999,BTC,1m,89010.0,88998.0,89010.0,88997.0,21.07372,170
2026-01-02 08:22:00,1767342120000,1767342179999,BTC,1m,88998.0,89010.0,89010.0,88979.0,0.36062,169
2026-01-02 08:23:00,1767342180000,1767342239999,BTC,1m,89010.0,89058.0,89058.0,89009.0,15.65721,155
2026-01-02 08:24:00,1767342240000,1767342299999,BTC,1m,89058.0,89058.0,89058.0,89057.0,5.81397,105
2026-01-02 08:25:00,1767342300000,1767342359999,BTC,1m,89058.0,89057.0,89058.0,89057.0,1.12283,96
2026-01-02 08:26:00,1767342360000,1767342419999,BTC,1m,89058.0,89061.0,89061.0,89057.0,8.71452,135
2026-01-02 08:27:00,1767342420000,1767342479999,BTC,1m,89061.0,89060.0,89061.0,89060.0,15.00165,55
2026-01-02 08:28:00,1767342480000,1767342539999,BTC,1m,89061.0,89033.0,89061.0,89011.0,107.9685,695
2026-01-02 08:29:00,1767342540000,1767342599999,BTC,1m,89033.0,89015.0,89041.0,89014.0,59.57581,261
2026-01-02 08:30:00,1767342600000,1767342659999,BTC,1m,89015.0,88992.0,89020.0,88989.0,7.52223,172
2026-01-02 08:31:00,1767342660000,1767342719999,BTC,1m,88992.0,88998.0,89005.0,88991.0,0.74172,99
2026-01-02 08:32:00,1767342720000,1767342779999,BTC,1m,88998.0,88988.0,89008.0,88987.0,1.77489,200
2026-01-02 08:33:00,1767342780000,1767342839999,BTC,1m,88988.0,89033.0,89034.0,88987.0,1.47792,107
2026-01-02 08:34:00,1767342840000,1767342899999,BTC,1m,89034.0,89081.0,89081.0,89033.0,4.16671,171
2026-01-02 08:35:00,1767342900000,1767342959999,BTC,1m,89081.0,89081.0,89127.0,89070.0,61.68922,809
2026-01-02 08:36:00,1767342960000,1767343019999,BTC,1m,89081.0,89055.0,89081.0,89055.0,2.30087,137
2026-01-02 08:37:00,1767343020000,1767343079999,BTC,1m,89055.0,89038.0,89055.0,89031.0,21.46622,221
2026-01-02 08:38:00,1767343080000,1767343139999,BTC,1m,89038.0,89070.0,89071.0,89038.0,7.29493,124
2026-01-02 08:39:00,1767343140000,1767343199999,BTC,1m,89070.0,89052.0,89070.0,89051.0,4.29775,105
2026-01-02 08:40:00,1767343200000,1767343259999,BTC,1m,89052.0,89059.0,89070.0,89051.0,0.63448,110
2026-01-02 08:41:00,1767343260000,1767343319999,BTC,1m,89059.0,89049.0,89074.0,89049.0,4.89258,153
2026-01-02 08:42:00,1767343320000,1767343379999,BTC,1m,89050.0,89050.0,89050.0,89049.0,0.21197,37
2026-01-02 08:43:00,1767343380000,1767343439999,BTC,1m,89050.0,89049.0,89050.0,89047.0,0.63631,44
2026-01-02 08:44:00,1767343440000,1767343499999,BTC,1m,89049.0,89049.0,89049.0,89048.0,0.79004,34
2026-01-02 08:45:00,1767343500000,1767343559999,BTC,1m,89049.0,89049.0,89069.0,89048.0,2.25321,124
2026-01-02 08:46:00,1767343560000,1767343619999,BTC,1m,89049.0,89046.0,89049.0,89045.0,3.71223,64
2026-01-02 08:47:00,1767343620000,1767343679999,BTC,1m,89046.0,89045.0,89046.0,89045.0,1.32048,34
2026-01-02 08:48:00,1767343680000,1767343739999,BTC,1m,89046.0,89035.0,89046.0,89034.0,0.72917,70
2026-01-02 08:49:00,1767343740000,1767343799999,BTC,1m,89035.0,89066.0,89067.0,89034.0,0.79625,87
2026-01-02 08:50:00,1767343800000,1767343859999,BTC,1m,89067.0,89066.0,89074.0,89066.0,8.109,105
2026-01-02 08:51:00,1767343860000,1767343919999,BTC,1m,89067.0,89072.0,89081.0,89049.0,13.37809,179
2026-01-02 08:52:00,1767343920000,1767343979999,BTC,1m,89072.0,89084.0,89084.0,89065.0,6.15248,120
2026-01-02 08:53:00,1767343980000,1767344039999,BTC,1m,89084.0,89100.0,89106.0,89083.0,16.74985,209
2026-01-02 08:54:00,1767344040000,1767344099999,BTC,1m,89100.0,89050.0,89100.0,89049.0,3.88105,131
2026-01-02 08:55:00,1767344100000,1767344159999,BTC,1m,89050.0,89063.0,89063.0,89049.0,8.57988,113
2026-01-02 08:56:00,1767344160000,1767344219999,BTC,1m,89063.0,89098.0,89098.0,89062.0,12.18445,152
2026-01-02 08:57:00,1767344220000,1767344279999,BTC,1m,89098.0,89111.0,89111.0,89097.0,2.79902,75
2026-01-02 08:58:00,1767344280000,1767344339999,BTC,1m,89111.0,89108.0,89111.0,89093.0,3.57363,113
2026-01-02 08:59:00,1767344340000,1767344399999,BTC,1m,89109.0,89149.0,89192.0,89108.0,270.06301,1054
2026-01-02 09:00:00,1767344400000,1767344459999,BTC,1m,89150.0,89165.0,89165.0,89083.0,69.64931,450
2026-01-02 09:01:00,1767344460000,1767344519999,BTC,1m,89165.0,89158.0,89169.0,89151.0,6.04971,142
2026-01-02 09:02:00,1767344520000,1767344579999,BTC,1m,89159.0,89117.0,89159.0,89115.0,10.48331,204
2026-01-02 09:03:00,1767344580000,1767344639999,BTC,1m,89117.0,89102.0,89118.0,89101.0,4.69155,116
2026-01-02 09:04:00,1767344640000,1767344699999,BTC,1m,89102.0,89110.0,89110.0,89101.0,1.43961,60
2026-01-02 09:05:00,1767344700000,1767344759999,BTC,1m,89110.0,89108.0,89110.0,89107.0,1.9846,64
2026-01-02 09:06:00,1767344760000,1767344819999,BTC,1m,89108.0,89108.0,89108.0,89107.0,1.86263,65
2026-01-02 09:07:00,1767344820000,1767344879999,BTC,1m,89108.0,89105.0,89108.0,89104.0,2.07107,56
2026-01-02 09:08:00,1767344880000,1767344939999,BTC,1m,89105.0,89119.0,89120.0,89104.0,7.7292,93
2026-01-02 09:09:00,1767344940000,1767344999999,BTC,1m,89119.0,89105.0,89119.0,89094.0,7.37217,110
2026-01-02 09:10:00,1767345000000,1767345059999,BTC,1m,89106.0,89183.0,89220.0,89106.0,87.68692,844
2026-01-02 09:11:00,1767345060000,1767345119999,BTC,1m,89183.0,89275.0,89294.0,89183.0,68.14633,1061
2026-01-02 09:12:00,1767345120000,1767345179999,BTC,1m,89275.0,89244.0,89296.0,89234.0,10.10768,268
2026-01-02 09:13:00,1767345180000,1767345239999,BTC,1m,89244.0,89196.0,89244.0,89190.0,1.95597,209
2026-01-02 09:14:00,1767345240000,1767345299999,BTC,1m,89197.0,89223.0,89237.0,89197.0,94.68245,379
2026-01-02 09:15:00,1767345300000,1767345359999,BTC,1m,89223.0,89177.0,89240.0,89158.0,14.95996,327
2026-01-02 09:16:00,1767345360000,1767345419999,BTC,1m,89177.0,89131.0,89191.0,89128.0,8.68229,264
2026-01-02 09:17:00,1767345420000,1767345479999,BTC,1m,89133.0,89081.0,89151.0,89059.0,186.01055,598
2026-01-02 09:18:00,1767345480000,1767345539999,BTC,1m,89082.0,89106.0,89106.0,89081.0,8.86265,199
2026-01-02 09:19:00,1767345540000,1767345599999,BTC,1m,89106.0,89119.0,89121.0,89105.0,3.2947,93
2026-01-02 09:20:00,1767345600000,1767345659999,BTC,1m,89119.0,89160.0,89163.0,89118.0,93.5374,356
2026-01-02 09:21:00,1767345660000,1767345719999,BTC,1m,89160.0,89140.0,89184.0,89140.0,65.97686,309
2026-01-02 09:22:00,1767345720000,1767345779999,BTC,1m,89139.0,89163.0,89183.0,89127.0,87.8686,336
2026-01-02 09:23:00,1767345780000,1767345839999,BTC,1m,89164.0,89146.0,89164.0,89145.0,1.74165,83
2026-01-02 09:24:00,1767345840000,1767345899999,BTC,1m,89146.0,89127.0,89146.0,89126.0,1.76889,144
2026-01-02 09:25:00,1767345900000,1767345959999,BTC,1m,89127.0,89130.0,89131.0,89126.0,34.94271,139
2026-01-02 09:26:00,1767345960000,1767346019999,BTC,1m,89131.0,89149.0,89170.0,89130.0,83.11975,301
2026-01-02 09:27:00,1767346020000,1767346079999,BTC,1m,89150.0,89142.0,89159.0,89141.0,59.45053,313
2026-01-02 09:28:00,1767346080000,1767346139999,BTC,1m,89142.0,89155.0,89155.0,89141.0,1.50383,79
2026-01-02 09:29:00,1767346140000,1767346199999,BTC,1m,89155.0,89156.0,89160.0,89140.0,6.51917,129
2026-01-02 09:30:00,1767346200000,1767346259999,BTC,1m,89157.0,89199.0,89202.0,89144.0,114.56778,366
2026-01-02 09:31:00,1767346260000,1767346319999,BTC,1m,89199.0,89179.0,89199.0,89179.0,5.99376,114
2026-01-02 09:32:00,1767346320000,1767346379999,BTC,1m,89180.0,89180.0,89180.0,89179.0,4.00018,62
2026-01-02 09:33:00,1767346380000,1767346439999,BTC,1m,89180.0,89148.0,89180.0,89147.0,4.71768,123
2026-01-02 09:34:00,1767346440000,1767346499999,BTC,1m,89148.0,89134.0,89148.0,89133.0,4.69849,87
2026-01-02 09:35:00,1767346500000,1767346559999,BTC,1m,89135.0,89174.0,89195.0,89134.0,100.00749,369
2026-01-02 09:36:00,1767346560000,1767346619999,BTC,1m,89174.0,89150.0,89174.0,89150.0,6.38276,113
2026-01-02 09:37:00,1767346620000,1767346679999,BTC,1m,89149.0,89157.0,89160.0,89139.0,4.10231,103
2026-01-02 09:38:00,1767346680000,1767346739999,BTC,1m,89157.0,89124.0,89157.0,89123.0,7.15522,138
2026-01-02 09:39:00,1767346740000,1767346799999,BTC,1m,89124.0,89115.0,89124.0,89109.0,25.95639,167
2026-01-02 09:40:00,1767346800000,1767346859999,BTC,1m,89115.0,89132.0,89153.0,89114.0,40.30885,211
2026-01-02 09:41:00,1767346860000,1767346919999,BTC,1m,89132.0,89121.0,89132.0,89121.0,4.11028,74
2026-01-02 09:42:00,1767346920000,1767346979999,BTC,1m,89122.0,89169.0,89170.0,89121.0,3.66457,122
2026-01-02 09:43:00,1767346980000,1767347039999,BTC,1m,89170.0,89198.0,89199.0,89169.0,50.02437,214
2026-01-02 09:44:00,1767347040000,1767347099999,BTC,1m,89198.0,89217.0,89217.0,89197.0,20.17882,192
2026-01-02 09:45:00,1767347100000,1767347159999,BTC,1m,89217.0,89216.0,89236.0,89215.0,10.7219,157
2026-01-02 09:46:00,1767347160000,1767347219999,BTC,1m,89216.0,89209.0,89242.0,89208.0,23.60315,223
2026-01-02 09:47:00,1767347220000,1767347279999,BTC,1m,89209.0,89250.0,89250.0,89204.0,10.10596,168
2026-01-02 09:48:00,1767347280000,1767347339999,BTC,1m,89250.0,89261.0,89270.0,89249.0,9.082,143
2026-01-02 09:49:00,1767347340000,1767347399999,BTC,1m,89261.0,89449.0,89475.0,89258.0,315.5952,2768
2026-01-02 09:50:00,1767347400000,1767347459999,BTC,1m,89449.0,89369.0,89471.0,89348.0,245.94923,1134
2026-01-02 09:51:00,1767347460000,1767347519999,BTC,1m,89370.0,89333.0,89403.0,89332.0,26.54392,454
2026-01-02 09:52:00,1767347520000,1767347579999,BTC,1m,89333.0,89356.0,89356.0,89304.0,10.66419,287
2026-01-02 09:53:00,1767347580000,1767347639999,BTC,1m,89356.0,89400.0,89400.0,89356.0,5.41221,157
2026-01-02 09:54:00,1767347640000,1767347699999,BTC,1m,89400.0,89423.0,89423.0,89376.0,11.8303,260
2026-01-02 09:55:00,1767347700000,1767347759999,BTC,1m,89423.0,89400.0,89425.0,89399.0,25.08124,206
2026-01-02 09:56:00,1767347760000,1767347819999,BTC,1m,89400.0,89360.0,89419.0,89347.0,10.24657,235
2026-01-02 09:57:00,1767347820000,1767347879999,BTC,1m,89360.0,89413.0,89413.0,89334.0,8.17612,322
2026-01-02 09:58:00,1767347880000,1767347939999,BTC,1m,89413.0,89428.0,89444.0,89413.0,6.40571,164
2026-01-02 09:59:00,1767347940000,1767347999999,BTC,1m,89429.0,89436.0,89440.0,89415.0,6.17551,166
2026-01-02 10:00:00,1767348000000,1767348059999,BTC,1m,89436.0,89479.0,89500.0,89426.0,89.93454,905
2026-01-02 10:01:00,1767348060000,1767348119999,BTC,1m,89480.0,89524.0,89529.0,89479.0,7.77121,428
2026-01-02 10:02:00,1767348120000,1767348179999,BTC,1m,89524.0,89457.0,89524.0,89445.0,50.78078,359
2026-01-02 10:03:00,1767348180000,1767348239999,BTC,1m,89458.0,89458.0,89510.0,89456.0,41.30807,415
2026-01-02 10:04:00,1767348240000,1767348299999,BTC,1m,89458.0,89462.0,89472.0,89450.0,51.35136,312
2026-01-02 10:05:00,1767348300000,1767348359999,BTC,1m,89462.0,89550.0,89560.0,89462.0,39.53313,554
2026-01-02 10:06:00,1767348360000,1767348419999,BTC,1m,89551.0,89684.0,89684.0,89548.0,120.89756,1576
2026-01-02 10:07:00,1767348420000,1767348479999,BTC,1m,89684.0,89684.0,89773.0,89654.0,357.92004,1668
2026-01-02 10:08:00,1767348480000,1767348539999,BTC,1m,89685.0,89716.0,89735.0,89631.0,133.35842,695
2026-01-02 10:09:00,1767348540000,1767348599999,BTC,1m,89716.0,89680.0,89759.0,89680.0,114.20384,530
2026-01-02 10:10:00,1767348600000,1767348659999,BTC,1m,89681.0,89742.0,89792.0,89681.0,24.09896,580
2026-01-02 10:11:00,1767348660000,1767348719999,BTC,1m,89743.0,89709.0,89748.0,89681.0,7.68696,307
2026-01-02 10:12:00,1767348720000,1767348779999,BTC,1m,89710.0,89675.0,89710.0,89660.0,27.96162,260
2026-01-02 10:13:00,1767348780000,1767348839999,BTC,1m,89675.0,89682.0,89695.0,89669.0,6.37508,208
2026-01-02 10:14:00,1767348840000,1767348899999,BTC,1m,89683.0,89803.0,89833.0,89681.0,85.62142,683
2026-01-02 10:15:00,1767348900000,1767348959999,BTC,1m,89803.0,89884.0,89897.0,89802.0,47.70436,943
2026-01-02 10:16:00,1767348960000,1767349019999,BTC,1m,89884.0,89887.0,89899.0,89853.0,23.99366,435
2026-01-02 10:17:00,1767349020000,1767349079999,BTC,1m,89887.0,89849.0,89887.0,89797.0,73.69585,618
2026-01-02 10:18:00,1767349080000,1767349139999,BTC,1m,89849.0,89875.0,89875.0,89824.0,7.73405,246
2026-01-02 10:19:00,1767349140000,1767349199999,BTC,1m,89875.0,89824.0,89899.0,89823.0,8.73813,287
2026-01-02 10:20:00,1767349200000,1767349259999,BTC,1m,89824.0,89802.0,89859.0,89802.0,12.03122,297
2026-01-02 10:21:00,1767349260000,1767349319999,BTC,1m,89803.0,89839.0,89840.0,89750.0,31.04474,542
2026-01-02 10:22:00,1767349320000,1767349379999,BTC,1m,89839.0,89823.0,89839.0,89816.0,71.90707,254
2026-01-02 10:23:00,1767349380000,1767349439999,BTC,1m,89823.0,89823.0,89838.0,89812.0,2.85954,188
2026-01-02 10:24:00,1767349440000,1767349499999,BTC,1m,89823.0,89717.0,89823.0,89701.0,160.14185,705
2026-01-02 10:25:00,1767349500000,1767349559999,BTC,1m,89717.0,89745.0,89760.0,89698.0,118.79486,604
2026-01-02 10:26:00,1767349560000,1767349619999,BTC,1m,89746.0,89704.0,89746.0,89691.0,148.40905,640
2026-01-02 10:27:00,1767349620000,1767349679999,BTC,1m,89704.0,89600.0,89704.0,89596.0,277.49616,1142
2026-01-02 10:28:00,1767349680000,1767349739999,BTC,1m,89601.0,89574.0,89623.0,89562.0,93.15753,683
2026-01-02 10:29:00,1767349740000,1767349799999,BTC,1m,89574.0,89540.0,89585.0,89513.0,99.3259,648
2026-01-02 10:30:00,1767349800000,1767349859999,BTC,1m,89540.0,89590.0,89590.0,89539.0,6.35779,198
2026-01-02 10:31:00,1767349860000,1767349919999,BTC,1m,89590.0,89591.0,89601.0,89589.0,25.60994,210
2026-01-02 10:32:00,1767349920000,1767349979999,BTC,1m,89591.0,89591.0,89592.0,89590.0,2.825,86
2026-01-02 10:33:00,1767349980000,1767350039999,BTC,1m,89592.0,89593.0,89626.0,89591.0,11.58185,296
2026-01-02 10:34:00,1767350040000,1767350099999,BTC,1m,89594.0,89561.0,89594.0,89560.0,2.9086,160
2026-01-02 10:35:00,1767350100000,1767350159999,BTC,1m,89561.0,89563.0,89570.0,89561.0,7.43991,140
2026-01-02 10:36:00,1767350160000,1767350219999,BTC,1m,89563.0,89582.0,89582.0,89563.0,24.7514,247
2026-01-02 10:37:00,1767350220000,1767350279999,BTC,1m,89582.0,89646.0,89652.0,89582.0,11.54842,426
2026-01-02 10:38:00,1767350280000,1767350339999,BTC,1m,89646.0,89636.0,89646.0,89629.0,8.20756,157
2026-01-02 10:39:00,1767350340000,1767350399999,BTC,1m,89636.0,89599.0,89638.0,89598.0,11.81303,191
2026-01-02 10:40:00,1767350400000,1767350459999,BTC,1m,89599.0,89653.0,89663.0,89598.0,11.79302,435
2026-01-02 10:41:00,1767350460000,1767350519999,BTC,1m,89653.0,89642.0,89653.0,89641.0,4.74832,141
2026-01-02 10:42:00,1767350520000,1767350579999,BTC,1m,89642.0,89640.0,89642.0,89639.0,1.54736,78
2026-01-02 10:43:00,1767350580000,1767350639999,BTC,1m,89640.0,89647.0,89647.0,89639.0,2.74263,132
2026-01-02 10:44:00,1767350640000,1767350699999,BTC,1m,89647.0,89654.0,89654.0,89646.0,3.11029,104
2026-01-02 10:45:00,1767350700000,1767350759999,BTC,1m,89654.0,89663.0,89686.0,89653.0,5.22233,283
2026-01-02 10:46:00,1767350760000,1767350819999,BTC,1m,89663.0,89650.0,89663.0,89649.0,18.34117,143
2026-01-02 10:47:00,1767350820000,1767350879999,BTC,1m,89650.0,89690.0,89690.0,89649.0,9.90366,217
2026-01-02 10:48:00,1767350880000,1767350939999,BTC,1m,89690.0,89690.0,89690.0,89689.0,1.69195,80
2026-01-02 10:49:00,1767350940000,1767350999999,BTC,1m,89690.0,89700.0,89700.0,89677.0,4.14643,244
2026-01-02 10:50:00,1767351000000,1767351059999,BTC,1m,89700.0,89710.0,89710.0,89699.0,3.53771,176
2026-01-02 10:51:00,1767351060000,1767351119999,BTC,1m,89710.0,89683.0,89710.0,89670.0,7.79833,237
2026-01-02 10:52:00,1767351120000,1767351179999,BTC,1m,89683.0,89659.0,89700.0,89658.0,7.84341,208
2026-01-02 10:53:00,1767351180000,1767351239999,BTC,1m,89660.0,89659.0,89668.0,89658.0,3.60731,107
2026-01-02 10:54:00,1767351240000,1767351299999,BTC,1m,89659.0,89576.0,89659.0,89573.0,78.69932,583
2026-01-02 10:55:00,1767351300000,1767351359999,BTC,1m,89576.0,89614.0,89614.0,89575.0,42.2202,241
2026-01-02 10:56:00,1767351360000,1767351419999,BTC,1m,89614.0,89632.0,89638.0,89613.0,6.38887,167
2026-01-02 10:57:00,1767351420000,1767351479999,BTC,1m,89632.0,89632.0,89632.0,89631.0,10.41028,99
2026-01-02 10:58:00,1767351480000,1767351539999,BTC,1m,89632.0,89600.0,89632.0,89599.0,4.39889,163
2026-01-02 10:59:00,1767351540000,1767351599999,BTC,1m,89600.0,89618.0,89618.0,89599.0,3.25176,136
2026-01-02 11:00:00,1767351600000,1767351659999,BTC,1m,89618.0,89581.0,89640.0,89581.0,3.01338,245
2026-01-02 11:01:00,1767351660000,1767351719999,BTC,1m,89581.0,89560.0,89581.0,89560.0,11.04216,204
2026-01-02 11:02:00,1767351720000,1767351779999,BTC,1m,89561.0,89546.0,89561.0,89546.0,5.32212,146
2026-01-02 11:03:00,1767351780000,1767351839999,BTC,1m,89547.0,89540.0,89547.0,89540.0,3.45476,144
2026-01-02 11:04:00,1767351840000,1767351899999,BTC,1m,89541.0,89539.0,89541.0,89531.0,7.93982,197
2026-01-02 11:05:00,1767351900000,1767351959999,BTC,1m,89539.0,89573.0,89577.0,89538.0,11.90083,198
2026-01-02 11:06:00,1767351960000,1767352019999,BTC,1m,89573.0,89526.0,89573.0,89509.0,29.80821,356
2026-01-02 11:07:00,1767352020000,1767352079999,BTC,1m,89527.0,89505.0,89527.0,89505.0,17.95282,224
2026-01-02 11:08:00,1767352080000,1767352139999,BTC,1m,89506.0,89491.0,89509.0,89478.0,46.70846,434
2026-01-02 11:09:00,1767352140000,1767352199999,BTC,1m,89491.0,89484.0,89491.0,89484.0,14.03145,139
2026-01-02 11:10:00,1767352200000,1767352259999,BTC,1m,89485.0,89493.0,89493.0,89484.0,3.37336,91
2026-01-02 11:11:00,1767352260000,1767352319999,BTC,1m,89493.0,89493.0,89493.0,89492.0,3.89325,86
2026-01-02 11:12:00,1767352320000,1767352379999,BTC,1m,89493.0,89493.0,89493.0,89492.0,2.4743,86
2026-01-02 11:13:00,1767352380000,1767352439999,BTC,1m,89493.0,89467.0,89493.0,89467.0,10.69568,247
2026-01-02 11:14:00,1767352440000,1767352499999,BTC,1m,89468.0,89484.0,89485.0,89467.0,2.97793,123
2026-01-02 11:15:00,1767352500000,1767352559999,BTC,1m,89485.0,89451.0,89485.0,89450.0,2.49253,169
2026-01-02 11:16:00,1767352560000,1767352619999,BTC,1m,89453.0,89449.0,89458.0,89437.0,61.63968,382
2026-01-02 11:17:00,1767352620000,1767352679999,BTC,1m,89449.0,89416.0,89449.0,89415.0,50.77322,391
2026-01-02 11:18:00,1767352680000,1767352739999,BTC,1m,89416.0,89369.0,89416.0,89355.0,40.28531,412
2026-01-02 11:19:00,1767352740000,1767352799999,BTC,1m,89369.0,89450.0,89450.0,89368.0,15.22636,474
2026-01-02 11:20:00,1767352800000,1767352859999,BTC,1m,89450.0,89491.0,89497.0,89449.0,15.02589,311
2026-01-02 11:21:00,1767352860000,1767352919999,BTC,1m,89491.0,89507.0,89520.0,89490.0,94.7979,446
2026-01-02 11:22:00,1767352920000,1767352979999,BTC,1m,89507.0,89495.0,89513.0,89494.0,33.37447,272
2026-01-02 11:23:00,1767352980000,1767353039999,BTC,1m,89495.0,89506.0,89506.0,89494.0,8.16561,122
2026-01-02 11:24:00,1767353040000,1767353099999,BTC,1m,89506.0,89496.0,89506.0,89476.0,3.22914,169
2026-01-02 11:25:00,1767353100000,1767353159999,BTC,1m,89496.0,89435.0,89496.0,89435.0,118.5484,479
2026-01-02 11:26:00,1767353160000,1767353219999,BTC,1m,89472.0,89460.0,89472.0,89459.0,2.89081,105
2026-01-02 11:27:00,1767353220000,1767353279999,BTC,1m,89460.0,89407.0,89460.0,89390.0,89.04438,529
2026-01-02 11:28:00,1767353280000,1767353339999,BTC,1m,89407.0,89377.0,89407.0,89377.0,4.13859,150
2026-01-02 11:29:00,1767353340000,1767353399999,BTC,1m,89378.0,89324.0,89378.0,89290.0,213.58349,1022
2026-01-02 11:30:00,1767353400000,1767353459999,BTC,1m,89324.0,89351.0,89351.0,89324.0,3.74027,156
2026-01-02 11:31:00,1767353460000,1767353519999,BTC,1m,89351.0,89341.0,89396.0,89329.0,64.00595,721
2026-01-02 11:32:00,1767353520000,1767353579999,BTC,1m,89342.0,89327.0,89355.0,89312.0,35.1506,408
2026-01-02 11:33:00,1767353580000,1767353639999,BTC,1m,89327.0,89373.0,89374.0,89326.0,7.49686,216
2026-01-02 11:34:00,1767353640000,1767353699999,BTC,1m,89374.0,89397.0,89424.0,89373.0,85.32055,428
2026-01-02 11:35:00,1767353700000,1767353759999,BTC,1m,89398.0,89419.0,89450.0,89397.0,70.49011,364
2026-01-02 11:36:00,1767353760000,1767353819999,BTC,1m,89420.0,89471.0,89493.0,89419.0,88.71929,409
2026-01-02 11:37:00,1767353820000,1767353879999,BTC,1m,89471.0,89475.0,89519.0,89471.0,69.34594,429
2026-01-02 11:38:00,1767353880000,1767353939999,BTC,1m,89475.0,89438.0,89475.0,89421.0,123.56304,699
2026-01-02 11:39:00,1767353940000,1767353999999,BTC,1m,89439.0,89442.0,89442.0,89439.0,1.76341,59
2026-01-02 11:40:00,1767354000000,1767354059999,BTC,1m,89442.0,89400.0,89445.0,89390.0,33.03203,355
2026-01-02 11:41:00,1767354060000,1767354119999,BTC,1m,89400.0,89413.0,89413.0,89366.0,8.24027,270
2026-01-02 11:42:00,1767354120000,1767354179999,BTC,1m,89413.0,89427.0,89444.0,89413.0,5.43464,247
2026-01-02 11:43:00,1767354180000,1767354239999,BTC,1m,89428.0,89404.0,89443.0,89403.0,3.56924,153
2026-01-02 11:44:00,1767354240000,1767354299999,BTC,1m,89404.0,89479.0,89486.0,89404.0,92.34994,321
2026-01-02 11:45:00,1767354300000,1767354359999,BTC,1m,89480.0,89460.0,89490.0,89455.0,14.40385,177
2026-01-02 11:46:00,1767354360000,1767354419999,BTC,1m,89460.0,89492.0,89494.0,89454.0,103.2772,431
2026-01-02 11:47:00,1767354420000,1767354479999,BTC,1m,89492.0,89507.0,89526.0,89491.0,32.1822,329
2026-01-02 11:48:00,1767354480000,1767354539999,BTC,1m,89507.0,89505.0,89507.0,89504.0,24.82048,103
2026-01-02 11:49:00,1767354540000,1767354599999,BTC,1m,89505.0,89498.0,89505.0,89483.0,33.4353,269
2026-01-02 11:50:00,1767354600000,1767354659999,BTC,1m,89499.0,89481.0,89499.0,89479.0,3.88699,107
2026-01-02 11:51:00,1767354660000,1767354719999,BTC,1m,89481.0,89465.0,89484.0,89465.0,4.46094,106
2026-01-02 11:52:00,1767354720000,1767354779999,BTC,1m,89466.0,89484.0,89492.0,89465.0,6.61387,132
2026-01-02 11:53:00,1767354780000,1767354839999,BTC,1m,89484.0,89503.0,89509.0,89484.0,10.53756,131
2026-01-02 11:54:00,1767354840000,1767354899999,BTC,1m,89503.0,89500.0,89503.0,89499.0,0.68923,52
2026-01-02 11:55:00,1767354900000,1767354959999,BTC,1m,89500.0,89534.0,89535.0,89499.0,6.73065,212
2026-01-02 11:56:00,1767354960000,1767355019999,BTC,1m,89535.0,89499.0,89535.0,89498.0,5.47712,142
2026-01-02 11:57:00,1767355020000,1767355079999,BTC,1m,89499.0,89501.0,89501.0,89498.0,7.32687,86
2026-01-02 11:58:00,1767355080000,1767355139999,BTC,1m,89501.0,89480.0,89501.0,89479.0,1.569,86
2026-01-02 11:59:00,1767355140000,1767355199999,BTC,1m,89480.0,89459.0,89480.0,89458.0,1.69865,92
2026-01-02 12:00:00,1767355200000,1767355259999,BTC,1m,89459.0,89454.0,89459.0,89407.0,57.47395,421
2026-01-02 12:01:00,1767355260000,1767355319999,BTC,1m,89454.0,89481.0,89493.0,89453.0,6.82241,183
2026-01-02 12:02:00,1767355320000,1767355379999,BTC,1m,89481.0,89444.0,89481.0,89442.0,1.30397,129
2026-01-02 12:03:00,1767355380000,1767355439999,BTC,1m,89445.0,89370.0,89445.0,89369.0,52.08061,440
2026-01-02 12:04:00,1767355440000,1767355499999,BTC,1m,89370.0,89402.0,89402.0,89369.0,6.06935,156
2026-01-02 12:05:00,1767355500000,1767355559999,BTC,1m,89402.0,89387.0,89402.0,89386.0,6.31981,95
2026-01-02 12:06:00,1767355560000,1767355619999,BTC,1m,89387.0,89372.0,89400.0,89365.0,31.38084,220
2026-01-02 12:07:00,1767355620000,1767355679999,BTC,1m,89373.0,89373.0,89373.0,89372.0,3.73603,74
2026-01-02 12:08:00,1767355680000,1767355739999,BTC,1m,89373.0,89341.0,89373.0,89326.0,33.62233,270
2026-01-02 12:09:00,1767355740000,1767355799999,BTC,1m,89342.0,89341.0,89342.0,89341.0,2.57999,83
2026-01-02 12:10:00,1767355800000,1767355859999,BTC,1m,89342.0,89387.0,89392.0,89341.0,4.50757,157
2026-01-02 12:11:00,1767355860000,1767355919999,BTC,1m,89387.0,89381.0,89387.0,89363.0,1.84137,135
2026-01-02 12:12:00,1767355920000,1767355979999,BTC,1m,89381.0,89389.0,89389.0,89380.0,1.65188,79
2026-01-02 12:13:00,1767355980000,1767356039999,BTC,1m,89389.0,89415.0,89415.0,89389.0,2.56371,122
2026-01-02 12:14:00,1767356040000,1767356099999,BTC,1m,89415.0,89435.0,89440.0,89414.0,1.00836,97
2026-01-02 12:15:00,1767356100000,1767356159999,BTC,1m,89436.0,89489.0,89489.0,89435.0,83.19004,286
2026-01-02 12:16:00,1767356160000,1767356219999,BTC,1m,89489.0,89492.0,89497.0,89488.0,15.29062,104
2026-01-02 12:17:00,1767356220000,1767356279999,BTC,1m,89492.0,89484.0,89492.0,89462.0,1.67562,138
2026-01-02 12:18:00,1767356280000,1767356339999,BTC,1m,89484.0,89525.0,89525.0,89483.0,2.52801,149
2026-01-02 12:19:00,1767356340000,1767356399999,BTC,1m,89525.0,89540.0,89544.0,89524.0,22.15373,140
2026-01-02 12:20:00,1767356400000,1767356459999,BTC,1m,89540.0,89541.0,89548.0,89539.0,2.8321,101
2026-01-02 12:21:00,1767356460000,1767356519999,BTC,1m,89541.0,89447.0,89542.0,89446.0,23.99908,278
2026-01-02 12:22:00,1767356520000,1767356579999,BTC,1m,89447.0,89403.0,89447.0,89402.0,14.62996,176
2026-01-02 12:23:00,1767356580000,1767356639999,BTC,1m,89403.0,89449.0,89452.0,89402.0,84.13189,283
2026-01-02 12:24:00,1767356640000,1767356699999,BTC,1m,89450.0,89462.0,89462.0,89423.0,94.50279,328
2026-01-02 12:25:00,1767356700000,1767356759999,BTC,1m,89462.0,89451.0,89462.0,89450.0,1.2983,74
2026-01-02 12:26:00,1767356760000,1767356819999,BTC,1m,89451.0,89483.0,89483.0,89450.0,0.57739,104
2026-01-02 12:27:00,1767356820000,1767356879999,BTC,1m,89483.0,89487.0,89488.0,89471.0,4.19676,125
2026-01-02 12:28:00,1767356880000,1767356939999,BTC,1m,89488.0,89439.0,89488.0,89439.0,2.27342,118
2026-01-02 12:29:00,1767356940000,1767356999999,BTC,1m,89438.0,89429.0,89443.0,89428.0,1.4995,82
2026-01-02 12:30:00,1767357000000,1767357059999,BTC,1m,89429.0,89422.0,89429.0,89407.0,9.15702,156
2026-01-02 12:31:00,1767357060000,1767357119999,BTC,1m,89422.0,89417.0,89422.0,89405.0,0.56756,88
2026-01-02 12:32:00,1767357120000,1767357179999,BTC,1m,89417.0,89408.0,89419.0,89408.0,0.97594,72
2026-01-02 12:33:00,1767357180000,1767357239999,BTC,1m,89409.0,89397.0,89409.0,89396.0,1.82748,92
2026-01-02 12:34:00,1767357240000,1767357299999,BTC,1m,89397.0,89451.0,89473.0,89396.0,10.29989,320
2026-01-02 12:35:00,1767357300000,1767357359999,BTC,1m,89452.0,89442.0,89461.0,89441.0,1.21934,112
2026-01-02 12:36:00,1767357360000,1767357419999,BTC,1m,89442.0,89416.0,89448.0,89391.0,2.74896,219
2026-01-02 12:37:00,1767357420000,1767357479999,BTC,1m,89416.0,89429.0,89430.0,89411.0,7.82859,107
2026-01-02 12:38:00,1767357480000,1767357539999,BTC,1m,89429.0,89497.0,89497.0,89408.0,6.65683,218
2026-01-02 12:39:00,1767357540000,1767357599999,BTC,1m,89497.0,89472.0,89497.0,89461.0,2.02855,132
2026-01-02 12:40:00,1767357600000,1767357659999,BTC,1m,89473.0,89451.0,89474.0,89451.0,0.92542,81
2026-01-02 12:41:00,1767357660000,1767357719999,BTC,1m,89451.0,89469.0,89469.0,89450.0,1.00283,72
2026-01-02 12:42:00,1767357720000,1767357779999,BTC,1m,89469.0,89460.0,89469.0,89454.0,1.41156,101
2026-01-02 12:43:00,1767357780000,1767357839999,BTC,1m,89460.0,89483.0,89484.0,89459.0,1.28634,99
2026-01-02 12:44:00,1767357840000,1767357899999,BTC,1m,89484.0,89480.0,89484.0,89476.0,4.96953,114
2026-01-02 12:45:00,1767357900000,1767357959999,BTC,1m,89481.0,89494.0,89494.0,89478.0,4.73418,113
2026-01-02 12:46:00,1767357960000,1767358019999,BTC,1m,89494.0,89494.0,89494.0,89493.0,2.43317,82
2026-01-02 12:47:00,1767358020000,1767358079999,BTC,1m,89494.0,89517.0,89517.0,89493.0,3.62246,135
2026-01-02 12:48:00,1767358080000,1767358139999,BTC,1m,89517.0,89481.0,89517.0,89480.0,5.02097,127
2026-01-02 12:49:00,1767358140000,1767358199999,BTC,1m,89481.0,89472.0,89481.0,89455.0,1.85926,102
2026-01-02 12:50:00,1767358200000,1767358259999,BTC,1m,89472.0,89477.0,89477.0,89458.0,1.1001,89
2026-01-02 12:51:00,1767358260000,1767358319999,BTC,1m,89477.0,89452.0,89477.0,89452.0,0.82817,82
2026-01-02 12:52:00,1767358320000,1767358379999,BTC,1m,89453.0,89464.0,89467.0,89452.0,3.83772,124
2026-01-02 12:53:00,1767358380000,1767358439999,BTC,1m,89464.0,89425.0,89464.0,89425.0,1.38724,123
2026-01-02 12:54:00,1767358440000,1767358499999,BTC,1m,89426.0,89426.0,89426.0,89425.0,1.07206,78
2026-01-02 12:55:00,1767358500000,1767358559999,BTC,1m,89426.0,89423.0,89430.0,89423.0,0.94773,61
2026-01-02 12:56:00,1767358560000,1767358619999,BTC,1m,89424.0,89384.0,89424.0,89384.0,4.84856,152
2026-01-02 12:57:00,1767358620000,1767358679999,BTC,1m,89384.0,89366.0,89384.0,89366.0,5.07372,140
2026-01-02 12:58:00,1767358680000,1767358739999,BTC,1m,89367.0,89361.0,89390.0,89350.0,56.73352,287
2026-01-02 12:59:00,1767358740000,1767358799999,BTC,1m,89362.0,89361.0,89365.0,89360.0,1.56803,75
2026-01-02 13:00:00,1767358800000,1767358859999,BTC,1m,89361.0,89352.0,89361.0,89352.0,1.94658,115
2026-01-02 13:01:00,1767358860000,1767358919999,BTC,1m,89352.0,89373.0,89379.0,89330.0,6.40149,231
2026-01-02 13:02:00,1767358920000,1767358979999,BTC,1m,89373.0,89354.0,89373.0,89352.0,1.00371,103
2026-01-02 13:03:00,1767358980000,1767359039999,BTC,1m,89354.0,89353.0,89354.0,89344.0,1.28911,85
2026-01-02 13:04:00,1767359040000,1767359099999,BTC,1m,89353.0,89374.0,89375.0,89352.0,0.54506,80
2026-01-02 13:05:00,1767359100000,1767359159999,BTC,1m,89375.0,89366.0,89375.0,89366.0,0.2759,70
2026-01-02 13:06:00,1767359160000,1767359219999,BTC,1m,89366.0,89414.0,89436.0,89365.0,4.84539,265
2026-01-02 13:07:00,1767359220000,1767359279999,BTC,1m,89414.0,89468.0,89471.0,89405.0,1.96518,213
2026-01-02 13:08:00,1767359280000,1767359339999,BTC,1m,89468.0,89445.0,89468.0,89444.0,5.43333,123
2026-01-02 13:09:00,1767359340000,1767359399999,BTC,1m,89445.0,89419.0,89445.0,89419.0,0.93945,93
2026-01-02 13:10:00,1767359400000,1767359459999,BTC,1m,89420.0,89440.0,89440.0,89415.0,1.84993,116
2026-01-02 13:11:00,1767359460000,1767359519999,BTC,1m,89440.0,89412.0,89440.0,89411.0,1.35861,97
2026-01-02 13:12:00,1767359520000,1767359579999,BTC,1m,89412.0,89410.0,89412.0,89410.0,0.24485,39
2026-01-02 13:13:00,1767359580000,1767359639999,BTC,1m,89411.0,89424.0,89424.0,89410.0,1.16368,75
2026-01-02 13:14:00,1767359640000,1767359699999,BTC,1m,89424.0,89421.0,89424.0,89419.0,1.74549,71
2026-01-02 13:15:00,1767359700000,1767359759999,BTC,1m,89421.0,89554.0,89570.0,89421.0,18.91857,514
2026-01-02 13:16:00,1767359760000,1767359819999,BTC,1m,89554.0,89490.0,89554.0,89489.0,6.62144,183
2026-01-02 13:17:00,1767359820000,1767359879999,BTC,1m,89490.0,89500.0,89500.0,89471.0,15.94887,203
2026-01-02 13:18:00,1767359880000,1767359939999,BTC,1m,89500.0,89538.0,89541.0,89500.0,9.39917,160
2026-01-02 13:19:00,1767359940000,1767359999999,BTC,1m,89539.0,89582.0,89586.0,89538.0,23.61753,229
2026-01-02 13:20:00,1767360000000,1767360059999,BTC,1m,89583.0,89568.0,89642.0,89567.0,31.63041,438
2026-01-02 13:21:00,1767360060000,1767360119999,BTC,1m,89568.0,89606.0,89617.0,89562.0,9.72435,210
2026-01-02 13:22:00,1767360120000,1767360179999,BTC,1m,89608.0,89565.0,89608.0,89550.0,20.73856,220
2026-01-02 13:23:00,1767360180000,1767360239999,BTC,1m,89565.0,89552.0,89583.0,89546.0,9.72124,145
2026-01-02 13:24:00,1767360240000,1767360299999,BTC,1m,89553.0,89503.0,89553.0,89485.0,6.03552,193
2026-01-02 13:25:00,1767360300000,1767360359999,BTC,1m,89504.0,89526.0,89527.0,89504.0,1.80158,97
2026-01-02 13:26:00,1767360360000,1767360419999,BTC,1m,89526.0,89549.0,89549.0,89525.0,0.28591,77
2026-01-02 13:27:00,1767360420000,1767360479999,BTC,1m,89549.0,89549.0,89549.0,89548.0,0.11693,36
2026-01-02 13:28:00,1767360480000,1767360539999,BTC,1m,89549.0,89541.0,89557.0,89530.0,2.67135,122
2026-01-02 13:29:00,1767360540000,1767360599999,BTC,1m,89541.0,89518.0,89542.0,89517.0,5.57681,96
2026-01-02 13:30:00,1767360600000,1767360659999,BTC,1m,89518.0,89516.0,89547.0,89516.0,18.94953,199
2026-01-02 13:31:00,1767360660000,1767360719999,BTC,1m,89515.0,89466.0,89515.0,89465.0,19.70721,212
2026-01-02 13:32:00,1767360720000,1767360779999,BTC,1m,89466.0,89379.0,89473.0,89375.0,46.66369,515
2026-01-02 13:33:00,1767360780000,1767360839999,BTC,1m,89383.0,89417.0,89419.0,89381.0,13.52396,211
2026-01-02 13:34:00,1767360840000,1767360899999,BTC,1m,89417.0,89429.0,89455.0,89416.0,0.88538,150
2026-01-02 13:35:00,1767360900000,1767360959999,BTC,1m,89429.0,89390.0,89429.0,89390.0,3.72972,118
2026-01-02 13:36:00,1767360960000,1767361019999,BTC,1m,89391.0,89392.0,89393.0,89375.0,10.08427,156
2026-01-02 13:37:00,1767361020000,1767361079999,BTC,1m,89393.0,89388.0,89393.0,89384.0,0.43573,49
2026-01-02 13:38:00,1767361080000,1767361139999,BTC,1m,89388.0,89372.0,89388.0,89365.0,1.10234,106
2026-01-02 13:39:00,1767361140000,1767361199999,BTC,1m,89372.0,89380.0,89380.0,89371.0,2.27861,83
2026-01-02 13:40:00,1767361200000,1767361259999,BTC,1m,89380.0,89396.0,89396.0,89379.0,3.93178,82
2026-01-02 13:41:00,1767361260000,1767361319999,BTC,1m,89396.0,89401.0,89401.0,89395.0,2.21703,88
2026-01-02 13:42:00,1767361320000,1767361379999,BTC,1m,89401.0,89399.0,89403.0,89398.0,0.49607,47
2026-01-02 13:43:00,1767361380000,1767361439999,BTC,1m,89399.0,89449.0,89449.0,89399.0,4.4667,210
2026-01-02 13:44:00,1767361440000,1767361499999,BTC,1m,89449.0,89419.0,89461.0,89419.0,2.8449,172
2026-01-02 13:45:00,1767361500000,1767361559999,BTC,1m,89419.0,89412.0,89419.0,89403.0,1.54352,75
2026-01-02 13:46:00,1767361560000,1767361619999,BTC,1m,89412.0,89436.0,89436.0,89412.0,2.86112,95
2026-01-02 13:47:00,1767361620000,1767361679999,BTC,1m,89436.0,89464.0,89464.0,89436.0,1.63658,83
2026-01-02 13:48:00,1767361680000,1767361739999,BTC,1m,89464.0,89481.0,89481.0,89463.0,0.83494,93
2026-01-02 13:49:00,1767361740000,1767361799999,BTC,1m,89481.0,89472.0,89481.0,89471.0,0.47056,66
2026-01-02 13:50:00,1767361800000,1767361859999,BTC,1m,89472.0,89459.0,89472.0,89458.0,1.93096,90
2026-01-02 13:51:00,1767361860000,1767361919999,BTC,1m,89459.0,89438.0,89459.0,89430.0,35.65821,202
2026-01-02 13:52:00,1767361920000,1767361979999,BTC,1m,89438.0,89442.0,89442.0,89437.0,0.57793,66
2026-01-02 13:53:00,1767361980000,1767362039999,BTC,1m,89442.0,89460.0,89465.0,89441.0,1.70273,110
2026-01-02 13:54:00,1767362040000,1767362099999,BTC,1m,89460.0,89464.0,89465.0,89447.0,3.0705,107
2026-01-02 13:55:00,1767362100000,1767362159999,BTC,1m,89465.0,89401.0,89465.0,89394.0,2.03449,198
2026-01-02 13:56:00,1767362160000,1767362219999,BTC,1m,89401.0,89344.0,89402.0,89343.0,2.22814,178
2026-01-02 13:57:00,1767362220000,1767362279999,BTC,1m,89344.0,89323.0,89347.0,89306.0,186.9204,774
2026-01-02 13:58:00,1767362280000,1767362339999,BTC,1m,89323.0,89317.0,89323.0,89274.0,22.27428,361
2026-01-02 13:59:00,1767362340000,1767362399999,BTC,1m,89317.0,89297.0,89317.0,89284.0,9.1046,206
2026-01-02 14:00:00,1767362400000,1767362459999,BTC,1m,89298.0,89329.0,89329.0,89297.0,4.79377,171
2026-01-02 14:01:00,1767362460000,1767362519999,BTC,1m,89329.0,89299.0,89329.0,89299.0,2.99046,128
2026-01-02 14:02:00,1767362520000,1767362579999,BTC,1m,89300.0,89314.0,89321.0,89300.0,2.86075,108
2026-01-02 14:03:00,1767362580000,1767362639999,BTC,1m,89315.0,89331.0,89331.0,89314.0,2.26369,88
2026-01-02 14:04:00,1767362640000,1767362699999,BTC,1m,89331.0,89330.0,89339.0,89330.0,3.30389,96
2026-01-02 14:05:00,1767362700000,1767362759999,BTC,1m,89332.0,89290.0,89332.0,89290.0,7.48622,198
2026-01-02 14:06:00,1767362760000,1767362819999,BTC,1m,89291.0,89275.0,89291.0,89274.0,3.92515,106
2026-01-02 14:07:00,1767362820000,1767362879999,BTC,1m,89275.0,89241.0,89275.0,89237.0,34.57939,289
2026-01-02 14:08:00,1767362880000,1767362939999,BTC,1m,89242.0,89305.0,89308.0,89242.0,5.37106,215
2026-01-02 14:09:00,1767362940000,1767362999999,BTC,1m,89305.0,89267.0,89305.0,89252.0,12.8381,206
2026-01-02 14:10:00,1767363000000,1767363059999,BTC,1m,89266.0,89216.0,89266.0,89214.0,60.80087,392
2026-01-02 14:11:00,1767363060000,1767363119999,BTC,1m,89216.0,89186.0,89247.0,89180.0,53.08534,450
2026-01-02 14:12:00,1767363120000,1767363179999,BTC,1m,89186.0,89132.0,89186.0,89132.0,76.69038,363
2026-01-02 14:13:00,1767363180000,1767363239999,BTC,1m,89133.0,89127.0,89133.0,89120.0,14.58772,253
2026-01-02 14:14:00,1767363240000,1767363299999,BTC,1m,89127.0,89089.0,89127.0,89085.0,45.99083,356
2026-01-02 14:15:00,1767363300000,1767363359999,BTC,1m,89090.0,89084.0,89090.0,89060.0,64.93188,337
2026-01-02 14:16:00,1767363360000,1767363419999,BTC,1m,89085.0,89075.0,89090.0,89074.0,96.49558,253
2026-01-02 14:17:00,1767363420000,1767363479999,BTC,1m,89075.0,88992.0,89075.0,88992.0,48.48322,615
2026-01-02 14:18:00,1767363480000,1767363539999,BTC,1m,88993.0,88791.0,89013.0,88726.0,146.38878,1854
2026-01-02 14:19:00,1767363540000,1767363599999,BTC,1m,88791.0,88788.0,88806.0,88700.0,117.41744,1132
2026-01-02 14:20:00,1767363600000,1767363659999,BTC,1m,88788.0,88743.0,88821.0,88736.0,35.09373,547
2026-01-02 14:21:00,1767363660000,1767363719999,BTC,1m,88743.0,88772.0,88783.0,88681.0,92.22621,876
2026-01-02 14:22:00,1767363720000,1767363779999,BTC,1m,88772.0,88683.0,88772.0,88682.0,9.10812,362
2026-01-02 14:23:00,1767363780000,1767363839999,BTC,1m,88683.0,88737.0,88799.0,88679.0,20.42543,586
2026-01-02 14:24:00,1767363840000,1767363899999,BTC,1m,88738.0,88767.0,88799.0,88738.0,33.42643,458
2026-01-02 14:25:00,1767363900000,1767363959999,BTC,1m,88769.0,88847.0,88859.0,88769.0,126.29628,765
2026-01-02 14:26:00,1767363960000,1767364019999,BTC,1m,88847.0,88874.0,88874.0,88830.0,11.8478,317
2026-01-02 14:27:00,1767364020000,1767364079999,BTC,1m,88874.0,88890.0,88919.0,88873.0,41.2423,542
2026-01-02 14:28:00,1767364080000,1767364139999,BTC,1m,88890.0,88897.0,88924.0,88871.0,27.47791,409
2026-01-02 14:29:00,1767364140000,1767364199999,BTC,1m,88897.0,88859.0,88900.0,88858.0,1.55805,135
2026-01-02 14:30:00,1767364200000,1767364259999,BTC,1m,88859.0,88909.0,88909.0,88814.0,29.06621,652
2026-01-02 14:31:00,1767364260000,1767364319999,BTC,1m,88909.0,88724.0,88925.0,88724.0,142.91602,1199
2026-01-02 14:32:00,1767364320000,1767364379999,BTC,1m,88734.0,88540.0,88737.0,88525.0,313.81421,1929
2026-01-02 14:33:00,1767364380000,1767364439999,BTC,1m,88540.0,88529.0,88567.0,88444.0,148.58985,1430
2026-01-02 14:34:00,1767364440000,1767364499999,BTC,1m,88530.0,88592.0,88621.0,88520.0,33.64866,619
2026-01-02 14:35:00,1767364500000,1767364559999,BTC,1m,88593.0,88540.0,88598.0,88505.0,17.47727,597
2026-01-02 14:36:00,1767364560000,1767364619999,BTC,1m,88541.0,88752.0,88752.0,88541.0,37.94081,693
2026-01-02 14:37:00,1767364620000,1767364679999,BTC,1m,88752.0,88869.0,88869.0,88752.0,35.20498,670
2026-01-02 14:38:00,1767364680000,1767364739999,BTC,1m,88869.0,89032.0,89163.0,88869.0,652.71078,2431
2026-01-02 14:39:00,1767364740000,1767364799999,BTC,1m,89032.0,89076.0,89114.0,88900.0,116.24427,1121
2026-01-02 14:40:00,1767364800000,1767364859999,BTC,1m,89090.0,89066.0,89149.0,89056.0,24.70258,539
2026-01-02 14:41:00,1767364860000,1767364919999,BTC,1m,89066.0,89151.0,89152.0,88998.0,18.02118,649
2026-01-02 14:42:00,1767364920000,1767364979999,BTC,1m,89152.0,89333.0,89333.0,89152.0,40.76058,1007
2026-01-02 14:43:00,1767364980000,1767365039999,BTC,1m,89333.0,89382.0,89444.0,89293.0,76.02712,1048
2026-01-02 14:44:00,1767365040000,1767365099999,BTC,1m,89382.0,89340.0,89397.0,89310.0,12.63685,319
2026-01-02 14:45:00,1767365100000,1767365159999,BTC,1m,89341.0,89154.0,89371.0,89154.0,66.71721,781
2026-01-02 14:46:00,1767365160000,1767365219999,BTC,1m,89155.0,89113.0,89209.0,89085.0,20.26784,468
2026-01-02 14:47:00,1767365220000,1767365279999,BTC,1m,89114.0,89396.0,89400.0,89113.0,48.80699,1151
2026-01-02 14:48:00,1767365280000,1767365339999,BTC,1m,89396.0,89716.0,89790.0,89393.0,113.70613,1698
2026-01-02 14:49:00,1767365340000,1767365399999,BTC,1m,89716.0,89738.0,89738.0,89651.0,152.15774,1045
2026-01-02 14:50:00,1767365400000,1767365459999,BTC,1m,89739.0,89984.0,90079.0,89739.0,497.38381,3390
2026-01-02 14:51:00,1767365460000,1767365519999,BTC,1m,89985.0,89978.0,90052.0,89937.0,70.14813,1002
2026-01-02 14:52:00,1767365520000,1767365579999,BTC,1m,89978.0,89695.0,89978.0,89691.0,382.87091,2058
2026-01-02 14:53:00,1767365580000,1767365639999,BTC,1m,89695.0,89600.0,89732.0,89565.0,44.67648,991
2026-01-02 14:54:00,1767365640000,1767365699999,BTC,1m,89601.0,89645.0,89656.0,89506.0,20.02363,769
2026-01-02 14:55:00,1767365700000,1767365759999,BTC,1m,89646.0,89522.0,89653.0,89522.0,192.23093,1002
2026-01-02 14:56:00,1767365760000,1767365819999,BTC,1m,89523.0,89631.0,89642.0,89485.0,34.35193,793
2026-01-02 14:57:00,1767365820000,1767365879999,BTC,1m,89631.0,89468.0,89646.0,89451.0,88.69342,759
2026-01-02 14:58:00,1767365880000,1767365939999,BTC,1m,89469.0,89589.0,89595.0,89469.0,12.73071,487
2026-01-02 14:59:00,1767365940000,1767365999999,BTC,1m,89589.0,89530.0,89627.0,89527.0,13.5363,480
2026-01-02 15:00:00,1767366000000,1767366059999,BTC,1m,89531.0,89751.0,89756.0,89529.0,59.46756,773
2026-01-02 15:01:00,1767366060000,1767366119999,BTC,1m,89751.0,89697.0,89802.0,89692.0,27.88156,703
2026-01-02 15:02:00,1767366120000,1767366179999,BTC,1m,89697.0,89603.0,89697.0,89601.0,24.58596,536
2026-01-02 15:03:00,1767366180000,1767366239999,BTC,1m,89601.0,89318.0,89601.0,89318.0,62.84708,1012
2026-01-02 15:04:00,1767366240000,1767366299999,BTC,1m,89319.0,89235.0,89319.0,89154.0,68.13859,1143
2026-01-02 15:05:00,1767366300000,1767366359999,BTC,1m,89237.0,89167.0,89282.0,89149.0,66.45709,657
2026-01-02 15:06:00,1767366360000,1767366419999,BTC,1m,89168.0,89391.0,89407.0,89095.0,38.79426,1148
2026-01-02 15:07:00,1767366420000,1767366479999,BTC,1m,89391.0,89242.0,89403.0,89241.0,22.16249,518
2026-01-02 15:08:00,1767366480000,1767366539999,BTC,1m,89242.0,89273.0,89297.0,89179.0,158.58951,986
2026-01-02 15:09:00,1767366540000,1767366599999,BTC,1m,89273.0,89345.0,89385.0,89230.0,297.44883,1297
2026-01-02 15:10:00,1767366600000,1767366659999,BTC,1m,89346.0,89192.0,89384.0,89167.0,182.07174,834
2026-01-02 15:11:00,1767366660000,1767366719999,BTC,1m,89193.0,89193.0,89208.0,89061.0,129.89803,945
2026-01-02 15:12:00,1767366720000,1767366779999,BTC,1m,89194.0,89081.0,89250.0,89074.0,89.24666,774
2026-01-02 15:13:00,1767366780000,1767366839999,BTC,1m,89081.0,89188.0,89188.0,89068.0,51.95479,457
2026-01-02 15:14:00,1767366840000,1767366899999,BTC,1m,89188.0,89138.0,89188.0,89071.0,32.84773,363
2026-01-02 15:15:00,1767366900000,1767366959999,BTC,1m,89137.0,89080.0,89137.0,89025.0,10.80275,551
2026-01-02 15:16:00,1767366960000,1767367019999,BTC,1m,89080.0,89304.0,89308.0,89063.0,55.48914,554
2026-01-02 15:17:00,1767367020000,1767367079999,BTC,1m,89298.0,89103.0,89321.0,89070.0,63.85333,567
2026-01-02 15:18:00,1767367080000,1767367139999,BTC,1m,89091.0,89089.0,89160.0,89066.0,25.91208,336
2026-01-02 15:19:00,1767367140000,1767367199999,BTC,1m,89090.0,89100.0,89100.0,89037.0,32.80568,330
2026-01-02 15:20:00,1767367200000,1767367259999,BTC,1m,89101.0,88995.0,89121.0,88995.0,27.13366,398
2026-01-02 15:21:00,1767367260000,1767367319999,BTC,1m,88995.0,88918.0,89020.0,88881.0,89.72777,745
2026-01-02 15:22:00,1767367320000,1767367379999,BTC,1m,88920.0,88909.0,88962.0,88833.0,72.45133,649
2026-01-02 15:23:00,1767367380000,1767367439999,BTC,1m,88908.0,88852.0,89057.0,88852.0,59.3479,660
2026-01-02 15:24:00,1767367440000,1767367499999,BTC,1m,88852.0,88870.0,88870.0,88752.0,54.85053,771
2026-01-02 15:25:00,1767367500000,1767367559999,BTC,1m,88871.0,89019.0,89020.0,88856.0,62.01578,682
2026-01-02 15:26:00,1767367560000,1767367619999,BTC,1m,89020.0,89071.0,89146.0,89009.0,172.42884,753
2026-01-02 15:27:00,1767367620000,1767367679999,BTC,1m,89071.0,89059.0,89117.0,89048.0,29.05311,365
2026-01-02 15:28:00,1767367680000,1767367739999,BTC,1m,89060.0,89033.0,89084.0,89020.0,39.99043,441
2026-01-02 15:29:00,1767367740000,1767367799999,BTC,1m,89035.0,89099.0,89115.0,89035.0,43.58503,393
2026-01-02 15:30:00,1767367800000,1767367859999,BTC,1m,89099.0,89094.0,89099.0,89037.0,26.68234,382
2026-01-02 15:31:00,1767367860000,1767367919999,BTC,1m,89099.0,89147.0,89199.0,89099.0,9.81579,437
2026-01-02 15:32:00,1767367920000,1767367979999,BTC,1m,89148.0,89288.0,89299.0,89138.0,41.95886,523
2026-01-02 15:33:00,1767367980000,1767368039999,BTC,1m,89289.0,89458.0,89458.0,89289.0,60.79391,786
2026-01-02 15:34:00,1767368040000,1767368099999,BTC,1m,89458.0,89410.0,89500.0,89410.0,203.37164,1073
2026-01-02 15:35:00,1767368100000,1767368159999,BTC,1m,89411.0,89523.0,89523.0,89381.0,103.82378,754
2026-01-02 15:36:00,1767368160000,1767368219999,BTC,1m,89523.0,89423.0,89583.0,89417.0,321.41692,1350
2026-01-02 15:37:00,1767368220000,1767368279999,BTC,1m,89425.0,89429.0,89498.0,89420.0,104.17306,717
2026-01-02 15:38:00,1767368280000,1767368339999,BTC,1m,89430.0,89414.0,89450.0,89409.0,14.67343,354
2026-01-02 15:39:00,1767368340000,1767368399999,BTC,1m,89415.0,89591.0,89591.0,89415.0,38.13269,657
2026-01-02 15:40:00,1767368400000,1767368459999,BTC,1m,89591.0,89590.0,89730.0,89590.0,117.84048,1309
2026-01-02 15:41:00,1767368460000,1767368519999,BTC,1m,89591.0,89594.0,89630.0,89555.0,99.36857,595
2026-01-02 15:42:00,1767368520000,1767368579999,BTC,1m,89595.0,89623.0,89646.0,89588.0,39.48214,373
2026-01-02 15:43:00,1767368580000,1767368639999,BTC,1m,89636.0,89659.0,89706.0,89586.0,45.99152,540
2026-01-02 15:44:00,1767368640000,1767368699999,BTC,1m,89660.0,89713.0,89737.0,89621.0,21.22273,588
2026-01-02 15:45:00,1767368700000,1767368759999,BTC,1m,89714.0,89674.0,89723.0,89652.0,23.02094,537
2026-01-02 15:46:00,1767368760000,1767368819999,BTC,1m,89675.0,89726.0,89727.0,89666.0,9.60077,374
2026-01-02 15:47:00,1767368820000,1767368879999,BTC,1m,89727.0,89764.0,89774.0,89690.0,10.90128,411
2026-01-02 15:48:00,1767368880000,1767368939999,BTC,1m,89765.0,89733.0,89850.0,89733.0,25.9592,715
2026-01-02 15:49:00,1767368940000,1767368999999,BTC,1m,89732.0,89730.0,89734.0,89610.0,32.10865,616
2026-01-02 15:50:00,1767369000000,1767369059999,BTC,1m,89730.0,89679.0,89765.0,89679.0,10.18333,615
2026-01-02 15:51:00,1767369060000,1767369119999,BTC,1m,89680.0,89559.0,89680.0,89559.0,39.34854,879
2026-01-02 15:52:00,1767369120000,1767369179999,BTC,1m,89560.0,89499.0,89560.0,89467.0,26.34218,965
2026-01-02 15:53:00,1767369180000,1767369239999,BTC,1m,89500.0,89479.0,89537.0,89478.0,10.43922,396
2026-01-02 15:54:00,1767369240000,1767369299999,BTC,1m,89480.0,89500.0,89500.0,89448.0,14.11577,548
2026-01-02 15:55:00,1767369300000,1767369359999,BTC,1m,89500.0,89635.0,89650.0,89500.0,31.13875,742
2026-01-02 15:56:00,1767369360000,1767369419999,BTC,1m,89636.0,89470.0,89636.0,89470.0,4.20943,342
2026-01-02 15:57:00,1767369420000,1767369479999,BTC,1m,89471.0,89393.0,89471.0,89377.0,28.98004,545
2026-01-02 15:58:00,1767369480000,1767369539999,BTC,1m,89394.0,89302.0,89394.0,89299.0,24.75169,616
2026-01-02 15:59:00,1767369540000,1767369599999,BTC,1m,89302.0,89366.0,89368.0,89247.0,13.27721,502
2026-01-02 16:00:00,1767369600000,1767369659999,BTC,1m,89367.0,89358.0,89367.0,89318.0,39.66604,492
2026-01-02 16:01:00,1767369660000,1767369719999,BTC,1m,89358.0,89339.0,89358.0,89264.0,75.78673,648
2026-01-02 16:02:00,1767369720000,1767369779999,BTC,1m,89339.0,89336.0,89484.0,89336.0,69.59077,834
2026-01-02 16:03:00,1767369780000,1767369839999,BTC,1m,89337.0,89223.0,89359.0,89207.0,19.87375,487
2026-01-02 16:04:00,1767369840000,1767369899999,BTC,1m,89226.0,89227.0,89286.0,89204.0,37.33281,544
2026-01-02 16:05:00,1767369900000,1767369959999,BTC,1m,89227.0,89197.0,89228.0,89161.0,73.58392,745
2026-01-02 16:06:00,1767369960000,1767370019999,BTC,1m,89209.0,89294.0,89324.0,89201.0,22.26773,541
2026-01-02 16:07:00,1767370020000,1767370079999,BTC,1m,89295.0,89299.0,89336.0,89256.0,13.52003,418
2026-01-02 16:08:00,1767370080000,1767370139999,BTC,1m,89300.0,89451.0,89488.0,89299.0,219.07176,961
2026-01-02 16:09:00,1767370140000,1767370199999,BTC,1m,89451.0,89514.0,89525.0,89436.0,16.13345,423
2026-01-02 16:10:00,1767370200000,1767370259999,BTC,1m,89514.0,89596.0,89618.0,89468.0,27.41627,479
2026-01-02 16:11:00,1767370260000,1767370319999,BTC,1m,89596.0,89521.0,89610.0,89520.0,9.99858,391
2026-01-02 16:12:00,1767370320000,1767370379999,BTC,1m,89521.0,89556.0,89556.0,89464.0,6.13615,309
2026-01-02 16:13:00,1767370380000,1767370439999,BTC,1m,89556.0,89664.0,89665.0,89556.0,10.82979,281
2026-01-02 16:14:00,1767370440000,1767370499999,BTC,1m,89664.0,89713.0,89713.0,89654.0,52.83378,413
2026-01-02 16:15:00,1767370500000,1767370559999,BTC,1m,89715.0,89934.0,90001.0,89694.0,524.93315,2196
2026-01-02 16:16:00,1767370560000,1767370619999,BTC,1m,89935.0,90013.0,90089.0,89935.0,275.0341,1829
2026-01-02 16:17:00,1767370620000,1767370679999,BTC,1m,90014.0,90009.0,90078.0,89973.0,336.33492,1392
2026-01-02 16:18:00,1767370680000,1767370739999,BTC,1m,90010.0,89820.0,90010.0,89806.0,73.07328,876
2026-01-02 16:19:00,1767370740000,1767370799999,BTC,1m,89819.0,89737.0,89819.0,89736.0,47.08204,705
2026-01-02 16:20:00,1767370800000,1767370859999,BTC,1m,89737.0,89767.0,89785.0,89719.0,67.69406,572
2026-01-02 16:21:00,1767370860000,1767370919999,BTC,1m,89770.0,89869.0,89876.0,89758.0,28.50662,520
2026-01-02 16:22:00,1767370920000,1767370979999,BTC,1m,89869.0,89979.0,89979.0,89868.0,23.87101,503
2026-01-02 16:23:00,1767370980000,1767371039999,BTC,1m,89971.0,89950.0,90000.0,89885.0,42.40235,606
2026-01-02 16:24:00,1767371040000,1767371099999,BTC,1m,89950.0,89977.0,90039.0,89949.0,27.84703,479
2026-01-02 16:25:00,1767371100000,1767371159999,BTC,1m,89978.0,89913.0,89981.0,89897.0,47.17317,415
2026-01-02 16:26:00,1767371160000,1767371219999,BTC,1m,89914.0,89899.0,89914.0,89838.0,34.49501,451
2026-01-02 16:27:00,1767371220000,1767371279999,BTC,1m,89900.0,89941.0,89941.0,89888.0,16.64945,262
2026-01-02 16:28:00,1767371280000,1767371339999,BTC,1m,89941.0,90038.0,90039.0,89941.0,32.74541,332
2026-01-02 16:29:00,1767371340000,1767371399999,BTC,1m,90038.0,90022.0,90126.0,89999.0,113.50637,1192
2026-01-02 16:30:00,1767371400000,1767371459999,BTC,1m,90023.0,90182.0,90182.0,90019.0,31.70054,867
2026-01-02 16:31:00,1767371460000,1767371519999,BTC,1m,90181.0,90410.0,90449.0,90174.0,337.91648,3182
2026-01-02 16:32:00,1767371520000,1767371579999,BTC,1m,90411.0,90395.0,90465.0,90345.0,163.08739,1141
2026-01-02 16:33:00,1767371580000,1767371639999,BTC,1m,90395.0,90689.0,90764.0,90393.0,1026.77114,3172
2026-01-02 16:34:00,1767371640000,1767371699999,BTC,1m,90689.0,90693.0,90786.0,90635.0,258.36099,1976
2026-01-02 16:35:00,1767371700000,1767371759999,BTC,1m,90693.0,90601.0,90761.0,90544.0,103.57325,1401
2026-01-02 16:36:00,1767371760000,1767371819999,BTC,1m,90602.0,90659.0,90728.0,90534.0,217.75348,1371
2026-01-02 16:37:00,1767371820000,1767371879999,BTC,1m,90660.0,90525.0,90675.0,90525.0,119.97276,975
2026-01-02 16:38:00,1767371880000,1767371939999,BTC,1m,90526.0,90472.0,90538.0,90445.0,60.05458,825
2026-01-02 16:39:00,1767371940000,1767371999999,BTC,1m,90472.0,90476.0,90577.0,90447.0,37.67366,854
2026-01-02 16:40:00,1767372000000,1767372059999,BTC,1m,90477.0,90499.0,90522.0,90468.0,20.88668,500
2026-01-02 16:41:00,1767372060000,1767372119999,BTC,1m,90500.0,90449.0,90581.0,90449.0,21.88593,577
2026-01-02 16:42:00,1767372120000,1767372179999,BTC,1m,90450.0,90234.0,90450.0,90228.0,60.555,1075
2026-01-02 16:43:00,1767372180000,1767372239999,BTC,1m,90235.0,90215.0,90304.0,90152.0,33.07862,1138
2026-01-02 16:44:00,1767372240000,1767372299999,BTC,1m,90216.0,90091.0,90216.0,90036.0,49.89493,1231
2026-01-02 16:45:00,1767372300000,1767372359999,BTC,1m,90091.0,90011.0,90106.0,89971.0,273.61838,981
2026-01-02 16:46:00,1767372360000,1767372419999,BTC,1m,90011.0,90016.0,90023.0,89976.0,83.39682,714
2026-01-02 16:47:00,1767372420000,1767372479999,BTC,1m,90016.0,90170.0,90184.0,90010.0,81.6394,931
2026-01-02 16:48:00,1767372480000,1767372539999,BTC,1m,90170.0,90183.0,90226.0,90164.0,74.0349,642
2026-01-02 16:49:00,1767372540000,1767372599999,BTC,1m,90182.0,90212.0,90274.0,90181.0,18.34657,786
2026-01-02 16:50:00,1767372600000,1767372659999,BTC,1m,90213.0,90124.0,90275.0,90123.0,16.23031,646
2026-01-02 16:51:00,1767372660000,1767372719999,BTC,1m,90124.0,89972.0,90132.0,89972.0,13.37543,586
2026-01-02 16:52:00,1767372720000,1767372779999,BTC,1m,89973.0,89928.0,89973.0,89860.0,92.49977,1166
2026-01-02 16:53:00,1767372780000,1767372839999,BTC,1m,89929.0,90130.0,90130.0,89928.0,31.08874,713
2026-01-02 16:54:00,1767372840000,1767372899999,BTC,1m,90130.0,90085.0,90139.0,90016.0,6.42116,414
2026-01-02 16:55:00,1767372900000,1767372959999,BTC,1m,90086.0,90181.0,90182.0,90086.0,28.39899,529
2026-01-02 16:56:00,1767372960000,1767373019999,BTC,1m,90182.0,90244.0,90249.0,90141.0,159.34474,1029
2026-01-02 16:57:00,1767373020000,1767373079999,BTC,1m,90245.0,90311.0,90312.0,90204.0,54.97487,622
2026-01-02 16:58:00,1767373080000,1767373139999,BTC,1m,90312.0,90348.0,90366.0,90277.0,60.1145,575
2026-01-02 16:59:00,1767373140000,1767373199999,BTC,1m,90348.0,90340.0,90416.0,90331.0,77.4042,713
2026-01-02 17:00:00,1767373200000,1767373259999,BTC,1m,90341.0,90421.0,90430.0,90336.0,61.71134,630
2026-01-02 17:01:00,1767373260000,1767373319999,BTC,1m,90421.0,90477.0,90496.0,90412.0,104.09902,777
2026-01-02 17:02:00,1767373320000,1767373379999,BTC,1m,90477.0,90507.0,90537.0,90468.0,76.36137,756
2026-01-02 17:03:00,1767373380000,1767373439999,BTC,1m,90509.0,90569.0,90569.0,90472.0,10.85221,507
2026-01-02 17:04:00,1767373440000,1767373499999,BTC,1m,90569.0,90615.0,90644.0,90530.0,18.4445,592
2026-01-02 17:05:00,1767373500000,1767373559999,BTC,1m,90616.0,90650.0,90697.0,90605.0,36.63932,652
2026-01-02 17:06:00,1767373560000,1767373619999,BTC,1m,90651.0,90541.0,90677.0,90524.0,79.3703,694
2026-01-02 17:07:00,1767373620000,1767373679999,BTC,1m,90542.0,90475.0,90557.0,90448.0,68.055,730
2026-01-02 17:08:00,1767373680000,1767373739999,BTC,1m,90476.0,90599.0,90600.0,90463.0,39.41186,535
2026-01-02 17:09:00,1767373740000,1767373799999,BTC,1m,90600.0,90531.0,90600.0,90491.0,49.33491,561
2026-01-02 17:10:00,1767373800000,1767373859999,BTC,1m,90533.0,90559.0,90597.0,90509.0,16.38596,475
2026-01-02 17:11:00,1767373860000,1767373919999,BTC,1m,90559.0,90477.0,90559.0,90454.0,14.80334,521
2026-01-02 17:12:00,1767373920000,1767373979999,BTC,1m,90477.0,90632.0,90632.0,90476.0,119.48327,496
2026-01-02 17:13:00,1767373980000,1767374039999,BTC,1m,90632.0,90656.0,90675.0,90625.0,13.88599,270
2026-01-02 17:14:00,1767374040000,1767374099999,BTC,1m,90650.0,90577.0,90667.0,90568.0,14.12357,446
2026-01-02 17:15:00,1767374100000,1767374159999,BTC,1m,90578.0,90850.0,90850.0,90577.0,81.74444,1292
2026-01-02 17:16:00,1767374160000,1767374219999,BTC,1m,90850.0,90816.0,90956.0,90788.0,220.3635,1736
2026-01-02 17:17:00,1767374220000,1767374279999,BTC,1m,90816.0,90791.0,90848.0,90707.0,31.57909,771
2026-01-02 17:18:00,1767374280000,1767374339999,BTC,1m,90792.0,90817.0,90838.0,90752.0,28.77339,670
2026-01-02 17:19:00,1767374340000,1767374399999,BTC,1m,90817.0,90805.0,90879.0,90788.0,10.457,536
2026-01-02 17:20:00,1767374400000,1767374459999,BTC,1m,90805.0,90842.0,90855.0,90724.0,19.58098,647
2026-01-02 17:21:00,1767374460000,1767374519999,BTC,1m,90843.0,90755.0,90850.0,90743.0,10.95403,527
2026-01-02 17:22:00,1767374520000,1767374579999,BTC,1m,90755.0,90796.0,90815.0,90692.0,149.75092,852
2026-01-02 17:23:00,1767374580000,1767374639999,BTC,1m,90796.0,90742.0,90832.0,90717.0,82.16779,597
2026-01-02 17:24:00,1767374640000,1767374699999,BTC,1m,90744.0,90562.0,90752.0,90554.0,107.4672,1000
2026-01-02 17:25:00,1767374700000,1767374759999,BTC,1m,90562.0,90500.0,90598.0,90500.0,74.89846,757
2026-01-02 17:26:00,1767374760000,1767374819999,BTC,1m,90501.0,90520.0,90546.0,90485.0,44.80108,437
2026-01-02 17:27:00,1767374820000,1767374879999,BTC,1m,90520.0,90523.0,90527.0,90488.0,59.74823,472
2026-01-02 17:28:00,1767374880000,1767374939999,BTC,1m,90523.0,90550.0,90550.0,90518.0,36.77819,308
2026-01-02 17:29:00,1767374940000,1767374999999,BTC,1m,90550.0,90540.0,90569.0,90512.0,105.59566,579
2026-01-02 17:30:00,1767375000000,1767375059999,BTC,1m,90540.0,90528.0,90637.0,90525.0,65.12678,956
2026-01-02 17:31:00,1767375060000,1767375119999,BTC,1m,90529.0,90485.0,90531.0,90417.0,37.7185,610
2026-01-02 17:32:00,1767375120000,1767375179999,BTC,1m,90486.0,90529.0,90542.0,90424.0,48.45739,476
2026-01-02 17:33:00,1767375180000,1767375239999,BTC,1m,90530.0,90468.0,90530.0,90467.0,39.98029,300
2026-01-02 17:34:00,1767375240000,1767375299999,BTC,1m,90468.0,90386.0,90476.0,90307.0,65.11372,748
2026-01-02 17:35:00,1767375300000,1767375359999,BTC,1m,90400.0,90466.0,90466.0,90400.0,18.03786,355
2026-01-02 17:36:00,1767375360000,1767375419999,BTC,1m,90468.0,90470.0,90486.0,90437.0,5.09013,313
2026-01-02 17:37:00,1767375420000,1767375479999,BTC,1m,90470.0,90486.0,90506.0,90470.0,3.64738,213
2026-01-02 17:38:00,1767375480000,1767375539999,BTC,1m,90486.0,90365.0,90486.0,90357.0,35.66206,611
2026-01-02 17:39:00,1767375540000,1767375599999,BTC,1m,90377.0,90414.0,90417.0,90369.0,8.36241,246
2026-01-02 17:40:00,1767375600000,1767375659999,BTC,1m,90415.0,90398.0,90440.0,90393.0,8.27116,201
2026-01-02 17:41:00,1767375660000,1767375719999,BTC,1m,90398.0,90436.0,90455.0,90370.0,6.66267,367
2026-01-02 17:42:00,1767375720000,1767375779999,BTC,1m,90437.0,90495.0,90499.0,90436.0,4.6158,325
2026-01-02 17:43:00,1767375780000,1767375839999,BTC,1m,90496.0,90442.0,90500.0,90440.0,4.40497,194
2026-01-02 17:44:00,1767375840000,1767375899999,BTC,1m,90443.0,90456.0,90456.0,90440.0,2.39726,105
2026-01-02 17:45:00,1767375900000,1767375959999,BTC,1m,90456.0,90481.0,90502.0,90455.0,5.88002,240
2026-01-02 17:46:00,1767375960000,1767376019999,BTC,1m,90481.0,90464.0,90503.0,90464.0,16.16612,259
2026-01-02 17:47:00,1767376020000,1767376079999,BTC,1m,90464.0,90456.0,90482.0,90443.0,1.45143,224
2026-01-02 17:48:00,1767376080000,1767376139999,BTC,1m,90458.0,90362.0,90465.0,90344.0,136.82888,442
2026-01-02 17:49:00,1767376140000,1767376199999,BTC,1m,90363.0,90214.0,90363.0,90207.0,29.75763,620
2026-01-02 17:50:00,1767376200000,1767376259999,BTC,1m,90215.0,90180.0,90215.0,90134.0,63.43858,756
2026-01-02 17:51:00,1767376260000,1767376319999,BTC,1m,90181.0,90249.0,90275.0,90180.0,37.4626,454
2026-01-02 17:52:00,1767376320000,1767376379999,BTC,1m,90250.0,90268.0,90273.0,90200.0,14.54008,369
2026-01-02 17:53:00,1767376380000,1767376439999,BTC,1m,90268.0,90291.0,90330.0,90267.0,10.60898,299
2026-01-02 17:54:00,1767376440000,1767376499999,BTC,1m,90292.0,90311.0,90332.0,90268.0,4.59279,264
2026-01-02 17:55:00,1767376500000,1767376559999,BTC,1m,90310.0,90330.0,90330.0,90276.0,6.93942,323
2026-01-02 17:56:00,1767376560000,1767376619999,BTC,1m,90330.0,90304.0,90357.0,90303.0,10.06993,312
2026-01-02 17:57:00,1767376620000,1767376679999,BTC,1m,90303.0,90314.0,90320.0,90302.0,4.78385,138
2026-01-02 17:58:00,1767376680000,1767376739999,BTC,1m,90314.0,90265.0,90314.0,90265.0,5.63775,158
2026-01-02 17:59:00,1767376740000,1767376799999,BTC,1m,90266.0,90310.0,90310.0,90265.0,1.41236,148
2026-01-02 18:00:00,1767376800000,1767376859999,BTC,1m,90310.0,90383.0,90384.0,90295.0,10.437,339
2026-01-02 18:01:00,1767376860000,1767376919999,BTC,1m,90384.0,90443.0,90443.0,90384.0,12.98881,428
2026-01-02 18:02:00,1767376920000,1767376979999,BTC,1m,90443.0,90417.0,90449.0,90416.0,13.75053,278
2026-01-02 18:03:00,1767376980000,1767377039999,BTC,1m,90417.0,90466.0,90466.0,90416.0,5.34857,214
2026-01-02 18:04:00,1767377040000,1767377099999,BTC,1m,90466.0,90493.0,90493.0,90465.0,7.8086,259
2026-01-02 18:05:00,1767377100000,1767377159999,BTC,1m,90493.0,90347.0,90498.0,90346.0,185.84951,750
2026-01-02 18:06:00,1767377160000,1767377219999,BTC,1m,90347.0,90254.0,90347.0,90239.0,39.99022,470
2026-01-02 18:07:00,1767377220000,1767377279999,BTC,1m,90254.0,90335.0,90335.0,90253.0,10.85406,264
2026-01-02 18:08:00,1767377280000,1767377339999,BTC,1m,90336.0,90248.0,90368.0,90247.0,10.34579,399
2026-01-02 18:09:00,1767377340000,1767377399999,BTC,1m,90249.0,90271.0,90279.0,90233.0,7.91759,263
2026-01-02 18:10:00,1767377400000,1767377459999,BTC,1m,90272.0,90227.0,90295.0,90227.0,6.62737,313
2026-01-02 18:11:00,1767377460000,1767377519999,BTC,1m,90228.0,90231.0,90248.0,90211.0,5.72884,259
2026-01-02 18:12:00,1767377520000,1767377579999,BTC,1m,90231.0,90189.0,90231.0,90188.0,16.77562,312
2026-01-02 18:13:00,1767377580000,1767377639999,BTC,1m,90189.0,90198.0,90205.0,90178.0,5.91451,197
2026-01-02 18:14:00,1767377640000,1767377699999,BTC,1m,90199.0,90294.0,90294.0,90198.0,5.24181,258
2026-01-02 18:15:00,1767377700000,1767377759999,BTC,1m,90294.0,90260.0,90334.0,90260.0,2.85695,373
2026-01-02 18:16:00,1767377760000,1767377819999,BTC,1m,90261.0,90289.0,90336.0,90260.0,3.17153,261
2026-01-02 18:17:00,1767377820000,1767377879999,BTC,1m,90290.0,90315.0,90336.0,90290.0,1.68698,230
2026-01-02 18:18:00,1767377880000,1767377939999,BTC,1m,90316.0,90417.0,90417.0,90316.0,5.68569,331
2026-01-02 18:19:00,1767377940000,1767377999999,BTC,1m,90417.0,90394.0,90458.0,90390.0,6.62012,336
2026-01-02 18:20:00,1767378000000,1767378059999,BTC,1m,90401.0,90389.0,90415.0,90384.0,3.7264,178
2026-01-02 18:21:00,1767378060000,1767378119999,BTC,1m,90389.0,90479.0,90491.0,90389.0,5.4698,324
2026-01-02 18:22:00,1767378120000,1767378179999,BTC,1m,90478.0,90475.0,90490.0,90429.0,115.93005,533
2026-01-02 18:23:00,1767378180000,1767378239999,BTC,1m,90474.0,90322.0,90475.0,90321.0,6.0214,365
2026-01-02 18:24:00,1767378240000,1767378299999,BTC,1m,90321.0,90316.0,90344.0,90315.0,4.41323,170
2026-01-02 18:25:00,1767378300000,1767378359999,BTC,1m,90313.0,90294.0,90314.0,90246.0,5.51035,348
2026-01-02 18:26:00,1767378360000,1767378419999,BTC,1m,90293.0,90229.0,90294.0,90227.0,11.31926,317
2026-01-02 18:27:00,1767378420000,1767378479999,BTC,1m,90228.0,90269.0,90274.0,90214.0,4.26041,226
2026-01-02 18:28:00,1767378480000,1767378539999,BTC,1m,90271.0,90260.0,90276.0,90238.0,3.31666,166
2026-01-02 18:29:00,1767378540000,1767378599999,BTC,1m,90260.0,90256.0,90300.0,90255.0,1.59735,188
2026-01-02 18:30:00,1767378600000,1767378659999,BTC,1m,90255.0,90253.0,90263.0,90242.0,1.619,122
2026-01-02 18:31:00,1767378660000,1767378719999,BTC,1m,90253.0,90182.0,90263.0,90182.0,7.08895,304
2026-01-02 18:32:00,1767378720000,1767378779999,BTC,1m,90182.0,90106.0,90184.0,90087.0,55.83852,559
2026-01-02 18:33:00,1767378780000,1767378839999,BTC,1m,90106.0,90138.0,90138.0,90082.0,6.0017,287
2026-01-02 18:34:00,1767378840000,1767378899999,BTC,1m,90137.0,90083.0,90151.0,90082.0,9.72567,264
2026-01-02 18:35:00,1767378900000,1767378959999,BTC,1m,90082.0,89970.0,90083.0,89944.0,74.57536,753
2026-01-02 18:36:00,1767378960000,1767379019999,BTC,1m,89971.0,89955.0,90003.0,89943.0,15.97108,423
2026-01-02 18:37:00,1767379020000,1767379079999,BTC,1m,89959.0,90033.0,90033.0,89959.0,21.85977,309
2026-01-02 18:38:00,1767379080000,1767379139999,BTC,1m,90026.0,90139.0,90158.0,90026.0,31.21338,560
2026-01-02 18:39:00,1767379140000,1767379199999,BTC,1m,90139.0,90075.0,90153.0,90074.0,6.62223,265
2026-01-02 18:40:00,1767379200000,1767379259999,BTC,1m,90074.0,89949.0,90091.0,89943.0,44.48471,394
2026-01-02 18:41:00,1767379260000,1767379319999,BTC,1m,89949.0,89958.0,89982.0,89942.0,11.73953,251
2026-01-02 18:42:00,1767379320000,1767379379999,BTC,1m,89958.0,89941.0,90038.0,89928.0,31.9206,527
2026-01-02 18:43:00,1767379380000,1767379439999,BTC,1m,89940.0,89943.0,89987.0,89940.0,30.04077,269
2026-01-02 18:44:00,1767379440000,1767379499999,BTC,1m,89942.0,89978.0,90008.0,89942.0,1.43968,192
2026-01-02 18:45:00,1767379500000,1767379559999,BTC,1m,89976.0,89953.0,89979.0,89940.0,4.28763,207
2026-01-02 18:46:00,1767379560000,1767379619999,BTC,1m,89953.0,90018.0,90018.0,89949.0,1.37495,196
2026-01-02 18:47:00,1767379620000,1767379679999,BTC,1m,90019.0,90015.0,90036.0,90002.0,5.60865,160
2026-01-02 18:48:00,1767379680000,1767379739999,BTC,1m,90015.0,89933.0,90016.0,89917.0,26.11953,363
2026-01-02 18:49:00,1767379740000,1767379799999,BTC,1m,89932.0,89806.0,89949.0,89786.0,163.02648,1121
2026-01-02 18:50:00,1767379800000,1767379859999,BTC,1m,89805.0,89745.0,89806.0,89700.0,232.07377,1219
2026-01-02 18:51:00,1767379860000,1767379919999,BTC,1m,89744.0,89681.0,89766.0,89666.0,166.56944,953
2026-01-02 18:52:00,1767379920000,1767379979999,BTC,1m,89680.0,89612.0,89725.0,89600.0,60.04781,740
2026-01-02 18:53:00,1767379980000,1767380039999,BTC,1m,89612.0,89524.0,89613.0,89508.0,51.48743,925
2026-01-02 18:54:00,1767380040000,1767380099999,BTC,1m,89523.0,89668.0,89736.0,89523.0,116.77191,1019
2026-01-02 18:55:00,1767380100000,1767380159999,BTC,1m,89663.0,89573.0,89669.0,89572.0,104.95228,960
2026-01-02 18:56:00,1767380160000,1767380219999,BTC,1m,89573.0,89649.0,89712.0,89573.0,76.68481,648
2026-01-02 18:57:00,1767380220000,1767380279999,BTC,1m,89649.0,89766.0,89766.0,89649.0,167.47676,742
2026-01-02 18:58:00,1767380280000,1767380339999,BTC,1m,89761.0,89767.0,89828.0,89759.0,133.82694,668
2026-01-02 18:59:00,1767380340000,1767380399999,BTC,1m,89766.0,89740.0,89768.0,89710.0,21.47301,347
2026-01-02 19:00:00,1767380400000,1767380459999,BTC,1m,89739.0,89702.0,89764.0,89700.0,84.66302,571
2026-01-02 19:01:00,1767380460000,1767380519999,BTC,1m,89701.0,89711.0,89768.0,89701.0,10.70094,419
2026-01-02 19:02:00,1767380520000,1767380579999,BTC,1m,89711.0,89670.0,89737.0,89655.0,19.23727,438
2026-01-02 19:03:00,1767380580000,1767380639999,BTC,1m,89669.0,89729.0,89734.0,89612.0,15.32543,498
2026-01-02 19:04:00,1767380640000,1767380699999,BTC,1m,89728.0,89663.0,89754.0,89662.0,10.8836,274
2026-01-02 19:05:00,1767380700000,1767380759999,BTC,1m,89662.0,89761.0,89812.0,89662.0,15.01412,447
2026-01-02 19:06:00,1767380760000,1767380819999,BTC,1m,89761.0,89707.0,89762.0,89662.0,15.02913,370
2026-01-02 19:07:00,1767380820000,1767380879999,BTC,1m,89706.0,89755.0,89766.0,89706.0,18.80188,267
2026-01-02 19:08:00,1767380880000,1767380939999,BTC,1m,89753.0,89778.0,89804.0,89753.0,7.0154,337
2026-01-02 19:09:00,1767380940000,1767380999999,BTC,1m,89777.0,89836.0,89868.0,89777.0,53.29176,526
2026-01-02 19:10:00,1767381000000,1767381059999,BTC,1m,89835.0,89782.0,89836.0,89773.0,33.23797,259
2026-01-02 19:11:00,1767381060000,1767381119999,BTC,1m,89782.0,89824.0,89824.0,89764.0,12.18007,255
2026-01-02 19:12:00,1767381120000,1767381179999,BTC,1m,89824.0,89866.0,89867.0,89819.0,3.02625,148
2026-01-02 19:13:00,1767381180000,1767381239999,BTC,1m,89866.0,89884.0,89951.0,89866.0,18.04023,487
2026-01-02 19:14:00,1767381240000,1767381299999,BTC,1m,89883.0,89943.0,89958.0,89883.0,32.5494,370
2026-01-02 19:15:00,1767381300000,1767381359999,BTC,1m,89942.0,89951.0,89984.0,89942.0,12.97692,292
2026-01-02 19:16:00,1767381360000,1767381419999,BTC,1m,89951.0,90019.0,90019.0,89907.0,41.87276,530
2026-01-02 19:17:00,1767381420000,1767381479999,BTC,1m,90018.0,90071.0,90071.0,90018.0,110.64847,635
2026-01-02 19:18:00,1767381480000,1767381539999,BTC,1m,90070.0,90011.0,90137.0,90010.0,11.10255,449
2026-01-02 19:19:00,1767381540000,1767381599999,BTC,1m,90010.0,89962.0,90011.0,89951.0,46.96758,336
2026-01-02 19:20:00,1767381600000,1767381659999,BTC,1m,89962.0,89923.0,89994.0,89923.0,8.3988,236
2026-01-02 19:21:00,1767381660000,1767381719999,BTC,1m,89924.0,89938.0,89954.0,89916.0,6.49581,248
2026-01-02 19:22:00,1767381720000,1767381779999,BTC,1m,89939.0,89980.0,89980.0,89927.0,4.85647,220
2026-01-02 19:23:00,1767381780000,1767381839999,BTC,1m,89980.0,89945.0,89983.0,89945.0,10.78457,244
2026-01-02 19:24:00,1767381840000,1767381899999,BTC,1m,89945.0,89908.0,89985.0,89908.0,2.71803,278
2026-01-02 19:25:00,1767381900000,1767381959999,BTC,1m,89906.0,89878.0,89907.0,89847.0,9.63508,328
2026-01-02 19:26:00,1767381960000,1767382019999,BTC,1m,89877.0,89820.0,89889.0,89813.0,10.04045,307
2026-01-02 19:27:00,1767382020000,1767382079999,BTC,1m,89820.0,89861.0,89862.0,89820.0,3.49107,181
2026-01-02 19:28:00,1767382080000,1767382139999,BTC,1m,89861.0,89916.0,89928.0,89850.0,3.64899,249
2026-01-02 19:29:00,1767382140000,1767382199999,BTC,1m,89919.0,89918.0,89925.0,89918.0,0.66521,64
2026-01-02 19:30:00,1767382200000,1767382259999,BTC,1m,89918.0,90001.0,90027.0,89918.0,4.74883,285
2026-01-02 19:31:00,1767382260000,1767382319999,BTC,1m,90001.0,89976.0,90002.0,89907.0,20.04613,388
2026-01-02 19:32:00,1767382320000,1767382379999,BTC,1m,89976.0,89958.0,89977.0,89923.0,20.23288,330
2026-01-02 19:33:00,1767382380000,1767382439999,BTC,1m,89958.0,89953.0,89959.0,89922.0,36.54307,204
2026-01-02 19:34:00,1767382440000,1767382499999,BTC,1m,89953.0,89911.0,89956.0,89910.0,17.7334,168
2026-01-02 19:35:00,1767382500000,1767382559999,BTC,1m,89910.0,89904.0,89919.0,89884.0,17.99116,232
2026-01-02 19:36:00,1767382560000,1767382619999,BTC,1m,89903.0,89865.0,89919.0,89845.0,59.13817,371
2026-01-02 19:37:00,1767382620000,1767382679999,BTC,1m,89864.0,89916.0,89917.0,89858.0,11.26239,178
2026-01-02 19:38:00,1767382680000,1767382739999,BTC,1m,89916.0,89950.0,89971.0,89905.0,6.57015,287
2026-01-02 19:39:00,1767382740000,1767382799999,BTC,1m,89949.0,89994.0,89994.0,89943.0,67.27803,235
2026-01-02 19:40:00,1767382800000,1767382859999,BTC,1m,89993.0,89991.0,90017.0,89990.0,14.22693,234
2026-01-02 19:41:00,1767382860000,1767382919999,BTC,1m,89990.0,89960.0,89995.0,89960.0,19.36477,181
2026-01-02 19:42:00,1767382920000,1767382979999,BTC,1m,89959.0,89987.0,89989.0,89959.0,56.75425,292
2026-01-02 19:43:00,1767382980000,1767383039999,BTC,1m,89987.0,90013.0,90013.0,89986.0,2.78868,141
2026-01-02 19:44:00,1767383040000,1767383099999,BTC,1m,90013.0,89953.0,90016.0,89953.0,5.23789,172
2026-01-02 19:45:00,1767383100000,1767383159999,BTC,1m,89953.0,89997.0,90003.0,89953.0,3.55117,148
2026-01-02 19:46:00,1767383160000,1767383219999,BTC,1m,89996.0,90050.0,90050.0,89967.0,10.78772,329
2026-01-02 19:47:00,1767383220000,1767383279999,BTC,1m,90042.0,89994.0,90053.0,89994.0,4.86892,258
2026-01-02 19:48:00,1767383280000,1767383339999,BTC,1m,89993.0,89953.0,89994.0,89928.0,8.55576,280
2026-01-02 19:49:00,1767383340000,1767383399999,BTC,1m,89952.0,89969.0,89976.0,89952.0,3.31437,119
2026-01-02 19:50:00,1767383400000,1767383459999,BTC,1m,89968.0,89904.0,89969.0,89903.0,2.91066,164
2026-01-02 19:51:00,1767383460000,1767383519999,BTC,1m,89904.0,89907.0,89940.0,89904.0,7.29609,220
2026-01-02 19:52:00,1767383520000,1767383579999,BTC,1m,89907.0,89877.0,89908.0,89873.0,5.31481,207
2026-01-02 19:53:00,1767383580000,1767383639999,BTC,1m,89879.0,89905.0,89915.0,89879.0,1.73338,138
2026-01-02 19:54:00,1767383640000,1767383699999,BTC,1m,89904.0,89911.0,89915.0,89876.0,2.31544,166
2026-01-02 19:55:00,1767383700000,1767383759999,BTC,1m,89910.0,89884.0,89936.0,89884.0,3.22767,222
2026-01-02 19:56:00,1767383760000,1767383819999,BTC,1m,89884.0,89894.0,89903.0,89867.0,2.57966,206
2026-01-02 19:57:00,1767383820000,1767383879999,BTC,1m,89893.0,89931.0,89932.0,89893.0,52.45653,286
2026-01-02 19:58:00,1767383880000,1767383939999,BTC,1m,89931.0,89839.0,89932.0,89839.0,48.09726,377
2026-01-02 19:59:00,1767383940000,1767383999999,BTC,1m,89839.0,89849.0,89873.0,89808.0,91.33141,642
2026-01-02 20:00:00,1767384000000,1767384059999,BTC,1m,89848.0,89816.0,89872.0,89816.0,7.55168,276
2026-01-02 20:01:00,1767384060000,1767384119999,BTC,1m,89815.0,89865.0,89870.0,89810.0,1.88589,212
2026-01-02 20:02:00,1767384120000,1767384179999,BTC,1m,89865.0,89835.0,89866.0,89835.0,3.34299,117
2026-01-02 20:03:00,1767384180000,1767384239999,BTC,1m,89834.0,89946.0,89951.0,89834.0,4.01017,340
2026-01-02 20:04:00,1767384240000,1767384299999,BTC,1m,89945.0,89869.0,89946.0,89867.0,1.81215,169
2026-01-02 20:05:00,1767384300000,1767384359999,BTC,1m,89868.0,89873.0,89895.0,89864.0,4.29577,157
2026-01-02 20:06:00,1767384360000,1767384419999,BTC,1m,89872.0,89848.0,89874.0,89812.0,1.37453,199
2026-01-02 20:07:00,1767384420000,1767384479999,BTC,1m,89847.0,89794.0,89858.0,89793.0,4.84592,236
2026-01-02 20:08:00,1767384480000,1767384539999,BTC,1m,89793.0,89800.0,89810.0,89789.0,9.03134,177
2026-01-02 20:09:00,1767384540000,1767384599999,BTC,1m,89799.0,89765.0,89800.0,89743.0,11.71884,243
2026-01-02 20:10:00,1767384600000,1767384659999,BTC,1m,89764.0,89814.0,89820.0,89755.0,9.90465,197
2026-01-02 20:11:00,1767384660000,1767384719999,BTC,1m,89814.0,89902.0,89903.0,89798.0,14.60295,331
2026-01-02 20:12:00,1767384720000,1767384779999,BTC,1m,89902.0,89872.0,89924.0,89872.0,56.96679,325
2026-01-02 20:13:00,1767384780000,1767384839999,BTC,1m,89872.0,89894.0,89894.0,89826.0,3.79416,228
2026-01-02 20:14:00,1767384840000,1767384899999,BTC,1m,89893.0,90032.0,90036.0,89893.0,56.49254,453
2026-01-02 20:15:00,1767384900000,1767384959999,BTC,1m,90031.0,89915.0,90032.0,89907.0,22.7757,336
2026-01-02 20:16:00,1767384960000,1767385019999,BTC,1m,89915.0,89888.0,89935.0,89880.0,11.81793,216
2026-01-02 20:17:00,1767385020000,1767385079999,BTC,1m,89887.0,89858.0,89888.0,89837.0,4.12196,183
2026-01-02 20:18:00,1767385080000,1767385139999,BTC,1m,89860.0,89902.0,89902.0,89839.0,23.80555,234
2026-01-02 20:19:00,1767385140000,1767385199999,BTC,1m,89902.0,89948.0,89956.0,89902.0,41.33583,370
2026-01-02 20:20:00,1767385200000,1767385259999,BTC,1m,89948.0,89933.0,89955.0,89922.0,0.52098,148
2026-01-02 20:21:00,1767385260000,1767385319999,BTC,1m,89932.0,90008.0,90024.0,89932.0,11.73423,445
2026-01-02 20:22:00,1767385320000,1767385379999,BTC,1m,90010.0,89957.0,90011.0,89942.0,1.57292,206
2026-01-02 20:23:00,1767385380000,1767385439999,BTC,1m,89957.0,89923.0,89967.0,89898.0,6.45455,247
2026-01-02 20:24:00,1767385440000,1767385499999,BTC,1m,89924.0,89959.0,89963.0,89900.0,14.13405,267
2026-01-02 20:25:00,1767385500000,1767385559999,BTC,1m,89959.0,89919.0,89960.0,89918.0,0.70119,128
2026-01-02 20:26:00,1767385560000,1767385619999,BTC,1m,89919.0,89897.0,89920.0,89875.0,1.10205,148
2026-01-02 20:27:00,1767385620000,1767385679999,BTC,1m,89897.0,89879.0,89945.0,89877.0,100.66962,471
2026-01-02 20:28:00,1767385680000,1767385739999,BTC,1m,89879.0,89881.0,89883.0,89860.0,49.63128,233
2026-01-02 20:29:00,1767385740000,1767385799999,BTC,1m,89880.0,89843.0,89881.0,89842.0,4.56068,132
2026-01-02 20:30:00,1767385800000,1767385859999,BTC,1m,89842.0,89827.0,89843.0,89809.0,8.20236,187
2026-01-02 20:31:00,1767385860000,1767385919999,BTC,1m,89827.0,89866.0,89866.0,89819.0,6.68297,228
2026-01-02 20:32:00,1767385920000,1767385979999,BTC,1m,89865.0,89778.0,89866.0,89762.0,33.65088,375
2026-01-02 20:33:00,1767385980000,1767386039999,BTC,1m,89778.0,89772.0,89804.0,89764.0,28.86045,376
2026-01-02 20:34:00,1767386040000,1767386099999,BTC,1m,89774.0,89835.0,89835.0,89763.0,3.62755,202
2026-01-02 20:35:00,1767386100000,1767386159999,BTC,1m,89835.0,89889.0,89889.0,89834.0,4.95272,161
2026-01-02 20:36:00,1767386160000,1767386219999,BTC,1m,89889.0,89864.0,89890.0,89864.0,1.14987,90
2026-01-02 20:37:00,1767386220000,1767386279999,BTC,1m,89864.0,89843.0,89865.0,89843.0,5.29028,80
2026-01-02 20:38:00,1767386280000,1767386339999,BTC,1m,89843.0,89840.0,89844.0,89838.0,10.27396,85
2026-01-02 20:39:00,1767386340000,1767386399999,BTC,1m,89839.0,89864.0,89888.0,89839.0,11.15167,164
2026-01-02 20:40:00,1767386400000,1767386459999,BTC,1m,89863.0,89848.0,89865.0,89829.0,7.26635,175
2026-01-02 20:41:00,1767386460000,1767386519999,BTC,1m,89849.0,89839.0,89854.0,89839.0,8.04141,152
2026-01-02 20:42:00,1767386520000,1767386579999,BTC,1m,89839.0,89841.0,89849.0,89831.0,21.28531,172
2026-01-02 20:43:00,1767386580000,1767386639999,BTC,1m,89841.0,89887.0,89888.0,89841.0,5.62709,186
2026-01-02 20:44:00,1767386640000,1767386699999,BTC,1m,89887.0,89848.0,89888.0,89847.0,17.55188,234
2026-01-02 20:45:00,1767386700000,1767386759999,BTC,1m,89847.0,89841.0,89880.0,89841.0,4.88119,273
2026-01-02 20:46:00,1767386760000,1767386819999,BTC,1m,89841.0,89763.0,89842.0,89757.0,77.69155,480
2026-01-02 20:47:00,1767386820000,1767386879999,BTC,1m,89763.0,89747.0,89764.0,89725.0,4.95646,209
2026-01-02 20:48:00,1767386880000,1767386939999,BTC,1m,89746.0,89705.0,89747.0,89705.0,25.09532,304
2026-01-02 20:49:00,1767386940000,1767386999999,BTC,1m,89705.0,89708.0,89715.0,89705.0,13.30155,198
2026-01-02 20:50:00,1767387000000,1767387059999,BTC,1m,89708.0,89667.0,89713.0,89667.0,9.79191,230
2026-01-02 20:51:00,1767387060000,1767387119999,BTC,1m,89667.0,89645.0,89668.0,89633.0,14.1934,284
2026-01-02 20:52:00,1767387120000,1767387179999,BTC,1m,89644.0,89618.0,89659.0,89618.0,18.25828,213
2026-01-02 20:53:00,1767387180000,1767387239999,BTC,1m,89617.0,89634.0,89659.0,89600.0,3.38678,283
2026-01-02 20:54:00,1767387240000,1767387299999,BTC,1m,89634.0,89608.0,89639.0,89608.0,9.83869,256
2026-01-02 20:55:00,1767387300000,1767387359999,BTC,1m,89608.0,89594.0,89609.0,89573.0,35.70599,348
2026-01-02 20:56:00,1767387360000,1767387419999,BTC,1m,89594.0,89609.0,89609.0,89586.0,1.68896,150
2026-01-02 20:57:00,1767387420000,1767387479999,BTC,1m,89608.0,89614.0,89614.0,89575.0,23.92218,262
2026-01-02 20:58:00,1767387480000,1767387539999,BTC,1m,89613.0,89700.0,89704.0,89613.0,11.19493,304
2026-01-02 20:59:00,1767387540000,1767387599999,BTC,1m,89700.0,89735.0,89738.0,89691.0,26.6184,365
2026-01-02 21:00:00,1767387600000,1767387659999,BTC,1m,89734.0,89719.0,89738.0,89683.0,5.54068,169
2026-01-02 21:01:00,1767387660000,1767387719999,BTC,1m,89718.0,89719.0,89720.0,89695.0,6.51813,172
2026-01-02 21:02:00,1767387720000,1767387779999,BTC,1m,89719.0,89739.0,89740.0,89714.0,3.56363,131
2026-01-02 21:03:00,1767387780000,1767387839999,BTC,1m,89739.0,89771.0,89771.0,89739.0,3.66543,132
2026-01-02 21:04:00,1767387840000,1767387899999,BTC,1m,89771.0,89761.0,89782.0,89758.0,71.47055,298
2026-01-02 21:05:00,1767387900000,1767387959999,BTC,1m,89760.0,89733.0,89761.0,89728.0,2.17288,150
2026-01-02 21:06:00,1767387960000,1767388019999,BTC,1m,89733.0,89754.0,89754.0,89728.0,1.69865,137
2026-01-02 21:07:00,1767388020000,1767388079999,BTC,1m,89753.0,89753.0,89777.0,89753.0,1.1145,122
2026-01-02 21:08:00,1767388080000,1767388139999,BTC,1m,89752.0,89760.0,89761.0,89752.0,0.45951,58
2026-01-02 21:09:00,1767388140000,1767388199999,BTC,1m,89760.0,89732.0,89761.0,89732.0,1.17861,94
2026-01-02 21:10:00,1767388200000,1767388259999,BTC,1m,89731.0,89743.0,89743.0,89695.0,8.60747,225
2026-01-02 21:11:00,1767388260000,1767388319999,BTC,1m,89742.0,89742.0,89743.0,89742.0,0.12694,25
2026-01-02 21:12:00,1767388320000,1767388379999,BTC,1m,89741.0,89713.0,89742.0,89712.0,1.6025,113
2026-01-02 21:13:00,1767388380000,1767388439999,BTC,1m,89712.0,89764.0,89764.0,89712.0,0.57999,130
2026-01-02 21:14:00,1767388440000,1767388499999,BTC,1m,89763.0,89761.0,89764.0,89761.0,1.17187,54
2026-01-02 21:15:00,1767388500000,1767388559999,BTC,1m,89761.0,89788.0,89795.0,89750.0,3.00526,170
2026-01-02 21:16:00,1767388560000,1767388619999,BTC,1m,89787.0,89800.0,89800.0,89787.0,1.85952,87
2026-01-02 21:17:00,1767388620000,1767388679999,BTC,1m,89799.0,89802.0,89805.0,89799.0,0.82597,88
2026-01-02 21:18:00,1767388680000,1767388739999,BTC,1m,89802.0,89796.0,89803.0,89795.0,0.5971,70
2026-01-02 21:19:00,1767388740000,1767388799999,BTC,1m,89795.0,89808.0,89808.0,89795.0,0.13639,66
2026-01-02 21:20:00,1767388800000,1767388859999,BTC,1m,89807.0,89808.0,89808.0,89807.0,0.35146,53
2026-01-02 21:21:00,1767388860000,1767388919999,BTC,1m,89807.0,89827.0,89827.0,89807.0,3.49289,96
2026-01-02 21:22:00,1767388920000,1767388979999,BTC,1m,89826.0,89862.0,89862.0,89826.0,3.05153,129
2026-01-02 21:23:00,1767388980000,1767389039999,BTC,1m,89862.0,89882.0,89887.0,89862.0,42.07394,178
2026-01-02 21:24:00,1767389040000,1767389099999,BTC,1m,89882.0,89866.0,89883.0,89865.0,6.00566,109
2026-01-02 21:25:00,1767389100000,1767389159999,BTC,1m,89865.0,89929.0,89930.0,89865.0,14.51581,234
2026-01-02 21:26:00,1767389160000,1767389219999,BTC,1m,89929.0,89943.0,89943.0,89929.0,3.61407,98
2026-01-02 21:27:00,1767389220000,1767389279999,BTC,1m,89942.0,89949.0,89950.0,89942.0,1.46654,70
2026-01-02 21:28:00,1767389280000,1767389339999,BTC,1m,89949.0,89957.0,89975.0,89949.0,8.12663,180
2026-01-02 21:29:00,1767389340000,1767389399999,BTC,1m,89956.0,89948.0,89957.0,89947.0,3.83392,114
2026-01-02 21:30:00,1767389400000,1767389459999,BTC,1m,89947.0,89931.0,89948.0,89931.0,2.65229,111
2026-01-02 21:31:00,1767389460000,1767389519999,BTC,1m,89931.0,89929.0,89947.0,89924.0,11.81112,164
2026-01-02 21:32:00,1767389520000,1767389579999,BTC,1m,89928.0,89916.0,89932.0,89908.0,9.07608,112
2026-01-02 21:33:00,1767389580000,1767389639999,BTC,1m,89916.0,89939.0,89939.0,89916.0,0.88406,74
2026-01-02 21:34:00,1767389640000,1767389699999,BTC,1m,89938.0,89925.0,89939.0,89924.0,0.87025,86
2026-01-02 21:35:00,1767389700000,1767389759999,BTC,1m,89924.0,89855.0,89925.0,89855.0,52.24849,349
2026-01-02 21:36:00,1767389760000,1767389819999,BTC,1m,89855.0,89851.0,89856.0,89846.0,25.25299,151
2026-01-02 21:37:00,1767389820000,1767389879999,BTC,1m,89851.0,89852.0,89852.0,89851.0,1.59984,48
2026-01-02 21:38:00,1767389880000,1767389939999,BTC,1m,89851.0,89840.0,89852.0,89830.0,2.36065,106
2026-01-02 21:39:00,1767389940000,1767389999999,BTC,1m,89839.0,89834.0,89849.0,89825.0,11.37943,152
2026-01-02 21:40:00,1767390000000,1767390059999,BTC,1m,89834.0,89845.0,89846.0,89834.0,1.30092,53
2026-01-02 21:41:00,1767390060000,1767390119999,BTC,1m,89845.0,89849.0,89852.0,89845.0,2.80164,80
2026-01-02 21:42:00,1767390120000,1767390179999,BTC,1m,89849.0,89858.0,89858.0,89849.0,1.73728,86
2026-01-02 21:43:00,1767390180000,1767390239999,BTC,1m,89857.0,89865.0,89865.0,89857.0,13.27088,122
2026-01-02 21:44:00,1767390240000,1767390299999,BTC,1m,89864.0,89898.0,89898.0,89864.0,1.54068,113
2026-01-02 21:45:00,1767390300000,1767390359999,BTC,1m,89897.0,89920.0,89920.0,89897.0,9.56144,105
2026-01-02 21:46:00,1767390360000,1767390419999,BTC,1m,89919.0,89938.0,89938.0,89918.0,80.73095,275
2026-01-02 21:47:00,1767390420000,1767390479999,BTC,1m,89937.0,89913.0,89938.0,89913.0,14.02288,110
2026-01-02 21:48:00,1767390480000,1767390539999,BTC,1m,89913.0,89920.0,89920.0,89909.0,3.00007,82
2026-01-02 21:49:00,1767390540000,1767390599999,BTC,1m,89919.0,89932.0,89932.0,89919.0,0.87162,64
2026-01-02 21:50:00,1767390600000,1767390659999,BTC,1m,89931.0,89903.0,89932.0,89902.0,14.27194,139
2026-01-02 21:51:00,1767390660000,1767390719999,BTC,1m,89902.0,89887.0,89903.0,89865.0,1.22152,142
2026-01-02 21:52:00,1767390720000,1767390779999,BTC,1m,89887.0,90116.0,90141.0,89887.0,105.0166,892
2026-01-02 21:53:00,1767390780000,1767390839999,BTC,1m,90115.0,90073.0,90116.0,90073.0,24.21188,262
2026-01-02 21:54:00,1767390840000,1767390899999,BTC,1m,90073.0,90058.0,90074.0,90056.0,11.75214,159
2026-01-02 21:55:00,1767390900000,1767390959999,BTC,1m,90058.0,90023.0,90068.0,90017.0,12.3936,195
2026-01-02 21:56:00,1767390960000,1767391019999,BTC,1m,90023.0,90052.0,90084.0,90023.0,4.70949,214
2026-01-02 21:57:00,1767391020000,1767391079999,BTC,1m,90052.0,90036.0,90054.0,90036.0,0.56805,84
2026-01-02 21:58:00,1767391080000,1767391139999,BTC,1m,90036.0,90037.0,90048.0,90036.0,1.83274,80
2026-01-02 21:59:00,1767391140000,1767391199999,BTC,1m,90036.0,90027.0,90037.0,90027.0,1.96541,76
2026-01-02 22:00:00,1767391200000,1767391259999,BTC,1m,90026.0,89981.0,90027.0,89973.0,10.3083,165
2026-01-02 22:01:00,1767391260000,1767391319999,BTC,1m,89980.0,90002.0,90002.0,89980.0,2.94814,112
2026-01-02 22:02:00,1767391320000,1767391379999,BTC,1m,90001.0,90068.0,90082.0,90001.0,12.17946,260
2026-01-02 22:03:00,1767391380000,1767391439999,BTC,1m,90067.0,90036.0,90068.0,90036.0,1.05477,98
2026-01-02 22:04:00,1767391440000,1767391499999,BTC,1m,90035.0,90193.0,90198.0,90024.0,10.81367,452
2026-01-02 22:05:00,1767391500000,1767391559999,BTC,1m,90192.0,90220.0,90295.0,90173.0,48.07695,858
2026-01-02 22:06:00,1767391560000,1767391619999,BTC,1m,90219.0,90103.0,90220.0,90103.0,99.98177,616
2026-01-02 22:07:00,1767391620000,1767391679999,BTC,1m,90103.0,90103.0,90127.0,90102.0,1.27169,120
2026-01-02 22:08:00,1767391680000,1767391739999,BTC,1m,90102.0,90130.0,90140.0,90093.0,27.65385,301
2026-01-02 22:09:00,1767391740000,1767391799999,BTC,1m,90130.0,90159.0,90160.0,90127.0,18.58973,227
2026-01-02 22:10:00,1767391800000,1767391859999,BTC,1m,90159.0,90159.0,90161.0,90155.0,5.90445,86
2026-01-02 22:11:00,1767391860000,1767391919999,BTC,1m,90159.0,90111.0,90162.0,90111.0,1.95461,120
2026-01-02 22:12:00,1767391920000,1767391979999,BTC,1m,90111.0,90117.0,90117.0,90096.0,0.84202,93
2026-01-02 22:13:00,1767391980000,1767392039999,BTC,1m,90116.0,90079.0,90117.0,90055.0,4.90714,194
2026-01-02 22:14:00,1767392040000,1767392099999,BTC,1m,90078.0,90072.0,90080.0,90071.0,0.57362,49
2026-01-02 22:15:00,1767392100000,1767392159999,BTC,1m,90071.0,90047.0,90072.0,90047.0,0.4832,67
2026-01-02 22:16:00,1767392160000,1767392219999,BTC,1m,90047.0,90063.0,90063.0,90046.0,2.13964,87
2026-01-02 22:17:00,1767392220000,1767392279999,BTC,1m,90062.0,90085.0,90085.0,90059.0,4.10776,109
2026-01-02 22:18:00,1767392280000,1767392339999,BTC,1m,90084.0,90119.0,90120.0,90084.0,2.22834,120
2026-01-02 22:19:00,1767392340000,1767392399999,BTC,1m,90119.0,90135.0,90136.0,90119.0,1.229,68
2026-01-02 22:20:00,1767392400000,1767392459999,BTC,1m,90134.0,90185.0,90185.0,90134.0,14.57911,218
2026-01-02 22:21:00,1767392460000,1767392519999,BTC,1m,90184.0,90160.0,90185.0,90160.0,11.04844,121
2026-01-02 22:22:00,1767392520000,1767392579999,BTC,1m,90158.0,90083.0,90159.0,90083.0,4.23739,143
2026-01-02 22:23:00,1767392580000,1767392639999,BTC,1m,90082.0,90101.0,90101.0,90074.0,1.01401,110
2026-01-02 22:24:00,1767392640000,1767392699999,BTC,1m,90100.0,90111.0,90111.0,90100.0,9.21391,81
2026-01-02 22:25:00,1767392700000,1767392759999,BTC,1m,90110.0,90089.0,90111.0,90089.0,0.40293,65
2026-01-02 22:26:00,1767392760000,1767392819999,BTC,1m,90089.0,90091.0,90091.0,90089.0,0.63815,41
2026-01-02 22:27:00,1767392820000,1767392879999,BTC,1m,90089.0,90089.0,90090.0,90084.0,2.35813,54
2026-01-02 22:28:00,1767392880000,1767392939999,BTC,1m,90089.0,90090.0,90090.0,90089.0,5.40552,56
2026-01-02 22:29:00,1767392940000,1767392999999,BTC,1m,90089.0,90078.0,90091.0,90077.0,4.02766,77
2026-01-02 22:30:00,1767393000000,1767393059999,BTC,1m,90077.0,90159.0,90159.0,90077.0,32.24546,186
2026-01-02 22:31:00,1767393060000,1767393119999,BTC,1m,90158.0,90141.0,90170.0,90133.0,2.79344,164
2026-01-02 22:32:00,1767393120000,1767393179999,BTC,1m,90140.0,90139.0,90141.0,90117.0,29.84831,164
2026-01-02 22:33:00,1767393180000,1767393239999,BTC,1m,90139.0,90068.0,90140.0,90068.0,3.00777,165
2026-01-02 22:34:00,1767393240000,1767393299999,BTC,1m,90068.0,90020.0,90069.0,90020.0,7.86596,165
2026-01-02 22:35:00,1767393300000,1767393359999,BTC,1m,90020.0,90037.0,90037.0,90004.0,6.03871,175
2026-01-02 22:36:00,1767393360000,1767393419999,BTC,1m,90037.0,90147.0,90147.0,90025.0,2.30571,251
2026-01-02 22:37:00,1767393420000,1767393479999,BTC,1m,90146.0,90123.0,90147.0,90123.0,3.4203,102
2026-01-02 22:38:00,1767393480000,1767393539999,BTC,1m,90123.0,90118.0,90132.0,90118.0,2.57247,62
2026-01-02 22:39:00,1767393540000,1767393599999,BTC,1m,90118.0,90167.0,90168.0,90118.0,135.14428,298
2026-01-02 22:40:00,1767393600000,1767393659999,BTC,1m,90167.0,90162.0,90168.0,90162.0,0.61444,44
2026-01-02 22:41:00,1767393660000,1767393719999,BTC,1m,90162.0,90173.0,90174.0,90162.0,7.94678,102
2026-01-02 22:42:00,1767393720000,1767393779999,BTC,1m,90173.0,90200.0,90226.0,90173.0,8.0342,254
2026-01-02 22:43:00,1767393780000,1767393839999,BTC,1m,90200.0,90265.0,90266.0,90200.0,14.38249,268
2026-01-02 22:44:00,1767393840000,1767393899999,BTC,1m,90264.0,90259.0,90283.0,90245.0,2.89084,243
2026-01-02 22:45:00,1767393900000,1767393959999,BTC,1m,90259.0,90273.0,90314.0,90259.0,4.29502,263
2026-01-02 22:46:00,1767393960000,1767394019999,BTC,1m,90273.0,90257.0,90274.0,90235.0,7.31276,151
2026-01-02 22:47:00,1767394020000,1767394079999,BTC,1m,90256.0,90327.0,90356.0,90256.0,80.4713,683
2026-01-02 22:48:00,1767394080000,1767394139999,BTC,1m,90327.0,90268.0,90347.0,90263.0,4.31242,183
2026-01-02 22:49:00,1767394140000,1767394199999,BTC,1m,90268.0,90278.0,90287.0,90268.0,3.3233,108
2026-01-02 22:50:00,1767394200000,1767394259999,BTC,1m,90277.0,90227.0,90278.0,90212.0,88.84539,382
2026-01-02 22:51:00,1767394260000,1767394319999,BTC,1m,90227.0,90222.0,90228.0,90209.0,8.92771,119
2026-01-02 22:52:00,1767394320000,1767394379999,BTC,1m,90222.0,90215.0,90232.0,90209.0,2.08146,84
2026-01-02 22:53:00,1767394380000,1767394439999,BTC,1m,90215.0,90219.0,90228.0,90215.0,1.38752,82
2026-01-02 22:54:00,1767394440000,1767394499999,BTC,1m,90218.0,90216.0,90222.0,90213.0,0.42805,69
2026-01-02 22:55:00,1767394500000,1767394559999,BTC,1m,90216.0,90209.0,90217.0,90208.0,1.87574,62
2026-01-02 22:56:00,1767394560000,1767394619999,BTC,1m,90208.0,90180.0,90214.0,90175.0,8.33742,159
2026-01-02 22:57:00,1767394620000,1767394679999,BTC,1m,90180.0,90177.0,90181.0,90177.0,27.69609,165
2026-01-02 22:58:00,1767394680000,1767394739999,BTC,1m,90177.0,90139.0,90178.0,90138.0,1.99763,128
2026-01-02 22:59:00,1767394740000,1767394799999,BTC,1m,90138.0,90149.0,90166.0,90134.0,15.75024,154
2026-01-02 23:00:00,1767394800000,1767394859999,BTC,1m,90148.0,90117.0,90149.0,90113.0,1.09303,133
2026-01-02 23:01:00,1767394860000,1767394919999,BTC,1m,90117.0,90144.0,90146.0,90117.0,10.69166,101
2026-01-02 23:02:00,1767394920000,1767394979999,BTC,1m,90144.0,90144.0,90145.0,90143.0,3.53158,65
2026-01-02 23:03:00,1767394980000,1767395039999,BTC,1m,90143.0,90101.0,90147.0,90090.0,2.34615,147
2026-01-02 23:04:00,1767395040000,1767395099999,BTC,1m,90101.0,90124.0,90125.0,90101.0,2.54796,69
2026-01-02 23:05:00,1767395100000,1767395159999,BTC,1m,90124.0,90133.0,90137.0,90124.0,12.10062,108
2026-01-02 23:06:00,1767395160000,1767395219999,BTC,1m,90133.0,90098.0,90134.0,90098.0,1.86131,119
2026-01-02 23:07:00,1767395220000,1767395279999,BTC,1m,90098.0,90098.0,90099.0,90087.0,1.01466,74
2026-01-02 23:08:00,1767395280000,1767395339999,BTC,1m,90097.0,90115.0,90115.0,90097.0,8.98356,124
2026-01-02 23:09:00,1767395340000,1767395399999,BTC,1m,90114.0,90099.0,90115.0,90099.0,3.39652,101
2026-01-02 23:10:00,1767395400000,1767395459999,BTC,1m,90099.0,90077.0,90100.0,90077.0,9.15151,147
2026-01-02 23:11:00,1767395460000,1767395519999,BTC,1m,90077.0,90061.0,90078.0,90056.0,15.7298,140
2026-01-02 23:12:00,1767395520000,1767395579999,BTC,1m,90060.0,90052.0,90061.0,90052.0,1.34185,73
2026-01-02 23:13:00,1767395580000,1767395639999,BTC,1m,90050.0,90046.0,90051.0,90046.0,4.34007,72
2026-01-02 23:14:00,1767395640000,1767395699999,BTC,1m,90046.0,90046.0,90047.0,90046.0,0.54561,52
2026-01-02 23:15:00,1767395700000,1767395759999,BTC,1m,90046.0,90083.0,90084.0,90046.0,1.64251,130
2026-01-02 23:16:00,1767395760000,1767395819999,BTC,1m,90082.0,90074.0,90083.0,90074.0,1.67452,59
2026-01-02 23:17:00,1767395820000,1767395879999,BTC,1m,90074.0,90074.0,90075.0,90074.0,0.60567,56
2026-01-02 23:18:00,1767395880000,1767395939999,BTC,1m,90074.0,90061.0,90075.0,90061.0,1.6678,74
2026-01-02 23:19:00,1767395940000,1767395999999,BTC,1m,90061.0,90064.0,90065.0,90061.0,0.81678,59
2026-01-02 23:20:00,1767396000000,1767396059999,BTC,1m,90064.0,90053.0,90065.0,90053.0,2.23811,66
2026-01-02 23:21:00,1767396060000,1767396119999,BTC,1m,90053.0,90010.0,90054.0,90010.0,1.00436,111
2026-01-02 23:22:00,1767396120000,1767396179999,BTC,1m,90010.0,89963.0,90011.0,89963.0,11.53868,197
2026-01-02 23:23:00,1767396180000,1767396239999,BTC,1m,89962.0,89949.0,89963.0,89913.0,38.98931,343
2026-01-02 23:24:00,1767396240000,1767396299999,BTC,1m,89947.0,89904.0,89949.0,89900.0,7.654,206
2026-01-02 23:25:00,1767396300000,1767396359999,BTC,1m,89903.0,89916.0,89917.0,89903.0,6.2889,103
2026-01-02 23:26:00,1767396360000,1767396419999,BTC,1m,89916.0,89919.0,89919.0,89916.0,5.64152,68
2026-01-02 23:27:00,1767396420000,1767396479999,BTC,1m,89918.0,89918.0,89930.0,89917.0,6.31958,108
2026-01-02 23:28:00,1767396480000,1767396539999,BTC,1m,89917.0,89887.0,89918.0,89871.0,34.021,204
2026-01-02 23:29:00,1767396540000,1767396599999,BTC,1m,89886.0,89892.0,89894.0,89886.0,4.01433,87
2026-01-02 23:30:00,1767396600000,1767396659999,BTC,1m,89892.0,89893.0,89894.0,89892.0,1.87825,70
2026-01-02 23:31:00,1767396660000,1767396719999,BTC,1m,89893.0,89893.0,89894.0,89893.0,2.93832,51
2026-01-02 23:32:00,1767396720000,1767396779999,BTC,1m,89893.0,89893.0,89894.0,89893.0,4.39715,60
2026-01-02 23:33:00,1767396780000,1767396839999,BTC,1m,89893.0,89887.0,89902.0,89877.0,50.75751,217
2026-01-02 23:34:00,1767396840000,1767396899999,BTC,1m,89886.0,89886.0,89887.0,89886.0,0.58049,52
2026-01-02 23:35:00,1767396900000,1767396959999,BTC,1m,89886.0,89855.0,89887.0,89855.0,12.52796,123
2026-01-02 23:36:00,1767396960000,1767397019999,BTC,1m,89855.0,89860.0,89860.0,89855.0,1.9206,47
2026-01-02 23:37:00,1767397020000,1767397079999,BTC,1m,89859.0,89857.0,89860.0,89851.0,16.02773,115
2026-01-02 23:38:00,1767397080000,1767397139999,BTC,1m,89856.0,89916.0,89935.0,89856.0,3.57301,184
2026-01-02 23:39:00,1767397140000,1767397199999,BTC,1m,89915.0,89943.0,89944.0,89905.0,2.17867,105
2026-01-02 23:40:00,1767397200000,1767397259999,BTC,1m,89938.0,89915.0,89939.0,89914.0,4.5538,83
2026-01-02 23:41:00,1767397260000,1767397319999,BTC,1m,89914.0,89922.0,89923.0,89907.0,0.6007,78
2026-01-02 23:42:00,1767397320000,1767397379999,BTC,1m,89922.0,89914.0,89925.0,89914.0,0.72058,60
2026-01-02 23:43:00,1767397380000,1767397439999,BTC,1m,89914.0,89901.0,89915.0,89901.0,2.47483,82
2026-01-02 23:44:00,1767397440000,1767397499999,BTC,1m,89901.0,89912.0,89923.0,89901.0,0.86603,68
2026-01-02 23:45:00,1767397500000,1767397559999,BTC,1m,89912.0,89907.0,89913.0,89907.0,2.24427,53
2026-01-02 23:46:00,1767397560000,1767397619999,BTC,1m,89907.0,89869.0,89908.0,89869.0,17.0962,114
2026-01-02 23:47:00,1767397620000,1767397679999,BTC,1m,89869.0,89868.0,89870.0,89868.0,9.32665,76
2026-01-02 23:48:00,1767397680000,1767397739999,BTC,1m,89868.0,89878.0,89879.0,89868.0,17.6363,70
2026-01-02 23:49:00,1767397740000,1767397799999,BTC,1m,89878.0,89870.0,89879.0,89869.0,0.92421,45
2026-01-02 23:50:00,1767397800000,1767397859999,BTC,1m,89871.0,89876.0,89876.0,89871.0,3.02092,67
2026-01-02 23:51:00,1767397860000,1767397919999,BTC,1m,89876.0,89879.0,89880.0,89876.0,0.77635,55
2026-01-02 23:52:00,1767397920000,1767397979999,BTC,1m,89879.0,89879.0,89880.0,89879.0,0.44856,35
2026-01-02 23:53:00,1767397980000,1767398039999,BTC,1m,89879.0,89879.0,89880.0,89879.0,0.99482,55
2026-01-02 23:54:00,1767398040000,1767398099999,BTC,1m,89879.0,89920.0,89920.0,89876.0,13.57441,155
2026-01-02 23:55:00,1767398100000,1767398159999,BTC,1m,89919.0,89934.0,89934.0,89919.0,5.58872,123
2026-01-02 23:56:00,1767398160000,1767398219999,BTC,1m,89933.0,89905.0,89980.0,89905.0,2.56212,230
2026-01-02 23:57:00,1767398220000,1767398279999,BTC,1m,89905.0,89906.0,89906.0,89905.0,1.09665,50
2026-01-02 23:58:00,1767398280000,1767398339999,BTC,1m,89905.0,89925.0,89926.0,89905.0,0.89765,77
2026-01-02 23:59:00,1767398340000,1767398399999,BTC,1m,89925.0,89932.0,89933.0,89925.0,5.72945,60
2026-01-03 00:00:00,1767398400000,1767398459999,BTC,1m,89932.0,89947.0,89947.0,89932.0,12.50588,142
2026-01-03 00:01:00,1767398460000,1767398519999,BTC,1m,89946.0,89971.0,89971.0,89946.0,11.50979,153
2026-01-03 00:02:00,1767398520000,1767398579999,BTC,1m,89970.0,89981.0,89981.0,89970.0,26.01788,155
2026-01-03 00:03:00,1767398580000,1767398639999,BTC,1m,89981.0,89996.0,89996.0,89981.0,9.57804,122
2026-01-03 00:04:00,1767398640000,1767398699999,BTC,1m,89995.0,89997.0,89997.0,89995.0,1.94054,71
2026-01-03 00:05:00,1767398700000,1767398759999,BTC,1m,89996.0,90032.0,90033.0,89996.0,54.70902,279
2026-01-03 00:06:00,1767398760000,1767398819999,BTC,1m,90032.0,90034.0,90034.0,90026.0,4.31472,98
2026-01-03 00:07:00,1767398820000,1767398879999,BTC,1m,90033.0,90051.0,90052.0,90025.0,18.38192,180
2026-01-03 00:08:00,1767398880000,1767398939999,BTC,1m,90051.0,90065.0,90071.0,90051.0,18.27492,172
2026-01-03 00:09:00,1767398940000,1767398999999,BTC,1m,90065.0,90034.0,90066.0,90034.0,15.62325,151
2026-01-03 00:10:00,1767399000000,1767399059999,BTC,1m,90034.0,90093.0,90093.0,90034.0,27.10293,337
2026-01-03 00:11:00,1767399060000,1767399119999,BTC,1m,90092.0,90067.0,90093.0,90066.0,15.63334,158
2026-01-03 00:12:00,1767399120000,1767399179999,BTC,1m,90066.0,90065.0,90067.0,90065.0,1.74501,57
2026-01-03 00:13:00,1767399180000,1767399239999,BTC,1m,90065.0,90011.0,90066.0,90010.0,4.44029,79
2026-01-03 00:14:00,1767399240000,1767399299999,BTC,1m,90010.0,90004.0,90011.0,90004.0,0.44538,52
2026-01-03 00:15:00,1767399300000,1767399359999,BTC,1m,90004.0,89952.0,90005.0,89940.0,58.35283,301
2026-01-03 00:16:00,1767399360000,1767399419999,BTC,1m,89952.0,89940.0,89953.0,89940.0,5.44084,83
2026-01-03 00:17:00,1767399420000,1767399479999,BTC,1m,89940.0,89927.0,89941.0,89927.0,5.59382,76
2026-01-03 00:18:00,1767399480000,1767399539999,BTC,1m,89927.0,89924.0,89928.0,89924.0,1.43034,66
2026-01-03 00:19:00,1767399540000,1767399599999,BTC,1m,89924.0,89924.0,89925.0,89924.0,8.98315,131
2026-01-03 00:20:00,1767399600000,1767399659999,BTC,1m,89924.0,89924.0,89925.0,89924.0,0.64717,64
2026-01-03 00:21:00,1767399660000,1767399719999,BTC,1m,89924.0,89931.0,89932.0,89915.0,2.96743,107
2026-01-03 00:22:00,1767399720000,1767399779999,BTC,1m,89931.0,89969.0,89970.0,89931.0,2.55223,165
2026-01-03 00:23:00,1767399780000,1767399839999,BTC,1m,89969.0,89975.0,89976.0,89969.0,1.12842,73
2026-01-03 00:24:00,1767399840000,1767399899999,BTC,1m,89975.0,90037.0,90037.0,89975.0,49.42227,293
2026-01-03 00:25:00,1767399900000,1767399959999,BTC,1m,90037.0,90002.0,90050.0,90002.0,2.44332,131
2026-01-03 00:26:00,1767399960000,1767400019999,BTC,1m,90002.0,89999.0,90003.0,89977.0,10.94002,134
2026-01-03 00:27:00,1767400020000,1767400079999,BTC,1m,89999.0,89973.0,90000.0,89972.0,2.46449,77
2026-01-03 00:28:00,1767400080000,1767400139999,BTC,1m,89972.0,89982.0,89983.0,89972.0,0.86446,58
2026-01-03 00:29:00,1767400140000,1767400199999,BTC,1m,89982.0,90038.0,90044.0,89982.0,3.65901,205
2026-01-03 00:30:00,1767400200000,1767400259999,BTC,1m,90038.0,90017.0,90038.0,90017.0,6.66679,98
2026-01-03 00:31:00,1767400260000,1767400319999,BTC,1m,90017.0,90020.0,90021.0,90005.0,2.04532,78
2026-01-03 00:32:00,1767400320000,1767400379999,BTC,1m,90020.0,90000.0,90021.0,90000.0,2.69714,68
2026-01-03 00:33:00,1767400380000,1767400439999,BTC,1m,90000.0,90006.0,90006.0,90000.0,0.59431,50
2026-01-03 00:34:00,1767400440000,1767400499999,BTC,1m,90005.0,90012.0,90013.0,90005.0,0.24649,36
2026-01-03 00:35:00,1767400500000,1767400559999,BTC,1m,90012.0,90012.0,90013.0,90012.0,0.37069,31
2026-01-03 00:36:00,1767400560000,1767400619999,BTC,1m,90012.0,90014.0,90015.0,89986.0,1.0258,121
2026-01-03 00:37:00,1767400620000,1767400679999,BTC,1m,90014.0,90005.0,90015.0,90005.0,4.02845,50
2026-01-03 00:38:00,1767400680000,1767400739999,BTC,1m,90005.0,90009.0,90010.0,90005.0,0.74791,50
2026-01-03 00:39:00,1767400740000,1767400799999,BTC,1m,90009.0,90009.0,90010.0,90009.0,2.21333,46
2026-01-03 00:40:00,1767400800000,1767400859999,BTC,1m,90009.0,89994.0,90010.0,89994.0,1.13835,63
2026-01-03 00:41:00,1767400860000,1767400919999,BTC,1m,89994.0,89997.0,89998.0,89985.0,0.45642,64
2026-01-03 00:42:00,1767400920000,1767400979999,BTC,1m,89997.0,90047.0,90047.0,89997.0,1.47365,138
2026-01-03 00:43:00,1767400980000,1767401039999,BTC,1m,90046.0,90050.0,90057.0,90046.0,1.21213,83
2026-01-03 00:44:00,1767401040000,1767401099999,BTC,1m,90050.0,90036.0,90050.0,90036.0,0.40484,67
2026-01-03 00:45:00,1767401100000,1767401159999,BTC,1m,90036.0,90028.0,90037.0,90027.0,1.08322,63
2026-01-03 00:46:00,1767401160000,1767401219999,BTC,1m,90027.0,90073.0,90074.0,90027.0,4.98879,157
2026-01-03 00:47:00,1767401220000,1767401279999,BTC,1m,90073.0,90073.0,90076.0,90073.0,1.67739,90
2026-01-03 00:48:00,1767401280000,1767401339999,BTC,1m,90073.0,90058.0,90074.0,90058.0,0.32709,36
2026-01-03 00:49:00,1767401340000,1767401399999,BTC,1m,90058.0,90046.0,90058.0,90046.0,1.45464,59
2026-01-03 00:50:00,1767401400000,1767401459999,BTC,1m,90046.0,90062.0,90062.0,90046.0,1.8156,84
2026-01-03 00:51:00,1767401460000,1767401519999,BTC,1m,90061.0,90087.0,90087.0,90061.0,0.80043,106
2026-01-03 00:52:00,1767401520000,1767401579999,BTC,1m,90087.0,90129.0,90130.0,90087.0,4.7591,183
2026-01-03 00:53:00,1767401580000,1767401639999,BTC,1m,90129.0,90130.0,90137.0,90129.0,1.71206,75
2026-01-03 00:54:00,1767401640000,1767401699999,BTC,1m,90130.0,90148.0,90148.0,90130.0,2.12261,100
2026-01-03 00:55:00,1767401700000,1767401759999,BTC,1m,90147.0,90131.0,90148.0,90131.0,1.27595,57
2026-01-03 00:56:00,1767401760000,1767401819999,BTC,1m,90131.0,90142.0,90142.0,90130.0,1.76292,78
2026-01-03 00:57:00,1767401820000,1767401879999,BTC,1m,90141.0,90106.0,90142.0,90106.0,8.92677,112
2026-01-03 00:58:00,1767401880000,1767401939999,BTC,1m,90106.0,90098.0,90107.0,90098.0,7.24459,83
2026-01-03 00:59:00,1767401940000,1767401999999,BTC,1m,90098.0,90112.0,90113.0,90098.0,0.84522,76
2026-01-03 01:00:00,1767402000000,1767402059999,BTC,1m,90112.0,90099.0,90113.0,90099.0,3.66204,85
2026-01-03 01:01:00,1767402060000,1767402119999,BTC,1m,90099.0,90136.0,90137.0,90099.0,8.4216,159
2026-01-03 01:02:00,1767402120000,1767402179999,BTC,1m,90136.0,90096.0,90137.0,90095.0,3.26403,85
2026-01-03 01:03:00,1767402180000,1767402239999,BTC,1m,90095.0,90095.0,90096.0,90095.0,0.32936,48
2026-01-03 01:04:00,1767402240000,1767402299999,BTC,1m,90095.0,90124.0,90125.0,90095.0,3.9511,123
2026-01-03 01:05:00,1767402300000,1767402359999,BTC,1m,90124.0,90134.0,90134.0,90124.0,2.58256,95
2026-01-03 01:06:00,1767402360000,1767402419999,BTC,1m,90133.0,90117.0,90137.0,90117.0,1.63963,68
2026-01-03 01:07:00,1767402420000,1767402479999,BTC,1m,90113.0,90106.0,90114.0,90106.0,0.61988,49
2026-01-03 01:08:00,1767402480000,1767402539999,BTC,1m,90106.0,90089.0,90107.0,90088.0,2.50634,85
2026-01-03 01:09:00,1767402540000,1767402599999,BTC,1m,90088.0,90130.0,90130.0,90088.0,2.87694,138
2026-01-03 01:10:00,1767402600000,1767402659999,BTC,1m,90129.0,90141.0,90142.0,90129.0,2.37172,79
2026-01-03 01:11:00,1767402660000,1767402719999,BTC,1m,90141.0,90172.0,90172.0,90141.0,3.80427,127
2026-01-03 01:12:00,1767402720000,1767402779999,BTC,1m,90171.0,90171.0,90172.0,90171.0,0.97749,51
2026-01-03 01:13:00,1767402780000,1767402839999,BTC,1m,90171.0,90182.0,90182.0,90171.0,1.65122,94
2026-01-03 01:14:00,1767402840000,1767402899999,BTC,1m,90181.0,90196.0,90196.0,90181.0,22.63896,187
2026-01-03 01:15:00,1767402900000,1767402959999,BTC,1m,90195.0,90154.0,90196.0,90154.0,4.0201,120
2026-01-03 01:16:00,1767402960000,1767403019999,BTC,1m,90154.0,90177.0,90177.0,90154.0,1.93852,100
2026-01-03 01:17:00,1767403020000,1767403079999,BTC,1m,90176.0,90140.0,90200.0,90131.0,27.49616,250
2026-01-03 01:18:00,1767403080000,1767403139999,BTC,1m,90139.0,90135.0,90140.0,90133.0,2.30332,64
2026-01-03 01:19:00,1767403140000,1767403199999,BTC,1m,90134.0,90119.0,90139.0,90118.0,2.39793,79
2026-01-03 01:20:00,1767403200000,1767403259999,BTC,1m,90118.0,90088.0,90119.0,90088.0,2.31287,86
2026-01-03 01:21:00,1767403260000,1767403319999,BTC,1m,90088.0,90082.0,90089.0,90081.0,14.43894,110
2026-01-03 01:22:00,1767403320000,1767403379999,BTC,1m,90082.0,90040.0,90083.0,90039.0,5.50239,114
2026-01-03 01:23:00,1767403380000,1767403439999,BTC,1m,90039.0,90068.0,90069.0,90039.0,6.44348,144
2026-01-03 01:24:00,1767403440000,1767403499999,BTC,1m,90068.0,90047.0,90068.0,90047.0,0.48771,59
2026-01-03 01:25:00,1767403500000,1767403559999,BTC,1m,90047.0,90046.0,90048.0,90035.0,1.55865,76
2026-01-03 01:26:00,1767403560000,1767403619999,BTC,1m,90046.0,90046.0,90047.0,90046.0,4.71393,70
2026-01-03 01:27:00,1767403620000,1767403679999,BTC,1m,90046.0,90050.0,90051.0,90046.0,0.49669,49
2026-01-03 01:28:00,1767403680000,1767403739999,BTC,1m,90050.0,90040.0,90051.0,90040.0,0.5157,46
2026-01-03 01:29:00,1767403740000,1767403799999,BTC,1m,90040.0,90040.0,90041.0,90040.0,3.63941,80
2026-01-03 01:30:00,1767403800000,1767403859999,BTC,1m,90040.0,90041.0,90041.0,90040.0,8.00005,66
2026-01-03 01:31:00,1767403860000,1767403919999,BTC,1m,90040.0,90041.0,90042.0,90040.0,0.93378,49
2026-01-03 01:32:00,1767403920000,1767403979999,BTC,1m,90041.0,90082.0,90083.0,90041.0,5.07482,158
2026-01-03 01:33:00,1767403980000,1767404039999,BTC,1m,90082.0,90111.0,90111.0,90082.0,2.74808,112
2026-01-03 01:34:00,1767404040000,1767404099999,BTC,1m,90110.0,90099.0,90111.0,90098.0,0.69822,64
2026-01-03 01:35:00,1767404100000,1767404159999,BTC,1m,90098.0,90114.0,90115.0,90098.0,0.9055,63
2026-01-03 01:36:00,1767404160000,1767404219999,BTC,1m,90114.0,90143.0,90143.0,90114.0,3.26566,140
2026-01-03 01:37:00,1767404220000,1767404279999,BTC,1m,90142.0,90115.0,90143.0,90115.0,1.85869,63
2026-01-03 01:38:00,1767404280000,1767404339999,BTC,1m,90115.0,90127.0,90129.0,90115.0,1.82463,78
2026-01-03 01:39:00,1767404340000,1767404399999,BTC,1m,90126.0,90143.0,90144.0,90126.0,2.9412,94
2026-01-03 01:40:00,1767404400000,1767404459999,BTC,1m,90143.0,90137.0,90144.0,90130.0,3.43546,104
2026-01-03 01:41:00,1767404460000,1767404519999,BTC,1m,90136.0,90136.0,90137.0,90136.0,0.80612,56
2026-01-03 01:42:00,1767404520000,1767404579999,BTC,1m,90136.0,90116.0,90137.0,90114.0,3.69219,81
2026-01-03 01:43:00,1767404580000,1767404639999,BTC,1m,90116.0,90128.0,90129.0,90116.0,5.40389,106
2026-01-03 01:44:00,1767404640000,1767404699999,BTC,1m,90128.0,90129.0,90130.0,90128.0,0.71528,56
2026-01-03 01:45:00,1767404700000,1767404759999,BTC,1m,90129.0,90129.0,90130.0,90129.0,0.36487,41
2026-01-03 01:46:00,1767404760000,1767404819999,BTC,1m,90129.0,90156.0,90157.0,90129.0,7.53042,115
2026-01-03 01:47:00,1767404820000,1767404879999,BTC,1m,90156.0,90170.0,90171.0,90156.0,6.09421,97
2026-01-03 01:48:00,1767404880000,1767404939999,BTC,1m,90170.0,90152.0,90171.0,90152.0,4.96778,92
2026-01-03 01:49:00,1767404940000,1767404999999,BTC,1m,90152.0,90148.0,90153.0,90145.0,1.29394,54
2026-01-03 01:50:00,1767405000000,1767405059999,BTC,1m,90148.0,90148.0,90149.0,90148.0,0.27686,41
2026-01-03 01:51:00,1767405060000,1767405119999,BTC,1m,90148.0,90149.0,90149.0,90148.0,0.30353,32
2026-01-03 01:52:00,1767405120000,1767405179999,BTC,1m,90148.0,90153.0,90153.0,90148.0,1.28549,57
2026-01-03 01:53:00,1767405180000,1767405239999,BTC,1m,90152.0,90144.0,90155.0,90144.0,0.55714,46
2026-01-03 01:54:00,1767405240000,1767405299999,BTC,1m,90144.0,90138.0,90145.0,90137.0,0.65816,53
2026-01-03 01:55:00,1767405300000,1767405359999,BTC,1m,90137.0,90129.0,90138.0,90129.0,1.35412,44
2026-01-03 01:56:00,1767405360000,1767405419999,BTC,1m,90129.0,90178.0,90187.0,90129.0,6.29089,175
2026-01-03 01:57:00,1767405420000,1767405479999,BTC,1m,90177.0,90198.0,90199.0,90177.0,2.18178,88
2026-01-03 01:58:00,1767405480000,1767405539999,BTC,1m,90199.0,90249.0,90249.0,90199.0,3.4706,178
2026-01-03 01:59:00,1767405540000,1767405599999,BTC,1m,90249.0,90236.0,90250.0,90235.0,3.71065,97
2026-01-03 02:00:00,1767405600000,1767405659999,BTC,1m,90235.0,90216.0,90236.0,90216.0,7.32317,112
2026-01-03 02:01:00,1767405660000,1767405719999,BTC,1m,90214.0,90139.0,90216.0,90139.0,4.31561,235
2026-01-03 02:02:00,1767405720000,1767405779999,BTC,1m,90139.0,90100.0,90151.0,90100.0,6.36088,231
2026-01-03 02:03:00,1767405780000,1767405839999,BTC,1m,90100.0,90132.0,90132.0,90100.0,3.08918,106
2026-01-03 02:04:00,1767405840000,1767405899999,BTC,1m,90132.0,90106.0,90134.0,90106.0,31.48649,166
2026-01-03 02:05:00,1767405900000,1767405959999,BTC,1m,90106.0,90112.0,90113.0,90105.0,3.51845,77
2026-01-03 02:06:00,1767405960000,1767406019999,BTC,1m,90112.0,90151.0,90164.0,90112.0,3.36756,145
2026-01-03 02:07:00,1767406020000,1767406079999,BTC,1m,90150.0,90137.0,90150.0,90137.0,1.43064,83
2026-01-03 02:08:00,1767406080000,1767406139999,BTC,1m,90137.0,90123.0,90138.0,90122.0,2.56741,74
2026-01-03 02:09:00,1767406140000,1767406199999,BTC,1m,90121.0,90101.0,90121.0,90096.0,9.02671,171
2026-01-03 02:10:00,1767406200000,1767406259999,BTC,1m,90101.0,90104.0,90114.0,90101.0,2.47391,91
2026-01-03 02:11:00,1767406260000,1767406319999,BTC,1m,90104.0,90090.0,90110.0,90090.0,1.66508,89
2026-01-03 02:12:00,1767406320000,1767406379999,BTC,1m,90090.0,90090.0,90091.0,90090.0,1.38524,53
2026-01-03 02:13:00,1767406380000,1767406439999,BTC,1m,90090.0,90109.0,90110.0,90090.0,0.48565,78
2026-01-03 02:14:00,1767406440000,1767406499999,BTC,1m,90109.0,90109.0,90110.0,90109.0,0.20305,30
2026-01-03 02:15:00,1767406500000,1767406559999,BTC,1m,90109.0,90109.0,90110.0,90109.0,4.6147,46
2026-01-03 02:16:00,1767406560000,1767406619999,BTC,1m,90109.0,90112.0,90113.0,90109.0,0.66552,54
2026-01-03 02:17:00,1767406620000,1767406679999,BTC,1m,90112.0,90125.0,90125.0,90112.0,3.53889,109
2026-01-03 02:18:00,1767406680000,1767406739999,BTC,1m,90124.0,90124.0,90125.0,90113.0,1.39177,89
2026-01-03 02:19:00,1767406740000,1767406799999,BTC,1m,90124.0,90125.0,90125.0,90124.0,0.48687,39
2026-01-03 02:20:00,1767406800000,1767406859999,BTC,1m,90124.0,90124.0,90125.0,90124.0,12.19782,50
2026-01-03 02:21:00,1767406860000,1767406919999,BTC,1m,90124.0,90129.0,90130.0,90124.0,3.68329,61
2026-01-03 02:22:00,1767406920000,1767406979999,BTC,1m,90129.0,90167.0,90174.0,90129.0,16.14568,179
2026-01-03 02:23:00,1767406980000,1767407039999,BTC,1m,90166.0,90200.0,90200.0,90166.0,40.75218,270
2026-01-03 02:24:00,1767407040000,1767407099999,BTC,1m,90199.0,90225.0,90236.0,90199.0,24.12322,186
2026-01-03 02:25:00,1767407100000,1767407159999,BTC,1m,90225.0,90159.0,90226.0,90159.0,12.89703,261
2026-01-03 02:26:00,1767407160000,1767407219999,BTC,1m,90159.0,90197.0,90198.0,90159.0,2.01533,101
2026-01-03 02:27:00,1767407220000,1767407279999,BTC,1m,90197.0,90212.0,90212.0,90197.0,30.06915,175
2026-01-03 02:28:00,1767407280000,1767407339999,BTC,1m,90212.0,90222.0,90223.0,90212.0,1.69261,69
2026-01-03 02:29:00,1767407340000,1767407399999,BTC,1m,90222.0,90223.0,90224.0,90222.0,1.54552,57
2026-01-03 02:30:00,1767407400000,1767407459999,BTC,1m,90223.0,90230.0,90231.0,90215.0,54.81389,195
2026-01-03 02:31:00,1767407460000,1767407519999,BTC,1m,90230.0,90280.0,90298.0,90230.0,12.9736,302
2026-01-03 02:32:00,1767407520000,1767407579999,BTC,1m,90280.0,90254.0,90281.0,90253.0,15.73582,144
2026-01-03 02:33:00,1767407580000,1767407639999,BTC,1m,90254.0,90233.0,90255.0,90233.0,8.17795,106
2026-01-03 02:34:00,1767407640000,1767407699999,BTC,1m,90233.0,90230.0,90233.0,90226.0,1.74576,61
2026-01-03 02:35:00,1767407700000,1767407759999,BTC,1m,90230.0,90228.0,90230.0,90228.0,19.69599,110
2026-01-03 02:36:00,1767407760000,1767407819999,BTC,1m,90228.0,90248.0,90248.0,90228.0,6.51713,108
2026-01-03 02:37:00,1767407820000,1767407879999,BTC,1m,90248.0,90235.0,90249.0,90235.0,0.85535,68
2026-01-03 02:38:00,1767407880000,1767407939999,BTC,1m,90234.0,90229.0,90234.0,90228.0,12.36889,67
2026-01-03 02:39:00,1767407940000,1767407999999,BTC,1m,90229.0,90259.0,90273.0,90229.0,32.25689,208
2026-01-03 02:40:00,1767408000000,1767408059999,BTC,1m,90259.0,90245.0,90260.0,90245.0,6.73174,99
2026-01-03 02:41:00,1767408060000,1767408119999,BTC,1m,90245.0,90252.0,90253.0,90241.0,3.60958,88
2026-01-03 02:42:00,1767408120000,1767408179999,BTC,1m,90252.0,90252.0,90253.0,90252.0,2.00664,49
2026-01-03 02:43:00,1767408180000,1767408239999,BTC,1m,90252.0,90252.0,90253.0,90252.0,0.22523,31
2026-01-03 02:44:00,1767408240000,1767408299999,BTC,1m,90252.0,90253.0,90253.0,90252.0,0.30794,41
2026-01-03 02:45:00,1767408300000,1767408359999,BTC,1m,90252.0,90277.0,90277.0,90252.0,0.79686,80
2026-01-03 02:46:00,1767408360000,1767408419999,BTC,1m,90276.0,90276.0,90277.0,90276.0,7.27372,83
2026-01-03 02:47:00,1767408420000,1767408479999,BTC,1m,90276.0,90294.0,90295.0,90273.0,15.86981,126
2026-01-03 02:48:00,1767408480000,1767408539999,BTC,1m,90294.0,90360.0,90361.0,90294.0,40.19537,301
2026-01-03 02:49:00,1767408540000,1767408599999,BTC,1m,90360.0,90331.0,90369.0,90330.0,20.86667,224
2026-01-03 02:50:00,1767408600000,1767408659999,BTC,1m,90331.0,90315.0,90331.0,90314.0,2.90826,91
2026-01-03 02:51:00,1767408660000,1767408719999,BTC,1m,90314.0,90300.0,90318.0,90300.0,5.47236,114
2026-01-03 02:52:00,1767408720000,1767408779999,BTC,1m,90300.0,90300.0,90301.0,90300.0,1.52011,56
2026-01-03 02:53:00,1767408780000,1767408839999,BTC,1m,90300.0,90311.0,90311.0,90300.0,0.41777,57
2026-01-03 02:54:00,1767408840000,1767408899999,BTC,1m,90311.0,90321.0,90321.0,90311.0,2.98625,69
2026-01-03 02:55:00,1767408900000,1767408959999,BTC,1m,90320.0,90297.0,90320.0,90297.0,0.46199,69
2026-01-03 02:56:00,1767408960000,1767409019999,BTC,1m,90297.0,90294.0,90298.0,90281.0,0.46895,89
2026-01-03 02:57:00,1767409020000,1767409079999,BTC,1m,90295.0,90308.0,90309.0,90295.0,10.93164,103
2026-01-03 02:58:00,1767409080000,1767409139999,BTC,1m,90308.0,90298.0,90308.0,90292.0,0.30437,79
2026-01-03 02:59:00,1767409140000,1767409199999,BTC,1m,90298.0,90300.0,90300.0,90298.0,4.61442,64
2026-01-03 03:00:00,1767409200000,1767409259999,BTC,1m,90299.0,90316.0,90317.0,90299.0,4.58161,82
2026-01-03 03:01:00,1767409260000,1767409319999,BTC,1m,90316.0,90301.0,90317.0,90301.0,1.30368,78
2026-01-03 03:02:00,1767409320000,1767409379999,BTC,1m,90301.0,90260.0,90302.0,90258.0,2.87278,158
2026-01-03 03:03:00,1767409380000,1767409439999,BTC,1m,90259.0,90263.0,90265.0,90259.0,4.33791,81
2026-01-03 03:04:00,1767409440000,1767409499999,BTC,1m,90262.0,90262.0,90263.0,90262.0,7.76228,68
2026-01-03 03:05:00,1767409500000,1767409559999,BTC,1m,90262.0,90249.0,90263.0,90249.0,0.36822,70
2026-01-03 03:06:00,1767409560000,1767409619999,BTC,1m,90249.0,90249.0,90250.0,90246.0,0.89258,76
2026-01-03 03:07:00,1767409620000,1767409679999,BTC,1m,90248.0,90231.0,90261.0,90231.0,2.02888,125
2026-01-03 03:08:00,1767409680000,1767409739999,BTC,1m,90231.0,90220.0,90232.0,90219.0,2.88456,96
2026-01-03 03:09:00,1767409740000,1767409799999,BTC,1m,90219.0,90204.0,90220.0,90189.0,19.79247,246
2026-01-03 03:10:00,1767409800000,1767409859999,BTC,1m,90203.0,90181.0,90210.0,90181.0,9.67327,158
2026-01-03 03:11:00,1767409860000,1767409919999,BTC,1m,90181.0,90181.0,90182.0,90180.0,0.68195,75
2026-01-03 03:12:00,1767409920000,1767409979999,BTC,1m,90180.0,90193.0,90205.0,90180.0,0.96778,132
2026-01-03 03:13:00,1767409980000,1767410039999,BTC,1m,90193.0,90195.0,90204.0,90168.0,16.46073,185
2026-01-03 03:14:00,1767410040000,1767410099999,BTC,1m,90194.0,90168.0,90209.0,90166.0,1.3285,139
2026-01-03 03:15:00,1767410100000,1767410159999,BTC,1m,90168.0,90245.0,90246.0,90168.0,0.42655,129
2026-01-03 03:16:00,1767410160000,1767410219999,BTC,1m,90245.0,90234.0,90246.0,90224.0,6.48654,135
2026-01-03 03:17:00,1767410220000,1767410279999,BTC,1m,90234.0,90214.0,90235.0,90213.0,0.67947,70
2026-01-03 03:18:00,1767410280000,1767410339999,BTC,1m,90213.0,90207.0,90214.0,90207.0,1.46519,60
2026-01-03 03:19:00,1767410340000,1767410399999,BTC,1m,90207.0,90207.0,90208.0,90207.0,1.30082,72
2026-01-03 03:20:00,1767410400000,1767410459999,BTC,1m,90207.0,90207.0,90208.0,90207.0,0.44945,34
2026-01-03 03:21:00,1767410460000,1767410519999,BTC,1m,90207.0,90194.0,90208.0,90193.0,1.0429,66
2026-01-03 03:22:00,1767410520000,1767410579999,BTC,1m,90193.0,90174.0,90194.0,90174.0,1.15776,74
2026-01-03 03:23:00,1767410580000,1767410639999,BTC,1m,90174.0,90192.0,90192.0,90174.0,1.44308,73
2026-01-03 03:24:00,1767410640000,1767410699999,BTC,1m,90191.0,90186.0,90192.0,90186.0,0.58696,43
2026-01-03 03:25:00,1767410700000,1767410759999,BTC,1m,90186.0,90171.0,90187.0,90171.0,1.58953,78
2026-01-03 03:26:00,1767410760000,1767410819999,BTC,1m,90171.0,90154.0,90172.0,90153.0,4.68929,108
2026-01-03 03:27:00,1767410820000,1767410879999,BTC,1m,90153.0,90153.0,90154.0,90153.0,0.26023,31
2026-01-03 03:28:00,1767410880000,1767410939999,BTC,1m,90153.0,90151.0,90154.0,90151.0,1.11706,56
2026-01-03 03:29:00,1767410940000,1767410999999,BTC,1m,90151.0,90167.0,90168.0,90150.0,1.58393,82
2026-01-03 03:30:00,1767411000000,1767411059999,BTC,1m,90167.0,90188.0,90189.0,90167.0,1.25353,69
2026-01-03 03:31:00,1767411060000,1767411119999,BTC,1m,90188.0,90193.0,90201.0,90188.0,1.1727,92
2026-01-03 03:32:00,1767411120000,1767411179999,BTC,1m,90193.0,90184.0,90193.0,90184.0,12.97776,109
2026-01-03 03:33:00,1767411180000,1767411239999,BTC,1m,90184.0,90164.0,90185.0,90164.0,0.60636,78
2026-01-03 03:34:00,1767411240000,1767411299999,BTC,1m,90164.0,90164.0,90165.0,90164.0,0.18951,26
2026-01-03 03:35:00,1767411300000,1767411359999,BTC,1m,90164.0,90164.0,90165.0,90164.0,13.0214,81
2026-01-03 03:36:00,1767411360000,1767411419999,BTC,1m,90164.0,90163.0,90165.0,90163.0,0.35296,37
2026-01-03 03:37:00,1767411420000,1767411479999,BTC,1m,90163.0,90146.0,90164.0,90146.0,47.88867,191
2026-01-03 03:38:00,1767411480000,1767411539999,BTC,1m,90146.0,90149.0,90150.0,90146.0,4.22132,65
2026-01-03 03:39:00,1767411540000,1767411599999,BTC,1m,90149.0,90153.0,90153.0,90149.0,2.01567,53
2026-01-03 03:40:00,1767411600000,1767411659999,BTC,1m,90152.0,90179.0,90179.0,90152.0,0.79059,93
2026-01-03 03:41:00,1767411660000,1767411719999,BTC,1m,90178.0,90186.0,90187.0,90178.0,0.1605,54
2026-01-03 03:42:00,1767411720000,1767411779999,BTC,1m,90186.0,90223.0,90224.0,90186.0,4.20974,129
2026-01-03 03:43:00,1767411780000,1767411839999,BTC,1m,90223.0,90223.0,90224.0,90223.0,6.7561,57
2026-01-03 03:44:00,1767411840000,1767411899999,BTC,1m,90223.0,90224.0,90224.0,90223.0,0.18684,32
2026-01-03 03:45:00,1767411900000,1767411959999,BTC,1m,90223.0,90219.0,90224.0,90219.0,0.58556,64
2026-01-03 03:46:00,1767411960000,1767412019999,BTC,1m,90219.0,90283.0,90286.0,90219.0,11.99581,206
2026-01-03 03:47:00,1767412020000,1767412079999,BTC,1m,90283.0,90287.0,90287.0,90283.0,1.47958,65
2026-01-03 03:48:00,1767412080000,1767412139999,BTC,1m,90287.0,90316.0,90317.0,90287.0,10.07771,104
2026-01-03 03:49:00,1767412140000,1767412199999,BTC,1m,90316.0,90323.0,90341.0,90316.0,12.64854,156
2026-01-03 03:50:00,1767412200000,1767412259999,BTC,1m,90323.0,90293.0,90323.0,90293.0,1.37455,100
2026-01-03 03:51:00,1767412260000,1767412319999,BTC,1m,90293.0,90314.0,90314.0,90293.0,0.53654,70
2026-01-03 03:52:00,1767412320000,1767412379999,BTC,1m,90313.0,90312.0,90314.0,90312.0,0.31398,53
2026-01-03 03:53:00,1767412380000,1767412439999,BTC,1m,90312.0,90309.0,90312.0,90308.0,0.3323,42
2026-01-03 03:54:00,1767412440000,1767412499999,BTC,1m,90308.0,90292.0,90309.0,90292.0,11.31032,145
2026-01-03 03:55:00,1767412500000,1767412559999,BTC,1m,90292.0,90286.0,90293.0,90286.0,0.47966,79
2026-01-03 03:56:00,1767412560000,1767412619999,BTC,1m,90286.0,90286.0,90287.0,90286.0,2.76188,77
2026-01-03 03:57:00,1767412620000,1767412679999,BTC,1m,90286.0,90286.0,90287.0,90286.0,0.27349,70
2026-01-03 03:58:00,1767412680000,1767412739999,BTC,1m,90286.0,90261.0,90287.0,90259.0,31.58303,200
2026-01-03 03:59:00,1767412740000,1767412799999,BTC,1m,90261.0,90274.0,90274.0,90261.0,0.75166,105
2026-01-03 04:00:00,1767412800000,1767412859999,BTC,1m,90273.0,90302.0,90303.0,90273.0,5.66607,136
2026-01-03 04:01:00,1767412860000,1767412919999,BTC,1m,90302.0,90326.0,90328.0,90302.0,3.37537,126
2026-01-03 04:02:00,1767412920000,1767412979999,BTC,1m,90326.0,90422.0,90430.0,90326.0,25.49301,600
2026-01-03 04:03:00,1767412980000,1767413039999,BTC,1m,90421.0,90377.0,90422.0,90360.0,2.04299,196
2026-01-03 04:04:00,1767413040000,1767413099999,BTC,1m,90376.0,90364.0,90377.0,90364.0,1.57724,88
2026-01-03 04:05:00,1767413100000,1767413159999,BTC,1m,90364.0,90327.0,90364.0,90327.0,11.03811,136
2026-01-03 04:06:00,1767413160000,1767413219999,BTC,1m,90327.0,90262.0,90328.0,90261.0,3.84955,192
2026-01-03 04:07:00,1767413220000,1767413279999,BTC,1m,90261.0,90261.0,90273.0,90261.0,1.48813,79
2026-01-03 04:08:00,1767413280000,1767413339999,BTC,1m,90261.0,90265.0,90283.0,90261.0,6.83926,124
2026-01-03 04:09:00,1767413340000,1767413399999,BTC,1m,90264.0,90275.0,90280.0,90264.0,1.81065,74
2026-01-03 04:10:00,1767413400000,1767413459999,BTC,1m,90274.0,90245.0,90274.0,90245.0,5.43596,121
2026-01-03 04:11:00,1767413460000,1767413519999,BTC,1m,90245.0,90241.0,90246.0,90234.0,0.86084,72
2026-01-03 04:12:00,1767413520000,1767413579999,BTC,1m,90240.0,90234.0,90240.0,90234.0,0.76138,57
2026-01-03 04:13:00,1767413580000,1767413639999,BTC,1m,90234.0,90221.0,90234.0,90216.0,1.30012,96
2026-01-03 04:14:00,1767413640000,1767413699999,BTC,1m,90220.0,90206.0,90220.0,90206.0,5.41251,95
2026-01-03 04:15:00,1767413700000,1767413759999,BTC,1m,90206.0,90220.0,90220.0,90206.0,1.05974,63
2026-01-03 04:16:00,1767413760000,1767413819999,BTC,1m,90219.0,90226.0,90226.0,90219.0,0.34245,44
2026-01-03 04:17:00,1767413820000,1767413879999,BTC,1m,90225.0,90225.0,90234.0,90225.0,0.9337,57
2026-01-03 04:18:00,1767413880000,1767413939999,BTC,1m,90225.0,90226.0,90226.0,90225.0,1.04268,38
2026-01-03 04:19:00,1767413940000,1767413999999,BTC,1m,90225.0,90226.0,90226.0,90222.0,0.63606,53
2026-01-03 04:20:00,1767414000000,1767414059999,BTC,1m,90225.0,90207.0,90226.0,90205.0,0.14024,66
2026-01-03 04:21:00,1767414060000,1767414119999,BTC,1m,90206.0,90215.0,90215.0,90206.0,0.09249,47
2026-01-03 04:22:00,1767414120000,1767414179999,BTC,1m,90216.0,90211.0,90222.0,90211.0,0.55734,69
2026-01-03 04:23:00,1767414180000,1767414239999,BTC,1m,90211.0,90229.0,90230.0,90211.0,1.05059,66
2026-01-03 04:24:00,1767414240000,1767414299999,BTC,1m,90229.0,90243.0,90243.0,90229.0,2.15754,75
2026-01-03 04:25:00,1767414300000,1767414359999,BTC,1m,90242.0,90243.0,90243.0,90242.0,0.88155,34
2026-01-03 04:26:00,1767414360000,1767414419999,BTC,1m,90242.0,90243.0,90243.0,90242.0,0.66826,33
2026-01-03 04:27:00,1767414420000,1767414479999,BTC,1m,90242.0,90249.0,90249.0,90242.0,0.11175,48
2026-01-03 04:28:00,1767414480000,1767414539999,BTC,1m,90248.0,90243.0,90249.0,90242.0,0.48487,54
2026-01-03 04:29:00,1767414540000,1767414599999,BTC,1m,90242.0,90200.0,90242.0,90200.0,37.54822,217
2026-01-03 04:30:00,1767414600000,1767414659999,BTC,1m,90204.0,90205.0,90205.0,90183.0,21.88229,145
2026-01-03 04:31:00,1767414660000,1767414719999,BTC,1m,90204.0,90210.0,90210.0,90204.0,0.82321,43
2026-01-03 04:32:00,1767414720000,1767414779999,BTC,1m,90209.0,90231.0,90231.0,90209.0,0.22498,67
2026-01-03 04:33:00,1767414780000,1767414839999,BTC,1m,90230.0,90193.0,90231.0,90193.0,1.2008,112
2026-01-03 04:34:00,1767414840000,1767414899999,BTC,1m,90193.0,90185.0,90194.0,90184.0,0.4966,58
2026-01-03 04:35:00,1767414900000,1767414959999,BTC,1m,90184.0,90186.0,90189.0,90184.0,0.34346,50
2026-01-03 04:36:00,1767414960000,1767415019999,BTC,1m,90186.0,90187.0,90187.0,90186.0,0.69006,39
2026-01-03 04:37:00,1767415020000,1767415079999,BTC,1m,90186.0,90173.0,90187.0,90172.0,1.44118,72
2026-01-03 04:38:00,1767415080000,1767415139999,BTC,1m,90172.0,90101.0,90173.0,90083.0,9.12465,497
2026-01-03 04:39:00,1767415140000,1767415199999,BTC,1m,90101.0,90077.0,90114.0,90071.0,3.75787,221
2026-01-03 04:40:00,1767415200000,1767415259999,BTC,1m,90077.0,90102.0,90102.0,90077.0,1.72274,108
2026-01-03 04:41:00,1767415260000,1767415319999,BTC,1m,90101.0,90101.0,90115.0,90101.0,6.14482,119
2026-01-03 04:42:00,1767415320000,1767415379999,BTC,1m,90101.0,90108.0,90110.0,90086.0,2.78032,121
2026-01-03 04:43:00,1767415380000,1767415439999,BTC,1m,90107.0,90100.0,90108.0,90100.0,0.45803,67
2026-01-03 04:44:00,1767415440000,1767415499999,BTC,1m,90100.0,90034.0,90101.0,90008.0,38.27429,435
2026-01-03 04:45:00,1767415500000,1767415559999,BTC,1m,90034.0,90065.0,90065.0,90034.0,20.68276,170
2026-01-03 04:46:00,1767415560000,1767415619999,BTC,1m,90064.0,90093.0,90093.0,90064.0,4.9714,111
2026-01-03 04:47:00,1767415620000,1767415679999,BTC,1m,90092.0,90101.0,90101.0,90092.0,1.53873,62
2026-01-03 04:48:00,1767415680000,1767415739999,BTC,1m,90100.0,90107.0,90107.0,90100.0,1.36949,44
2026-01-03 04:49:00,1767415740000,1767415799999,BTC,1m,90106.0,90102.0,90107.0,90093.0,0.91953,69
2026-01-03 04:50:00,1767415800000,1767415859999,BTC,1m,90102.0,90106.0,90106.0,90102.0,6.17845,61
2026-01-03 04:51:00,1767415860000,1767415919999,BTC,1m,90105.0,90109.0,90109.0,90105.0,1.12552,52
2026-01-03 04:52:00,1767415920000,1767415979999,BTC,1m,90108.0,90099.0,90111.0,90098.0,1.20302,62
2026-01-03 04:53:00,1767415980000,1767416039999,BTC,1m,90098.0,90074.0,90098.0,90073.0,11.73566,96
2026-01-03 04:54:00,1767416040000,1767416099999,BTC,1m,90073.0,90125.0,90127.0,90073.0,57.1543,259
2026-01-03 04:55:00,1767416100000,1767416159999,BTC,1m,90124.0,90095.0,90125.0,90092.0,49.23672,249
2026-01-03 04:56:00,1767416160000,1767416219999,BTC,1m,90095.0,90052.0,90096.0,90052.0,17.32987,163
2026-01-03 04:57:00,1767416220000,1767416279999,BTC,1m,90052.0,90109.0,90110.0,90052.0,19.2528,236
2026-01-03 04:58:00,1767416280000,1767416339999,BTC,1m,90109.0,90127.0,90134.0,90109.0,1.11957,96
2026-01-03 04:59:00,1767416340000,1767416399999,BTC,1m,90126.0,90119.0,90127.0,90119.0,2.30219,54
2026-01-03 05:00:00,1767416400000,1767416459999,BTC,1m,90119.0,90138.0,90138.0,90119.0,3.75696,96
2026-01-03 05:01:00,1767416460000,1767416519999,BTC,1m,90137.0,90143.0,90144.0,90137.0,2.43195,70
2026-01-03 05:02:00,1767416520000,1767416579999,BTC,1m,90143.0,90155.0,90155.0,90143.0,0.42618,58
2026-01-03 05:03:00,1767416580000,1767416639999,BTC,1m,90154.0,90155.0,90155.0,90154.0,7.4106,66
2026-01-03 05:04:00,1767416640000,1767416699999,BTC,1m,90154.0,90158.0,90158.0,90154.0,0.21899,39
2026-01-03 05:05:00,1767416700000,1767416759999,BTC,1m,90157.0,90155.0,90158.0,90154.0,1.55806,60
2026-01-03 05:06:00,1767416760000,1767416819999,BTC,1m,90154.0,90105.0,90155.0,90105.0,20.04891,167
2026-01-03 05:07:00,1767416820000,1767416879999,BTC,1m,90105.0,90119.0,90119.0,90105.0,1.25319,70
2026-01-03 05:08:00,1767416880000,1767416939999,BTC,1m,90119.0,90129.0,90129.0,90119.0,2.0126,69
2026-01-03 05:09:00,1767416940000,1767416999999,BTC,1m,90128.0,90125.0,90128.0,90124.0,2.9695,54
2026-01-03 05:10:00,1767417000000,1767417059999,BTC,1m,90124.0,90125.0,90125.0,90124.0,0.2236,27
2026-01-03 05:11:00,1767417060000,1767417119999,BTC,1m,90124.0,90110.0,90125.0,90110.0,1.02145,60
2026-01-03 05:12:00,1767417120000,1767417179999,BTC,1m,90109.0,90100.0,90109.0,90099.0,3.08645,70
2026-01-03 05:13:00,1767417180000,1767417239999,BTC,1m,90099.0,90099.0,90100.0,90099.0,0.63188,37
2026-01-03 05:14:00,1767417240000,1767417299999,BTC,1m,90099.0,90005.0,90100.0,90001.0,12.1177,370
2026-01-03 05:15:00,1767417300000,1767417359999,BTC,1m,90005.0,90016.0,90039.0,90005.0,4.30403,186
2026-01-03 05:16:00,1767417360000,1767417419999,BTC,1m,90016.0,90032.0,90033.0,90007.0,1.4494,107
2026-01-03 05:17:00,1767417420000,1767417479999,BTC,1m,90032.0,90020.0,90033.0,90020.0,0.76701,44
2026-01-03 05:18:00,1767417480000,1767417539999,BTC,1m,90019.0,90028.0,90028.0,90019.0,2.9447,81
2026-01-03 05:19:00,1767417540000,1767417599999,BTC,1m,90027.0,90024.0,90028.0,90024.0,3.46766,69
2026-01-03 05:20:00,1767417600000,1767417659999,BTC,1m,90023.0,90002.0,90023.0,90002.0,0.63311,65
2026-01-03 05:21:00,1767417660000,1767417719999,BTC,1m,90002.0,90001.0,90003.0,90001.0,1.58425,48
2026-01-03 05:22:00,1767417720000,1767417779999,BTC,1m,90001.0,90002.0,90002.0,90001.0,0.76195,37
2026-01-03 05:23:00,1767417780000,1767417839999,BTC,1m,90001.0,89999.0,90002.0,89999.0,0.71877,74
2026-01-03 05:24:00,1767417840000,1767417899999,BTC,1m,89998.0,89995.0,89998.0,89994.0,0.60028,56
2026-01-03 05:25:00,1767417900000,1767417959999,BTC,1m,89994.0,89995.0,89995.0,89994.0,0.58165,40
2026-01-03 05:26:00,1767417960000,1767418019999,BTC,1m,89994.0,89995.0,89995.0,89994.0,0.33881,33
2026-01-03 05:27:00,1767418020000,1767418079999,BTC,1m,89994.0,89991.0,89995.0,89991.0,1.8374,61
2026-01-03 05:28:00,1767418080000,1767418139999,BTC,1m,89991.0,89976.0,89991.0,89975.0,6.15702,117
2026-01-03 05:29:00,1767418140000,1767418199999,BTC,1m,89975.0,89974.0,89976.0,89974.0,3.44429,75
2026-01-03 05:30:00,1767418200000,1767418259999,BTC,1m,89974.0,89974.0,89975.0,89973.0,0.2488,43
2026-01-03 05:31:00,1767418260000,1767418319999,BTC,1m,89973.0,89960.0,89974.0,89959.0,11.73269,117
2026-01-03 05:32:00,1767418320000,1767418379999,BTC,1m,89959.0,89974.0,89975.0,89959.0,41.17446,139
2026-01-03 05:33:00,1767418380000,1767418439999,BTC,1m,89973.0,90009.0,90009.0,89973.0,29.61939,185
2026-01-03 05:34:00,1767418440000,1767418499999,BTC,1m,90008.0,89964.0,90008.0,89963.0,3.06114,125
2026-01-03 05:35:00,1767418500000,1767418559999,BTC,1m,89963.0,89931.0,89963.0,89924.0,33.06199,284
2026-01-03 05:36:00,1767418560000,1767418619999,BTC,1m,89931.0,89926.0,89932.0,89925.0,0.91878,64
2026-01-03 05:37:00,1767418620000,1767418679999,BTC,1m,89925.0,89911.0,89925.0,89911.0,6.26692,120
2026-01-03 05:38:00,1767418680000,1767418739999,BTC,1m,89911.0,89910.0,89917.0,89906.0,8.84744,177
2026-01-03 05:39:00,1767418740000,1767418799999,BTC,1m,89909.0,89905.0,89910.0,89904.0,0.69324,63
2026-01-03 05:40:00,1767418800000,1767418859999,BTC,1m,89904.0,89891.0,89904.0,89886.0,22.78916,186
2026-01-03 05:41:00,1767418860000,1767418919999,BTC,1m,89890.0,89901.0,89904.0,89890.0,30.22715,146
2026-01-03 05:42:00,1767418920000,1767418979999,BTC,1m,89901.0,89939.0,89945.0,89900.0,26.82362,249
2026-01-03 05:43:00,1767418980000,1767419039999,BTC,1m,89938.0,89913.0,89938.0,89912.0,5.14555,102
2026-01-03 05:44:00,1767419040000,1767419099999,BTC,1m,89912.0,89916.0,89921.0,89912.0,2.24176,64
2026-01-03 05:45:00,1767419100000,1767419159999,BTC,1m,89913.0,89913.0,89921.0,89912.0,0.35277,55
2026-01-03 05:46:00,1767419160000,1767419219999,BTC,1m,89912.0,89888.0,89913.0,89888.0,75.99104,115
2026-01-03 05:47:00,1767419220000,1767419279999,BTC,1m,89888.0,89912.0,89912.0,89888.0,1.35816,73
2026-01-03 05:48:00,1767419280000,1767419339999,BTC,1m,89911.0,89938.0,89939.0,89911.0,4.91302,101
2026-01-03 05:49:00,1767419340000,1767419399999,BTC,1m,89937.0,89949.0,89960.0,89937.0,0.84794,76
2026-01-03 05:50:00,1767419400000,1767419459999,BTC,1m,89949.0,89951.0,89951.0,89949.0,0.81823,44
2026-01-03 05:51:00,1767419460000,1767419519999,BTC,1m,89950.0,89965.0,89968.0,89950.0,20.33187,179
2026-01-03 05:52:00,1767419520000,1767419579999,BTC,1m,89964.0,89977.0,89978.0,89964.0,1.1764,72
2026-01-03 05:53:00,1767419580000,1767419639999,BTC,1m,89977.0,89983.0,89983.0,89977.0,8.03755,91
2026-01-03 05:54:00,1767419640000,1767419699999,BTC,1m,89982.0,89982.0,89983.0,89982.0,1.14929,39
2026-01-03 05:55:00,1767419700000,1767419759999,BTC,1m,89981.0,89968.0,89982.0,89967.0,2.10078,63
2026-01-03 05:56:00,1767419760000,1767419819999,BTC,1m,89967.0,89968.0,89968.0,89967.0,0.37189,42
2026-01-03 05:57:00,1767419820000,1767419879999,BTC,1m,89967.0,89991.0,89991.0,89967.0,1.70358,80
2026-01-03 05:58:00,1767419880000,1767419939999,BTC,1m,89990.0,89989.0,89991.0,89988.0,0.49534,41
2026-01-03 05:59:00,1767419940000,1767419999999,BTC,1m,89988.0,90000.0,90010.0,89988.0,22.25749,140
2026-01-03 06:00:00,1767420000000,1767420059999,BTC,1m,90000.0,89997.0,90000.0,89997.0,1.64551,58
2026-01-03 06:01:00,1767420060000,1767420119999,BTC,1m,89997.0,90004.0,90004.0,89986.0,1.32897,105
2026-01-03 06:02:00,1767420120000,1767420179999,BTC,1m,90005.0,90027.0,90028.0,90005.0,2.77302,95
2026-01-03 06:03:00,1767420180000,1767420239999,BTC,1m,90027.0,90012.0,90028.0,90012.0,3.90902,74
2026-01-03 06:04:00,1767420240000,1767420299999,BTC,1m,90012.0,90012.0,90013.0,90012.0,1.45027,40
2026-01-03 06:05:00,1767420300000,1767420359999,BTC,1m,90012.0,90022.0,90022.0,90012.0,0.6234,57
2026-01-03 06:06:00,1767420360000,1767420419999,BTC,1m,90022.0,90049.0,90049.0,90022.0,3.72145,105
2026-01-03 06:07:00,1767420420000,1767420479999,BTC,1m,90048.0,90056.0,90064.0,90048.0,1.52956,85
2026-01-03 06:08:00,1767420480000,1767420539999,BTC,1m,90055.0,90063.0,90063.0,90055.0,0.69073,49
2026-01-03 06:09:00,1767420540000,1767420599999,BTC,1m,90062.0,90071.0,90071.0,90062.0,0.32938,47
2026-01-03 06:10:00,1767420600000,1767420659999,BTC,1m,90070.0,90088.0,90088.0,90070.0,0.4306,67
2026-01-03 06:11:00,1767420660000,1767420719999,BTC,1m,90087.0,90087.0,90087.0,90075.0,2.94487,70
2026-01-03 06:12:00,1767420720000,1767420779999,BTC,1m,90086.0,90081.0,90087.0,90080.0,1.7517,59
2026-01-03 06:13:00,1767420780000,1767420839999,BTC,1m,90080.0,90079.0,90081.0,90078.0,0.3287,36
2026-01-03 06:14:00,1767420840000,1767420899999,BTC,1m,90078.0,90048.0,90079.0,90046.0,40.7877,191
2026-01-03 06:15:00,1767420900000,1767420959999,BTC,1m,90047.0,90048.0,90048.0,90047.0,8.28108,62
2026-01-03 06:16:00,1767420960000,1767421019999,BTC,1m,90047.0,90021.0,90054.0,90014.0,1.7181,113
2026-01-03 06:17:00,1767421020000,1767421079999,BTC,1m,90020.0,90033.0,90034.0,90020.0,0.56749,53
2026-01-03 06:18:00,1767421080000,1767421139999,BTC,1m,90033.0,90033.0,90034.0,90033.0,0.56266,38
2026-01-03 06:19:00,1767421140000,1767421199999,BTC,1m,90033.0,90015.0,90034.0,90011.0,2.24575,62
2026-01-03 06:20:00,1767421200000,1767421259999,BTC,1m,90015.0,90023.0,90023.0,90015.0,0.77215,63
2026-01-03 06:21:00,1767421260000,1767421319999,BTC,1m,90022.0,90002.0,90023.0,90002.0,1.16937,69
2026-01-03 06:22:00,1767421320000,1767421379999,BTC,1m,90002.0,89998.0,90003.0,89998.0,6.0018,82
2026-01-03 06:23:00,1767421380000,1767421439999,BTC,1m,89998.0,89998.0,89999.0,89998.0,0.8667,46
2026-01-03 06:24:00,1767421440000,1767421499999,BTC,1m,89998.0,90001.0,90002.0,89998.0,0.70903,47
2026-01-03 06:25:00,1767421500000,1767421559999,BTC,1m,90001.0,89976.0,90002.0,89975.0,1.10818,88
2026-01-03 06:26:00,1767421560000,1767421619999,BTC,1m,89975.0,89946.0,89976.0,89946.0,13.89235,114
2026-01-03 06:27:00,1767421620000,1767421679999,BTC,1m,89946.0,89954.0,89955.0,89946.0,0.53291,38
2026-01-03 06:28:00,1767421680000,1767421739999,BTC,1m,89954.0,89934.0,89954.0,89932.0,17.311,123
2026-01-03 06:29:00,1767421740000,1767421799999,BTC,1m,89934.0,89939.0,89940.0,89925.0,9.91715,106
2026-01-03 06:30:00,1767421800000,1767421859999,BTC,1m,89939.0,89919.0,89940.0,89919.0,10.57312,89
2026-01-03 06:31:00,1767421860000,1767421919999,BTC,1m,89919.0,89910.0,89920.0,89910.0,6.31578,82
2026-01-03 06:32:00,1767421920000,1767421979999,BTC,1m,89910.0,89949.0,89950.0,89910.0,66.87922,266
2026-01-03 06:33:00,1767421980000,1767422039999,BTC,1m,89949.0,89990.0,89993.0,89949.0,3.41776,128
2026-01-03 06:34:00,1767422040000,1767422099999,BTC,1m,89990.0,89993.0,89994.0,89990.0,1.11078,50
2026-01-03 06:35:00,1767422100000,1767422159999,BTC,1m,89993.0,90008.0,90009.0,89993.0,1.76039,81
2026-01-03 06:36:00,1767422160000,1767422219999,BTC,1m,90008.0,89970.0,90008.0,89969.0,2.48359,107
2026-01-03 06:37:00,1767422220000,1767422279999,BTC,1m,89969.0,89946.0,89970.0,89945.0,3.51025,95
2026-01-03 06:38:00,1767422280000,1767422339999,BTC,1m,89945.0,89947.0,89948.0,89945.0,1.58682,37
2026-01-03 06:39:00,1767422340000,1767422399999,BTC,1m,89947.0,89914.0,89948.0,89911.0,1.44008,103
2026-01-03 06:40:00,1767422400000,1767422459999,BTC,1m,89914.0,89936.0,89937.0,89914.0,16.08845,122
2026-01-03 06:41:00,1767422460000,1767422519999,BTC,1m,89936.0,89890.0,89937.0,89890.0,2.36457,138
2026-01-03 06:42:00,1767422520000,1767422579999,BTC,1m,89890.0,89902.0,89903.0,89890.0,5.84967,82
2026-01-03 06:43:00,1767422580000,1767422639999,BTC,1m,89902.0,89911.0,89911.0,89902.0,0.624,46
2026-01-03 06:44:00,1767422640000,1767422699999,BTC,1m,89910.0,89845.0,89911.0,89845.0,10.85251,269
2026-01-03 06:45:00,1767422700000,1767422759999,BTC,1m,89845.0,89872.0,89872.0,89845.0,1.67881,65
2026-01-03 06:46:00,1767422760000,1767422819999,BTC,1m,89871.0,89853.0,89872.0,89852.0,1.68275,71
2026-01-03 06:47:00,1767422820000,1767422879999,BTC,1m,89852.0,89837.0,89861.0,89836.0,6.04455,110
2026-01-03 06:48:00,1767422880000,1767422939999,BTC,1m,89836.0,89812.0,89837.0,89812.0,6.481,133
2026-01-03 06:49:00,1767422940000,1767422999999,BTC,1m,89812.0,89813.0,89819.0,89811.0,5.17262,86
2026-01-03 06:50:00,1767423000000,1767423059999,BTC,1m,89812.0,89816.0,89816.0,89812.0,1.57276,44
2026-01-03 06:51:00,1767423060000,1767423119999,BTC,1m,89815.0,89837.0,89837.0,89815.0,2.23142,86
2026-01-03 06:52:00,1767423120000,1767423179999,BTC,1m,89836.0,89830.0,89837.0,89830.0,1.85903,74
2026-01-03 06:53:00,1767423180000,1767423239999,BTC,1m,89831.0,89828.0,89831.0,89821.0,11.4022,85
2026-01-03 06:54:00,1767423240000,1767423299999,BTC,1m,89828.0,89821.0,89828.0,89821.0,0.82327,44
2026-01-03 06:55:00,1767423300000,1767423359999,BTC,1m,89820.0,89820.0,89821.0,89820.0,0.83276,57
2026-01-03 06:56:00,1767423360000,1767423419999,BTC,1m,89821.0,89824.0,89824.0,89820.0,0.93396,44
2026-01-03 06:57:00,1767423420000,1767423479999,BTC,1m,89824.0,89844.0,89844.0,89824.0,1.35566,58
2026-01-03 06:58:00,1767423480000,1767423539999,BTC,1m,89845.0,89841.0,89859.0,89841.0,1.17662,72
2026-01-03 06:59:00,1767423540000,1767423599999,BTC,1m,89842.0,89836.0,89842.0,89835.0,0.76357,44
2026-01-03 07:00:00,1767423600000,1767423659999,BTC,1m,89835.0,89827.0,89835.0,89827.0,0.76225,75
2026-01-03 07:01:00,1767423660000,1767423719999,BTC,1m,89827.0,89880.0,89880.0,89827.0,5.4079,161
2026-01-03 07:02:00,1767423720000,1767423779999,BTC,1m,89880.0,89911.0,89911.0,89880.0,13.59667,184
2026-01-03 07:03:00,1767423780000,1767423839999,BTC,1m,89910.0,89883.0,89911.0,89883.0,3.53301,114
2026-01-03 07:04:00,1767423840000,1767423899999,BTC,1m,89883.0,89877.0,89883.0,89876.0,0.39241,49
2026-01-03 07:05:00,1767423900000,1767423959999,BTC,1m,89877.0,89877.0,89877.0,89877.0,0.0,0
2026-01-03 07:06:00,1767423960000,1767424019999,BTC,1m,89877.0,89877.0,89877.0,89877.0,0.0,0
2026-01-03 07:07:00,1767424020000,1767424079999,BTC,1m,89877.0,89877.0,89877.0,89877.0,0.0,0
2026-01-03 07:08:00,1767424080000,1767424139999,BTC,1m,89876.0,89888.0,89888.0,89876.0,3.54256,80
2026-01-03 07:09:00,1767424140000,1767424199999,BTC,1m,89888.0,89889.0,89889.0,89886.0,3.21714,52
2026-01-03 07:10:00,1767424200000,1767424259999,BTC,1m,89888.0,89889.0,89889.0,89888.0,2.84408,49
2026-01-03 07:11:00,1767424260000,1767424319999,BTC,1m,89887.0,89861.0,89888.0,89861.0,1.38068,107
2026-01-03 07:12:00,1767424320000,1767424379999,BTC,1m,89862.0,89777.0,89862.0,89773.0,21.56536,289
2026-01-03 07:13:00,1767424380000,1767424439999,BTC,1m,89778.0,89749.0,89778.0,89741.0,12.92174,212
2026-01-03 07:14:00,1767424440000,1767424499999,BTC,1m,89749.0,89732.0,89749.0,89732.0,2.92664,105
2026-01-03 07:15:00,1767424500000,1767424559999,BTC,1m,89732.0,89729.0,89732.0,89717.0,11.11714,120
2026-01-03 07:16:00,1767424560000,1767424619999,BTC,1m,89730.0,89701.0,89730.0,89689.0,24.57995,247
2026-01-03 07:17:00,1767424620000,1767424679999,BTC,1m,89701.0,89668.0,89701.0,89667.0,16.25905,244
2026-01-03 07:18:00,1767424680000,1767424739999,BTC,1m,89668.0,89660.0,89678.0,89639.0,19.14657,293
2026-01-03 07:19:00,1767424740000,1767424799999,BTC,1m,89661.0,89653.0,89665.0,89643.0,1.98517,134
2026-01-03 07:20:00,1767424800000,1767424859999,BTC,1m,89653.0,89556.0,89653.0,89552.0,126.78803,789
2026-01-03 07:21:00,1767424860000,1767424919999,BTC,1m,89556.0,89539.0,89563.0,89495.0,137.93321,705
2026-01-03 07:22:00,1767424920000,1767424979999,BTC,1m,89539.0,89439.0,89539.0,89392.0,90.475,1023
2026-01-03 07:23:00,1767424980000,1767425039999,BTC,1m,89439.0,89464.0,89566.0,89427.0,229.10505,810
2026-01-03 07:24:00,1767425040000,1767425099999,BTC,1m,89465.0,89528.0,89575.0,89464.0,169.70391,888
2026-01-03 07:25:00,1767425100000,1767425159999,BTC,1m,89528.0,89521.0,89528.0,89475.0,164.05493,673
2026-01-03 07:26:00,1767425160000,1767425219999,BTC,1m,89522.0,89509.0,89524.0,89497.0,6.41768,164
2026-01-03 07:27:00,1767425220000,1767425279999,BTC,1m,89505.0,89398.0,89505.0,89344.0,317.76747,882
2026-01-03 07:28:00,1767425280000,1767425339999,BTC,1m,89399.0,89366.0,89411.0,89366.0,10.6592,239
2026-01-03 07:29:00,1767425340000,1767425399999,BTC,1m,89367.0,89369.0,89405.0,89350.0,15.80218,238
2026-01-03 07:30:00,1767425400000,1767425459999,BTC,1m,89368.0,89404.0,89413.0,89269.0,159.53704,961
2026-01-03 07:31:00,1767425460000,1767425519999,BTC,1m,89404.0,89452.0,89460.0,89404.0,54.74666,386
2026-01-03 07:32:00,1767425520000,1767425579999,BTC,1m,89451.0,89455.0,89480.0,89404.0,74.84373,344
2026-01-03 07:33:00,1767425580000,1767425639999,BTC,1m,89455.0,89417.0,89455.0,89407.0,24.65715,281
2026-01-03 07:34:00,1767425640000,1767425699999,BTC,1m,89418.0,89384.0,89419.0,89384.0,4.23938,154
2026-01-03 07:35:00,1767425700000,1767425759999,BTC,1m,89382.0,89440.0,89477.0,89381.0,37.06813,401
2026-01-03 07:36:00,1767425760000,1767425819999,BTC,1m,89440.0,89447.0,89462.0,89431.0,2.12271,164
2026-01-03 07:37:00,1767425820000,1767425879999,BTC,1m,89448.0,89450.0,89450.0,89421.0,6.77579,179
2026-01-03 07:38:00,1767425880000,1767425939999,BTC,1m,89450.0,89493.0,89497.0,89443.0,22.20505,275
2026-01-03 07:39:00,1767425940000,1767425999999,BTC,1m,89493.0,89504.0,89505.0,89429.0,82.79942,393
2026-01-03 07:40:00,1767426000000,1767426059999,BTC,1m,89504.0,89544.0,89548.0,89504.0,21.40238,273
2026-01-03 07:41:00,1767426060000,1767426119999,BTC,1m,89543.0,89533.0,89543.0,89493.0,72.36231,281
2026-01-03 07:42:00,1767426120000,1767426179999,BTC,1m,89533.0,89504.0,89533.0,89474.0,27.65739,232
2026-01-03 07:43:00,1767426180000,1767426239999,BTC,1m,89505.0,89528.0,89535.0,89505.0,5.62156,137
2026-01-03 07:44:00,1767426240000,1767426299999,BTC,1m,89528.0,89525.0,89528.0,89490.0,1.80522,168
2026-01-03 07:45:00,1767426300000,1767426359999,BTC,1m,89525.0,89533.0,89549.0,89524.0,11.20372,150
2026-01-03 07:46:00,1767426360000,1767426419999,BTC,1m,89532.0,89443.0,89532.0,89440.0,3.00443,204
2026-01-03 07:47:00,1767426420000,1767426479999,BTC,1m,89443.0,89479.0,89480.0,89432.0,19.34674,209
2026-01-03 07:48:00,1767426480000,1767426539999,BTC,1m,89481.0,89520.0,89520.0,89481.0,15.0369,142
2026-01-03 07:49:00,1767426540000,1767426599999,BTC,1m,89516.0,89509.0,89522.0,89500.0,2.41458,121
2026-01-03 07:50:00,1767426600000,1767426659999,BTC,1m,89509.0,89500.0,89509.0,89491.0,2.70154,91
2026-01-03 07:51:00,1767426660000,1767426719999,BTC,1m,89495.0,89488.0,89508.0,89480.0,6.24042,136
2026-01-03 07:52:00,1767426720000,1767426779999,BTC,1m,89481.0,89512.0,89526.0,89480.0,1.60218,137
2026-01-03 07:53:00,1767426780000,1767426839999,BTC,1m,89511.0,89486.0,89512.0,89471.0,10.92892,171
2026-01-03 07:54:00,1767426840000,1767426899999,BTC,1m,89486.0,89520.0,89520.0,89486.0,17.77116,181
2026-01-03 07:55:00,1767426900000,1767426959999,BTC,1m,89520.0,89490.0,89520.0,89490.0,25.63895,209
2026-01-03 07:56:00,1767426960000,1767427019999,BTC,1m,89490.0,89488.0,89491.0,89463.0,7.83428,167
2026-01-03 07:57:00,1767427020000,1767427079999,BTC,1m,89488.0,89522.0,89550.0,89488.0,2.32669,219
2026-01-03 07:58:00,1767427080000,1767427139999,BTC,1m,89522.0,89536.0,89536.0,89521.0,0.34982,78
2026-01-03 07:59:00,1767427140000,1767427199999,BTC,1m,89536.0,89528.0,89537.0,89528.0,1.51493,73
2026-01-03 08:00:00,1767427200000,1767427259999,BTC,1m,89529.0,89521.0,89556.0,89484.0,8.91738,326
2026-01-03 08:01:00,1767427260000,1767427319999,BTC,1m,89522.0,89559.0,89576.0,89521.0,1.93327,154
2026-01-03 08:02:00,1767427320000,1767427379999,BTC,1m,89560.0,89576.0,89576.0,89552.0,2.53868,102
2026-01-03 08:03:00,1767427380000,1767427439999,BTC,1m,89576.0,89654.0,89660.0,89575.0,15.14633,312
2026-01-03 08:04:00,1767427440000,1767427499999,BTC,1m,89654.0,89573.0,89654.0,89571.0,5.97003,217
2026-01-03 08:05:00,1767427500000,1767427559999,BTC,1m,89574.0,89535.0,89574.0,89530.0,26.36805,310
2026-01-03 08:06:00,1767427560000,1767427619999,BTC,1m,89536.0,89487.0,89536.0,89473.0,21.15801,234
2026-01-03 08:07:00,1767427620000,1767427679999,BTC,1m,89487.0,89394.0,89488.0,89391.0,20.92011,387
2026-01-03 08:08:00,1767427680000,1767427739999,BTC,1m,89394.0,89419.0,89419.0,89389.0,3.72644,148
2026-01-03 08:09:00,1767427740000,1767427799999,BTC,1m,89419.0,89479.0,89480.0,89419.0,5.79994,163
2026-01-03 08:10:00,1767427800000,1767427859999,BTC,1m,89479.0,89450.0,89498.0,89448.0,3.03641,153
2026-01-03 08:11:00,1767427860000,1767427919999,BTC,1m,89451.0,89470.0,89470.0,89450.0,5.50403,87
2026-01-03 08:12:00,1767427920000,1767427979999,BTC,1m,89470.0,89485.0,89485.0,89469.0,1.0745,75
2026-01-03 08:13:00,1767427980000,1767428039999,BTC,1m,89485.0,89489.0,89489.0,89484.0,6.78891,71
2026-01-03 08:14:00,1767428040000,1767428099999,BTC,1m,89489.0,89487.0,89489.0,89487.0,0.62199,51
2026-01-03 08:15:00,1767428100000,1767428159999,BTC,1m,89488.0,89489.0,89489.0,89487.0,0.52447,48
2026-01-03 08:16:00,1767428160000,1767428219999,BTC,1m,89489.0,89509.0,89509.0,89477.0,5.52115,179
2026-01-03 08:17:00,1767428220000,1767428279999,BTC,1m,89508.0,89522.0,89522.0,89507.0,0.80996,72
2026-01-03 08:18:00,1767428280000,1767428339999,BTC,1m,89521.0,89533.0,89541.0,89520.0,7.25786,131
2026-01-03 08:19:00,1767428340000,1767428399999,BTC,1m,89534.0,89528.0,89534.0,89527.0,2.9708,83
2026-01-03 08:20:00,1767428400000,1767428459999,BTC,1m,89528.0,89517.0,89528.0,89516.0,2.95889,95
2026-01-03 08:21:00,1767428460000,1767428519999,BTC,1m,89517.0,89526.0,89526.0,89514.0,1.39316,102
2026-01-03 08:22:00,1767428520000,1767428579999,BTC,1m,89526.0,89489.0,89526.0,89489.0,4.57099,138
2026-01-03 08:23:00,1767428580000,1767428639999,BTC,1m,89490.0,89529.0,89529.0,89489.0,3.28064,111
2026-01-03 08:24:00,1767428640000,1767428699999,BTC,1m,89530.0,89546.0,89552.0,89530.0,7.97883,119
2026-01-03 08:25:00,1767428700000,1767428759999,BTC,1m,89546.0,89601.0,89602.0,89546.0,102.90575,360
2026-01-03 08:26:00,1767428760000,1767428819999,BTC,1m,89601.0,89639.0,89649.0,89570.0,105.84635,390
2026-01-03 08:27:00,1767428820000,1767428879999,BTC,1m,89639.0,89705.0,89802.0,89639.0,319.30969,1368
2026-01-03 08:28:00,1767428880000,1767428939999,BTC,1m,89708.0,89663.0,89708.0,89653.0,7.33225,236
2026-01-03 08:29:00,1767428940000,1767428999999,BTC,1m,89664.0,89700.0,89717.0,89661.0,28.97561,282
2026-01-03 08:30:00,1767429000000,1767429059999,BTC,1m,89700.0,89651.0,89728.0,89651.0,38.14112,507
2026-01-03 08:31:00,1767429060000,1767429119999,BTC,1m,89652.0,89668.0,89680.0,89626.0,53.59742,370
2026-01-03 08:32:00,1767429120000,1767429179999,BTC,1m,89663.0,89643.0,89663.0,89643.0,0.96139,167
2026-01-03 08:33:00,1767429180000,1767429239999,BTC,1m,89644.0,89709.0,89709.0,89643.0,2.81209,163
2026-01-03 08:34:00,1767429240000,1767429299999,BTC,1m,89713.0,89733.0,89755.0,89712.0,25.70891,270
2026-01-03 08:35:00,1767429300000,1767429359999,BTC,1m,89733.0,89732.0,89738.0,89716.0,10.28733,170
2026-01-03 08:36:00,1767429360000,1767429419999,BTC,1m,89731.0,89732.0,89732.0,89731.0,1.74589,42
2026-01-03 08:37:00,1767429420000,1767429479999,BTC,1m,89732.0,89765.0,89765.0,89731.0,17.38962,149
2026-01-03 08:38:00,1767429480000,1767429539999,BTC,1m,89765.0,89764.0,89776.0,89763.0,12.10381,172
2026-01-03 08:39:00,1767429540000,1767429599999,BTC,1m,89763.0,89731.0,89763.0,89731.0,6.63296,219
2026-01-03 08:40:00,1767429600000,1767429659999,BTC,1m,89732.0,89742.0,89742.0,89724.0,15.81893,164
2026-01-03 08:41:00,1767429660000,1767429719999,BTC,1m,89742.0,89728.0,89752.0,89724.0,26.66306,187
2026-01-03 08:42:00,1767429720000,1767429779999,BTC,1m,89728.0,89734.0,89740.0,89724.0,27.27422,219
2026-01-03 08:43:00,1767429780000,1767429839999,BTC,1m,89734.0,89775.0,89785.0,89734.0,27.35153,211
2026-01-03 08:44:00,1767429840000,1767429899999,BTC,1m,89775.0,89764.0,89778.0,89763.0,5.52689,75
2026-01-03 08:45:00,1767429900000,1767429959999,BTC,1m,89763.0,89769.0,89769.0,89760.0,31.04736,142
2026-01-03 08:46:00,1767429960000,1767430019999,BTC,1m,89770.0,89776.0,89777.0,89770.0,12.29906,93
2026-01-03 08:47:00,1767430020000,1767430079999,BTC,1m,89776.0,89787.0,89788.0,89775.0,0.93763,76
2026-01-03 08:48:00,1767430080000,1767430139999,BTC,1m,89787.0,89730.0,89788.0,89729.0,10.80922,182
2026-01-03 08:49:00,1767430140000,1767430199999,BTC,1m,89730.0,89704.0,89730.0,89656.0,82.86373,491
2026-01-03 08:50:00,1767430200000,1767430259999,BTC,1m,89704.0,89701.0,89705.0,89697.0,1.42452,106
2026-01-03 08:51:00,1767430260000,1767430319999,BTC,1m,89701.0,89728.0,89729.0,89690.0,2.38069,149
2026-01-03 08:52:00,1767430320000,1767430379999,BTC,1m,89729.0,89698.0,89729.0,89697.0,0.56806,110
2026-01-03 08:53:00,1767430380000,1767430439999,BTC,1m,89697.0,89697.0,89698.0,89697.0,1.76286,69
2026-01-03 08:54:00,1767430440000,1767430499999,BTC,1m,89698.0,89697.0,89698.0,89697.0,2.62806,76
2026-01-03 08:55:00,1767430500000,1767430559999,BTC,1m,89697.0,89658.0,89697.0,89658.0,3.09994,144
2026-01-03 08:56:00,1767430560000,1767430619999,BTC,1m,89658.0,89656.0,89658.0,89645.0,3.67367,142
2026-01-03 08:57:00,1767430620000,1767430679999,BTC,1m,89655.0,89636.0,89656.0,89634.0,4.47041,157
2026-01-03 08:58:00,1767430680000,1767430739999,BTC,1m,89636.0,89641.0,89641.0,89621.0,8.63401,177
2026-01-03 08:59:00,1767430740000,1767430799999,BTC,1m,89641.0,89637.0,89641.0,89637.0,0.80704,78
2026-01-03 09:00:00,1767430800000,1767430859999,BTC,1m,89637.0,89639.0,89639.0,89628.0,1.70543,99
2026-01-03 09:01:00,1767430860000,1767430919999,BTC,1m,89638.0,89618.0,89639.0,89618.0,2.64516,120
2026-01-03 09:02:00,1767430920000,1767430979999,BTC,1m,89618.0,89669.0,89669.0,89618.0,2.02618,156
2026-01-03 09:03:00,1767430980000,1767431039999,BTC,1m,89669.0,89660.0,89669.0,89660.0,2.90509,113
2026-01-03 09:04:00,1767431040000,1767431099999,BTC,1m,89661.0,89666.0,89667.0,89657.0,0.67365,95
2026-01-03 09:05:00,1767431100000,1767431159999,BTC,1m,89667.0,89646.0,89667.0,89646.0,5.663,171
2026-01-03 09:06:00,1767431160000,1767431219999,BTC,1m,89647.0,89649.0,89650.0,89646.0,1.02121,90
2026-01-03 09:07:00,1767431220000,1767431279999,BTC,1m,89650.0,89642.0,89658.0,89639.0,1.78691,184
2026-01-03 09:08:00,1767431280000,1767431339999,BTC,1m,89642.0,89626.0,89642.0,89626.0,4.21278,128
2026-01-03 09:09:00,1767431340000,1767431399999,BTC,1m,89627.0,89603.0,89627.0,89602.0,22.82667,161
2026-01-03 09:10:00,1767431400000,1767431459999,BTC,1m,89603.0,89661.0,89662.0,89602.0,5.71876,210
2026-01-03 09:11:00,1767431460000,1767431519999,BTC,1m,89661.0,89668.0,89668.0,89659.0,5.15649,115
2026-01-03 09:12:00,1767431520000,1767431579999,BTC,1m,89667.0,89642.0,89668.0,89641.0,2.56734,116
2026-01-03 09:13:00,1767431580000,1767431639999,BTC,1m,89641.0,89642.0,89642.0,89641.0,1.52675,81
2026-01-03 09:14:00,1767431640000,1767431699999,BTC,1m,89642.0,89642.0,89642.0,89641.0,2.9984,63
2026-01-03 09:15:00,1767431700000,1767431759999,BTC,1m,89642.0,89629.0,89659.0,89629.0,5.28755,176
2026-01-03 09:16:00,1767431760000,1767431819999,BTC,1m,89630.0,89630.0,89630.0,89629.0,0.85956,59
2026-01-03 09:17:00,1767431820000,1767431879999,BTC,1m,89630.0,89625.0,89630.0,89624.0,3.4208,81
2026-01-03 09:18:00,1767431880000,1767431939999,BTC,1m,89625.0,89608.0,89625.0,89608.0,0.84992,82
2026-01-03 09:19:00,1767431940000,1767431999999,BTC,1m,89609.0,89647.0,89647.0,89608.0,2.3024,131
2026-01-03 09:20:00,1767432000000,1767432059999,BTC,1m,89647.0,89590.0,89647.0,89589.0,12.59457,186
2026-01-03 09:21:00,1767432060000,1767432119999,BTC,1m,89590.0,89607.0,89607.0,89589.0,5.90443,97
2026-01-03 09:22:00,1767432120000,1767432179999,BTC,1m,89607.0,89648.0,89653.0,89606.0,44.27085,328
2026-01-03 09:23:00,1767432180000,1767432239999,BTC,1m,89647.0,89648.0,89648.0,89647.0,2.252,65
2026-01-03 09:24:00,1767432240000,1767432299999,BTC,1m,89648.0,89654.0,89654.0,89647.0,4.19889,92
2026-01-03 09:25:00,1767432300000,1767432359999,BTC,1m,89655.0,89725.0,89743.0,89655.0,110.70253,635
2026-01-03 09:26:00,1767432360000,1767432419999,BTC,1m,89725.0,89762.0,89786.0,89725.0,177.98859,681
2026-01-03 09:27:00,1767432420000,1767432479999,BTC,1m,89761.0,89806.0,89806.0,89761.0,22.60356,223
2026-01-03 09:28:00,1767432480000,1767432539999,BTC,1m,89806.0,89779.0,89818.0,89772.0,26.6891,299
