time,t,T,s,i,open,close,high,low,volume,n
2025-12-30 22:09:00,1767132540000,1767132599999,DOGE,1m,0.12301,0.12301,0.12301,0.12301,122.0,1
2025-12-30 22:10:00,1767132600000,1767132659999,DOGE,1m,0.12303,0.12301,0.12303,0.12301,590.0,3
2025-12-30 22:11:00,1767132660000,1767132719999,DOGE,1m,0.12303,0.12307,0.12309,0.12303,106124.0,17
2025-12-30 22:12:00,1767132720000,1767132779999,DOGE,1m,0.12307,0.12308,0.12308,0.12307,59052.0,5
2025-12-30 22:13:00,1767132780000,1767132839999,DOGE,1m,0.12308,0.12309,0.12309,0.12308,52151.0,6
2025-12-30 22:14:00,1767132840000,1767132899999,DOGE,1m,0.12302,0.12303,0.12303,0.12302,220614.0,16
2025-12-30 22:15:00,1767132900000,1767132959999,DOGE,1m,0.12304,0.12307,0.12308,0.12304,208520.0,33
2025-12-30 22:16:00,1767132960000,1767133019999,DOGE,1m,0.12302,0.12303,0.12303,0.123,738707.0,34
2025-12-30 22:17:00,1767133020000,1767133079999,DOGE,1m,0.12302,0.12308,0.12308,0.12301,185632.0,28
2025-12-30 22:18:00,1767133080000,1767133139999,DOGE,1m,0.12308,0.12301,0.12308,0.12301,69487.0,8
2025-12-30 22:19:00,1767133140000,1767133199999,DOGE,1m,0.123,0.12306,0.12306,0.123,44471.0,8
2025-12-30 22:20:00,1767133200000,1767133259999,DOGE,1m,0.12309,0.1231,0.1231,0.12308,27286.0,3
2025-12-30 22:21:00,1767133260000,1767133319999,DOGE,1m,0.1231,0.12303,0.1231,0.12303,123775.0,15
2025-12-30 22:22:00,1767133320000,1767133379999,DOGE,1m,0.12303,0.12303,0.12303,0.12303,0.0,0
2025-12-30 22:23:00,1767133380000,1767133439999,DOGE,1m,0.12311,0.12311,0.12312,0.12311,72550.0,21
2025-12-30 22:24:00,1767133440000,1767133499999,DOGE,1m,0.12313,0.12319,0.12319,0.12313,58497.0,4
2025-12-30 22:25:00,1767133500000,1767133559999,DOGE,1m,0.12314,0.12314,0.12314,0.12311,22864.0,9
2025-12-30 22:26:00,1767133560000,1767133619999,DOGE,1m,0.12314,0.12314,0.12315,0.12314,11977.0,7
2025-12-30 22:27:00,1767133620000,1767133679999,DOGE,1m,0.12315,0.12315,0.12315,0.12315,157.0,1
2025-12-30 22:28:00,1767133680000,1767133739999,DOGE,1m,0.12315,0.12315,0.12315,0.12315,10000.0,1
2025-12-30 22:29:00,1767133740000,1767133799999,DOGE,1m,0.12313,0.12313,0.12313,0.12313,568.0,1
2025-12-30 22:30:00,1767133800000,1767133859999,DOGE,1m,0.12312,0.12317,0.12317,0.12312,1393.0,4
2025-12-30 22:31:00,1767133860000,1767133919999,DOGE,1m,0.12318,0.12318,0.12318,0.12318,126.0,1
2025-12-30 22:32:00,1767133920000,1767133979999,DOGE,1m,0.12312,0.12315,0.12315,0.12312,720.0,3
2025-12-30 22:33:00,1767133980000,1767134039999,DOGE,1m,0.12311,0.12312,0.12312,0.12311,331.0,2
2025-12-30 22:34:00,1767134040000,1767134099999,DOGE,1m,0.12312,0.12311,0.12312,0.12311,298.0,2
2025-12-30 22:35:00,1767134100000,1767134159999,DOGE,1m,0.12311,0.12312,0.12312,0.1231,45577.0,7
2025-12-30 22:36:00,1767134160000,1767134219999,DOGE,1m,0.12312,0.12304,0.12312,0.12304,65637.0,5
2025-12-30 22:37:00,1767134220000,1767134279999,DOGE,1m,0.12304,0.12304,0.12304,0.12304,0.0,0
2025-12-30 22:38:00,1767134280000,1767134339999,DOGE,1m,0.12305,0.12307,0.12307,0.12305,52075.0,8
2025-12-30 22:39:00,1767134340000,1767134399999,DOGE,1m,0.12307,0.12307,0.12307,0.12307,0.0,0
2025-12-30 22:40:00,1767134400000,1767134459999,DOGE,1m,0.12308,0.1231,0.1231,0.12308,26970.0,11
2025-12-30 22:41:00,1767134460000,1767134519999,DOGE,1m,0.12312,0.12312,0.12312,0.1231,24913.0,5
2025-12-30 22:42:00,1767134520000,1767134579999,DOGE,1m,0.1231,0.12311,0.12311,0.1231,394.0,2
2025-12-30 22:43:00,1767134580000,1767134639999,DOGE,1m,0.12309,0.12312,0.12312,0.12309,37898.0,2
2025-12-30 22:44:00,1767134640000,1767134699999,DOGE,1m,0.12316,0.12315,0.12316,0.12315,814.0,3
2025-12-30 22:45:00,1767134700000,1767134759999,DOGE,1m,0.12314,0.12314,0.12314,0.12313,980.0,6
2025-12-30 22:46:00,1767134760000,1767134819999,DOGE,1m,0.12315,0.1232,0.1232,0.12315,16957.0,6
2025-12-30 22:47:00,1767134820000,1767134879999,DOGE,1m,0.12319,0.12319,0.12319,0.12319,561.0,1
2025-12-30 22:48:00,1767134880000,1767134939999,DOGE,1m,0.12323,0.12323,0.12323,0.12323,154.0,2
2025-12-30 22:49:00,1767134940000,1767134999999,DOGE,1m,0.12323,0.12323,0.12323,0.12323,0.0,0
2025-12-30 22:50:00,1767135000000,1767135059999,DOGE,1m,0.12317,0.12316,0.12317,0.12316,253.0,3
2025-12-30 22:51:00,1767135060000,1767135119999,DOGE,1m,0.12316,0.12316,0.12316,0.12316,0.0,0
2025-12-30 22:52:00,1767135120000,1767135179999,DOGE,1m,0.12317,0.12318,0.12318,0.12317,782.0,4
2025-12-30 22:53:00,1767135180000,1767135239999,DOGE,1m,0.1232,0.12321,0.12321,0.1232,5514.0,2
2025-12-30 22:54:00,1767135240000,1767135299999,DOGE,1m,0.12322,0.12322,0.12322,0.12322,14140.0,1
2025-12-30 22:55:00,1767135300000,1767135359999,DOGE,1m,0.12322,0.1232,0.12322,0.1232,38245.0,7
2025-12-30 22:56:00,1767135360000,1767135419999,DOGE,1m,0.12321,0.12321,0.12321,0.12321,1071.0,1
2025-12-30 22:57:00,1767135420000,1767135479999,DOGE,1m,0.12322,0.12322,0.12322,0.12322,7858.0,1
2025-12-30 22:58:00,1767135480000,1767135539999,DOGE,1m,0.1232,0.12324,0.12324,0.12317,44273.0,4
2025-12-30 22:59:00,1767135540000,1767135599999,DOGE,1m,0.12315,0.12318,0.12319,0.12313,248113.0,25
2025-12-30 23:00:00,1767135600000,1767135659999,DOGE,1m,0.12316,0.12321,0.12322,0.1231,77563.0,21
2025-12-30 23:01:00,1767135660000,1767135719999,DOGE,1m,0.12321,0.12319,0.12321,0.12319,12117.0,5
2025-12-30 23:02:00,1767135720000,1767135779999,DOGE,1m,0.12312,0.12322,0.12329,0.12312,91472.0,19
2025-12-30 23:03:00,1767135780000,1767135839999,DOGE,1m,0.12312,0.12312,0.12312,0.12312,331.0,1
2025-12-30 23:04:00,1767135840000,1767135899999,DOGE,1m,0.12313,0.12303,0.12313,0.12303,5261.0,3
2025-12-30 23:05:00,1767135900000,1767135959999,DOGE,1m,0.12305,0.12309,0.1231,0.12305,55372.0,6
2025-12-30 23:06:00,1767135960000,1767136019999,DOGE,1m,0.12309,0.12309,0.12309,0.12309,0.0,0
2025-12-30 23:07:00,1767136020000,1767136079999,DOGE,1m,0.12315,0.12319,0.12319,0.12315,344.0,2
2025-12-30 23:08:00,1767136080000,1767136139999,DOGE,1m,0.12314,0.12313,0.12314,0.12313,624.0,3
2025-12-30 23:09:00,1767136140000,1767136199999,DOGE,1m,0.12315,0.12315,0.12315,0.12315,136.0,1
2025-12-30 23:10:00,1767136200000,1767136259999,DOGE,1m,0.1232,0.1232,0.1232,0.1232,5812.0,1
2025-12-30 23:11:00,1767136260000,1767136319999,DOGE,1m,0.1232,0.1232,0.1232,0.1232,0.0,0
2025-12-30 23:12:00,1767136320000,1767136379999,DOGE,1m,0.12316,0.12317,0.12317,0.12314,47420.0,7
2025-12-30 23:13:00,1767136380000,1767136439999,DOGE,1m,0.12317,0.12317,0.12317,0.12317,0.0,0
2025-12-30 23:14:00,1767136440000,1767136499999,DOGE,1m,0.12318,0.12314,0.12318,0.12314,30209.0,4
2025-12-30 23:15:00,1767136500000,1767136559999,DOGE,1m,0.12317,0.12316,0.12318,0.12316,22834.0,4
2025-12-30 23:16:00,1767136560000,1767136619999,DOGE,1m,0.12309,0.12313,0.12313,0.12309,18958.0,2
2025-12-30 23:17:00,1767136620000,1767136679999,DOGE,1m,0.12324,0.12331,0.12331,0.12324,22727.0,3
2025-12-30 23:18:00,1767136680000,1767136739999,DOGE,1m,0.12331,0.12321,0.12331,0.1232,23824.0,6
2025-12-30 23:19:00,1767136740000,1767136799999,DOGE,1m,0.12322,0.12326,0.12326,0.12322,36928.0,9
2025-12-30 23:20:00,1767136800000,1767136859999,DOGE,1m,0.12323,0.12324,0.12324,0.12323,18311.0,4
2025-12-30 23:21:00,1767136860000,1767136919999,DOGE,1m,0.12325,0.12326,0.12326,0.12325,124633.0,13
2025-12-30 23:22:00,1767136920000,1767136979999,DOGE,1m,0.12323,0.12322,0.12324,0.12322,138225.0,13
2025-12-30 23:23:00,1767136980000,1767137039999,DOGE,1m,0.12322,0.12323,0.12323,0.12322,121403.0,4
2025-12-30 23:24:00,1767137040000,1767137099999,DOGE,1m,0.12323,0.12325,0.12328,0.12323,133918.0,9
2025-12-30 23:25:00,1767137100000,1767137159999,DOGE,1m,0.12326,0.12324,0.12327,0.12324,124760.0,12
2025-12-30 23:26:00,1767137160000,1767137219999,DOGE,1m,0.12324,0.12327,0.12328,0.12324,151898.0,8
2025-12-30 23:27:00,1767137220000,1767137279999,DOGE,1m,0.12327,0.12326,0.12327,0.12326,129356.0,8
2025-12-30 23:28:00,1767137280000,1767137339999,DOGE,1m,0.12327,0.12325,0.12327,0.12325,125069.0,5
2025-12-30 23:29:00,1767137340000,1767137399999,DOGE,1m,0.12324,0.12335,0.12335,0.12324,117817.0,10
2025-12-30 23:30:00,1767137400000,1767137459999,DOGE,1m,0.12336,0.12336,0.12337,0.12334,163104.0,21
2025-12-30 23:31:00,1767137460000,1767137519999,DOGE,1m,0.12337,0.12341,0.12341,0.12335,135128.0,12
2025-12-30 23:32:00,1767137520000,1767137579999,DOGE,1m,0.12335,0.12335,0.12336,0.12335,134301.0,8
2025-12-30 23:33:00,1767137580000,1767137639999,DOGE,1m,0.12335,0.12337,0.12337,0.12335,126726.0,7
2025-12-30 23:34:00,1767137640000,1767137699999,DOGE,1m,0.12337,0.12329,0.12337,0.12329,128026.0,5
2025-12-30 23:35:00,1767137700000,1767137759999,DOGE,1m,0.12329,0.12333,0.12333,0.12328,128802.0,8
2025-12-30 23:36:00,1767137760000,1767137819999,DOGE,1m,0.12331,0.12332,0.12332,0.12331,131546.0,5
2025-12-30 23:37:00,1767137820000,1767137879999,DOGE,1m,0.12332,0.12332,0.12333,0.12331,131786.0,7
2025-12-30 23:38:00,1767137880000,1767137939999,DOGE,1m,0.12333,0.12331,0.12334,0.12331,129504.0,6
2025-12-30 23:39:00,1767137940000,1767137999999,DOGE,1m,0.12329,0.12325,0.12329,0.12325,131576.0,5
2025-12-30 23:40:00,1767138000000,1767138059999,DOGE,1m,0.12328,0.1233,0.1233,0.12327,131496.0,11
2025-12-30 23:41:00,1767138060000,1767138119999,DOGE,1m,0.1233,0.12328,0.12331,0.12328,124531.0,8
2025-12-30 23:42:00,1767138120000,1767138179999,DOGE,1m,0.12326,0.12322,0.12326,0.12322,133929.0,4
2025-12-30 23:43:00,1767138180000,1767138239999,DOGE,1m,0.12321,0.12321,0.12322,0.12321,125412.0,6
2025-12-30 23:44:00,1767138240000,1767138299999,DOGE,1m,0.12322,0.12323,0.12323,0.12322,136105.0,6
2025-12-30 23:45:00,1767138300000,1767138359999,DOGE,1m,0.12326,0.12325,0.12326,0.12325,166445.0,10
2025-12-30 23:46:00,1767138360000,1767138419999,DOGE,1m,0.12326,0.12321,0.12327,0.12321,127020.0,7
2025-12-30 23:47:00,1767138420000,1767138479999,DOGE,1m,0.12321,0.12321,0.12321,0.1232,156951.0,7
2025-12-30 23:48:00,1767138480000,1767138539999,DOGE,1m,0.12327,0.12325,0.12327,0.12323,125177.0,13
2025-12-30 23:49:00,1767138540000,1767138599999,DOGE,1m,0.12325,0.12325,0.12326,0.12324,130626.0,8
2025-12-30 23:50:00,1767138600000,1767138659999,DOGE,1m,0.12327,0.12328,0.12328,0.12327,122592.0,8
2025-12-30 23:51:00,1767138660000,1767138719999,DOGE,1m,0.12332,0.12337,0.12338,0.12332,143720.0,5
2025-12-30 23:52:00,1767138720000,1767138779999,DOGE,1m,0.12336,0.12333,0.12336,0.12333,120005.0,5
2025-12-30 23:53:00,1767138780000,1767138839999,DOGE,1m,0.12331,0.12331,0.12333,0.12331,137199.0,5
2025-12-30 23:54:00,1767138840000,1767138899999,DOGE,1m,0.12335,0.12336,0.12336,0.12335,118264.0,9
2025-12-30 23:55:00,1767138900000,1767138959999,DOGE,1m,0.12336,0.12338,0.12338,0.12336,132632.0,6
2025-12-30 23:56:00,1767138960000,1767139019999,DOGE,1m,0.12336,0.1234,0.1234,0.12336,135877.0,11
2025-12-30 23:57:00,1767139020000,1767139079999,DOGE,1m,0.12339,0.12338,0.12339,0.12336,143613.0,8
2025-12-30 23:58:00,1767139080000,1767139139999,DOGE,1m,0.12335,0.12337,0.12337,0.12335,139428.0,9
2025-12-30 23:59:00,1767139140000,1767139199999,DOGE,1m,0.12336,0.12329,0.12336,0.12329,256152.0,15
2025-12-31 00:00:00,1767139200000,1767139259999,DOGE,1m,0.12328,0.12312,0.12329,0.12309,286881.0,38
2025-12-31 00:01:00,1767139260000,1767139319999,DOGE,1m,0.1231,0.12309,0.12313,0.12309,122238.0,11
2025-12-31 00:02:00,1767139320000,1767139379999,DOGE,1m,0.12306,0.12314,0.12314,0.12305,481859.0,31
2025-12-31 00:03:00,1767139380000,1767139439999,DOGE,1m,0.12315,0.12313,0.12315,0.12308,572455.0,36
2025-12-31 00:04:00,1767139440000,1767139499999,DOGE,1m,0.12315,0.12313,0.12315,0.12313,127931.0,10
2025-12-31 00:05:00,1767139500000,1767139559999,DOGE,1m,0.12317,0.12313,0.12318,0.12312,139047.0,15
2025-12-31 00:06:00,1767139560000,1767139619999,DOGE,1m,0.12313,0.12306,0.12313,0.12306,66782.0,5
2025-12-31 00:07:00,1767139620000,1767139679999,DOGE,1m,0.12301,0.12291,0.12301,0.12291,33918.0,9
2025-12-31 00:08:00,1767139680000,1767139739999,DOGE,1m,0.1229,0.12285,0.1229,0.12285,30626.0,7
2025-12-31 00:09:00,1767139740000,1767139799999,DOGE,1m,0.12292,0.12293,0.12293,0.12292,25369.0,9
2025-12-31 00:10:00,1767139800000,1767139859999,DOGE,1m,0.12294,0.12293,0.12294,0.12293,9670.0,4
2025-12-31 00:11:00,1767139860000,1767139919999,DOGE,1m,0.12295,0.12293,0.12295,0.12293,16097.0,5
2025-12-31 00:12:00,1767139920000,1767139979999,DOGE,1m,0.12296,0.12295,0.12296,0.12295,14184.0,6
2025-12-31 00:13:00,1767139980000,1767140039999,DOGE,1m,0.12296,0.12302,0.12302,0.12296,20743.0,6
2025-12-31 00:14:00,1767140040000,1767140099999,DOGE,1m,0.12302,0.12298,0.12302,0.12298,322.0,2
2025-12-31 00:15:00,1767140100000,1767140159999,DOGE,1m,0.12297,0.12302,0.12302,0.12297,14931.0,9
2025-12-31 00:16:00,1767140160000,1767140219999,DOGE,1m,0.12305,0.12309,0.12309,0.12305,1127.0,3
2025-12-31 00:17:00,1767140220000,1767140279999,DOGE,1m,0.12309,0.12304,0.12309,0.12304,547.0,3
2025-12-31 00:18:00,1767140280000,1767140339999,DOGE,1m,0.12301,0.12301,0.12301,0.12301,1617.0,2
2025-12-31 00:19:00,1767140340000,1767140399999,DOGE,1m,0.12303,0.12293,0.12303,0.12293,322.0,2
2025-12-31 00:20:00,1767140400000,1767140459999,DOGE,1m,0.12293,0.12299,0.12299,0.12293,20797.0,5
2025-12-31 00:21:00,1767140460000,1767140519999,DOGE,1m,0.12299,0.123,0.123,0.12299,322.0,2
2025-12-31 00:22:00,1767140520000,1767140579999,DOGE,1m,0.123,0.12302,0.12302,0.123,5892.0,5
2025-12-31 00:23:00,1767140580000,1767140639999,DOGE,1m,0.12299,0.12303,0.12303,0.12299,322.0,2
2025-12-31 00:24:00,1767140640000,1767140699999,DOGE,1m,0.12299,0.12297,0.12299,0.12297,322.0,2
2025-12-31 00:25:00,1767140700000,1767140759999,DOGE,1m,0.12294,0.12295,0.12295,0.12292,8370.0,3
2025-12-31 00:26:00,1767140760000,1767140819999,DOGE,1m,0.12291,0.12292,0.12292,0.12291,575.0,2
2025-12-31 00:27:00,1767140820000,1767140879999,DOGE,1m,0.12295,0.12297,0.12297,0.12295,10855.0,2
2025-12-31 00:28:00,1767140880000,1767140939999,DOGE,1m,0.12301,0.123,0.12301,0.123,943.0,2
2025-12-31 00:29:00,1767140940000,1767140999999,DOGE,1m,0.1231,0.1231,0.1231,0.1231,464.0,1
2025-12-31 00:30:00,1767141000000,1767141059999,DOGE,1m,0.12301,0.12301,0.12302,0.123,22509.0,12
2025-12-31 00:31:00,1767141060000,1767141119999,DOGE,1m,0.123,0.123,0.123,0.123,2439.0,3
2025-12-31 00:32:00,1767141120000,1767141179999,DOGE,1m,0.12288,0.12298,0.12298,0.12288,20855.0,4
2025-12-31 00:33:00,1767141180000,1767141239999,DOGE,1m,0.12301,0.12303,0.12307,0.12301,30954.0,9
2025-12-31 00:34:00,1767141240000,1767141299999,DOGE,1m,0.12304,0.12312,0.12312,0.12304,40442.0,7
2025-12-31 00:35:00,1767141300000,1767141359999,DOGE,1m,0.12311,0.12311,0.12311,0.12311,140.0,1
2025-12-31 00:36:00,1767141360000,1767141419999,DOGE,1m,0.12312,0.12312,0.12312,0.12312,812.0,1
2025-12-31 00:37:00,1767141420000,1767141479999,DOGE,1m,0.12313,0.12313,0.12313,0.12313,7309.0,2
2025-12-31 00:38:00,1767141480000,1767141539999,DOGE,1m,0.12316,0.12316,0.12316,0.12316,854.0,1
2025-12-31 00:39:00,1767141540000,1767141599999,DOGE,1m,0.12318,0.12318,0.12318,0.12318,4814.0,1
2025-12-31 00:40:00,1767141600000,1767141659999,DOGE,1m,0.12309,0.1231,0.1231,0.12309,323.0,2
2025-12-31 00:41:00,1767141660000,1767141719999,DOGE,1m,0.12307,0.12303,0.12307,0.12302,16854.0,6
2025-12-31 00:42:00,1767141720000,1767141779999,DOGE,1m,0.12313,0.12313,0.12313,0.12312,585.0,3
2025-12-31 00:43:00,1767141780000,1767141839999,DOGE,1m,0.12313,0.12313,0.12313,0.12313,0.0,0
2025-12-31 00:44:00,1767141840000,1767141899999,DOGE,1m,0.12312,0.12314,0.12314,0.12312,305.0,2
2025-12-31 00:45:00,1767141900000,1767141959999,DOGE,1m,0.12312,0.12312,0.12312,0.12312,129.0,1
2025-12-31 00:46:00,1767141960000,1767142019999,DOGE,1m,0.12308,0.12305,0.12308,0.12305,451.0,2
2025-12-31 00:47:00,1767142020000,1767142079999,DOGE,1m,0.12301,0.12301,0.12301,0.12301,159.0,1
2025-12-31 00:48:00,1767142080000,1767142139999,DOGE,1m,0.12299,0.12299,0.12299,0.12299,987.0,2
2025-12-31 00:49:00,1767142140000,1767142199999,DOGE,1m,0.12301,0.12299,0.12301,0.12299,927.0,2
2025-12-31 00:50:00,1767142200000,1767142259999,DOGE,1m,0.12299,0.12301,0.12301,0.12299,2186.0,3
2025-12-31 00:51:00,1767142260000,1767142319999,DOGE,1m,0.12302,0.123,0.12302,0.123,821.0,4
2025-12-31 00:52:00,1767142320000,1767142379999,DOGE,1m,0.123,0.123,0.123,0.123,0.0,0
2025-12-31 00:53:00,1767142380000,1767142439999,DOGE,1m,0.12301,0.12297,0.12301,0.12297,357.0,3
2025-12-31 00:54:00,1767142440000,1767142499999,DOGE,1m,0.12297,0.12296,0.12297,0.12296,390.0,3
2025-12-31 00:55:00,1767142500000,1767142559999,DOGE,1m,0.12296,0.1229,0.12296,0.1229,264.0,2
2025-12-31 00:56:00,1767142560000,1767142619999,DOGE,1m,0.1229,0.1229,0.1229,0.1229,0.0,0
2025-12-31 00:57:00,1767142620000,1767142679999,DOGE,1m,0.12293,0.12294,0.12294,0.12292,1739.0,3
2025-12-31 00:58:00,1767142680000,1767142739999,DOGE,1m,0.12294,0.12294,0.12294,0.12294,1487.0,1
2025-12-31 00:59:00,1767142740000,1767142799999,DOGE,1m,0.12294,0.12294,0.12294,0.12294,123.0,1
2025-12-31 01:00:00,1767142800000,1767142859999,DOGE,1m,0.12294,0.1229,0.12294,0.1229,21278.0,10
2025-12-31 01:01:00,1767142860000,1767142919999,DOGE,1m,0.12289,0.12289,0.12289,0.12289,294.0,2
2025-12-31 01:02:00,1767142920000,1767142979999,DOGE,1m,0.12292,0.12296,0.12296,0.12292,24121.0,8
2025-12-31 01:03:00,1767142980000,1767143039999,DOGE,1m,0.12299,0.12299,0.12299,0.12299,82.0,1
2025-12-31 01:04:00,1767143040000,1767143099999,DOGE,1m,0.12297,0.12296,0.12297,0.12296,2390.0,2
2025-12-31 01:05:00,1767143100000,1767143159999,DOGE,1m,0.123,0.12305,0.12305,0.123,15191.0,4
2025-12-31 01:06:00,1767143160000,1767143219999,DOGE,1m,0.12303,0.12303,0.12303,0.12303,124.0,1
2025-12-31 01:07:00,1767143220000,1767143279999,DOGE,1m,0.12296,0.12296,0.12296,0.12296,135.0,1
2025-12-31 01:08:00,1767143280000,1767143339999,DOGE,1m,0.12291,0.12291,0.12291,0.12291,370.0,2
2025-12-31 01:09:00,1767143340000,1767143399999,DOGE,1m,0.12294,0.12296,0.12296,0.12291,3664.0,4
2025-12-31 01:10:00,1767143400000,1767143459999,DOGE,1m,0.12295,0.12292,0.12295,0.12292,532.0,3
2025-12-31 01:11:00,1767143460000,1767143519999,DOGE,1m,0.12292,0.12292,0.12292,0.12292,0.0,0
2025-12-31 01:12:00,1767143520000,1767143579999,DOGE,1m,0.12294,0.12299,0.12299,0.12294,4603.0,5
2025-12-31 01:13:00,1767143580000,1767143639999,DOGE,1m,0.12299,0.12299,0.12299,0.12299,0.0,0
2025-12-31 01:14:00,1767143640000,1767143699999,DOGE,1m,0.12311,0.12314,0.12314,0.12311,2395.0,5
2025-12-31 01:15:00,1767143700000,1767143759999,DOGE,1m,0.12314,0.12316,0.12316,0.12314,35854.0,3
2025-12-31 01:16:00,1767143760000,1767143819999,DOGE,1m,0.12321,0.1232,0.12321,0.1232,39550.0,8
2025-12-31 01:17:00,1767143820000,1767143879999,DOGE,1m,0.12333,0.12334,0.12334,0.12333,18471.0,3
2025-12-31 01:18:00,1767143880000,1767143939999,DOGE,1m,0.12334,0.12334,0.12334,0.12334,0.0,0
2025-12-31 01:19:00,1767143940000,1767143999999,DOGE,1m,0.1235,0.12359,0.12361,0.1235,41349.0,12
2025-12-31 01:20:00,1767144000000,1767144059999,DOGE,1m,0.12363,0.12352,0.12363,0.12352,1398.0,2
2025-12-31 01:21:00,1767144060000,1767144119999,DOGE,1m,0.12352,0.12352,0.12352,0.12352,1229.0,1
2025-12-31 01:22:00,1767144120000,1767144179999,DOGE,1m,0.12354,0.12362,0.12362,0.12354,9356.0,4
2025-12-31 01:23:00,1767144180000,1767144239999,DOGE,1m,0.1236,0.12364,0.12364,0.1236,97947.0,11
2025-12-31 01:24:00,1767144240000,1767144299999,DOGE,1m,0.12362,0.12362,0.12362,0.12362,331.0,1
2025-12-31 01:25:00,1767144300000,1767144359999,DOGE,1m,0.12357,0.12343,0.12357,0.12338,10224.0,7
2025-12-31 01:26:00,1767144360000,1767144419999,DOGE,1m,0.12345,0.12345,0.12345,0.12345,457.0,1
2025-12-31 01:27:00,1767144420000,1767144479999,DOGE,1m,0.12349,0.12349,0.12349,0.12349,131.0,1
2025-12-31 01:28:00,1767144480000,1767144539999,DOGE,1m,0.12351,0.12349,0.12351,0.12349,1458.0,3
2025-12-31 01:29:00,1767144540000,1767144599999,DOGE,1m,0.12348,0.12348,0.12348,0.12348,270.0,2
2025-12-31 01:30:00,1767144600000,1767144659999,DOGE,1m,0.12351,0.12352,0.12352,0.12351,651.0,2
2025-12-31 01:31:00,1767144660000,1767144719999,DOGE,1m,0.1236,0.12363,0.12363,0.1236,963.0,2
2025-12-31 01:32:00,1767144720000,1767144779999,DOGE,1m,0.1236,0.12357,0.1236,0.12357,96657.0,14
2025-12-31 01:33:00,1767144780000,1767144839999,DOGE,1m,0.12359,0.1236,0.1236,0.12359,12763.0,4
2025-12-31 01:34:00,1767144840000,1767144899999,DOGE,1m,0.12358,0.12363,0.12363,0.12358,22164.0,9
2025-12-31 01:35:00,1767144900000,1767144959999,DOGE,1m,0.12366,0.12368,0.12368,0.12363,21470.0,5
2025-12-31 01:36:00,1767144960000,1767145019999,DOGE,1m,0.1236,0.1236,0.1236,0.1236,156.0,1
2025-12-31 01:37:00,1767145020000,1767145079999,DOGE,1m,0.1236,0.1236,0.1236,0.1236,8620.0,3
2025-12-31 01:38:00,1767145080000,1767145139999,DOGE,1m,0.12359,0.12359,0.12361,0.12359,8288.0,4
2025-12-31 01:39:00,1767145140000,1767145199999,DOGE,1m,0.12348,0.12346,0.12348,0.12346,299.0,3
2025-12-31 01:40:00,1767145200000,1767145259999,DOGE,1m,0.12349,0.12348,0.12349,0.12348,142.0,2
2025-12-31 01:41:00,1767145260000,1767145319999,DOGE,1m,0.12348,0.12348,0.12348,0.12348,0.0,0
2025-12-31 01:42:00,1767145320000,1767145379999,DOGE,1m,0.12352,0.12352,0.12352,0.12352,25.0,1
2025-12-31 01:43:00,1767145380000,1767145439999,DOGE,1m,0.12351,0.12345,0.12351,0.12345,7101.0,3
2025-12-31 01:44:00,1767145440000,1767145499999,DOGE,1m,0.12344,0.12344,0.12344,0.12344,138.0,1
2025-12-31 01:45:00,1767145500000,1767145559999,DOGE,1m,0.12357,0.12352,0.12357,0.12352,1107.0,4
2025-12-31 01:46:00,1767145560000,1767145619999,DOGE,1m,0.1235,0.12348,0.1235,0.12348,7086.0,3
2025-12-31 01:47:00,1767145620000,1767145679999,DOGE,1m,0.12349,0.12349,0.12349,0.12349,160.0,1
2025-12-31 01:48:00,1767145680000,1767145739999,DOGE,1m,0.12353,0.12353,0.12353,0.12353,548.0,2
2025-12-31 01:49:00,1767145740000,1767145799999,DOGE,1m,0.12356,0.12355,0.12356,0.12355,224.0,2
2025-12-31 01:50:00,1767145800000,1767145859999,DOGE,1m,0.12345,0.12344,0.12345,0.12344,565.0,2
2025-12-31 01:51:00,1767145860000,1767145919999,DOGE,1m,0.12337,0.12338,0.12338,0.12337,387.0,2
2025-12-31 01:52:00,1767145920000,1767145979999,DOGE,1m,0.1234,0.12334,0.1234,0.12334,9497.0,4
2025-12-31 01:53:00,1767145980000,1767146039999,DOGE,1m,0.12334,0.12334,0.12334,0.12334,413.0,2
2025-12-31 01:54:00,1767146040000,1767146099999,DOGE,1m,0.12334,0.12334,0.12334,0.12334,0.0,0
2025-12-31 01:55:00,1767146100000,1767146159999,DOGE,1m,0.12328,0.12328,0.12328,0.12328,517.0,3
2025-12-31 01:56:00,1767146160000,1767146219999,DOGE,1m,0.12321,0.12321,0.12321,0.12321,140.0,1
2025-12-31 01:57:00,1767146220000,1767146279999,DOGE,1m,0.12324,0.12324,0.12324,0.12324,24340.0,2
2025-12-31 01:58:00,1767146280000,1767146339999,DOGE,1m,0.12327,0.12328,0.12328,0.12327,256.0,2
2025-12-31 01:59:00,1767146340000,1767146399999,DOGE,1m,0.12327,0.12325,0.12327,0.12325,2220.0,2
2025-12-31 02:00:00,1767146400000,1767146459999,DOGE,1m,0.12324,0.12309,0.12324,0.12309,15610.0,7
2025-12-31 02:01:00,1767146460000,1767146519999,DOGE,1m,0.1231,0.12299,0.1231,0.12299,14901.0,5
2025-12-31 02:02:00,1767146520000,1767146579999,DOGE,1m,0.12303,0.12303,0.12303,0.12303,174.0,1
2025-12-31 02:03:00,1767146580000,1767146639999,DOGE,1m,0.12303,0.12303,0.12303,0.12303,0.0,0
2025-12-31 02:04:00,1767146640000,1767146699999,DOGE,1m,0.12303,0.12303,0.12303,0.12303,0.0,0
2025-12-31 02:05:00,1767146700000,1767146759999,DOGE,1m,0.12318,0.1232,0.1232,0.12318,6938.0,2
2025-12-31 02:06:00,1767146760000,1767146819999,DOGE,1m,0.12318,0.12318,0.12318,0.12318,279.0,1
2025-12-31 02:07:00,1767146820000,1767146879999,DOGE,1m,0.1232,0.1232,0.1232,0.1232,135.0,1
2025-12-31 02:08:00,1767146880000,1767146939999,DOGE,1m,0.1232,0.1232,0.1232,0.1232,86.0,1
2025-12-31 02:09:00,1767146940000,1767146999999,DOGE,1m,0.1232,0.12321,0.12321,0.1232,348.0,2
2025-12-31 02:10:00,1767147000000,1767147059999,DOGE,1m,0.12322,0.12323,0.12323,0.12322,1790.0,5
2025-12-31 02:11:00,1767147060000,1767147119999,DOGE,1m,0.12324,0.12327,0.12327,0.12324,588.0,2
2025-12-31 02:12:00,1767147120000,1767147179999,DOGE,1m,0.12326,0.12326,0.12326,0.12326,159.0,1
2025-12-31 02:13:00,1767147180000,1767147239999,DOGE,1m,0.12333,0.1234,0.12341,0.12333,7656.0,3
2025-12-31 02:14:00,1767147240000,1767147299999,DOGE,1m,0.1234,0.1234,0.1234,0.1234,1620.0,1
2025-12-31 02:15:00,1767147300000,1767147359999,DOGE,1m,0.12338,0.12343,0.12343,0.12338,9330.0,3
2025-12-31 02:16:00,1767147360000,1767147419999,DOGE,1m,0.12345,0.12345,0.12345,0.12345,362.0,1
2025-12-31 02:17:00,1767147420000,1767147479999,DOGE,1m,0.12344,0.1234,0.12344,0.12339,1016.0,6
2025-12-31 02:18:00,1767147480000,1767147539999,DOGE,1m,0.12338,0.12336,0.12338,0.12336,452.0,2
2025-12-31 02:19:00,1767147540000,1767147599999,DOGE,1m,0.12343,0.12343,0.12343,0.12343,2297.0,6
2025-12-31 02:20:00,1767147600000,1767147659999,DOGE,1m,0.12343,0.12341,0.12343,0.12341,953.0,2
2025-12-31 02:21:00,1767147660000,1767147719999,DOGE,1m,0.12345,0.12346,0.12346,0.12345,6050.0,4
2025-12-31 02:22:00,1767147720000,1767147779999,DOGE,1m,0.12346,0.12346,0.12346,0.12346,0.0,0
2025-12-31 02:23:00,1767147780000,1767147839999,DOGE,1m,0.12343,0.1234,0.12343,0.1234,701.0,5
2025-12-31 02:24:00,1767147840000,1767147899999,DOGE,1m,0.12343,0.12343,0.12343,0.12343,6744.0,2
2025-12-31 02:25:00,1767147900000,1767147959999,DOGE,1m,0.12339,0.12341,0.12341,0.12339,1136.0,4
2025-12-31 02:26:00,1767147960000,1767148019999,DOGE,1m,0.12341,0.12345,0.12345,0.12341,291.0,2
2025-12-31 02:27:00,1767148020000,1767148079999,DOGE,1m,0.12343,0.12343,0.12343,0.12343,2755.0,2
2025-12-31 02:28:00,1767148080000,1767148139999,DOGE,1m,0.12342,0.1234,0.12342,0.1234,1500.0,4
2025-12-31 02:29:00,1767148140000,1767148199999,DOGE,1m,0.1234,0.1234,0.1234,0.1234,0.0,0
2025-12-31 02:30:00,1767148200000,1767148259999,DOGE,1m,0.12343,0.12339,0.12343,0.12338,80802.0,36
2025-12-31 02:31:00,1767148260000,1767148319999,DOGE,1m,0.12341,0.12347,0.12347,0.12341,2725.0,3
2025-12-31 02:32:00,1767148320000,1767148379999,DOGE,1m,0.12347,0.12352,0.12352,0.12347,39487.0,6
2025-12-31 02:33:00,1767148380000,1767148439999,DOGE,1m,0.12347,0.1234,0.12347,0.1234,1000.0,3
2025-12-31 02:34:00,1767148440000,1767148499999,DOGE,1m,0.12342,0.12338,0.12342,0.12338,1135.0,3
2025-12-31 02:35:00,1767148500000,1767148559999,DOGE,1m,0.12343,0.12353,0.12353,0.12343,55370.0,10
2025-12-31 02:36:00,1767148560000,1767148619999,DOGE,1m,0.12351,0.12351,0.12351,0.12351,99999.0,3
2025-12-31 02:37:00,1767148620000,1767148679999,DOGE,1m,0.12348,0.12342,0.12348,0.12342,100634.0,8
2025-12-31 02:38:00,1767148680000,1767148739999,DOGE,1m,0.12344,0.12341,0.12344,0.12341,440269.0,2
2025-12-31 02:39:00,1767148740000,1767148799999,DOGE,1m,0.12344,0.12344,0.12344,0.12344,810.0,5
2025-12-31 02:40:00,1767148800000,1767148859999,DOGE,1m,0.12336,0.12338,0.12338,0.12336,633.0,2
2025-12-31 02:41:00,1767148860000,1767148919999,DOGE,1m,0.1234,0.1234,0.1234,0.1234,148.0,1
2025-12-31 02:42:00,1767148920000,1767148979999,DOGE,1m,0.12334,0.12337,0.1234,0.12334,2603.0,17
2025-12-31 02:43:00,1767148980000,1767149039999,DOGE,1m,0.12339,0.12336,0.12339,0.12336,3815.0,32
2025-12-31 02:44:00,1767149040000,1767149099999,DOGE,1m,0.12338,0.1234,0.1234,0.12338,4725.0,6
2025-12-31 02:45:00,1767149100000,1767149159999,DOGE,1m,0.12344,0.12343,0.12347,0.12341,85933.0,62
2025-12-31 02:46:00,1767149160000,1767149219999,DOGE,1m,0.12336,0.12342,0.12343,0.12336,8240.0,4
2025-12-31 02:47:00,1767149220000,1767149279999,DOGE,1m,0.12344,0.12344,0.12344,0.12344,18358.0,7
2025-12-31 02:48:00,1767149280000,1767149339999,DOGE,1m,0.12344,0.12336,0.12344,0.12336,944.0,4
2025-12-31 02:49:00,1767149340000,1767149399999,DOGE,1m,0.12336,0.12336,0.12336,0.12336,135.0,1
2025-12-31 02:50:00,1767149400000,1767149459999,DOGE,1m,0.12326,0.12326,0.12326,0.12326,35.0,1
2025-12-31 02:51:00,1767149460000,1767149519999,DOGE,1m,0.12333,0.12332,0.12333,0.12332,404.0,2
2025-12-31 02:52:00,1767149520000,1767149579999,DOGE,1m,0.12341,0.12339,0.12341,0.12338,1138.0,4
2025-12-31 02:53:00,1767149580000,1767149639999,DOGE,1m,0.12342,0.1234,0.12342,0.1234,395.0,2
2025-12-31 02:54:00,1767149640000,1767149699999,DOGE,1m,0.12339,0.12339,0.12339,0.12339,385.0,1
2025-12-31 02:55:00,1767149700000,1767149759999,DOGE,1m,0.12348,0.12349,0.12349,0.12348,300139.0,3
2025-12-31 02:56:00,1767149760000,1767149819999,DOGE,1m,0.1235,0.12349,0.1235,0.12349,500.0,2
2025-12-31 02:57:00,1767149820000,1767149879999,DOGE,1m,0.12347,0.12347,0.12347,0.12346,770.0,3
2025-12-31 02:58:00,1767149880000,1767149939999,DOGE,1m,0.1235,0.12351,0.12351,0.1235,1120.0,5
2025-12-31 02:59:00,1767149940000,1767149999999,DOGE,1m,0.12348,0.12347,0.12348,0.12347,1435.0,4
2025-12-31 03:00:00,1767150000000,1767150059999,DOGE,1m,0.12349,0.1235,0.1235,0.12347,73015.0,11
2025-12-31 03:01:00,1767150060000,1767150119999,DOGE,1m,0.12351,0.12352,0.12354,0.12351,1501.0,4
2025-12-31 03:02:00,1767150120000,1767150179999,DOGE,1m,0.12351,0.12348,0.12351,0.12348,569.0,2
2025-12-31 03:03:00,1767150180000,1767150239999,DOGE,1m,0.12343,0.12343,0.12343,0.12342,845.0,3
2025-12-31 03:04:00,1767150240000,1767150299999,DOGE,1m,0.12348,0.12347,0.12348,0.12347,335.0,2
2025-12-31 03:05:00,1767150300000,1767150359999,DOGE,1m,0.12346,0.12347,0.12347,0.12346,500.0,2
2025-12-31 03:06:00,1767150360000,1767150419999,DOGE,1m,0.12344,0.12344,0.12344,0.12344,10.0,1
2025-12-31 03:07:00,1767150420000,1767150479999,DOGE,1m,0.1235,0.12348,0.1235,0.12348,635.0,3
2025-12-31 03:08:00,1767150480000,1767150539999,DOGE,1m,0.12342,0.12343,0.12343,0.12342,6355.0,3
2025-12-31 03:09:00,1767150540000,1767150599999,DOGE,1m,0.12344,0.12343,0.12344,0.12343,500.0,2
2025-12-31 03:10:00,1767150600000,1767150659999,DOGE,1m,0.12342,0.12342,0.12342,0.12342,135.0,1
2025-12-31 03:11:00,1767150660000,1767150719999,DOGE,1m,0.1234,0.12338,0.1234,0.12338,9754.0,7
2025-12-31 03:12:00,1767150720000,1767150779999,DOGE,1m,0.12339,0.12338,0.12339,0.12337,825.0,4
2025-12-31 03:13:00,1767150780000,1767150839999,DOGE,1m,0.12335,0.12332,0.12335,0.12332,147.0,2
2025-12-31 03:14:00,1767150840000,1767150899999,DOGE,1m,0.12328,0.12328,0.12328,0.12328,14.0,1
2025-12-31 03:15:00,1767150900000,1767150959999,DOGE,1m,0.12326,0.12326,0.12327,0.12326,699.0,5
2025-12-31 03:16:00,1767150960000,1767151019999,DOGE,1m,0.12326,0.12307,0.12326,0.12307,308561.0,21
2025-12-31 03:17:00,1767151020000,1767151079999,DOGE,1m,0.12312,0.12312,0.12312,0.12312,14.0,1
2025-12-31 03:18:00,1767151080000,1767151139999,DOGE,1m,0.12316,0.12317,0.12319,0.12316,734.0,3
2025-12-31 03:19:00,1767151140000,1767151199999,DOGE,1m,0.12317,0.12314,0.12317,0.12314,72434.0,6
2025-12-31 03:20:00,1767151200000,1767151259999,DOGE,1m,0.12314,0.12314,0.12314,0.12314,447.0,1
2025-12-31 03:21:00,1767151260000,1767151319999,DOGE,1m,0.12315,0.12311,0.12316,0.12311,363.0,3
2025-12-31 03:22:00,1767151320000,1767151379999,DOGE,1m,0.12313,0.12313,0.12313,0.12313,3336.0,1
2025-12-31 03:23:00,1767151380000,1767151439999,DOGE,1m,0.12315,0.12315,0.12315,0.12315,500.0,1
2025-12-31 03:24:00,1767151440000,1767151499999,DOGE,1m,0.12317,0.12318,0.12318,0.12317,598.0,2
2025-12-31 03:25:00,1767151500000,1767151559999,DOGE,1m,0.12316,0.12316,0.12316,0.12316,920.0,3
2025-12-31 03:26:00,1767151560000,1767151619999,DOGE,1m,0.12315,0.12316,0.12316,0.12315,283.0,2
2025-12-31 03:27:00,1767151620000,1767151679999,DOGE,1m,0.12315,0.12316,0.12316,0.12315,1000.0,2
2025-12-31 03:28:00,1767151680000,1767151739999,DOGE,1m,0.12317,0.12316,0.12317,0.12316,425.0,2
2025-12-31 03:29:00,1767151740000,1767151799999,DOGE,1m,0.12319,0.12319,0.12319,0.12319,500.0,1
2025-12-31 03:30:00,1767151800000,1767151859999,DOGE,1m,0.12316,0.12317,0.12317,0.12316,556.0,4
2025-12-31 03:31:00,1767151860000,1767151919999,DOGE,1m,0.12316,0.12323,0.12323,0.12316,204995.0,11
2025-12-31 03:32:00,1767151920000,1767151979999,DOGE,1m,0.1231,0.12313,0.12313,0.1231,2399.0,2
2025-12-31 03:33:00,1767151980000,1767152039999,DOGE,1m,0.1231,0.1231,0.1231,0.1231,364.0,1
2025-12-31 03:34:00,1767152040000,1767152099999,DOGE,1m,0.12308,0.12305,0.12308,0.12305,200000.0,15
2025-12-31 03:35:00,1767152100000,1767152159999,DOGE,1m,0.12302,0.12294,0.12302,0.12293,8525.0,5
2025-12-31 03:36:00,1767152160000,1767152219999,DOGE,1m,0.12293,0.12296,0.12296,0.12293,694.0,2
2025-12-31 03:37:00,1767152220000,1767152279999,DOGE,1m,0.12297,0.12297,0.12297,0.12297,500.0,1
2025-12-31 03:38:00,1767152280000,1767152339999,DOGE,1m,0.12301,0.12298,0.12302,0.12298,774.0,3
2025-12-31 03:39:00,1767152340000,1767152399999,DOGE,1m,0.123,0.123,0.123,0.123,153.0,1
2025-12-31 03:40:00,1767152400000,1767152459999,DOGE,1m,0.12295,0.123,0.123,0.12295,1999.0,3
2025-12-31 03:41:00,1767152460000,1767152519999,DOGE,1m,0.12298,0.12301,0.12301,0.12297,7563.0,5
2025-12-31 03:42:00,1767152520000,1767152579999,DOGE,1m,0.12304,0.12303,0.12304,0.12303,3252.0,3
2025-12-31 03:43:00,1767152580000,1767152639999,DOGE,1m,0.12303,0.12305,0.12305,0.12303,5088.0,12
2025-12-31 03:44:00,1767152640000,1767152699999,DOGE,1m,0.12304,0.12307,0.12307,0.12304,673.0,5
2025-12-31 03:45:00,1767152700000,1767152759999,DOGE,1m,0.12307,0.12307,0.12307,0.12307,141.0,1
2025-12-31 03:46:00,1767152760000,1767152819999,DOGE,1m,0.12311,0.1231,0.12311,0.1231,977.0,4
2025-12-31 03:47:00,1767152820000,1767152879999,DOGE,1m,0.12307,0.12305,0.12307,0.12305,897.0,3
2025-12-31 03:48:00,1767152880000,1767152939999,DOGE,1m,0.12297,0.12297,0.12297,0.12297,1000.0,2
2025-12-31 03:49:00,1767152940000,1767152999999,DOGE,1m,0.12299,0.12299,0.12299,0.12299,128.0,1
2025-12-31 03:50:00,1767153000000,1767153059999,DOGE,1m,0.12299,0.12302,0.12302,0.12299,286.0,2
2025-12-31 03:51:00,1767153060000,1767153119999,DOGE,1m,0.12302,0.12302,0.12302,0.12302,157.0,1
2025-12-31 03:52:00,1767153120000,1767153179999,DOGE,1m,0.12305,0.12304,0.12308,0.12304,4887.0,6
2025-12-31 03:53:00,1767153180000,1767153239999,DOGE,1m,0.12306,0.12307,0.12307,0.12306,200000.0,11
2025-12-31 03:54:00,1767153240000,1767153299999,DOGE,1m,0.12302,0.12302,0.12302,0.12302,243.0,1
2025-12-31 03:55:00,1767153300000,1767153359999,DOGE,1m,0.12303,0.12298,0.12303,0.12298,978.0,4
2025-12-31 03:56:00,1767153360000,1767153419999,DOGE,1m,0.12298,0.12298,0.12298,0.12298,0.0,0
2025-12-31 03:57:00,1767153420000,1767153479999,DOGE,1m,0.123,0.123,0.123,0.123,156.0,1
2025-12-31 03:58:00,1767153480000,1767153539999,DOGE,1m,0.12302,0.12304,0.12304,0.12302,2109.0,4
2025-12-31 03:59:00,1767153540000,1767153599999,DOGE,1m,0.12304,0.12304,0.12304,0.12304,0.0,0
2025-12-31 04:00:00,1767153600000,1767153659999,DOGE,1m,0.12306,0.12303,0.12306,0.12303,71457.0,11
2025-12-31 04:01:00,1767153660000,1767153719999,DOGE,1m,0.12303,0.12306,0.12306,0.12303,51740.0,6
2025-12-31 04:02:00,1767153720000,1767153779999,DOGE,1m,0.12308,0.1231,0.12311,0.12308,32368.0,4
2025-12-31 04:03:00,1767153780000,1767153839999,DOGE,1m,0.12312,0.12314,0.12318,0.12312,1293.0,4
2025-12-31 04:04:00,1767153840000,1767153899999,DOGE,1m,0.1231,0.1231,0.12311,0.1231,44279.0,7
2025-12-31 04:05:00,1767153900000,1767153959999,DOGE,1m,0.12314,0.12314,0.12314,0.12314,144.0,1
2025-12-31 04:06:00,1767153960000,1767154019999,DOGE,1m,0.12311,0.12311,0.12311,0.12311,133.0,1
2025-12-31 04:07:00,1767154020000,1767154079999,DOGE,1m,0.12313,0.1231,0.12313,0.1231,2196.0,3
2025-12-31 04:08:00,1767154080000,1767154139999,DOGE,1m,0.12306,0.12306,0.12306,0.12306,146.0,1
2025-12-31 04:09:00,1767154140000,1767154199999,DOGE,1m,0.12308,0.12308,0.12308,0.12308,300.0,1
2025-12-31 04:10:00,1767154200000,1767154259999,DOGE,1m,0.12302,0.12302,0.12302,0.12302,771.0,2
2025-12-31 04:11:00,1767154260000,1767154319999,DOGE,1m,0.12302,0.12302,0.12302,0.12302,0.0,0
2025-12-31 04:12:00,1767154320000,1767154379999,DOGE,1m,0.12305,0.12305,0.12305,0.12305,124.0,1
2025-12-31 04:13:00,1767154380000,1767154439999,DOGE,1m,0.12307,0.12312,0.12312,0.12307,983.0,3
2025-12-31 04:14:00,1767154440000,1767154499999,DOGE,1m,0.12307,0.12307,0.12307,0.12307,500.0,1
2025-12-31 04:15:00,1767154500000,1767154559999,DOGE,1m,0.12304,0.12305,0.12305,0.12303,30604.0,7
2025-12-31 04:16:00,1767154560000,1767154619999,DOGE,1m,0.12306,0.12303,0.12306,0.12303,744.0,3
2025-12-31 04:17:00,1767154620000,1767154679999,DOGE,1m,0.12301,0.12301,0.12301,0.12301,143.0,1
2025-12-31 04:18:00,1767154680000,1767154739999,DOGE,1m,0.12303,0.12305,0.12305,0.12303,627.0,2
2025-12-31 04:19:00,1767154740000,1767154799999,DOGE,1m,0.12307,0.12307,0.12307,0.12307,725.0,2
2025-12-31 04:20:00,1767154800000,1767154859999,DOGE,1m,0.12311,0.12302,0.12311,0.12302,12787.0,3
2025-12-31 04:21:00,1767154860000,1767154919999,DOGE,1m,0.123,0.12293,0.123,0.12293,1964.0,2
2025-12-31 04:22:00,1767154920000,1767154979999,DOGE,1m,0.12294,0.12298,0.12298,0.12294,1000.0,3
2025-12-31 04:23:00,1767154980000,1767155039999,DOGE,1m,0.12298,0.12298,0.12298,0.12298,0.0,0
2025-12-31 04:24:00,1767155040000,1767155099999,DOGE,1m,0.12299,0.12298,0.12299,0.12298,811.0,3
2025-12-31 04:25:00,1767155100000,1767155159999,DOGE,1m,0.12299,0.12299,0.12299,0.12299,128.0,1
2025-12-31 04:26:00,1767155160000,1767155219999,DOGE,1m,0.12298,0.12301,0.12301,0.12298,1545.0,4
2025-12-31 04:27:00,1767155220000,1767155279999,DOGE,1m,0.12298,0.12298,0.12298,0.12298,551.0,2
2025-12-31 04:28:00,1767155280000,1767155339999,DOGE,1m,0.12298,0.12298,0.12298,0.12298,172.0,1
2025-12-31 04:29:00,1767155340000,1767155399999,DOGE,1m,0.12298,0.12298,0.12298,0.12298,0.0,0
2025-12-31 04:30:00,1767155400000,1767155459999,DOGE,1m,0.12303,0.12304,0.12304,0.12303,1116.0,4
2025-12-31 04:31:00,1767155460000,1767155519999,DOGE,1m,0.12303,0.12303,0.12303,0.12303,1927.0,1
2025-12-31 04:32:00,1767155520000,1767155579999,DOGE,1m,0.12304,0.12304,0.12304,0.12304,861.0,3
2025-12-31 04:33:00,1767155580000,1767155639999,DOGE,1m,0.12307,0.12307,0.12307,0.12307,500.0,1
2025-12-31 04:34:00,1767155640000,1767155699999,DOGE,1m,0.12308,0.12308,0.12308,0.12308,148.0,1
2025-12-31 04:35:00,1767155700000,1767155759999,DOGE,1m,0.1231,0.1231,0.1231,0.1231,140.0,1
2025-12-31 04:36:00,1767155760000,1767155819999,DOGE,1m,0.12311,0.12307,0.12312,0.12307,551.0,3
2025-12-31 04:37:00,1767155820000,1767155879999,DOGE,1m,0.12307,0.12309,0.12309,0.12307,1676.0,2
2025-12-31 04:38:00,1767155880000,1767155939999,DOGE,1m,0.12306,0.12307,0.12307,0.12306,4875.0,8
2025-12-31 04:39:00,1767155940000,1767155999999,DOGE,1m,0.12307,0.12307,0.12307,0.12307,0.0,0
2025-12-31 04:40:00,1767156000000,1767156059999,DOGE,1m,0.12306,0.12302,0.12306,0.12302,4208.0,3
2025-12-31 04:41:00,1767156060000,1767156119999,DOGE,1m,0.12303,0.12303,0.12303,0.12303,500.0,1
2025-12-31 04:42:00,1767156120000,1767156179999,DOGE,1m,0.12305,0.12305,0.12305,0.12305,158.0,1
2025-12-31 04:43:00,1767156180000,1767156239999,DOGE,1m,0.12301,0.12302,0.12302,0.12301,68706.0,7
2025-12-31 04:44:00,1767156240000,1767156299999,DOGE,1m,0.12301,0.12301,0.12301,0.12301,130.0,1
2025-12-31 04:45:00,1767156300000,1767156359999,DOGE,1m,0.123,0.123,0.12301,0.123,516.0,4
2025-12-31 04:46:00,1767156360000,1767156419999,DOGE,1m,0.12294,0.12293,0.12296,0.12293,39059.0,7
2025-12-31 04:47:00,1767156420000,1767156479999,DOGE,1m,0.12297,0.12296,0.12297,0.12296,1325.0,3
2025-12-31 04:48:00,1767156480000,1767156539999,DOGE,1m,0.12295,0.12295,0.12295,0.12295,141.0,1
2025-12-31 04:49:00,1767156540000,1767156599999,DOGE,1m,0.12298,0.12299,0.12299,0.12298,374.0,3
2025-12-31 04:50:00,1767156600000,1767156659999,DOGE,1m,0.12299,0.12298,0.12299,0.12298,810.0,3
2025-12-31 04:51:00,1767156660000,1767156719999,DOGE,1m,0.12298,0.12298,0.12298,0.12298,0.0,0
2025-12-31 04:52:00,1767156720000,1767156779999,DOGE,1m,0.12296,0.12296,0.12296,0.12296,122.0,1
2025-12-31 04:53:00,1767156780000,1767156839999,DOGE,1m,0.12298,0.12296,0.12298,0.12296,4724.0,3
2025-12-31 04:54:00,1767156840000,1767156899999,DOGE,1m,0.12296,0.12296,0.12296,0.12296,0.0,0
2025-12-31 04:55:00,1767156900000,1767156959999,DOGE,1m,0.12296,0.1229,0.12296,0.1229,20187.0,8
2025-12-31 04:56:00,1767156960000,1767157019999,DOGE,1m,0.12291,0.12291,0.12291,0.12291,303.0,1
2025-12-31 04:57:00,1767157020000,1767157079999,DOGE,1m,0.12291,0.12288,0.12292,0.12288,855.0,5
2025-12-31 04:58:00,1767157080000,1767157139999,DOGE,1m,0.12291,0.12291,0.12291,0.12291,14410.0,4
2025-12-31 04:59:00,1767157140000,1767157199999,DOGE,1m,0.12291,0.12291,0.12291,0.12291,344.0,1
2025-12-31 05:00:00,1767157200000,1767157259999,DOGE,1m,0.12291,0.12292,0.12292,0.12291,1234.0,3
2025-12-31 05:01:00,1767157260000,1767157319999,DOGE,1m,0.12292,0.12295,0.12295,0.12292,8169.0,4
2025-12-31 05:02:00,1767157320000,1767157379999,DOGE,1m,0.12302,0.12302,0.12302,0.12302,793.0,1
2025-12-31 05:03:00,1767157380000,1767157439999,DOGE,1m,0.12302,0.12302,0.12302,0.12302,528.0,1
2025-12-31 05:04:00,1767157440000,1767157499999,DOGE,1m,0.12305,0.12308,0.12308,0.12305,666.0,2
2025-12-31 05:05:00,1767157500000,1767157559999,DOGE,1m,0.12308,0.12312,0.12312,0.12308,8981.0,3
2025-12-31 05:06:00,1767157560000,1767157619999,DOGE,1m,0.12311,0.12309,0.12311,0.12307,10228.0,4
2025-12-31 05:07:00,1767157620000,1767157679999,DOGE,1m,0.12309,0.12309,0.12309,0.12309,0.0,0
2025-12-31 05:08:00,1767157680000,1767157739999,DOGE,1m,0.12308,0.12306,0.12308,0.12306,9829.0,8
2025-12-31 05:09:00,1767157740000,1767157799999,DOGE,1m,0.12304,0.1231,0.1231,0.12304,411.0,3
2025-12-31 05:10:00,1767157800000,1767157859999,DOGE,1m,0.12305,0.12303,0.12305,0.12303,3074.0,3
2025-12-31 05:11:00,1767157860000,1767157919999,DOGE,1m,0.12303,0.12304,0.12304,0.12303,384.0,2
2025-12-31 05:12:00,1767157920000,1767157979999,DOGE,1m,0.12305,0.12304,0.12305,0.12302,41543.0,9
2025-12-31 05:13:00,1767157980000,1767158039999,DOGE,1m,0.12305,0.12308,0.12308,0.12305,3316.0,5
2025-12-31 05:14:00,1767158040000,1767158099999,DOGE,1m,0.12309,0.12305,0.12309,0.12305,1277.0,3
2025-12-31 05:15:00,1767158100000,1767158159999,DOGE,1m,0.12305,0.12306,0.12306,0.12305,841.0,2
2025-12-31 05:16:00,1767158160000,1767158219999,DOGE,1m,0.12308,0.12308,0.12308,0.12308,500.0,1
2025-12-31 05:17:00,1767158220000,1767158279999,DOGE,1m,0.12305,0.12311,0.12311,0.12305,8954.0,4
2025-12-31 05:18:00,1767158280000,1767158339999,DOGE,1m,0.12303,0.12301,0.12303,0.12301,937.0,3
2025-12-31 05:19:00,1767158340000,1767158399999,DOGE,1m,0.12301,0.12301,0.12301,0.12301,500.0,1
2025-12-31 05:20:00,1767158400000,1767158459999,DOGE,1m,0.12302,0.12302,0.12302,0.12302,161.0,1
2025-12-31 05:21:00,1767158460000,1767158519999,DOGE,1m,0.12304,0.12307,0.12307,0.12304,12262.0,3
2025-12-31 05:22:00,1767158520000,1767158579999,DOGE,1m,0.12306,0.12306,0.12306,0.12306,341.0,1
2025-12-31 05:23:00,1767158580000,1767158639999,DOGE,1m,0.1231,0.12311,0.12311,0.1231,1333.0,2
2025-12-31 05:24:00,1767158640000,1767158699999,DOGE,1m,0.1231,0.12314,0.12314,0.1231,1500.0,3
2025-12-31 05:25:00,1767158700000,1767158759999,DOGE,1m,0.12314,0.12314,0.12314,0.12314,0.0,0
2025-12-31 05:26:00,1767158760000,1767158819999,DOGE,1m,0.12321,0.12321,0.12321,0.12321,294.0,2
2025-12-31 05:27:00,1767158820000,1767158879999,DOGE,1m,0.12321,0.12315,0.12321,0.12315,1570.0,3
2025-12-31 05:28:00,1767158880000,1767158939999,DOGE,1m,0.12318,0.12316,0.12318,0.12316,1155.0,3
2025-12-31 05:29:00,1767158940000,1767158999999,DOGE,1m,0.12318,0.12323,0.12323,0.12318,1172.0,4
2025-12-31 05:30:00,1767159000000,1767159059999,DOGE,1m,0.12317,0.12316,0.12317,0.12316,635.0,2
2025-12-31 05:31:00,1767159060000,1767159119999,DOGE,1m,0.12314,0.12315,0.12315,0.12313,1290.0,4
2025-12-31 05:32:00,1767159120000,1767159179999,DOGE,1m,0.12315,0.12315,0.12315,0.12315,0.0,0
2025-12-31 05:33:00,1767159180000,1767159239999,DOGE,1m,0.12314,0.12312,0.12314,0.12312,1254.0,2
2025-12-31 05:34:00,1767159240000,1767159299999,DOGE,1m,0.12312,0.12312,0.12312,0.12312,0.0,0
2025-12-31 05:35:00,1767159300000,1767159359999,DOGE,1m,0.12308,0.12306,0.12308,0.12306,8243.0,2
2025-12-31 05:36:00,1767159360000,1767159419999,DOGE,1m,0.1231,0.12309,0.1231,0.12309,387.0,3
2025-12-31 05:37:00,1767159420000,1767159479999,DOGE,1m,0.12309,0.12309,0.12309,0.12309,0.0,0
2025-12-31 05:38:00,1767159480000,1767159539999,DOGE,1m,0.12309,0.12309,0.12309,0.12309,0.0,0
2025-12-31 05:39:00,1767159540000,1767159599999,DOGE,1m,0.12311,0.12306,0.12311,0.12306,722.0,2
2025-12-31 05:40:00,1767159600000,1767159659999,DOGE,1m,0.12308,0.12306,0.12308,0.12306,901.0,5
2025-12-31 05:41:00,1767159660000,1767159719999,DOGE,1m,0.12311,0.12311,0.12311,0.12311,500.0,1
2025-12-31 05:42:00,1767159720000,1767159779999,DOGE,1m,0.12314,0.12317,0.12317,0.12314,3069.0,5
2025-12-31 05:43:00,1767159780000,1767159839999,DOGE,1m,0.12319,0.12317,0.12319,0.12317,2000.0,4
2025-12-31 05:44:00,1767159840000,1767159899999,DOGE,1m,0.12318,0.12316,0.12318,0.12316,2000.0,4
2025-12-31 05:45:00,1767159900000,1767159959999,DOGE,1m,0.12318,0.12319,0.12319,0.12318,1611.0,4
2025-12-31 05:46:00,1767159960000,1767160019999,DOGE,1m,0.12317,0.12317,0.12319,0.12317,1495.0,4
2025-12-31 05:47:00,1767160020000,1767160079999,DOGE,1m,0.12318,0.12316,0.12318,0.12316,1987.0,4
2025-12-31 05:48:00,1767160080000,1767160139999,DOGE,1m,0.12317,0.12316,0.12317,0.12315,1552.0,4
2025-12-31 05:49:00,1767160140000,1767160199999,DOGE,1m,0.12317,0.1232,0.12322,0.12316,15310.0,6
2025-12-31 05:50:00,1767160200000,1767160259999,DOGE,1m,0.1232,0.12318,0.1232,0.12318,983.0,2
2025-12-31 05:51:00,1767160260000,1767160319999,DOGE,1m,0.12316,0.12311,0.12316,0.12311,2000.0,4
2025-12-31 05:52:00,1767160320000,1767160379999,DOGE,1m,0.1231,0.12305,0.1231,0.12305,2000.0,4
2025-12-31 05:53:00,1767160380000,1767160439999,DOGE,1m,0.12306,0.12314,0.12314,0.12306,2000.0,4
2025-12-31 05:54:00,1767160440000,1767160499999,DOGE,1m,0.12314,0.12314,0.12314,0.12312,4264.0,5
2025-12-31 05:55:00,1767160500000,1767160559999,DOGE,1m,0.12312,0.12314,0.12314,0.12312,3797.0,5
2025-12-31 05:56:00,1767160560000,1767160619999,DOGE,1m,0.12312,0.12312,0.12312,0.12312,1500.0,3
2025-12-31 05:57:00,1767160620000,1767160679999,DOGE,1m,0.12311,0.12312,0.12312,0.12311,2000.0,4
2025-12-31 05:58:00,1767160680000,1767160739999,DOGE,1m,0.1231,0.12311,0.12313,0.1231,2000.0,4
2025-12-31 05:59:00,1767160740000,1767160799999,DOGE,1m,0.1231,0.12308,0.1231,0.12308,967.0,2
2025-12-31 06:00:00,1767160800000,1767160859999,DOGE,1m,0.12308,0.12307,0.12309,0.12307,4383.0,6
2025-12-31 06:01:00,1767160860000,1767160919999,DOGE,1m,0.12307,0.12302,0.12308,0.12302,3485.0,5
2025-12-31 06:02:00,1767160920000,1767160979999,DOGE,1m,0.12307,0.12308,0.12308,0.12307,2000.0,4
2025-12-31 06:03:00,1767160980000,1767161039999,DOGE,1m,0.12307,0.12308,0.12308,0.12306,2000.0,4
2025-12-31 06:04:00,1767161040000,1767161099999,DOGE,1m,0.12305,0.12305,0.12305,0.12305,2403.0,5
2025-12-31 06:05:00,1767161100000,1767161159999,DOGE,1m,0.12307,0.12309,0.1231,0.12307,1851.0,4
2025-12-31 06:06:00,1767161160000,1767161219999,DOGE,1m,0.1231,0.1231,0.1231,0.12308,2000.0,5
2025-12-31 06:07:00,1767161220000,1767161279999,DOGE,1m,0.12304,0.12303,0.12305,0.12303,2000.0,4
2025-12-31 06:08:00,1767161280000,1767161339999,DOGE,1m,0.12302,0.12308,0.12308,0.12302,41260.0,12
2025-12-31 06:09:00,1767161340000,1767161399999,DOGE,1m,0.1231,0.12312,0.12312,0.1231,26360.0,5
2025-12-31 06:10:00,1767161400000,1767161459999,DOGE,1m,0.12311,0.12312,0.12313,0.12311,2000.0,4
2025-12-31 06:11:00,1767161460000,1767161519999,DOGE,1m,0.12312,0.12312,0.12315,0.12312,751.0,4
2025-12-31 06:12:00,1767161520000,1767161579999,DOGE,1m,0.12314,0.12311,0.12314,0.12309,1863.0,4
2025-12-31 06:13:00,1767161580000,1767161639999,DOGE,1m,0.12309,0.12308,0.12309,0.12308,2000.0,4
2025-12-31 06:14:00,1767161640000,1767161699999,DOGE,1m,0.1231,0.1231,0.1231,0.12308,4267.0,5
2025-12-31 06:15:00,1767161700000,1767161759999,DOGE,1m,0.12308,0.12306,0.12309,0.12306,2214.0,7
2025-12-31 06:16:00,1767161760000,1767161819999,DOGE,1m,0.12306,0.12304,0.12306,0.12302,12595.0,7
2025-12-31 06:17:00,1767161820000,1767161879999,DOGE,1m,0.123,0.12301,0.12301,0.123,989.0,2
2025-12-31 06:18:00,1767161880000,1767161939999,DOGE,1m,0.12303,0.12303,0.12303,0.12301,1585.0,4
2025-12-31 06:19:00,1767161940000,1767161999999,DOGE,1m,0.123,0.12303,0.12304,0.123,2011.0,7
2025-12-31 06:20:00,1767162000000,1767162059999,DOGE,1m,0.12304,0.12304,0.12306,0.12304,2309.0,6
2025-12-31 06:21:00,1767162060000,1767162119999,DOGE,1m,0.12307,0.12306,0.12307,0.12306,978.0,2
2025-12-31 06:22:00,1767162120000,1767162179999,DOGE,1m,0.12302,0.12306,0.12306,0.12302,1988.0,4
2025-12-31 06:23:00,1767162180000,1767162239999,DOGE,1m,0.12307,0.12305,0.12307,0.12305,998.0,2
2025-12-31 06:24:00,1767162240000,1767162299999,DOGE,1m,0.12304,0.123,0.12304,0.123,2188.0,6
2025-12-31 06:25:00,1767162300000,1767162359999,DOGE,1m,0.123,0.123,0.12301,0.123,2000.0,4
2025-12-31 06:26:00,1767162360000,1767162419999,DOGE,1m,0.12299,0.12299,0.12302,0.12299,6994.0,7
2025-12-31 06:27:00,1767162420000,1767162479999,DOGE,1m,0.12299,0.12299,0.12301,0.12299,2000.0,4
2025-12-31 06:28:00,1767162480000,1767162539999,DOGE,1m,0.123,0.12307,0.12307,0.12298,2000.0,4
2025-12-31 06:29:00,1767162540000,1767162599999,DOGE,1m,0.12305,0.12304,0.12305,0.12303,2000.0,4
2025-12-31 06:30:00,1767162600000,1767162659999,DOGE,1m,0.12306,0.12309,0.12309,0.12306,2163.0,5
2025-12-31 06:31:00,1767162660000,1767162719999,DOGE,1m,0.12309,0.1231,0.1231,0.12308,14386.0,3
2025-12-31 06:32:00,1767162720000,1767162779999,DOGE,1m,0.12309,0.12311,0.12312,0.12309,2000.0,5
2025-12-31 06:33:00,1767162780000,1767162839999,DOGE,1m,0.12311,0.12311,0.12311,0.12311,2000.0,5
2025-12-31 06:34:00,1767162840000,1767162899999,DOGE,1m,0.1231,0.12311,0.12311,0.1231,2002.0,5
2025-12-31 06:35:00,1767162900000,1767162959999,DOGE,1m,0.12311,0.12312,0.12313,0.1231,2569.0,6
2025-12-31 06:36:00,1767162960000,1767163019999,DOGE,1m,0.12313,0.12308,0.12313,0.12308,1962.0,4
2025-12-31 06:37:00,1767163020000,1767163079999,DOGE,1m,0.12304,0.12307,0.12308,0.12304,4267.0,5
2025-12-31 06:38:00,1767163080000,1767163139999,DOGE,1m,0.12308,0.12306,0.12308,0.12305,2000.0,4
2025-12-31 06:39:00,1767163140000,1767163199999,DOGE,1m,0.12308,0.12306,0.12308,0.12306,1960.0,4
2025-12-31 06:40:00,1767163200000,1767163259999,DOGE,1m,0.12306,0.123,0.12306,0.123,2000.0,4
2025-12-31 06:41:00,1767163260000,1767163319999,DOGE,1m,0.12302,0.12303,0.12303,0.12301,7803.0,6
2025-12-31 06:42:00,1767163320000,1767163379999,DOGE,1m,0.12299,0.12301,0.12301,0.12299,993.0,2
2025-12-31 06:43:00,1767163380000,1767163439999,DOGE,1m,0.123,0.12303,0.12303,0.123,2000.0,4
2025-12-31 06:44:00,1767163440000,1767163499999,DOGE,1m,0.12302,0.12301,0.12302,0.12301,5144.0,4
2025-12-31 06:45:00,1767163500000,1767163559999,DOGE,1m,0.123,0.12302,0.12302,0.12299,9209.0,6
2025-12-31 06:46:00,1767163560000,1767163619999,DOGE,1m,0.12301,0.12302,0.12302,0.12301,995.0,2
2025-12-31 06:47:00,1767163620000,1767163679999,DOGE,1m,0.12304,0.12308,0.12308,0.12304,45220.0,6
2025-12-31 06:48:00,1767163680000,1767163739999,DOGE,1m,0.12308,0.12308,0.12308,0.12308,0.0,0
2025-12-31 06:49:00,1767163740000,1767163799999,DOGE,1m,0.12307,0.12307,0.12307,0.12307,130.0,1
2025-12-31 06:50:00,1767163800000,1767163859999,DOGE,1m,0.12308,0.12305,0.12308,0.12305,993.0,2
2025-12-31 06:51:00,1767163860000,1767163919999,DOGE,1m,0.12298,0.12299,0.12299,0.12298,1000.0,2
2025-12-31 06:52:00,1767163920000,1767163979999,DOGE,1m,0.12298,0.123,0.123,0.12298,2083.0,5
2025-12-31 06:53:00,1767163980000,1767164039999,DOGE,1m,0.12303,0.12303,0.12304,0.12302,2000.0,4
2025-12-31 06:54:00,1767164040000,1767164099999,DOGE,1m,0.12304,0.12303,0.12305,0.12303,2487.0,5
2025-12-31 06:55:00,1767164100000,1767164159999,DOGE,1m,0.12303,0.12305,0.12305,0.12303,5741.0,5
2025-12-31 06:56:00,1767164160000,1767164219999,DOGE,1m,0.12303,0.12303,0.12305,0.12303,2000.0,4
2025-12-31 06:57:00,1767164220000,1767164279999,DOGE,1m,0.12303,0.12301,0.12303,0.123,2000.0,4
2025-12-31 06:58:00,1767164280000,1767164339999,DOGE,1m,0.12301,0.12302,0.12302,0.123,1968.0,4
2025-12-31 06:59:00,1767164340000,1767164399999,DOGE,1m,0.12299,0.123,0.123,0.12299,994.0,2
2025-12-31 07:00:00,1767164400000,1767164459999,DOGE,1m,0.12299,0.12297,0.12299,0.12297,1763.0,6
2025-12-31 07:01:00,1767164460000,1767164519999,DOGE,1m,0.12297,0.12294,0.12298,0.12294,3457.0,6
2025-12-31 07:02:00,1767164520000,1767164579999,DOGE,1m,0.1229,0.12288,0.1229,0.12282,3142.0,7
2025-12-31 07:03:00,1767164580000,1767164639999,DOGE,1m,0.12288,0.12288,0.1229,0.12288,22000.0,6
2025-12-31 07:04:00,1767164640000,1767164699999,DOGE,1m,0.12289,0.12285,0.1229,0.12285,1952.0,4
2025-12-31 07:05:00,1767164700000,1767164759999,DOGE,1m,0.12288,0.12288,0.1229,0.12288,1193.0,3
2025-12-31 07:06:00,1767164760000,1767164819999,DOGE,1m,0.12292,0.12292,0.12292,0.12292,1.0,1
2025-12-31 07:07:00,1767164820000,1767164879999,DOGE,1m,0.12291,0.12291,0.12291,0.12291,998.0,2
2025-12-31 07:08:00,1767164880000,1767164939999,DOGE,1m,0.12288,0.12286,0.12288,0.12286,5005.0,6
2025-12-31 07:09:00,1767164940000,1767164999999,DOGE,1m,0.12291,0.12292,0.12292,0.12289,3966.0,6
2025-12-31 07:10:00,1767165000000,1767165059999,DOGE,1m,0.12292,0.12295,0.12295,0.12291,10278.0,10
2025-12-31 07:11:00,1767165060000,1767165119999,DOGE,1m,0.12294,0.12294,0.12295,0.12294,2000.0,4
2025-12-31 07:12:00,1767165120000,1767165179999,DOGE,1m,0.12292,0.12294,0.12294,0.1229,2000.0,4
2025-12-31 07:13:00,1767165180000,1767165239999,DOGE,1m,0.12292,0.12294,0.12294,0.12292,2384.0,6
2025-12-31 07:14:00,1767165240000,1767165299999,DOGE,1m,0.12294,0.12299,0.12299,0.12294,2554.0,6
2025-12-31 07:15:00,1767165300000,1767165359999,DOGE,1m,0.12295,0.12294,0.12295,0.12293,2000.0,4
2025-12-31 07:16:00,1767165360000,1767165419999,DOGE,1m,0.12294,0.12296,0.12296,0.12293,2514.0,7
2025-12-31 07:17:00,1767165420000,1767165479999,DOGE,1m,0.12294,0.12295,0.12295,0.12293,3428.0,7
2025-12-31 07:18:00,1767165480000,1767165539999,DOGE,1m,0.12297,0.12299,0.12299,0.12296,3512.0,8
2025-12-31 07:19:00,1767165540000,1767165599999,DOGE,1m,0.12299,0.12294,0.12299,0.12294,1599.0,5
2025-12-31 07:20:00,1767165600000,1767165659999,DOGE,1m,0.12296,0.12294,0.12296,0.12287,2643.0,7
2025-12-31 07:21:00,1767165660000,1767165719999,DOGE,1m,0.12293,0.12294,0.12296,0.12291,2968.0,8
2025-12-31 07:22:00,1767165720000,1767165779999,DOGE,1m,0.12295,0.12297,0.12297,0.12294,4680.0,9
2025-12-31 07:23:00,1767165780000,1767165839999,DOGE,1m,0.12297,0.12301,0.12301,0.12297,7009.0,9
2025-12-31 07:24:00,1767165840000,1767165899999,DOGE,1m,0.12302,0.12306,0.12308,0.12302,18424.0,9
2025-12-31 07:25:00,1767165900000,1767165959999,DOGE,1m,0.12311,0.12315,0.12315,0.12311,10960.0,10
2025-12-31 07:26:00,1767165960000,1767166019999,DOGE,1m,0.12313,0.12315,0.12315,0.12313,12150.0,8
2025-12-31 07:27:00,1767166020000,1767166079999,DOGE,1m,0.12313,0.12311,0.12315,0.12311,3151.0,9
2025-12-31 07:28:00,1767166080000,1767166139999,DOGE,1m,0.12311,0.12312,0.12313,0.12311,3168.0,9
2025-12-31 07:29:00,1767166140000,1767166199999,DOGE,1m,0.12311,0.12305,0.12312,0.12305,3150.0,8
2025-12-31 07:30:00,1767166200000,1767166259999,DOGE,1m,0.12307,0.12303,0.12307,0.12303,3156.0,8
2025-12-31 07:31:00,1767166260000,1767166319999,DOGE,1m,0.12303,0.1231,0.12313,0.12303,3652.0,10
2025-12-31 07:32:00,1767166320000,1767166379999,DOGE,1m,0.1231,0.12308,0.12311,0.12308,3055.0,7
2025-12-31 07:33:00,1767166380000,1767166439999,DOGE,1m,0.12309,0.12309,0.1231,0.12309,5215.0,10
2025-12-31 07:34:00,1767166440000,1767166499999,DOGE,1m,0.12305,0.12306,0.12307,0.12305,2867.0,6
2025-12-31 07:35:00,1767166500000,1767166559999,DOGE,1m,0.12306,0.1231,0.1231,0.12306,1059.0,6
2025-12-31 07:36:00,1767166560000,1767166619999,DOGE,1m,0.12309,0.12317,0.12318,0.12309,10869.0,8
2025-12-31 07:37:00,1767166620000,1767166679999,DOGE,1m,0.12315,0.1231,0.12316,0.12309,2950.0,6
2025-12-31 07:38:00,1767166680000,1767166739999,DOGE,1m,0.12311,0.12316,0.12316,0.12311,2745.0,5
2025-12-31 07:39:00,1767166740000,1767166799999,DOGE,1m,0.12318,0.12319,0.1232,0.12318,9289.0,6
2025-12-31 07:40:00,1767166800000,1767166859999,DOGE,1m,0.12316,0.12316,0.12316,0.12316,950.0,2
2025-12-31 07:41:00,1767166860000,1767166919999,DOGE,1m,0.12316,0.12318,0.12318,0.12316,950.0,2
2025-12-31 07:42:00,1767166920000,1767166979999,DOGE,1m,0.12317,0.12316,0.12317,0.12316,3282.0,3
2025-12-31 07:43:00,1767166980000,1767167039999,DOGE,1m,0.12315,0.12317,0.12317,0.12315,2938.0,6
2025-12-31 07:44:00,1767167040000,1767167099999,DOGE,1m,0.12317,0.12316,0.12317,0.12316,1946.0,4
2025-12-31 07:45:00,1767167100000,1767167159999,DOGE,1m,0.12321,0.12312,0.12321,0.12312,2451.0,6
2025-12-31 07:46:00,1767167160000,1767167219999,DOGE,1m,0.12313,0.12316,0.12317,0.12313,2950.0,6
2025-12-31 07:47:00,1767167220000,1767167279999,DOGE,1m,0.1232,0.12316,0.1232,0.12316,2950.0,6
2025-12-31 07:48:00,1767167280000,1767167339999,DOGE,1m,0.12318,0.12318,0.1232,0.12317,2950.0,6
2025-12-31 07:49:00,1767167340000,1767167399999,DOGE,1m,0.12317,0.12316,0.12318,0.12315,3047.0,7
2025-12-31 07:50:00,1767167400000,1767167459999,DOGE,1m,0.12317,0.12316,0.12317,0.12315,3484.0,9
2025-12-31 07:51:00,1767167460000,1767167519999,DOGE,1m,0.12318,0.12322,0.12322,0.12318,2950.0,6
2025-12-31 07:52:00,1767167520000,1767167579999,DOGE,1m,0.12319,0.12324,0.12324,0.12319,3112.0,7
2025-12-31 07:53:00,1767167580000,1767167639999,DOGE,1m,0.12325,0.12326,0.12326,0.12323,2951.0,6
2025-12-31 07:54:00,1767167640000,1767167699999,DOGE,1m,0.12324,0.12326,0.12326,0.12324,2347.0,5
2025-12-31 07:55:00,1767167700000,1767167759999,DOGE,1m,0.12326,0.12328,0.12328,0.12325,3468.0,8
2025-12-31 07:56:00,1767167760000,1767167819999,DOGE,1m,0.12325,0.12327,0.12327,0.12324,5153.0,11
2025-12-31 07:57:00,1767167820000,1767167879999,DOGE,1m,0.12327,0.12326,0.12327,0.12324,2940.0,6
2025-12-31 07:58:00,1767167880000,1767167939999,DOGE,1m,0.12325,0.12327,0.12327,0.12325,2950.0,6
2025-12-31 07:59:00,1767167940000,1767167999999,DOGE,1m,0.12329,0.12332,0.12332,0.12329,2624.0,7
2025-12-31 08:00:00,1767168000000,1767168059999,DOGE,1m,0.12331,0.12344,0.12344,0.1233,27528.0,17
2025-12-31 08:01:00,1767168060000,1767168119999,DOGE,1m,0.12347,0.12352,0.12356,0.12347,3933.0,9
2025-12-31 08:02:00,1767168120000,1767168179999,DOGE,1m,0.12356,0.12356,0.12358,0.12355,87395.0,11
2025-12-31 08:03:00,1767168180000,1767168239999,DOGE,1m,0.12359,0.12354,0.12359,0.12354,2942.0,6
2025-12-31 08:04:00,1767168240000,1767168299999,DOGE,1m,0.12357,0.12357,0.12357,0.12353,2873.0,7
2025-12-31 08:05:00,1767168300000,1767168359999,DOGE,1m,0.12351,0.12354,0.12354,0.1235,96099.0,10
2025-12-31 08:06:00,1767168360000,1767168419999,DOGE,1m,0.12363,0.12354,0.12364,0.12354,104626.0,19
2025-12-31 08:07:00,1767168420000,1767168479999,DOGE,1m,0.12352,0.12354,0.12354,0.12352,1950.0,5
2025-12-31 08:08:00,1767168480000,1767168539999,DOGE,1m,0.12354,0.12355,0.12358,0.12352,3713.0,8
2025-12-31 08:09:00,1767168540000,1767168599999,DOGE,1m,0.12351,0.12353,0.12353,0.1235,2950.0,6
2025-12-31 08:10:00,1767168600000,1767168659999,DOGE,1m,0.12353,0.12353,0.12354,0.12352,6342.0,13
2025-12-31 08:11:00,1767168660000,1767168719999,DOGE,1m,0.12351,0.12348,0.12352,0.12348,2417.0,6
2025-12-31 08:12:00,1767168720000,1767168779999,DOGE,1m,0.12352,0.12351,0.12354,0.12351,2950.0,6
2025-12-31 08:13:00,1767168780000,1767168839999,DOGE,1m,0.12352,0.12352,0.12352,0.12351,3274.0,8
2025-12-31 08:14:00,1767168840000,1767168899999,DOGE,1m,0.1235,0.12354,0.12354,0.1235,2950.0,6
2025-12-31 08:15:00,1767168900000,1767168959999,DOGE,1m,0.12354,0.12346,0.12354,0.12346,9422.0,8
2025-12-31 08:16:00,1767168960000,1767169019999,DOGE,1m,0.12346,0.12348,0.12348,0.12344,5615.0,8
2025-12-31 08:17:00,1767169020000,1767169079999,DOGE,1m,0.12346,0.12348,0.12348,0.12346,7574.0,8
2025-12-31 08:18:00,1767169080000,1767169139999,DOGE,1m,0.12348,0.12348,0.12348,0.12346,2951.0,6
2025-12-31 08:19:00,1767169140000,1767169199999,DOGE,1m,0.12344,0.12343,0.12345,0.12342,3295.0,7
2025-12-31 08:20:00,1767169200000,1767169259999,DOGE,1m,0.12343,0.12345,0.12346,0.12342,48952.0,15
2025-12-31 08:21:00,1767169260000,1767169319999,DOGE,1m,0.12347,0.12346,0.12347,0.12346,1948.0,4
2025-12-31 08:22:00,1767169320000,1767169379999,DOGE,1m,0.12343,0.12341,0.12344,0.12341,2935.0,6
2025-12-31 08:23:00,1767169380000,1767169439999,DOGE,1m,0.12336,0.12333,0.12336,0.12333,1950.0,4
2025-12-31 08:24:00,1767169440000,1767169499999,DOGE,1m,0.12334,0.12333,0.12335,0.12333,2950.0,6
2025-12-31 08:25:00,1767169500000,1767169559999,DOGE,1m,0.12333,0.12329,0.12333,0.12328,2950.0,6
2025-12-31 08:26:00,1767169560000,1767169619999,DOGE,1m,0.12328,0.12324,0.12329,0.12324,18072.0,13
2025-12-31 08:27:00,1767169620000,1767169679999,DOGE,1m,0.12325,0.12327,0.12327,0.12325,2950.0,25
2025-12-31 08:28:00,1767169680000,1767169739999,DOGE,1m,0.12327,0.12333,0.12333,0.12327,28493.0,50
2025-12-31 08:29:00,1767169740000,1767169799999,DOGE,1m,0.12332,0.12332,0.12332,0.12331,2882.0,7
2025-12-31 08:30:00,1767169800000,1767169859999,DOGE,1m,0.12332,0.12331,0.12332,0.12331,2445.0,6
2025-12-31 08:31:00,1767169860000,1767169919999,DOGE,1m,0.1233,0.12328,0.12331,0.12326,34623.0,12
2025-12-31 08:32:00,1767169920000,1767169979999,DOGE,1m,0.12327,0.12326,0.12329,0.12325,6741.0,10
2025-12-31 08:33:00,1767169980000,1767170039999,DOGE,1m,0.12327,0.12327,0.12327,0.12326,2927.0,7
2025-12-31 08:34:00,1767170040000,1767170099999,DOGE,1m,0.12326,0.12324,0.12326,0.12324,2941.0,6
2025-12-31 08:35:00,1767170100000,1767170159999,DOGE,1m,0.12324,0.12321,0.12325,0.1232,11917.0,8
2025-12-31 08:36:00,1767170160000,1767170219999,DOGE,1m,0.12323,0.12321,0.12323,0.12319,2831.0,6
2025-12-31 08:37:00,1767170220000,1767170279999,DOGE,1m,0.12319,0.1231,0.12319,0.1231,7820.0,7
2025-12-31 08:38:00,1767170280000,1767170339999,DOGE,1m,0.12311,0.12309,0.12311,0.12307,3229.0,7
2025-12-31 08:39:00,1767170340000,1767170399999,DOGE,1m,0.12305,0.12296,0.12305,0.12296,198700.0,18
2025-12-31 08:40:00,1767170400000,1767170459999,DOGE,1m,0.12298,0.123,0.123,0.12293,13650.0,14
2025-12-31 08:41:00,1767170460000,1767170519999,DOGE,1m,0.123,0.123,0.12302,0.12299,3279.0,7
2025-12-31 08:42:00,1767170520000,1767170579999,DOGE,1m,0.12299,0.12302,0.12302,0.12299,2932.0,6
2025-12-31 08:43:00,1767170580000,1767170639999,DOGE,1m,0.12302,0.12302,0.12303,0.12294,67841.0,16
2025-12-31 08:44:00,1767170640000,1767170699999,DOGE,1m,0.123,0.12302,0.12303,0.12296,3295.0,7
2025-12-31 08:45:00,1767170700000,1767170759999,DOGE,1m,0.12295,0.12301,0.12301,0.12295,4342.0,9
2025-12-31 08:46:00,1767170760000,1767170819999,DOGE,1m,0.12303,0.12296,0.12303,0.12296,3763.0,7
2025-12-31 08:47:00,1767170820000,1767170879999,DOGE,1m,0.12297,0.123,0.123,0.12297,2950.0,6
2025-12-31 08:48:00,1767170880000,1767170939999,DOGE,1m,0.12303,0.12303,0.12303,0.12302,2971.0,6
2025-12-31 08:49:00,1767170940000,1767170999999,DOGE,1m,0.12302,0.12304,0.12305,0.12302,17272.0,9
2025-12-31 08:50:00,1767171000000,1767171059999,DOGE,1m,0.12301,0.12295,0.12302,0.12295,11368.0,9
2025-12-31 08:51:00,1767171060000,1767171119999,DOGE,1m,0.12293,0.12301,0.12301,0.12293,11756.0,9
2025-12-31 08:52:00,1767171120000,1767171179999,DOGE,1m,0.123,0.12295,0.12303,0.12295,24788.0,15
2025-12-31 08:53:00,1767171180000,1767171239999,DOGE,1m,0.12296,0.12299,0.12299,0.12296,5320.0,9
2025-12-31 08:54:00,1767171240000,1767171299999,DOGE,1m,0.12298,0.12299,0.12299,0.12298,1904.0,4
2025-12-31 08:55:00,1767171300000,1767171359999,DOGE,1m,0.12297,0.12299,0.12299,0.12297,12942.0,8
2025-12-31 08:56:00,1767171360000,1767171419999,DOGE,1m,0.12298,0.12301,0.12302,0.12298,34170.0,11
2025-12-31 08:57:00,1767171420000,1767171479999,DOGE,1m,0.123,0.12301,0.12301,0.123,950.0,2
2025-12-31 08:58:00,1767171480000,1767171539999,DOGE,1m,0.123,0.12303,0.12304,0.123,19006.0,13
2025-12-31 08:59:00,1767171540000,1767171599999,DOGE,1m,0.12301,0.12301,0.12301,0.123,8558.0,8
2025-12-31 09:00:00,1767171600000,1767171659999,DOGE,1m,0.12302,0.12303,0.12303,0.12301,5794.0,8
2025-12-31 09:01:00,1767171660000,1767171719999,DOGE,1m,0.12303,0.12309,0.12309,0.12303,26995.0,14
2025-12-31 09:02:00,1767171720000,1767171779999,DOGE,1m,0.12308,0.12309,0.12313,0.12308,13255.0,9
2025-12-31 09:03:00,1767171780000,1767171839999,DOGE,1m,0.12314,0.12314,0.12314,0.12313,16710.0,10
2025-12-31 09:04:00,1767171840000,1767171899999,DOGE,1m,0.12314,0.12314,0.12316,0.12314,3032.0,7
2025-12-31 09:05:00,1767171900000,1767171959999,DOGE,1m,0.12317,0.12311,0.12317,0.12311,2063.0,7
2025-12-31 09:06:00,1767171960000,1767172019999,DOGE,1m,0.12312,0.12315,0.12315,0.12312,7919.0,8
2025-12-31 09:07:00,1767172020000,1767172079999,DOGE,1m,0.12314,0.12311,0.12314,0.12311,1950.0,4
2025-12-31 09:08:00,1767172080000,1767172139999,DOGE,1m,0.12309,0.1231,0.1231,0.12307,2043.0,6
2025-12-31 09:09:00,1767172140000,1767172199999,DOGE,1m,0.12312,0.12316,0.12318,0.12311,16270.0,12
2025-12-31 09:10:00,1767172200000,1767172259999,DOGE,1m,0.12314,0.12306,0.12315,0.12306,2950.0,6
2025-12-31 09:11:00,1767172260000,1767172319999,DOGE,1m,0.12302,0.12306,0.12306,0.12301,2950.0,6
2025-12-31 09:12:00,1767172320000,1767172379999,DOGE,1m,0.12308,0.12308,0.12311,0.12308,3127.0,8
2025-12-31 09:13:00,1767172380000,1767172439999,DOGE,1m,0.12308,0.12304,0.12308,0.12302,3706.0,9
2025-12-31 09:14:00,1767172440000,1767172499999,DOGE,1m,0.12304,0.12305,0.12305,0.12304,5212.0,7
2025-12-31 09:15:00,1767172500000,1767172559999,DOGE,1m,0.12305,0.1231,0.12312,0.12305,375193.0,23
2025-12-31 09:16:00,1767172560000,1767172619999,DOGE,1m,0.12309,0.12304,0.1231,0.12304,22200.0,9
2025-12-31 09:17:00,1767172620000,1767172679999,DOGE,1m,0.12304,0.12305,0.12307,0.12304,2914.0,7
2025-12-31 09:18:00,1767172680000,1767172739999,DOGE,1m,0.12307,0.12307,0.12308,0.12307,10419.0,8
2025-12-31 09:19:00,1767172740000,1767172799999,DOGE,1m,0.12308,0.12307,0.12308,0.12305,10000.0,8
2025-12-31 09:20:00,1767172800000,1767172859999,DOGE,1m,0.12308,0.1231,0.1231,0.12308,27320.0,11
2025-12-31 09:21:00,1767172860000,1767172919999,DOGE,1m,0.12309,0.12307,0.12309,0.12307,2950.0,6
2025-12-31 09:22:00,1767172920000,1767172979999,DOGE,1m,0.1231,0.12311,0.12311,0.12309,2954.0,7
2025-12-31 09:23:00,1767172980000,1767173039999,DOGE,1m,0.12309,0.1231,0.12312,0.12309,5464.0,6
2025-12-31 09:24:00,1767173040000,1767173099999,DOGE,1m,0.12308,0.12308,0.12308,0.12307,2937.0,6
2025-12-31 09:25:00,1767173100000,1767173159999,DOGE,1m,0.12306,0.12306,0.12306,0.12305,2951.0,7
2025-12-31 09:26:00,1767173160000,1767173219999,DOGE,1m,0.123,0.12303,0.12303,0.123,5193.0,9
2025-12-31 09:27:00,1767173220000,1767173279999,DOGE,1m,0.12302,0.12301,0.12303,0.12301,89828.0,100
2025-12-31 09:28:00,1767173280000,1767173339999,DOGE,1m,0.12303,0.12302,0.12303,0.12301,3334.0,10
2025-12-31 09:29:00,1767173340000,1767173399999,DOGE,1m,0.123,0.12298,0.123,0.12298,91842.0,102
2025-12-31 09:30:00,1767173400000,1767173459999,DOGE,1m,0.12293,0.12296,0.12296,0.12292,26447.0,9
2025-12-31 09:31:00,1767173460000,1767173519999,DOGE,1m,0.12296,0.12303,0.12303,0.12295,79485.0,19
2025-12-31 09:32:00,1767173520000,1767173579999,DOGE,1m,0.12303,0.12302,0.12303,0.12302,12547.0,17
2025-12-31 09:33:00,1767173580000,1767173639999,DOGE,1m,0.123,0.12301,0.12301,0.123,8747.0,6
2025-12-31 09:34:00,1767173640000,1767173699999,DOGE,1m,0.12301,0.12297,0.12302,0.12297,2951.0,6
2025-12-31 09:35:00,1767173700000,1767173759999,DOGE,1m,0.12295,0.12296,0.12296,0.12295,6872.0,6
2025-12-31 09:36:00,1767173760000,1767173819999,DOGE,1m,0.12296,0.12298,0.123,0.12296,77893.0,8
2025-12-31 09:37:00,1767173820000,1767173879999,DOGE,1m,0.12297,0.12297,0.12298,0.12297,13319.0,8
2025-12-31 09:38:00,1767173880000,1767173939999,DOGE,1m,0.12298,0.12303,0.12305,0.12297,31549.0,15
2025-12-31 09:39:00,1767173940000,1767173999999,DOGE,1m,0.12306,0.12304,0.12307,0.12303,35114.0,13
2025-12-31 09:40:00,1767174000000,1767174059999,DOGE,1m,0.12303,0.12305,0.12305,0.12303,1810.0,4
2025-12-31 09:41:00,1767174060000,1767174119999,DOGE,1m,0.12305,0.123,0.12305,0.123,2450.0,6
2025-12-31 09:42:00,1767174120000,1767174179999,DOGE,1m,0.123,0.123,0.123,0.12299,19112.0,11
2025-12-31 09:43:00,1767174180000,1767174239999,DOGE,1m,0.123,0.12301,0.12302,0.123,10779.0,7
2025-12-31 09:44:00,1767174240000,1767174299999,DOGE,1m,0.12301,0.12301,0.12304,0.123,51205.0,12
2025-12-31 09:45:00,1767174300000,1767174359999,DOGE,1m,0.12302,0.12303,0.12304,0.12302,33097.0,8
2025-12-31 09:46:00,1767174360000,1767174419999,DOGE,1m,0.12306,0.12307,0.12307,0.12304,26317.0,7
2025-12-31 09:47:00,1767174420000,1767174479999,DOGE,1m,0.12303,0.12302,0.12304,0.12302,6505.0,6
2025-12-31 09:48:00,1767174480000,1767174539999,DOGE,1m,0.12302,0.12303,0.12303,0.12302,29311.0,11
2025-12-31 09:49:00,1767174540000,1767174599999,DOGE,1m,0.12303,0.12299,0.12303,0.12299,103696.0,8
2025-12-31 09:50:00,1767174600000,1767174659999,DOGE,1m,0.123,0.12301,0.12301,0.123,2950.0,6
2025-12-31 09:51:00,1767174660000,1767174719999,DOGE,1m,0.12302,0.12303,0.12303,0.12302,2430.0,5
2025-12-31 09:52:00,1767174720000,1767174779999,DOGE,1m,0.12307,0.12308,0.12308,0.12307,1949.0,4
2025-12-31 09:53:00,1767174780000,1767174839999,DOGE,1m,0.12307,0.12307,0.12308,0.12306,2941.0,6
2025-12-31 09:54:00,1767174840000,1767174899999,DOGE,1m,0.12307,0.1231,0.12311,0.12307,1632.0,4
2025-12-31 09:55:00,1767174900000,1767174959999,DOGE,1m,0.12311,0.12309,0.12311,0.12309,4289.0,4
2025-12-31 09:56:00,1767174960000,1767175019999,DOGE,1m,0.12305,0.12304,0.12308,0.12304,2950.0,6
2025-12-31 09:57:00,1767175020000,1767175079999,DOGE,1m,0.12304,0.12311,0.12311,0.12304,2950.0,6
2025-12-31 09:58:00,1767175080000,1767175139999,DOGE,1m,0.1231,0.12308,0.1231,0.12308,11722.0,7
2025-12-31 09:59:00,1767175140000,1767175199999,DOGE,1m,0.12308,0.12308,0.12308,0.12306,13340.0,7
2025-12-31 10:00:00,1767175200000,1767175259999,DOGE,1m,0.12307,0.12307,0.12308,0.12307,2418.0,7
2025-12-31 10:01:00,1767175260000,1767175319999,DOGE,1m,0.12307,0.12308,0.12308,0.12305,26097.0,16
2025-12-31 10:02:00,1767175320000,1767175379999,DOGE,1m,0.12307,0.12309,0.12309,0.12307,3813.0,10
2025-12-31 10:03:00,1767175380000,1767175439999,DOGE,1m,0.12308,0.12305,0.12309,0.12305,26576.0,7
2025-12-31 10:04:00,1767175440000,1767175499999,DOGE,1m,0.12305,0.12302,0.12305,0.12302,9093.0,14
2025-12-31 10:05:00,1767175500000,1767175559999,DOGE,1m,0.12303,0.12302,0.12303,0.12301,3140.0,8
2025-12-31 10:06:00,1767175560000,1767175619999,DOGE,1m,0.12304,0.12304,0.12305,0.12303,19144.0,10
2025-12-31 10:07:00,1767175620000,1767175679999,DOGE,1m,0.12305,0.12303,0.12306,0.12302,54270.0,15
2025-12-31 10:08:00,1767175680000,1767175739999,DOGE,1m,0.12302,0.12303,0.12303,0.12301,7121.0,9
2025-12-31 10:09:00,1767175740000,1767175799999,DOGE,1m,0.12302,0.12309,0.12309,0.12302,16621.0,13
2025-12-31 10:10:00,1767175800000,1767175859999,DOGE,1m,0.12309,0.12311,0.12314,0.12309,15557.0,9
2025-12-31 10:11:00,1767175860000,1767175919999,DOGE,1m,0.12313,0.12312,0.12314,0.12311,3149.0,8
2025-12-31 10:12:00,1767175920000,1767175979999,DOGE,1m,0.12311,0.12311,0.12312,0.12311,11647.0,8
2025-12-31 10:13:00,1767175980000,1767176039999,DOGE,1m,0.12311,0.12314,0.12315,0.12311,2984.0,7
2025-12-31 10:14:00,1767176040000,1767176099999,DOGE,1m,0.12314,0.12311,0.12314,0.12311,9300.0,9
2025-12-31 10:15:00,1767176100000,1767176159999,DOGE,1m,0.12313,0.12313,0.12313,0.12311,3365.0,7
2025-12-31 10:16:00,1767176160000,1767176219999,DOGE,1m,0.12311,0.12313,0.12313,0.1231,3011.0,8
2025-12-31 10:17:00,1767176220000,1767176279999,DOGE,1m,0.12314,0.12313,0.12314,0.12313,950.0,2
2025-12-31 10:18:00,1767176280000,1767176339999,DOGE,1m,0.12312,0.12313,0.12314,0.12312,2946.0,6
2025-12-31 10:19:00,1767176340000,1767176399999,DOGE,1m,0.12312,0.12314,0.12321,0.12312,64674.0,13
2025-12-31 10:20:00,1767176400000,1767176459999,DOGE,1m,0.12313,0.12306,0.12313,0.12306,11598.0,8
2025-12-31 10:21:00,1767176460000,1767176519999,DOGE,1m,0.12305,0.123,0.12306,0.123,2719.0,6
2025-12-31 10:22:00,1767176520000,1767176579999,DOGE,1m,0.12301,0.12303,0.12303,0.12297,50490.0,12
2025-12-31 10:23:00,1767176580000,1767176639999,DOGE,1m,0.12298,0.12305,0.12305,0.12298,4847.0,5
2025-12-31 10:24:00,1767176640000,1767176699999,DOGE,1m,0.12307,0.12308,0.12308,0.12305,3277.0,7
2025-12-31 10:25:00,1767176700000,1767176759999,DOGE,1m,0.12311,0.12308,0.12311,0.12307,5542.0,6
2025-12-31 10:26:00,1767176760000,1767176819999,DOGE,1m,0.12308,0.12306,0.12308,0.12306,2450.0,5
2025-12-31 10:27:00,1767176820000,1767176879999,DOGE,1m,0.12306,0.12307,0.12307,0.12306,3705.0,4
2025-12-31 10:28:00,1767176880000,1767176939999,DOGE,1m,0.12306,0.12304,0.12307,0.12303,6338.0,8
2025-12-31 10:29:00,1767176940000,1767176999999,DOGE,1m,0.12302,0.12301,0.12303,0.12299,27000.0,8
2025-12-31 10:30:00,1767177000000,1767177059999,DOGE,1m,0.12302,0.12304,0.12304,0.12302,27028.0,9
2025-12-31 10:31:00,1767177060000,1767177119999,DOGE,1m,0.12299,0.12296,0.12299,0.12295,7338.0,7
2025-12-31 10:32:00,1767177120000,1767177179999,DOGE,1m,0.12295,0.12302,0.12304,0.12295,10286.0,6
2025-12-31 10:33:00,1767177180000,1767177239999,DOGE,1m,0.12301,0.123,0.12301,0.123,2936.0,7
2025-12-31 10:34:00,1767177240000,1767177299999,DOGE,1m,0.12301,0.12297,0.12302,0.12297,4224.0,6
2025-12-31 10:35:00,1767177300000,1767177359999,DOGE,1m,0.12296,0.12296,0.12297,0.12294,15569.0,8
2025-12-31 10:36:00,1767177360000,1767177419999,DOGE,1m,0.12289,0.12278,0.12289,0.12275,5612.0,10
2025-12-31 10:37:00,1767177420000,1767177479999,DOGE,1m,0.12277,0.12288,0.12288,0.12276,253939.0,24
2025-12-31 10:38:00,1767177480000,1767177539999,DOGE,1m,0.12289,0.12289,0.1229,0.12285,32023.0,9
2025-12-31 10:39:00,1767177540000,1767177599999,DOGE,1m,0.12291,0.1229,0.12291,0.1229,9531.0,8
2025-12-31 10:40:00,1767177600000,1767177659999,DOGE,1m,0.1229,0.12289,0.1229,0.12289,4069.0,6
2025-12-31 10:41:00,1767177660000,1767177719999,DOGE,1m,0.1229,0.12289,0.1229,0.12289,2941.0,6
2025-12-31 10:42:00,1767177720000,1767177779999,DOGE,1m,0.12291,0.12289,0.12292,0.12288,2065.0,7
2025-12-31 10:43:00,1767177780000,1767177839999,DOGE,1m,0.1229,0.12293,0.12293,0.1229,1450.0,3
2025-12-31 10:44:00,1767177840000,1767177899999,DOGE,1m,0.12289,0.12292,0.12293,0.12289,2396.0,5
2025-12-31 10:45:00,1767177900000,1767177959999,DOGE,1m,0.1229,0.1229,0.1229,0.12289,2442.0,5
2025-12-31 10:46:00,1767177960000,1767178019999,DOGE,1m,0.12294,0.12298,0.12298,0.12292,68595.0,12
2025-12-31 10:47:00,1767178020000,1767178079999,DOGE,1m,0.12297,0.12296,0.12299,0.12296,2945.0,6
2025-12-31 10:48:00,1767178080000,1767178139999,DOGE,1m,0.12295,0.12296,0.12296,0.12295,3059.0,6
2025-12-31 10:49:00,1767178140000,1767178199999,DOGE,1m,0.12295,0.12294,0.12295,0.12293,2448.0,6
2025-12-31 10:50:00,1767178200000,1767178259999,DOGE,1m,0.12288,0.12289,0.1229,0.12288,15204.0,7
2025-12-31 10:51:00,1767178260000,1767178319999,DOGE,1m,0.12289,0.12287,0.12289,0.12287,3591.0,5
2025-12-31 10:52:00,1767178320000,1767178379999,DOGE,1m,0.12288,0.12285,0.12288,0.12285,3035.0,7
2025-12-31 10:53:00,1767178380000,1767178439999,DOGE,1m,0.1228,0.12285,0.12285,0.12279,69608.0,12
2025-12-31 10:54:00,1767178440000,1767178499999,DOGE,1m,0.12281,0.12283,0.12283,0.12281,5798.0,5
2025-12-31 10:55:00,1767178500000,1767178559999,DOGE,1m,0.12283,0.12283,0.12283,0.12282,121794.0,13
2025-12-31 10:56:00,1767178560000,1767178619999,DOGE,1m,0.12282,0.12282,0.12282,0.12282,50065.0,3
2025-12-31 10:57:00,1767178620000,1767178679999,DOGE,1m,0.12283,0.12293,0.12293,0.12283,52033.0,13
2025-12-31 10:58:00,1767178680000,1767178739999,DOGE,1m,0.12294,0.12298,0.12298,0.12294,10941.0,7
2025-12-31 10:59:00,1767178740000,1767178799999,DOGE,1m,0.12297,0.12298,0.12298,0.12297,5664.0,3
2025-12-31 11:00:00,1767178800000,1767178859999,DOGE,1m,0.12302,0.12296,0.12302,0.12296,2154.0,4
2025-12-31 11:01:00,1767178860000,1767178919999,DOGE,1m,0.12295,0.12301,0.12303,0.12293,95743.0,17
2025-12-31 11:02:00,1767178920000,1767178979999,DOGE,1m,0.123,0.12299,0.123,0.12297,3198.0,5
2025-12-31 11:03:00,1767178980000,1767179039999,DOGE,1m,0.12301,0.12301,0.12301,0.12298,33917.0,6
2025-12-31 11:04:00,1767179040000,1767179099999,DOGE,1m,0.12301,0.12308,0.12308,0.12301,17812.0,5
2025-12-31 11:05:00,1767179100000,1767179159999,DOGE,1m,0.12305,0.12305,0.12305,0.12305,16039.0,2
2025-12-31 11:06:00,1767179160000,1767179219999,DOGE,1m,0.12305,0.12317,0.12317,0.12305,91609.0,11
2025-12-31 11:07:00,1767179220000,1767179279999,DOGE,1m,0.12316,0.12315,0.12316,0.12312,44077.0,14
2025-12-31 11:08:00,1767179280000,1767179339999,DOGE,1m,0.12313,0.12314,0.12315,0.12313,18128.0,7
2025-12-31 11:09:00,1767179340000,1767179399999,DOGE,1m,0.1232,0.12322,0.12322,0.1232,35736.0,7
2025-12-31 11:10:00,1767179400000,1767179459999,DOGE,1m,0.12324,0.12334,0.12334,0.12324,11825.0,13
2025-12-31 11:11:00,1767179460000,1767179519999,DOGE,1m,0.12329,0.12332,0.12332,0.12329,2096.0,4
2025-12-31 11:12:00,1767179520000,1767179579999,DOGE,1m,0.12331,0.12327,0.12331,0.12327,1989.0,4
2025-12-31 11:13:00,1767179580000,1767179639999,DOGE,1m,0.12327,0.12328,0.12328,0.12327,1990.0,5
2025-12-31 11:14:00,1767179640000,1767179699999,DOGE,1m,0.12325,0.12326,0.12326,0.12325,2765.0,2
2025-12-31 11:15:00,1767179700000,1767179759999,DOGE,1m,0.12319,0.12322,0.12323,0.12317,36850.0,7
2025-12-31 11:16:00,1767179760000,1767179819999,DOGE,1m,0.12319,0.12318,0.12319,0.12317,59170.0,12
2025-12-31 11:17:00,1767179820000,1767179879999,DOGE,1m,0.12315,0.12313,0.12318,0.12313,21411.0,8
2025-12-31 11:18:00,1767179880000,1767179939999,DOGE,1m,0.1231,0.12306,0.1231,0.12306,1002.0,3
2025-12-31 11:19:00,1767179940000,1767179999999,DOGE,1m,0.12316,0.12318,0.12322,0.12316,12309.0,5
2025-12-31 11:20:00,1767180000000,1767180059999,DOGE,1m,0.12319,0.12319,0.12319,0.12319,474.0,1
2025-12-31 11:21:00,1767180060000,1767180119999,DOGE,1m,0.12316,0.12314,0.12318,0.12314,374837.0,23
2025-12-31 11:22:00,1767180120000,1767180179999,DOGE,1m,0.12313,0.12322,0.12322,0.12313,995.0,2
2025-12-31 11:23:00,1767180180000,1767180239999,DOGE,1m,0.12322,0.12326,0.12326,0.12322,7552.0,5
2025-12-31 11:24:00,1767180240000,1767180299999,DOGE,1m,0.12323,0.12319,0.12323,0.12319,941.0,2
2025-12-31 11:25:00,1767180300000,1767180359999,DOGE,1m,0.1232,0.12321,0.12321,0.1232,1306.0,2
2025-12-31 11:26:00,1767180360000,1767180419999,DOGE,1m,0.12323,0.12324,0.12324,0.12323,1118.0,3
2025-12-31 11:27:00,1767180420000,1767180479999,DOGE,1m,0.12329,0.12333,0.12333,0.12328,1018.0,3
2025-12-31 11:28:00,1767180480000,1767180539999,DOGE,1m,0.12328,0.12329,0.12329,0.12328,995.0,2
2025-12-31 11:29:00,1767180540000,1767180599999,DOGE,1m,0.12335,0.12335,0.12335,0.12334,1516.0,4
2025-12-31 11:30:00,1767180600000,1767180659999,DOGE,1m,0.12335,0.12328,0.12335,0.12328,4143.0,8
2025-12-31 11:31:00,1767180660000,1767180719999,DOGE,1m,0.12328,0.12335,0.12339,0.12328,27866.0,10
2025-12-31 11:32:00,1767180720000,1767180779999,DOGE,1m,0.12337,0.1233,0.12337,0.12328,11474.0,13
2025-12-31 11:33:00,1767180780000,1767180839999,DOGE,1m,0.1233,0.1233,0.1233,0.1233,0.0,0
2025-12-31 11:34:00,1767180840000,1767180899999,DOGE,1m,0.1233,0.12327,0.1233,0.12327,1787.0,6
2025-12-31 11:35:00,1767180900000,1767180959999,DOGE,1m,0.12334,0.12338,0.1234,0.12331,24616.0,10
2025-12-31 11:36:00,1767180960000,1767181019999,DOGE,1m,0.12337,0.12339,0.1234,0.12331,5653.0,5
2025-12-31 11:37:00,1767181020000,1767181079999,DOGE,1m,0.1234,0.12338,0.1234,0.12338,11553.0,6
2025-12-31 11:38:00,1767181080000,1767181139999,DOGE,1m,0.12339,0.12339,0.1234,0.12339,1260.0,3
2025-12-31 11:39:00,1767181140000,1767181199999,DOGE,1m,0.12338,0.1234,0.12341,0.12338,60118.0,10
2025-12-31 11:40:00,1767181200000,1767181259999,DOGE,1m,0.12342,0.12337,0.12342,0.12337,1237.0,3
2025-12-31 11:41:00,1767181260000,1767181319999,DOGE,1m,0.12339,0.12343,0.12343,0.12339,974.0,3
2025-12-31 11:42:00,1767181320000,1767181379999,DOGE,1m,0.12345,0.1235,0.12351,0.12343,55113.0,8
2025-12-31 11:43:00,1767181380000,1767181439999,DOGE,1m,0.1235,0.12352,0.12352,0.12347,9983.0,6
2025-12-31 11:44:00,1767181440000,1767181499999,DOGE,1m,0.12353,0.12349,0.12356,0.12349,2181.0,5
2025-12-31 11:45:00,1767181500000,1767181559999,DOGE,1m,0.12346,0.12348,0.12348,0.12341,74044.0,11
2025-12-31 11:46:00,1767181560000,1767181619999,DOGE,1m,0.12342,0.12342,0.12343,0.12341,1683.0,4
2025-12-31 11:47:00,1767181620000,1767181679999,DOGE,1m,0.12344,0.12345,0.12346,0.12344,41258.0,6
2025-12-31 11:48:00,1767181680000,1767181739999,DOGE,1m,0.12343,0.1234,0.12343,0.1234,1321.0,4
2025-12-31 11:49:00,1767181740000,1767181799999,DOGE,1m,0.1234,0.1234,0.1234,0.1234,653.0,2
2025-12-31 11:50:00,1767181800000,1767181859999,DOGE,1m,0.12336,0.12335,0.12347,0.12335,29201.0,11
2025-12-31 11:51:00,1767181860000,1767181919999,DOGE,1m,0.12341,0.1234,0.12341,0.12338,7925.0,5
2025-12-31 11:52:00,1767181920000,1767181979999,DOGE,1m,0.12337,0.12333,0.12337,0.12333,8055.0,5
2025-12-31 11:53:00,1767181980000,1767182039999,DOGE,1m,0.12333,0.12333,0.12333,0.12332,165719.0,18
2025-12-31 11:54:00,1767182040000,1767182099999,DOGE,1m,0.12333,0.12333,0.12333,0.12333,0.0,0
2025-12-31 11:55:00,1767182100000,1767182159999,DOGE,1m,0.12333,0.12335,0.12335,0.12333,701.0,3
2025-12-31 11:56:00,1767182160000,1767182219999,DOGE,1m,0.12334,0.12335,0.12336,0.12334,2002.0,6
2025-12-31 11:57:00,1767182220000,1767182279999,DOGE,1m,0.12336,0.12334,0.12336,0.12333,1617.0,4
2025-12-31 11:58:00,1767182280000,1767182339999,DOGE,1m,0.12335,0.12335,0.12335,0.12335,580.0,3
2025-12-31 11:59:00,1767182340000,1767182399999,DOGE,1m,0.12336,0.12336,0.12336,0.12336,21244.0,5
2025-12-31 12:00:00,1767182400000,1767182459999,DOGE,1m,0.12336,0.12334,0.1234,0.12333,54811.0,11
2025-12-31 12:01:00,1767182460000,1767182519999,DOGE,1m,0.12333,0.12328,0.12335,0.12328,43614.0,9
2025-12-31 12:02:00,1767182520000,1767182579999,DOGE,1m,0.12328,0.12328,0.12328,0.12325,744.0,3
2025-12-31 12:03:00,1767182580000,1767182639999,DOGE,1m,0.12328,0.12324,0.12328,0.12324,8637.0,3
2025-12-31 12:04:00,1767182640000,1767182699999,DOGE,1m,0.12323,0.12325,0.12325,0.1232,10561.0,7
2025-12-31 12:05:00,1767182700000,1767182759999,DOGE,1m,0.12325,0.12324,0.12328,0.12324,1074.0,4
2025-12-31 12:06:00,1767182760000,1767182819999,DOGE,1m,0.12324,0.12324,0.12324,0.12324,992.0,2
2025-12-31 12:07:00,1767182820000,1767182879999,DOGE,1m,0.12327,0.12326,0.12327,0.12326,975.0,2
2025-12-31 12:08:00,1767182880000,1767182939999,DOGE,1m,0.12327,0.12329,0.12329,0.12327,6293.0,2
2025-12-31 12:09:00,1767182940000,1767182999999,DOGE,1m,0.12323,0.12328,0.12328,0.12323,942.0,2
2025-12-31 12:10:00,1767183000000,1767183059999,DOGE,1m,0.12327,0.12327,0.12327,0.12327,463.0,1
2025-12-31 12:11:00,1767183060000,1767183119999,DOGE,1m,0.12327,0.12327,0.12327,0.12326,1362.0,3
2025-12-31 12:12:00,1767183120000,1767183179999,DOGE,1m,0.12326,0.12324,0.12326,0.12324,2878.0,4
2025-12-31 12:13:00,1767183180000,1767183239999,DOGE,1m,0.12323,0.12323,0.12323,0.12323,26087.0,4
2025-12-31 12:14:00,1767183240000,1767183299999,DOGE,1m,0.12323,0.12321,0.12323,0.12321,8115.0,2
2025-12-31 12:15:00,1767183300000,1767183359999,DOGE,1m,0.12321,0.12321,0.12321,0.12321,132.0,1
2025-12-31 12:16:00,1767183360000,1767183419999,DOGE,1m,0.12321,0.1232,0.12321,0.1232,1061.0,3
2025-12-31 12:17:00,1767183420000,1767183479999,DOGE,1m,0.12321,0.12321,0.12321,0.12321,435.0,1
2025-12-31 12:18:00,1767183480000,1767183539999,DOGE,1m,0.12319,0.12321,0.12321,0.12319,856.0,2
2025-12-31 12:19:00,1767183540000,1767183599999,DOGE,1m,0.1232,0.12325,0.12325,0.12319,11523.0,5
2025-12-31 12:20:00,1767183600000,1767183659999,DOGE,1m,0.12326,0.12326,0.12326,0.12326,415.0,1
2025-12-31 12:21:00,1767183660000,1767183719999,DOGE,1m,0.12325,0.12324,0.12325,0.12324,1640.0,5
2025-12-31 12:22:00,1767183720000,1767183779999,DOGE,1m,0.12321,0.12316,0.12321,0.12316,8950.0,24
2025-12-31 12:23:00,1767183780000,1767183839999,DOGE,1m,0.12316,0.12309,0.12316,0.12309,2350.0,13
2025-12-31 12:24:00,1767183840000,1767183899999,DOGE,1m,0.12308,0.12314,0.12314,0.12308,4232.0,31
2025-12-31 12:25:00,1767183900000,1767183959999,DOGE,1m,0.12316,0.12317,0.12317,0.12315,1122.0,3
2025-12-31 12:26:00,1767183960000,1767184019999,DOGE,1m,0.12315,0.12314,0.12315,0.12314,1091.0,3
2025-12-31 12:27:00,1767184020000,1767184079999,DOGE,1m,0.12315,0.12311,0.12315,0.1231,1400.0,4
2025-12-31 12:28:00,1767184080000,1767184139999,DOGE,1m,0.12309,0.12308,0.12309,0.12308,679.0,2
2025-12-31 12:29:00,1767184140000,1767184199999,DOGE,1m,0.12307,0.1231,0.1231,0.12307,465.0,2
2025-12-31 12:30:00,1767184200000,1767184259999,DOGE,1m,0.12309,0.12312,0.12312,0.12308,1311.0,4
2025-12-31 12:31:00,1767184260000,1767184319999,DOGE,1m,0.12312,0.12312,0.12312,0.12312,0.0,0
2025-12-31 12:32:00,1767184320000,1767184379999,DOGE,1m,0.12317,0.12315,0.12317,0.12315,388.0,2
2025-12-31 12:33:00,1767184380000,1767184439999,DOGE,1m,0.1231,0.1231,0.1231,0.1231,100000.0,1
2025-12-31 12:34:00,1767184440000,1767184499999,DOGE,1m,0.12307,0.12307,0.12307,0.12307,154.0,1
2025-12-31 12:35:00,1767184500000,1767184559999,DOGE,1m,0.12305,0.12305,0.12305,0.12305,2839.0,2
2025-12-31 12:36:00,1767184560000,1767184619999,DOGE,1m,0.12304,0.12303,0.12304,0.12303,24104.0,2
2025-12-31 12:37:00,1767184620000,1767184679999,DOGE,1m,0.12303,0.12291,0.12303,0.12291,19605.0,5
2025-12-31 12:38:00,1767184680000,1767184739999,DOGE,1m,0.12295,0.12294,0.12295,0.12292,3908.0,3
2025-12-31 12:39:00,1767184740000,1767184799999,DOGE,1m,0.12293,0.12293,0.12293,0.12293,172.0,1
2025-12-31 12:40:00,1767184800000,1767184859999,DOGE,1m,0.12294,0.12294,0.12296,0.12294,5579.0,5
2025-12-31 12:41:00,1767184860000,1767184919999,DOGE,1m,0.12294,0.12294,0.12294,0.12294,128.0,1
2025-12-31 12:42:00,1767184920000,1767184979999,DOGE,1m,0.12291,0.12291,0.12291,0.12291,149.0,1
2025-12-31 12:43:00,1767184980000,1767185039999,DOGE,1m,0.12289,0.1229,0.1229,0.12289,73063.0,3
2025-12-31 12:44:00,1767185040000,1767185099999,DOGE,1m,0.1229,0.1229,0.1229,0.1229,229.0,1
2025-12-31 12:45:00,1767185100000,1767185159999,DOGE,1m,0.1229,0.1229,0.1229,0.1229,0.0,0
2025-12-31 12:46:00,1767185160000,1767185219999,DOGE,1m,0.12288,0.12288,0.12288,0.12288,2218.0,3
2025-12-31 12:47:00,1767185220000,1767185279999,DOGE,1m,0.12288,0.12288,0.12288,0.12288,0.0,0
2025-12-31 12:48:00,1767185280000,1767185339999,DOGE,1m,0.1229,0.1229,0.1229,0.1229,143.0,1
2025-12-31 12:49:00,1767185340000,1767185399999,DOGE,1m,0.12295,0.12293,0.12295,0.12293,12181.0,3
2025-12-31 12:50:00,1767185400000,1767185459999,DOGE,1m,0.12293,0.12293,0.12293,0.12293,0.0,0
2025-12-31 12:51:00,1767185460000,1767185519999,DOGE,1m,0.1229,0.12291,0.12292,0.1229,1057.0,6
2025-12-31 12:52:00,1767185520000,1767185579999,DOGE,1m,0.12293,0.12293,0.12293,0.12293,13436.0,2
2025-12-31 12:53:00,1767185580000,1767185639999,DOGE,1m,0.12289,0.12285,0.12289,0.12285,658.0,3
2025-12-31 12:54:00,1767185640000,1767185699999,DOGE,1m,0.12284,0.12284,0.12284,0.12284,9.0,1
2025-12-31 12:55:00,1767185700000,1767185759999,DOGE,1m,0.12282,0.12283,0.12285,0.12282,329.0,3
2025-12-31 12:56:00,1767185760000,1767185819999,DOGE,1m,0.12288,0.12288,0.12288,0.12288,149.0,1
2025-12-31 12:57:00,1767185820000,1767185879999,DOGE,1m,0.12291,0.12295,0.12295,0.12291,993.0,3
2025-12-31 12:58:00,1767185880000,1767185939999,DOGE,1m,0.12297,0.12295,0.12297,0.12295,5278.0,3
2025-12-31 12:59:00,1767185940000,1767185999999,DOGE,1m,0.12293,0.12292,0.12293,0.12292,1296.0,5
2025-12-31 13:00:00,1767186000000,1767186059999,DOGE,1m,0.12292,0.12292,0.12292,0.12292,143.0,1
2025-12-31 13:01:00,1767186060000,1767186119999,DOGE,1m,0.12292,0.1229,0.12292,0.1229,13342.0,7
2025-12-31 13:02:00,1767186120000,1767186179999,DOGE,1m,0.12288,0.12295,0.12295,0.12288,10635.0,2
2025-12-31 13:03:00,1767186180000,1767186239999,DOGE,1m,0.12302,0.12302,0.12302,0.12302,313.0,1
2025-12-31 13:04:00,1767186240000,1767186299999,DOGE,1m,0.12303,0.12303,0.12303,0.12303,239.0,1
2025-12-31 13:05:00,1767186300000,1767186359999,DOGE,1m,0.12304,0.12306,0.12306,0.12304,1660.0,2
2025-12-31 13:06:00,1767186360000,1767186419999,DOGE,1m,0.12296,0.12295,0.12296,0.12293,27239.0,5
2025-12-31 13:07:00,1767186420000,1767186479999,DOGE,1m,0.12298,0.12298,0.12298,0.12298,187.0,1
2025-12-31 13:08:00,1767186480000,1767186539999,DOGE,1m,0.12294,0.12294,0.12294,0.12294,129.0,1
2025-12-31 13:09:00,1767186540000,1767186599999,DOGE,1m,0.12294,0.12298,0.12298,0.12294,705.0,3
2025-12-31 13:10:00,1767186600000,1767186659999,DOGE,1m,0.12298,0.12298,0.12298,0.12298,1230.0,1
2025-12-31 13:11:00,1767186660000,1767186719999,DOGE,1m,0.12298,0.12298,0.12298,0.12298,920.0,2
2025-12-31 13:12:00,1767186720000,1767186779999,DOGE,1m,0.12296,0.12296,0.12296,0.12296,239.0,1
2025-12-31 13:13:00,1767186780000,1767186839999,DOGE,1m,0.12296,0.12296,0.12296,0.12296,155.0,1
2025-12-31 13:14:00,1767186840000,1767186899999,DOGE,1m,0.12297,0.12297,0.12297,0.12297,142.0,1
2025-12-31 13:15:00,1767186900000,1767186959999,DOGE,1m,0.12297,0.12297,0.12297,0.12297,144.0,1
2025-12-31 13:16:00,1767186960000,1767187019999,DOGE,1m,0.12296,0.123,0.123,0.12296,736.0,2
2025-12-31 13:17:00,1767187020000,1767187079999,DOGE,1m,0.12301,0.12302,0.12302,0.12301,16441.0,3
2025-12-31 13:18:00,1767187080000,1767187139999,DOGE,1m,0.12299,0.12299,0.12299,0.12299,920.0,1
2025-12-31 13:19:00,1767187140000,1767187199999,DOGE,1m,0.12305,0.12305,0.12305,0.12305,1684.0,2
2025-12-31 13:20:00,1767187200000,1767187259999,DOGE,1m,0.12307,0.12315,0.12315,0.12307,1085.0,5
2025-12-31 13:21:00,1767187260000,1767187319999,DOGE,1m,0.12314,0.12316,0.12316,0.12314,146865.0,8
2025-12-31 13:22:00,1767187320000,1767187379999,DOGE,1m,0.12318,0.12319,0.12319,0.12318,376.0,2
2025-12-31 13:23:00,1767187380000,1767187439999,DOGE,1m,0.12318,0.12314,0.12318,0.12314,38287.0,21
2025-12-31 13:24:00,1767187440000,1767187499999,DOGE,1m,0.12316,0.12316,0.12316,0.12316,158.0,1
2025-12-31 13:25:00,1767187500000,1767187559999,DOGE,1m,0.12317,0.12317,0.12317,0.12317,147.0,1
2025-12-31 13:26:00,1767187560000,1767187619999,DOGE,1m,0.12317,0.12317,0.12317,0.12316,897.0,5
2025-12-31 13:27:00,1767187620000,1767187679999,DOGE,1m,0.12317,0.12319,0.12319,0.12317,3402.0,4
2025-12-31 13:28:00,1767187680000,1767187739999,DOGE,1m,0.1232,0.12314,0.1232,0.12314,5071.0,2
2025-12-31 13:29:00,1767187740000,1767187799999,DOGE,1m,0.12312,0.12312,0.12312,0.12312,147.0,1
2025-12-31 13:30:00,1767187800000,1767187859999,DOGE,1m,0.12306,0.12288,0.12306,0.12288,17951.0,7
2025-12-31 13:31:00,1767187860000,1767187919999,DOGE,1m,0.12292,0.12293,0.12293,0.12292,7527.0,3
2025-12-31 13:32:00,1767187920000,1767187979999,DOGE,1m,0.12296,0.12299,0.12299,0.12296,3298.0,8
2025-12-31 13:33:00,1767187980000,1767188039999,DOGE,1m,0.12303,0.12303,0.12303,0.12303,813.0,1
2025-12-31 13:34:00,1767188040000,1767188099999,DOGE,1m,0.12303,0.12303,0.12303,0.12303,0.0,0
2025-12-31 13:35:00,1767188100000,1767188159999,DOGE,1m,0.12296,0.12297,0.12298,0.12296,429.0,3
2025-12-31 13:36:00,1767188160000,1767188219999,DOGE,1m,0.12294,0.12293,0.12294,0.12293,937.0,2
2025-12-31 13:37:00,1767188220000,1767188279999,DOGE,1m,0.12292,0.12292,0.12292,0.12292,210.0,1
2025-12-31 13:38:00,1767188280000,1767188339999,DOGE,1m,0.12291,0.12291,0.12291,0.12291,2904.0,1
2025-12-31 13:39:00,1767188340000,1767188399999,DOGE,1m,0.12287,0.12285,0.12287,0.12285,19270.0,3
2025-12-31 13:40:00,1767188400000,1767188459999,DOGE,1m,0.12293,0.12293,0.12293,0.12293,13446.0,4
2025-12-31 13:41:00,1767188460000,1767188519999,DOGE,1m,0.12286,0.12286,0.12286,0.12286,293.0,1
2025-12-31 13:42:00,1767188520000,1767188579999,DOGE,1m,0.12292,0.12292,0.12292,0.12292,82.0,1
2025-12-31 13:43:00,1767188580000,1767188639999,DOGE,1m,0.12295,0.12295,0.12295,0.12295,278.0,2
2025-12-31 13:44:00,1767188640000,1767188699999,DOGE,1m,0.12293,0.12292,0.12293,0.12292,427.0,2
2025-12-31 13:45:00,1767188700000,1767188759999,DOGE,1m,0.12293,0.12293,0.12293,0.12293,137.0,1
2025-12-31 13:46:00,1767188760000,1767188819999,DOGE,1m,0.12297,0.12301,0.12301,0.12297,40956.0,8
2025-12-31 13:47:00,1767188820000,1767188879999,DOGE,1m,0.12298,0.12298,0.12298,0.12298,233.0,1
2025-12-31 13:48:00,1767188880000,1767188939999,DOGE,1m,0.12296,0.12299,0.12299,0.12296,436.0,3
2025-12-31 13:49:00,1767188940000,1767188999999,DOGE,1m,0.12301,0.12301,0.12301,0.12301,516.0,2
2025-12-31 13:50:00,1767189000000,1767189059999,DOGE,1m,0.12302,0.12304,0.12304,0.12302,9054.0,3
2025-12-31 13:51:00,1767189060000,1767189119999,DOGE,1m,0.12304,0.12304,0.12304,0.12304,95327.0,3
2025-12-31 13:52:00,1767189120000,1767189179999,DOGE,1m,0.12317,0.12321,0.12321,0.12317,320.0,2
2025-12-31 13:53:00,1767189180000,1767189239999,DOGE,1m,0.12321,0.12323,0.12323,0.12321,4961.0,4
2025-12-31 13:54:00,1767189240000,1767189299999,DOGE,1m,0.12315,0.12315,0.12315,0.12315,29344.0,3
2025-12-31 13:55:00,1767189300000,1767189359999,DOGE,1m,0.12309,0.12309,0.12309,0.12309,138.0,1
2025-12-31 13:56:00,1767189360000,1767189419999,DOGE,1m,0.12309,0.12309,0.12309,0.12309,0.0,0
2025-12-31 13:57:00,1767189420000,1767189479999,DOGE,1m,0.12308,0.12313,0.12313,0.12308,11613.0,3
2025-12-31 13:58:00,1767189480000,1767189539999,DOGE,1m,0.12313,0.1231,0.12313,0.12308,11421.0,4
2025-12-31 13:59:00,1767189540000,1767189599999,DOGE,1m,0.12309,0.12314,0.12314,0.12309,8920.0,2
2025-12-31 14:00:00,1767189600000,1767189659999,DOGE,1m,0.12312,0.12315,0.12315,0.12312,33207.0,7
2025-12-31 14:01:00,1767189660000,1767189719999,DOGE,1m,0.12313,0.12316,0.12317,0.12313,91333.0,19
2025-12-31 14:02:00,1767189720000,1767189779999,DOGE,1m,0.12314,0.12319,0.12319,0.12314,53766.0,10
2025-12-31 14:03:00,1767189780000,1767189839999,DOGE,1m,0.12317,0.12318,0.1232,0.12317,45945.0,11
2025-12-31 14:04:00,1767189840000,1767189899999,DOGE,1m,0.12319,0.1232,0.1232,0.12319,55924.0,6
2025-12-31 14:05:00,1767189900000,1767189959999,DOGE,1m,0.12319,0.12318,0.1232,0.12318,50462.0,4
2025-12-31 14:06:00,1767189960000,1767190019999,DOGE,1m,0.12318,0.12319,0.12319,0.12318,9771.0,4
2025-12-31 14:07:00,1767190020000,1767190079999,DOGE,1m,0.12314,0.12303,0.12314,0.12303,8921.0,4
2025-12-31 14:08:00,1767190080000,1767190139999,DOGE,1m,0.12311,0.12354,0.12354,0.12311,67492.0,12
2025-12-31 14:09:00,1767190140000,1767190199999,DOGE,1m,0.12345,0.12352,0.12369,0.12345,55635.0,17
2025-12-31 14:10:00,1767190200000,1767190259999,DOGE,1m,0.1235,0.12336,0.1235,0.12336,29770.0,9
2025-12-31 14:11:00,1767190260000,1767190319999,DOGE,1m,0.12335,0.1234,0.12341,0.12335,20824.0,5
2025-12-31 14:12:00,1767190320000,1767190379999,DOGE,1m,0.12339,0.12343,0.12343,0.12339,13383.0,4
2025-12-31 14:13:00,1767190380000,1767190439999,DOGE,1m,0.12342,0.12352,0.12352,0.12342,10790.0,5
2025-12-31 14:14:00,1767190440000,1767190499999,DOGE,1m,0.12352,0.12343,0.12352,0.12343,12435.0,6
2025-12-31 14:15:00,1767190500000,1767190559999,DOGE,1m,0.12344,0.12343,0.12344,0.12343,8921.0,2
2025-12-31 14:16:00,1767190560000,1767190619999,DOGE,1m,0.12332,0.12326,0.12332,0.12326,33853.0,5
2025-12-31 14:17:00,1767190620000,1767190679999,DOGE,1m,0.12333,0.12332,0.12341,0.12332,35984.0,8
2025-12-31 14:18:00,1767190680000,1767190739999,DOGE,1m,0.1233,0.12336,0.12336,0.1233,34166.0,10
2025-12-31 14:19:00,1767190740000,1767190799999,DOGE,1m,0.12336,0.12331,0.12336,0.12331,9042.0,3
2025-12-31 14:20:00,1767190800000,1767190859999,DOGE,1m,0.1233,0.12333,0.12333,0.1233,10095.0,3
2025-12-31 14:21:00,1767190860000,1767190919999,DOGE,1m,0.12325,0.12325,0.12325,0.12325,8921.0,2
2025-12-31 14:22:00,1767190920000,1767190979999,DOGE,1m,0.12327,0.12324,0.12327,0.12324,27737.0,4
2025-12-31 14:23:00,1767190980000,1767191039999,DOGE,1m,0.12324,0.12322,0.12324,0.12322,8920.0,2
2025-12-31 14:24:00,1767191040000,1767191099999,DOGE,1m,0.12321,0.12324,0.12324,0.12321,16987.0,3
2025-12-31 14:25:00,1767191100000,1767191159999,DOGE,1m,0.12328,0.12329,0.12329,0.12328,9150.0,3
2025-12-31 14:26:00,1767191160000,1767191219999,DOGE,1m,0.1233,0.12328,0.1233,0.12328,8920.0,3
2025-12-31 14:27:00,1767191220000,1767191279999,DOGE,1m,0.12329,0.12329,0.12329,0.12329,4461.0,2
2025-12-31 14:28:00,1767191280000,1767191339999,DOGE,1m,0.12326,0.12326,0.12326,0.12326,159.0,1
2025-12-31 14:29:00,1767191340000,1767191399999,DOGE,1m,0.12323,0.12323,0.12323,0.12323,518.0,1
2025-12-31 14:30:00,1767191400000,1767191459999,DOGE,1m,0.12313,0.12319,0.12319,0.12312,2164.0,3
2025-12-31 14:31:00,1767191460000,1767191519999,DOGE,1m,0.12321,0.12307,0.12325,0.12307,13062.0,4
2025-12-31 14:32:00,1767191520000,1767191579999,DOGE,1m,0.12302,0.12321,0.12322,0.12302,12636.0,7
2025-12-31 14:33:00,1767191580000,1767191639999,DOGE,1m,0.12313,0.12311,0.12314,0.1231,14511.0,5
2025-12-31 14:34:00,1767191640000,1767191699999,DOGE,1m,0.12303,0.12298,0.12303,0.12298,4967.0,2
2025-12-31 14:35:00,1767191700000,1767191759999,DOGE,1m,0.12307,0.12317,0.12317,0.12307,4377.0,2
2025-12-31 14:36:00,1767191760000,1767191819999,DOGE,1m,0.12293,0.12296,0.12296,0.12293,5535.0,6
2025-12-31 14:37:00,1767191820000,1767191879999,DOGE,1m,0.12291,0.12291,0.12291,0.12291,6808.0,4
2025-12-31 14:38:00,1767191880000,1767191939999,DOGE,1m,0.12293,0.12303,0.12303,0.12293,9484.0,4
2025-12-31 14:39:00,1767191940000,1767191999999,DOGE,1m,0.12306,0.12303,0.12306,0.12303,20493.0,11
2025-12-31 14:40:00,1767192000000,1767192059999,DOGE,1m,0.12301,0.12303,0.12303,0.12301,4660.0,3
2025-12-31 14:41:00,1767192060000,1767192119999,DOGE,1m,0.12297,0.12295,0.12299,0.12294,4329.0,4
2025-12-31 14:42:00,1767192120000,1767192179999,DOGE,1m,0.12301,0.123,0.12301,0.123,8935.0,6
2025-12-31 14:43:00,1767192180000,1767192239999,DOGE,1m,0.12305,0.12297,0.12305,0.12296,10201.0,4
2025-12-31 14:44:00,1767192240000,1767192299999,DOGE,1m,0.12304,0.12306,0.12306,0.12304,5450.0,3
2025-12-31 14:45:00,1767192300000,1767192359999,DOGE,1m,0.12297,0.1229,0.12298,0.12282,68406.0,8
2025-12-31 14:46:00,1767192360000,1767192419999,DOGE,1m,0.12297,0.12291,0.12297,0.12291,4306.0,2
2025-12-31 14:47:00,1767192420000,1767192479999,DOGE,1m,0.12292,0.12275,0.12292,0.12275,52268.0,13
2025-12-31 14:48:00,1767192480000,1767192539999,DOGE,1m,0.12275,0.12281,0.12281,0.12272,5807.0,6
2025-12-31 14:49:00,1767192540000,1767192599999,DOGE,1m,0.12279,0.12277,0.12279,0.12277,4802.0,2
2025-12-31 14:50:00,1767192600000,1767192659999,DOGE,1m,0.1229,0.12305,0.12305,0.12288,260304.0,24
2025-12-31 14:51:00,1767192660000,1767192719999,DOGE,1m,0.12298,0.12304,0.12304,0.12298,157515.0,14
2025-12-31 14:52:00,1767192720000,1767192779999,DOGE,1m,0.1231,0.12316,0.12316,0.12307,5562.0,4
2025-12-31 14:53:00,1767192780000,1767192839999,DOGE,1m,0.12311,0.12301,0.12311,0.123,22744.0,5
2025-12-31 14:54:00,1767192840000,1767192899999,DOGE,1m,0.12293,0.12297,0.12301,0.12288,25022.0,9
2025-12-31 14:55:00,1767192900000,1767192959999,DOGE,1m,0.12299,0.123,0.12301,0.12299,15790.0,4
2025-12-31 14:56:00,1767192960000,1767193019999,DOGE,1m,0.12303,0.12292,0.12303,0.12292,4634.0,4
2025-12-31 14:57:00,1767193020000,1767193079999,DOGE,1m,0.12283,0.12289,0.12289,0.12283,4329.0,2
2025-12-31 14:58:00,1767193080000,1767193139999,DOGE,1m,0.12293,0.12285,0.12294,0.12285,17842.0,5
2025-12-31 14:59:00,1767193140000,1767193199999,DOGE,1m,0.12287,0.12289,0.1229,0.12287,5044.0,3
2025-12-31 15:00:00,1767193200000,1767193259999,DOGE,1m,0.12292,0.12287,0.12292,0.12286,49364.0,11
2025-12-31 15:01:00,1767193260000,1767193319999,DOGE,1m,0.12288,0.12284,0.12288,0.12284,2869.0,3
2025-12-31 15:02:00,1767193320000,1767193379999,DOGE,1m,0.12275,0.12276,0.12277,0.12271,10990.0,5
2025-12-31 15:03:00,1767193380000,1767193439999,DOGE,1m,0.12277,0.12277,0.12277,0.12277,134.0,1
2025-12-31 15:04:00,1767193440000,1767193499999,DOGE,1m,0.12274,0.12274,0.12274,0.12274,25573.0,3
2025-12-31 15:05:00,1767193500000,1767193559999,DOGE,1m,0.12277,0.12269,0.12277,0.12269,1405.0,3
2025-12-31 15:06:00,1767193560000,1767193619999,DOGE,1m,0.1227,0.1227,0.1227,0.1227,134.0,1
2025-12-31 15:07:00,1767193620000,1767193679999,DOGE,1m,0.12274,0.12272,0.12274,0.12272,370.0,2
2025-12-31 15:08:00,1767193680000,1767193739999,DOGE,1m,0.12278,0.12278,0.12278,0.12278,102.0,1
2025-12-31 15:09:00,1767193740000,1767193799999,DOGE,1m,0.12271,0.12266,0.12271,0.12265,15372.0,3
2025-12-31 15:10:00,1767193800000,1767193859999,DOGE,1m,0.12266,0.12266,0.12266,0.12266,0.0,0
2025-12-31 15:11:00,1767193860000,1767193919999,DOGE,1m,0.12267,0.12237,0.12267,0.12237,176927.0,29
2025-12-31 15:12:00,1767193920000,1767193979999,DOGE,1m,0.12233,0.12166,0.12233,0.12128,568555.0,113
2025-12-31 15:13:00,1767193980000,1767194039999,DOGE,1m,0.12164,0.12184,0.12188,0.12164,50437.0,16
2025-12-31 15:14:00,1767194040000,1767194099999,DOGE,1m,0.1218,0.12181,0.12183,0.12175,21606.0,5
2025-12-31 15:15:00,1767194100000,1767194159999,DOGE,1m,0.12174,0.12176,0.12176,0.12162,49987.0,13
2025-12-31 15:16:00,1767194160000,1767194219999,DOGE,1m,0.12168,0.12159,0.12168,0.12159,9868.0,5
2025-12-31 15:17:00,1767194220000,1767194279999,DOGE,1m,0.12152,0.12146,0.12154,0.12146,10271.0,5
2025-12-31 15:18:00,1767194280000,1767194339999,DOGE,1m,0.12146,0.12139,0.12146,0.12136,83869.0,13
2025-12-31 15:19:00,1767194340000,1767194399999,DOGE,1m,0.12148,0.12144,0.12148,0.12144,3317.0,4
2025-12-31 15:20:00,1767194400000,1767194459999,DOGE,1m,0.12147,0.12165,0.12167,0.12147,8490.0,10
2025-12-31 15:21:00,1767194460000,1767194519999,DOGE,1m,0.12167,0.12162,0.12168,0.12162,2094.0,4
2025-12-31 15:22:00,1767194520000,1767194579999,DOGE,1m,0.12166,0.12166,0.12166,0.12166,1836.0,2
2025-12-31 15:23:00,1767194580000,1767194639999,DOGE,1m,0.12165,0.12164,0.12165,0.12164,6521.0,2
2025-12-31 15:24:00,1767194640000,1767194699999,DOGE,1m,0.12153,0.12138,0.12153,0.12125,23799.0,12
2025-12-31 15:25:00,1767194700000,1767194759999,DOGE,1m,0.12141,0.12144,0.12144,0.12136,5786.0,3
2025-12-31 15:26:00,1767194760000,1767194819999,DOGE,1m,0.12151,0.12151,0.12151,0.12151,15547.0,2
2025-12-31 15:27:00,1767194820000,1767194879999,DOGE,1m,0.12151,0.12148,0.12157,0.12148,15132.0,8
2025-12-31 15:28:00,1767194880000,1767194939999,DOGE,1m,0.12152,0.1215,0.12152,0.1215,630.0,2
2025-12-31 15:29:00,1767194940000,1767194999999,DOGE,1m,0.12148,0.12147,0.12149,0.12146,5309.0,5
2025-12-31 15:30:00,1767195000000,1767195059999,DOGE,1m,0.12147,0.12147,0.1215,0.12146,36897.0,9
2025-12-31 15:31:00,1767195060000,1767195119999,DOGE,1m,0.12145,0.12142,0.12145,0.12142,84085.0,5
2025-12-31 15:32:00,1767195120000,1767195179999,DOGE,1m,0.12127,0.121,0.12127,0.121,62187.0,26
2025-12-31 15:33:00,1767195180000,1767195239999,DOGE,1m,0.12097,0.12079,0.12097,0.1206,107813.0,41
2025-12-31 15:34:00,1767195240000,1767195299999,DOGE,1m,0.12069,0.12076,0.12078,0.12056,148863.0,19
2025-12-31 15:35:00,1767195300000,1767195359999,DOGE,1m,0.12071,0.12063,0.12071,0.12063,3997.0,3
2025-12-31 15:36:00,1767195360000,1767195419999,DOGE,1m,0.12063,0.12062,0.12064,0.12061,10322.0,4
2025-12-31 15:37:00,1767195420000,1767195479999,DOGE,1m,0.12066,0.12069,0.12073,0.12066,23848.0,8
2025-12-31 15:38:00,1767195480000,1767195539999,DOGE,1m,0.12068,0.12089,0.12089,0.12068,76528.0,18
2025-12-31 15:39:00,1767195540000,1767195599999,DOGE,1m,0.12091,0.12107,0.12107,0.1209,9868.0,6
2025-12-31 15:40:00,1767195600000,1767195659999,DOGE,1m,0.12091,0.12072,0.12091,0.12072,1849.0,3
2025-12-31 15:41:00,1767195660000,1767195719999,DOGE,1m,0.12073,0.12074,0.12075,0.12073,846.0,4
2025-12-31 15:42:00,1767195720000,1767195779999,DOGE,1m,0.12099,0.12102,0.12102,0.12099,10596.0,4
2025-12-31 15:43:00,1767195780000,1767195839999,DOGE,1m,0.12096,0.12091,0.12096,0.12089,96211.0,7
2025-12-31 15:44:00,1767195840000,1767195899999,DOGE,1m,0.12087,0.12087,0.12087,0.12087,867.0,1
2025-12-31 15:45:00,1767195900000,1767195959999,DOGE,1m,0.12086,0.12085,0.12086,0.12085,975.0,2
2025-12-31 15:46:00,1767195960000,1767196019999,DOGE,1m,0.12092,0.12092,0.12092,0.12092,1778.0,2
2025-12-31 15:47:00,1767196020000,1767196079999,DOGE,1m,0.12085,0.1209,0.1209,0.12085,6824.0,2
2025-12-31 15:48:00,1767196080000,1767196139999,DOGE,1m,0.12102,0.12091,0.12102,0.1209,23243.0,9
2025-12-31 15:49:00,1767196140000,1767196199999,DOGE,1m,0.1209,0.12103,0.12103,0.1209,10495.0,4
2025-12-31 15:50:00,1767196200000,1767196259999,DOGE,1m,0.1212,0.12119,0.1212,0.12119,2475.0,2
2025-12-31 15:51:00,1767196260000,1767196319999,DOGE,1m,0.12115,0.12114,0.12115,0.12113,4460.0,3
2025-12-31 15:52:00,1767196320000,1767196379999,DOGE,1m,0.12112,0.12112,0.12112,0.12112,395.0,1
2025-12-31 15:53:00,1767196380000,1767196439999,DOGE,1m,0.12111,0.12104,0.12111,0.12104,248.0,2
2025-12-31 15:54:00,1767196440000,1767196499999,DOGE,1m,0.12104,0.12104,0.12104,0.12104,0.0,0
2025-12-31 15:55:00,1767196500000,1767196559999,DOGE,1m,0.12115,0.12103,0.12115,0.12103,1205.0,6
2025-12-31 15:56:00,1767196560000,1767196619999,DOGE,1m,0.12113,0.12113,0.12113,0.12113,825.0,2
2025-12-31 15:57:00,1767196620000,1767196679999,DOGE,1m,0.1212,0.12118,0.1212,0.12118,106620.0,5
2025-12-31 15:58:00,1767196680000,1767196739999,DOGE,1m,0.1211,0.12118,0.12118,0.1211,3776.0,3
2025-12-31 15:59:00,1767196740000,1767196799999,DOGE,1m,0.12111,0.1211,0.12112,0.12104,3433.0,26
2025-12-31 16:00:00,1767196800000,1767196859999,DOGE,1m,0.1211,0.12099,0.1211,0.12098,82266.0,97
2025-12-31 16:01:00,1767196860000,1767196919999,DOGE,1m,0.12106,0.12097,0.12108,0.12097,32584.0,8
2025-12-31 16:02:00,1767196920000,1767196979999,DOGE,1m,0.12094,0.12092,0.12097,0.1209,78179.0,8
2025-12-31 16:03:00,1767196980000,1767197039999,DOGE,1m,0.12098,0.12091,0.12098,0.12091,13438.0,5
2025-12-31 16:04:00,1767197040000,1767197099999,DOGE,1m,0.12102,0.12102,0.12102,0.12102,2469.0,1
2025-12-31 16:05:00,1767197100000,1767197159999,DOGE,1m,0.12086,0.12078,0.12086,0.12078,4156.0,5
2025-12-31 16:06:00,1767197160000,1767197219999,DOGE,1m,0.12082,0.12102,0.12102,0.1208,21170.0,4
2025-12-31 16:07:00,1767197220000,1767197279999,DOGE,1m,0.12102,0.12102,0.12102,0.12102,0.0,0
2025-12-31 16:08:00,1767197280000,1767197339999,DOGE,1m,0.12094,0.12095,0.12095,0.12093,459.0,3
2025-12-31 16:09:00,1767197340000,1767197399999,DOGE,1m,0.12085,0.12081,0.12085,0.12081,9353.0,3
2025-12-31 16:10:00,1767197400000,1767197459999,DOGE,1m,0.12081,0.12081,0.12081,0.12081,0.0,0
2025-12-31 16:11:00,1767197460000,1767197519999,DOGE,1m,0.12088,0.12079,0.12088,0.12079,726.0,3
2025-12-31 16:12:00,1767197520000,1767197579999,DOGE,1m,0.12088,0.12091,0.12091,0.12088,11820.0,3
2025-12-31 16:13:00,1767197580000,1767197639999,DOGE,1m,0.12095,0.12104,0.12105,0.12095,10197.0,8
2025-12-31 16:14:00,1767197640000,1767197699999,DOGE,1m,0.12102,0.12103,0.12103,0.12102,2494.0,2
2025-12-31 16:15:00,1767197700000,1767197759999,DOGE,1m,0.12108,0.1211,0.1211,0.12108,1440.0,2
2025-12-31 16:16:00,1767197760000,1767197819999,DOGE,1m,0.12114,0.12116,0.12116,0.12114,2334.0,3
2025-12-31 16:17:00,1767197820000,1767197879999,DOGE,1m,0.12116,0.12126,0.12135,0.12116,26633.0,10
2025-12-31 16:18:00,1767197880000,1767197939999,DOGE,1m,0.12133,0.12139,0.12145,0.12133,100604.0,12
2025-12-31 16:19:00,1767197940000,1767197999999,DOGE,1m,0.12141,0.12125,0.12141,0.12125,7251.0,6
2025-12-31 16:20:00,1767198000000,1767198059999,DOGE,1m,0.12122,0.12127,0.1213,0.12122,41857.0,8
2025-12-31 16:21:00,1767198060000,1767198119999,DOGE,1m,0.12121,0.12108,0.12121,0.12106,28219.0,7
2025-12-31 16:22:00,1767198120000,1767198179999,DOGE,1m,0.12103,0.12111,0.12111,0.12102,3192.0,5
2025-12-31 16:23:00,1767198180000,1767198239999,DOGE,1m,0.12109,0.12111,0.12111,0.12108,2798.0,4
2025-12-31 16:24:00,1767198240000,1767198299999,DOGE,1m,0.12106,0.12092,0.12106,0.12092,2267.0,5
2025-12-31 16:25:00,1767198300000,1767198359999,DOGE,1m,0.12086,0.12081,0.12086,0.12068,99139.0,19
2025-12-31 16:26:00,1767198360000,1767198419999,DOGE,1m,0.12087,0.12086,0.12087,0.12082,4477.0,6
2025-12-31 16:27:00,1767198420000,1767198479999,DOGE,1m,0.1209,0.12084,0.12095,0.12083,3056.0,6
2025-12-31 16:28:00,1767198480000,1767198539999,DOGE,1m,0.12086,0.12093,0.12093,0.12086,26127.0,6
2025-12-31 16:29:00,1767198540000,1767198599999,DOGE,1m,0.12081,0.12091,0.12091,0.12081,3496.0,6
2025-12-31 16:30:00,1767198600000,1767198659999,DOGE,1m,0.12081,0.1208,0.12087,0.1208,3677.0,8
2025-12-31 16:31:00,1767198660000,1767198719999,DOGE,1m,0.12079,0.12073,0.1208,0.12073,502543.0,20
2025-12-31 16:32:00,1767198720000,1767198779999,DOGE,1m,0.12069,0.1206,0.12069,0.1206,100216.0,18
2025-12-31 16:33:00,1767198780000,1767198839999,DOGE,1m,0.12064,0.12074,0.12074,0.12064,9712.0,4
2025-12-31 16:34:00,1767198840000,1767198899999,DOGE,1m,0.12076,0.1207,0.12076,0.12069,11188.0,4
2025-12-31 16:35:00,1767198900000,1767198959999,DOGE,1m,0.1207,0.1207,0.1207,0.1207,0.0,0
2025-12-31 16:36:00,1767198960000,1767199019999,DOGE,1m,0.12057,0.12061,0.12065,0.12057,1365.0,5
2025-12-31 16:37:00,1767199020000,1767199079999,DOGE,1m,0.12064,0.12067,0.12067,0.12063,28919.0,4
2025-12-31 16:38:00,1767199080000,1767199139999,DOGE,1m,0.12065,0.12068,0.12074,0.12064,28563.0,6
2025-12-31 16:39:00,1767199140000,1767199199999,DOGE,1m,0.12065,0.12065,0.12065,0.12065,500.0,1
2025-12-31 16:40:00,1767199200000,1767199259999,DOGE,1m,0.1207,0.12075,0.12075,0.1207,7364.0,3
2025-12-31 16:41:00,1767199260000,1767199319999,DOGE,1m,0.12069,0.12072,0.12073,0.12069,1101.0,3
2025-12-31 16:42:00,1767199320000,1767199379999,DOGE,1m,0.12053,0.11787,0.12053,0.11579,15937150.0,940
2025-12-31 16:43:00,1767199380000,1767199439999,DOGE,1m,0.11788,0.11804,0.11836,0.11781,2976859.0,191
2025-12-31 16:44:00,1767199440000,1767199499999,DOGE,1m,0.11809,0.11831,0.11846,0.11809,3373015.0,122
2025-12-31 16:45:00,1767199500000,1767199559999,DOGE,1m,0.11817,0.1183,0.11831,0.11811,521902.0,51
2025-12-31 16:46:00,1767199560000,1767199619999,DOGE,1m,0.11835,0.11843,0.1185,0.11832,176026.0,42
2025-12-31 16:47:00,1767199620000,1767199679999,DOGE,1m,0.11836,0.11868,0.11868,0.11836,45525.0,11
2025-12-31 16:48:00,1767199680000,1767199739999,DOGE,1m,0.11861,0.11867,0.11868,0.11858,64311.0,10
2025-12-31 16:49:00,1767199740000,1767199799999,DOGE,1m,0.1187,0.11874,0.11874,0.11868,35229.0,7
2025-12-31 16:50:00,1767199800000,1767199859999,DOGE,1m,0.11869,0.11891,0.11894,0.11869,15704.0,13
2025-12-31 16:51:00,1767199860000,1767199919999,DOGE,1m,0.119,0.119,0.11917,0.119,113406.0,27
2025-12-31 16:52:00,1767199920000,1767199979999,DOGE,1m,0.11904,0.11891,0.11908,0.11891,229510.0,23
2025-12-31 16:53:00,1767199980000,1767200039999,DOGE,1m,0.1189,0.11903,0.11903,0.1189,3860.0,5
2025-12-31 16:54:00,1767200040000,1767200099999,DOGE,1m,0.11907,0.11903,0.11907,0.119,27673.0,9
2025-12-31 16:55:00,1767200100000,1767200159999,DOGE,1m,0.11901,0.11903,0.11903,0.11901,21884.0,7
2025-12-31 16:56:00,1767200160000,1767200219999,DOGE,1m,0.11902,0.11911,0.11911,0.11902,45102.0,6
2025-12-31 16:57:00,1767200220000,1767200279999,DOGE,1m,0.11906,0.11894,0.11906,0.11892,338867.0,9
2025-12-31 16:58:00,1767200280000,1767200339999,DOGE,1m,0.11899,0.11892,0.11901,0.11891,54167.0,8
2025-12-31 16:59:00,1767200340000,1767200399999,DOGE,1m,0.11888,0.1189,0.1189,0.11888,5920.0,5
2025-12-31 17:00:00,1767200400000,1767200459999,DOGE,1m,0.11891,0.11871,0.11891,0.11869,36161.0,9
2025-12-31 17:01:00,1767200460000,1767200519999,DOGE,1m,0.11872,0.11865,0.11872,0.11864,69638.0,19
2025-12-31 17:02:00,1767200520000,1767200579999,DOGE,1m,0.11861,0.11885,0.11885,0.11861,172504.0,20
2025-12-31 17:03:00,1767200580000,1767200639999,DOGE,1m,0.11882,0.11886,0.11895,0.11882,24728.0,11
2025-12-31 17:04:00,1767200640000,1767200699999,DOGE,1m,0.11884,0.11876,0.11884,0.11875,2706.0,6
2025-12-31 17:05:00,1767200700000,1767200759999,DOGE,1m,0.11878,0.11875,0.11883,0.11875,144134.0,5
2025-12-31 17:06:00,1767200760000,1767200819999,DOGE,1m,0.11876,0.11872,0.11876,0.11872,16562.0,3
2025-12-31 17:07:00,1767200820000,1767200879999,DOGE,1m,0.1187,0.11858,0.1187,0.11857,30871.0,11
2025-12-31 17:08:00,1767200880000,1767200939999,DOGE,1m,0.11861,0.11865,0.11865,0.11856,38760.0,10
2025-12-31 17:09:00,1767200940000,1767200999999,DOGE,1m,0.11862,0.11858,0.11862,0.11855,76736.0,13
2025-12-31 17:10:00,1767201000000,1767201059999,DOGE,1m,0.11859,0.1186,0.1186,0.11856,17351.0,10
2025-12-31 17:11:00,1767201060000,1767201119999,DOGE,1m,0.11855,0.11854,0.11855,0.11849,36971.0,9
2025-12-31 17:12:00,1767201120000,1767201179999,DOGE,1m,0.11856,0.11853,0.11856,0.11848,42700.0,7
2025-12-31 17:13:00,1767201180000,1767201239999,DOGE,1m,0.11849,0.11849,0.11849,0.11849,6832.0,1
2025-12-31 17:14:00,1767201240000,1767201299999,DOGE,1m,0.11843,0.11851,0.11851,0.11842,22175.0,6
2025-12-31 17:15:00,1767201300000,1767201359999,DOGE,1m,0.11849,0.1184,0.1185,0.11838,14192.0,15
2025-12-31 17:16:00,1767201360000,1767201419999,DOGE,1m,0.11838,0.11838,0.11838,0.11838,210.0,2
2025-12-31 17:17:00,1767201420000,1767201479999,DOGE,1m,0.11847,0.11861,0.11863,0.11847,119924.0,18
2025-12-31 17:18:00,1767201480000,1767201539999,DOGE,1m,0.11865,0.11865,0.11865,0.11865,9019.0,2
2025-12-31 17:19:00,1767201540000,1767201599999,DOGE,1m,0.11865,0.11874,0.11877,0.11865,83596.0,15
2025-12-31 17:20:00,1767201600000,1767201659999,DOGE,1m,0.11871,0.11858,0.11871,0.11858,20336.0,10
2025-12-31 17:21:00,1767201660000,1767201719999,DOGE,1m,0.1186,0.11861,0.11864,0.11858,3733.0,7
2025-12-31 17:22:00,1767201720000,1767201779999,DOGE,1m,0.11865,0.11865,0.11865,0.11865,500.0,1
2025-12-31 17:23:00,1767201780000,1767201839999,DOGE,1m,0.11859,0.1186,0.1186,0.11859,973.0,2
2025-12-31 17:24:00,1767201840000,1767201899999,DOGE,1m,0.1185,0.11849,0.1185,0.11848,776.0,3
2025-12-31 17:25:00,1767201900000,1767201959999,DOGE,1m,0.1185,0.11858,0.11858,0.1185,2027.0,5
2025-12-31 17:26:00,1767201960000,1767202019999,DOGE,1m,0.1186,0.1186,0.1186,0.1186,843.0,1
2025-12-31 17:27:00,1767202020000,1767202079999,DOGE,1m,0.1186,0.1186,0.1186,0.1186,0.0,0
2025-12-31 17:28:00,1767202080000,1767202139999,DOGE,1m,0.11865,0.11865,0.11866,0.11864,10498.0,4
2025-12-31 17:29:00,1767202140000,1767202199999,DOGE,1m,0.11869,0.11854,0.11869,0.11854,80218.0,9
2025-12-31 17:30:00,1767202200000,1767202259999,DOGE,1m,0.11858,0.11858,0.11858,0.11858,12657.0,4
2025-12-31 17:31:00,1767202260000,1767202319999,DOGE,1m,0.11861,0.11855,0.11866,0.11855,4365.0,11
2025-12-31 17:32:00,1767202320000,1767202379999,DOGE,1m,0.11859,0.11865,0.11866,0.11859,7716.0,7
2025-12-31 17:33:00,1767202380000,1767202439999,DOGE,1m,0.1187,0.11869,0.1187,0.11869,1346.0,3
2025-12-31 17:34:00,1767202440000,1767202499999,DOGE,1m,0.11867,0.11861,0.11867,0.11861,18737.0,3
2025-12-31 17:35:00,1767202500000,1767202559999,DOGE,1m,0.11862,0.11862,0.11862,0.11862,147.0,1
2025-12-31 17:36:00,1767202560000,1767202619999,DOGE,1m,0.11859,0.11845,0.11861,0.11844,46052.0,4
2025-12-31 17:37:00,1767202620000,1767202679999,DOGE,1m,0.11842,0.11831,0.11846,0.11831,56261.0,3
2025-12-31 17:38:00,1767202680000,1767202739999,DOGE,1m,0.11844,0.11844,0.11844,0.11844,138.0,1
2025-12-31 17:39:00,1767202740000,1767202799999,DOGE,1m,0.11831,0.11831,0.11831,0.11831,373.0,1
2025-12-31 17:40:00,1767202800000,1767202859999,DOGE,1m,0.11834,0.11826,0.11834,0.11826,3394.0,7
2025-12-31 17:41:00,1767202860000,1767202919999,DOGE,1m,0.11821,0.11821,0.11821,0.1182,19652.0,4
2025-12-31 17:42:00,1767202920000,1767202979999,DOGE,1m,0.11817,0.11822,0.11822,0.11817,15631.0,5
2025-12-31 17:43:00,1767202980000,1767203039999,DOGE,1m,0.11823,0.11825,0.11825,0.11822,4860.0,3
2025-12-31 17:44:00,1767203040000,1767203099999,DOGE,1m,0.11823,0.11822,0.11825,0.11821,30335.0,9
2025-12-31 17:45:00,1767203100000,1767203159999,DOGE,1m,0.11819,0.11818,0.1182,0.11812,51898.0,9
2025-12-31 17:46:00,1767203160000,1767203219999,DOGE,1m,0.11822,0.11822,0.11822,0.11822,5140.0,2
2025-12-31 17:47:00,1767203220000,1767203279999,DOGE,1m,0.11822,0.11822,0.11822,0.11822,0.0,0
2025-12-31 17:48:00,1767203280000,1767203339999,DOGE,1m,0.11812,0.11811,0.11813,0.11811,537.0,3
2025-12-31 17:49:00,1767203340000,1767203399999,DOGE,1m,0.11814,0.11813,0.11814,0.11813,1005.0,2
2025-12-31 17:50:00,1767203400000,1767203459999,DOGE,1m,0.11813,0.11793,0.11813,0.11793,12421.0,10
2025-12-31 17:51:00,1767203460000,1767203519999,DOGE,1m,0.11799,0.11797,0.11799,0.11797,6235.0,4
2025-12-31 17:52:00,1767203520000,1767203579999,DOGE,1m,0.11792,0.1179,0.11792,0.1179,2160.0,2
2025-12-31 17:53:00,1767203580000,1767203639999,DOGE,1m,0.11804,0.11813,0.11813,0.11804,13514.0,14
2025-12-31 17:54:00,1767203640000,1767203699999,DOGE,1m,0.11808,0.1181,0.11812,0.11806,14137.0,10
2025-12-31 17:55:00,1767203700000,1767203759999,DOGE,1m,0.11803,0.11792,0.11803,0.11792,7248.0,8
2025-12-31 17:56:00,1767203760000,1767203819999,DOGE,1m,0.11789,0.11789,0.11789,0.11789,146.0,1
2025-12-31 17:57:00,1767203820000,1767203879999,DOGE,1m,0.11792,0.11795,0.11795,0.1179,16273.0,7
2025-12-31 17:58:00,1767203880000,1767203939999,DOGE,1m,0.11795,0.11794,0.11797,0.11794,3270.0,3
2025-12-31 17:59:00,1767203940000,1767203999999,DOGE,1m,0.11794,0.11793,0.11794,0.11793,10404.0,3
2025-12-31 18:00:00,1767204000000,1767204059999,DOGE,1m,0.11794,0.11757,0.11795,0.11757,40185.0,15
2025-12-31 18:01:00,1767204060000,1767204119999,DOGE,1m,0.11755,0.11749,0.11765,0.11742,23458.0,12
2025-12-31 18:02:00,1767204120000,1767204179999,DOGE,1m,0.11748,0.11757,0.11761,0.11748,18510.0,7
2025-12-31 18:03:00,1767204180000,1767204239999,DOGE,1m,0.11771,0.11764,0.11772,0.11764,6674.0,7
2025-12-31 18:04:00,1767204240000,1767204299999,DOGE,1m,0.11762,0.11761,0.11767,0.11761,49389.0,6
2025-12-31 18:05:00,1767204300000,1767204359999,DOGE,1m,0.1176,0.1176,0.1176,0.1176,19960.0,3
2025-12-31 18:06:00,1767204360000,1767204419999,DOGE,1m,0.11761,0.11775,0.11775,0.11761,53292.0,6
2025-12-31 18:07:00,1767204420000,1767204479999,DOGE,1m,0.11777,0.11816,0.11819,0.11777,90053.0,22
2025-12-31 18:08:00,1767204480000,1767204539999,DOGE,1m,0.11815,0.11809,0.11822,0.11809,198001.0,24
2025-12-31 18:09:00,1767204540000,1767204599999,DOGE,1m,0.11808,0.11809,0.11819,0.11806,141060.0,14
2025-12-31 18:10:00,1767204600000,1767204659999,DOGE,1m,0.11801,0.11799,0.11802,0.11799,14696.0,4
2025-12-31 18:11:00,1767204660000,1767204719999,DOGE,1m,0.11805,0.11806,0.11806,0.11805,6536.0,3
2025-12-31 18:12:00,1767204720000,1767204779999,DOGE,1m,0.11803,0.118,0.11806,0.11799,12724.0,11
2025-12-31 18:13:00,1767204780000,1767204839999,DOGE,1m,0.11796,0.11787,0.11798,0.11787,39299.0,15
2025-12-31 18:14:00,1767204840000,1767204899999,DOGE,1m,0.11778,0.11769,0.11785,0.11763,25271.0,15
2025-12-31 18:15:00,1767204900000,1767204959999,DOGE,1m,0.11767,0.11771,0.11771,0.11757,83815.0,8
2025-12-31 18:16:00,1767204960000,1767205019999,DOGE,1m,0.11779,0.11783,0.11783,0.11776,35568.0,6
2025-12-31 18:17:00,1767205020000,1767205079999,DOGE,1m,0.11774,0.11777,0.11782,0.11772,37408.0,11
2025-12-31 18:18:00,1767205080000,1767205139999,DOGE,1m,0.11781,0.11779,0.11782,0.11776,62114.0,14
2025-12-31 18:19:00,1767205140000,1767205199999,DOGE,1m,0.11775,0.11767,0.11775,0.11766,50893.0,17
2025-12-31 18:20:00,1767205200000,1767205259999,DOGE,1m,0.11764,0.11772,0.11772,0.11759,86732.0,28
2025-12-31 18:21:00,1767205260000,1767205319999,DOGE,1m,0.1178,0.11796,0.11796,0.1178,16389.0,7
2025-12-31 18:22:00,1767205320000,1767205379999,DOGE,1m,0.11797,0.11789,0.11797,0.11789,20630.0,6
2025-12-31 18:23:00,1767205380000,1767205439999,DOGE,1m,0.11793,0.11803,0.11803,0.11793,42156.0,6
2025-12-31 18:24:00,1767205440000,1767205499999,DOGE,1m,0.11792,0.1179,0.11792,0.11788,88357.0,9
2025-12-31 18:25:00,1767205500000,1767205559999,DOGE,1m,0.1179,0.11795,0.11795,0.11787,18855.0,5
2025-12-31 18:26:00,1767205560000,1767205619999,DOGE,1m,0.11796,0.11792,0.11796,0.11792,11796.0,3
2025-12-31 18:27:00,1767205620000,1767205679999,DOGE,1m,0.11793,0.11793,0.11793,0.11793,21594.0,7
2025-12-31 18:28:00,1767205680000,1767205739999,DOGE,1m,0.11798,0.11796,0.11798,0.11796,28516.0,3
2025-12-31 18:29:00,1767205740000,1767205799999,DOGE,1m,0.11796,0.11788,0.11796,0.11788,25083.0,2
2025-12-31 18:30:00,1767205800000,1767205859999,DOGE,1m,0.11785,0.11784,0.11785,0.11782,30958.0,7
2025-12-31 18:31:00,1767205860000,1767205919999,DOGE,1m,0.11782,0.11782,0.11782,0.11782,3781.0,1
2025-12-31 18:32:00,1767205920000,1767205979999,DOGE,1m,0.1179,0.11785,0.1179,0.11785,1518.0,3
2025-12-31 18:33:00,1767205980000,1767206039999,DOGE,1m,0.11791,0.11795,0.11795,0.1179,11348.0,3
2025-12-31 18:34:00,1767206040000,1767206099999,DOGE,1m,0.11798,0.11793,0.11798,0.11793,10243.0,3
2025-12-31 18:35:00,1767206100000,1767206159999,DOGE,1m,0.11801,0.118,0.11801,0.118,709.0,2
2025-12-31 18:36:00,1767206160000,1767206219999,DOGE,1m,0.11797,0.11798,0.11798,0.11796,18560.0,5
2025-12-31 18:37:00,1767206220000,1767206279999,DOGE,1m,0.11801,0.11798,0.11801,0.11794,43542.0,5
2025-12-31 18:38:00,1767206280000,1767206339999,DOGE,1m,0.11792,0.11792,0.11792,0.11792,2195.0,2
2025-12-31 18:39:00,1767206340000,1767206399999,DOGE,1m,0.11787,0.11788,0.11788,0.11787,5164.0,2
2025-12-31 18:40:00,1767206400000,1767206459999,DOGE,1m,0.11795,0.11795,0.11795,0.11795,3026.0,2
2025-12-31 18:41:00,1767206460000,1767206519999,DOGE,1m,0.118,0.11799,0.118,0.11798,24542.0,7
2025-12-31 18:42:00,1767206520000,1767206579999,DOGE,1m,0.11793,0.11792,0.11793,0.11792,25723.0,4
2025-12-31 18:43:00,1767206580000,1767206639999,DOGE,1m,0.11787,0.11787,0.11787,0.11787,4945.0,1
2025-12-31 18:44:00,1767206640000,1767206699999,DOGE,1m,0.11787,0.11791,0.11791,0.11787,8251.0,7
2025-12-31 18:45:00,1767206700000,1767206759999,DOGE,1m,0.1179,0.1179,0.1179,0.11789,15510.0,4
2025-12-31 18:46:00,1767206760000,1767206819999,DOGE,1m,0.11781,0.11772,0.11781,0.11771,32408.0,11
2025-12-31 18:47:00,1767206820000,1767206879999,DOGE,1m,0.11764,0.1174,0.11764,0.1174,6365.0,6
2025-12-31 18:48:00,1767206880000,1767206939999,DOGE,1m,0.11741,0.11732,0.11741,0.11729,20575.0,11
2025-12-31 18:49:00,1767206940000,1767206999999,DOGE,1m,0.11736,0.11734,0.11736,0.11727,11291.0,6
2025-12-31 18:50:00,1767207000000,1767207059999,DOGE,1m,0.11735,0.11735,0.11737,0.11735,31356.0,6
2025-12-31 18:51:00,1767207060000,1767207119999,DOGE,1m,0.1173,0.11719,0.11731,0.11715,47744.0,13
2025-12-31 18:52:00,1767207120000,1767207179999,DOGE,1m,0.11731,0.11725,0.11732,0.11725,28177.0,5
2025-12-31 18:53:00,1767207180000,1767207239999,DOGE,1m,0.11721,0.11719,0.11721,0.11719,12551.0,5
2025-12-31 18:54:00,1767207240000,1767207299999,DOGE,1m,0.1172,0.11725,0.11725,0.1172,2794.0,2
2025-12-31 18:55:00,1767207300000,1767207359999,DOGE,1m,0.11723,0.1172,0.11723,0.1172,6087.0,2
2025-12-31 18:56:00,1767207360000,1767207419999,DOGE,1m,0.11718,0.11716,0.11721,0.11715,116626.0,12
2025-12-31 18:57:00,1767207420000,1767207479999,DOGE,1m,0.11714,0.11715,0.11715,0.11714,7661.0,3
2025-12-31 18:58:00,1767207480000,1767207539999,DOGE,1m,0.11715,0.11712,0.11715,0.11711,31126.0,8
2025-12-31 18:59:00,1767207540000,1767207599999,DOGE,1m,0.11712,0.1171,0.11712,0.1171,5607.0,2
2025-12-31 19:00:00,1767207600000,1767207659999,DOGE,1m,0.11714,0.11722,0.11722,0.11714,141162.0,18
2025-12-31 19:01:00,1767207660000,1767207719999,DOGE,1m,0.11724,0.11717,0.11724,0.11717,28147.0,5
2025-12-31 19:02:00,1767207720000,1767207779999,DOGE,1m,0.11717,0.11724,0.11724,0.11717,12352.0,8
2025-12-31 19:03:00,1767207780000,1767207839999,DOGE,1m,0.11727,0.11728,0.11736,0.11727,3160.0,5
2025-12-31 19:04:00,1767207840000,1767207899999,DOGE,1m,0.11726,0.11726,0.11726,0.11726,24709.0,5
2025-12-31 19:05:00,1767207900000,1767207959999,DOGE,1m,0.11727,0.11731,0.11731,0.11727,700.0,2
2025-12-31 19:06:00,1767207960000,1767208019999,DOGE,1m,0.1173,0.1173,0.1173,0.1173,256.0,1
2025-12-31 19:07:00,1767208020000,1767208079999,DOGE,1m,0.11736,0.11737,0.11737,0.11736,2702.0,2
2025-12-31 19:08:00,1767208080000,1767208139999,DOGE,1m,0.11736,0.11733,0.11738,0.11733,1986.0,3
2025-12-31 19:09:00,1767208140000,1767208199999,DOGE,1m,0.11733,0.11732,0.11737,0.11732,14939.0,6
2025-12-31 19:10:00,1767208200000,1767208259999,DOGE,1m,0.11728,0.11734,0.11739,0.11728,24620.0,10
2025-12-31 19:11:00,1767208260000,1767208319999,DOGE,1m,0.11736,0.11731,0.11736,0.1173,1099.0,4
2025-12-31 19:12:00,1767208320000,1767208379999,DOGE,1m,0.11741,0.11748,0.1175,0.11741,17207.0,7
2025-12-31 19:13:00,1767208380000,1767208439999,DOGE,1m,0.11748,0.11748,0.11748,0.11748,0.0,0
2025-12-31 19:14:00,1767208440000,1767208499999,DOGE,1m,0.11739,0.11732,0.11739,0.11732,2131.0,3
2025-12-31 19:15:00,1767208500000,1767208559999,DOGE,1m,0.1173,0.11732,0.11732,0.1173,9948.0,6
2025-12-31 19:16:00,1767208560000,1767208619999,DOGE,1m,0.11735,0.11731,0.11735,0.11731,2798.0,2
2025-12-31 19:17:00,1767208620000,1767208679999,DOGE,1m,0.11734,0.11733,0.11734,0.11732,1134.0,4
2025-12-31 19:18:00,1767208680000,1767208739999,DOGE,1m,0.11729,0.11729,0.11729,0.11729,144.0,1
2025-12-31 19:19:00,1767208740000,1767208799999,DOGE,1m,0.11736,0.11734,0.11736,0.11734,368.0,2
2025-12-31 19:20:00,1767208800000,1767208859999,DOGE,1m,0.11739,0.11739,0.11739,0.11739,44550.0,4
2025-12-31 19:21:00,1767208860000,1767208919999,DOGE,1m,0.11733,0.11726,0.11733,0.11726,9297.0,3
2025-12-31 19:22:00,1767208920000,1767208979999,DOGE,1m,0.11725,0.11716,0.11725,0.11716,1523.0,3
2025-12-31 19:23:00,1767208980000,1767209039999,DOGE,1m,0.11713,0.11732,0.11732,0.11713,1366.0,3
2025-12-31 19:24:00,1767209040000,1767209099999,DOGE,1m,0.11734,0.1173,0.11742,0.1173,19162.0,6
2025-12-31 19:25:00,1767209100000,1767209159999,DOGE,1m,0.11728,0.11728,0.11728,0.11728,1837.0,1
2025-12-31 19:26:00,1767209160000,1767209219999,DOGE,1m,0.11718,0.11718,0.11718,0.11718,93.0,1
2025-12-31 19:27:00,1767209220000,1767209279999,DOGE,1m,0.11733,0.11745,0.11745,0.11733,24664.0,5
2025-12-31 19:28:00,1767209280000,1767209339999,DOGE,1m,0.11747,0.11739,0.11749,0.11739,37930.0,11
2025-12-31 19:29:00,1767209340000,1767209399999,DOGE,1m,0.11747,0.11742,0.11747,0.11742,25449.0,4
2025-12-31 19:30:00,1767209400000,1767209459999,DOGE,1m,0.11738,0.11748,0.11748,0.11738,167627.0,14
2025-12-31 19:31:00,1767209460000,1767209519999,DOGE,1m,0.11744,0.11747,0.11747,0.11744,808.0,2
2025-12-31 19:32:00,1767209520000,1767209579999,DOGE,1m,0.11745,0.11745,0.11745,0.11745,86.0,1
2025-12-31 19:33:00,1767209580000,1767209639999,DOGE,1m,0.11747,0.11747,0.11747,0.11747,873.0,2
2025-12-31 19:34:00,1767209640000,1767209699999,DOGE,1m,0.11745,0.1174,0.11745,0.1174,10164.0,4
2025-12-31 19:35:00,1767209700000,1767209759999,DOGE,1m,0.11743,0.11744,0.11744,0.11743,2371.0,3
2025-12-31 19:36:00,1767209760000,1767209819999,DOGE,1m,0.11739,0.1174,0.1174,0.11738,739.0,4
2025-12-31 19:37:00,1767209820000,1767209879999,DOGE,1m,0.11741,0.11748,0.11749,0.11741,29354.0,9
2025-12-31 19:38:00,1767209880000,1767209939999,DOGE,1m,0.11747,0.11745,0.11747,0.11743,3291.0,3
2025-12-31 19:39:00,1767209940000,1767209999999,DOGE,1m,0.11739,0.11741,0.11741,0.11739,7274.0,3
2025-12-31 19:40:00,1767210000000,1767210059999,DOGE,1m,0.11739,0.11745,0.11745,0.11738,13769.0,7
2025-12-31 19:41:00,1767210060000,1767210119999,DOGE,1m,0.11741,0.11741,0.11741,0.11741,128.0,1
2025-12-31 19:42:00,1767210120000,1767210179999,DOGE,1m,0.11741,0.11734,0.11741,0.11734,492.0,3
2025-12-31 19:43:00,1767210180000,1767210239999,DOGE,1m,0.11731,0.11725,0.11731,0.11725,15592.0,2
2025-12-31 19:44:00,1767210240000,1767210299999,DOGE,1m,0.11723,0.11725,0.11725,0.11723,16520.0,5
2025-12-31 19:45:00,1767210300000,1767210359999,DOGE,1m,0.11725,0.11727,0.11727,0.11725,5103.0,3
2025-12-31 19:46:00,1767210360000,1767210419999,DOGE,1m,0.11729,0.11738,0.11738,0.11729,33394.0,5
2025-12-31 19:47:00,1767210420000,1767210479999,DOGE,1m,0.11732,0.11735,0.11735,0.11732,3603.0,4
2025-12-31 19:48:00,1767210480000,1767210539999,DOGE,1m,0.11735,0.11735,0.11735,0.11735,0.0,0
2025-12-31 19:49:00,1767210540000,1767210599999,DOGE,1m,0.11737,0.11733,0.11737,0.11733,4749.0,3
2025-12-31 19:50:00,1767210600000,1767210659999,DOGE,1m,0.1173,0.11728,0.1173,0.11728,6410.0,2
2025-12-31 19:51:00,1767210660000,1767210719999,DOGE,1m,0.11728,0.1173,0.1173,0.11725,15368.0,10
2025-12-31 19:52:00,1767210720000,1767210779999,DOGE,1m,0.11738,0.11741,0.11741,0.11738,5511.0,3
2025-12-31 19:53:00,1767210780000,1767210839999,DOGE,1m,0.11735,0.11735,0.11735,0.11735,139.0,1
2025-12-31 19:54:00,1767210840000,1767210899999,DOGE,1m,0.1173,0.1174,0.1174,0.1173,11129.0,6
2025-12-31 19:55:00,1767210900000,1767210959999,DOGE,1m,0.11736,0.11727,0.11736,0.11726,87702.0,11
2025-12-31 19:56:00,1767210960000,1767211019999,DOGE,1m,0.11728,0.11728,0.11728,0.11728,2603.0,2
2025-12-31 19:57:00,1767211020000,1767211079999,DOGE,1m,0.11733,0.11725,0.11735,0.11725,47809.0,59
2025-12-31 19:58:00,1767211080000,1767211139999,DOGE,1m,0.11725,0.11726,0.11726,0.11725,6153.0,50
2025-12-31 19:59:00,1767211140000,1767211199999,DOGE,1m,0.11718,0.1172,0.1172,0.11718,7586.0,4
2025-12-31 20:00:00,1767211200000,1767211259999,DOGE,1m,0.11721,0.11714,0.11721,0.11714,90955.0,27
2025-12-31 20:01:00,1767211260000,1767211319999,DOGE,1m,0.11713,0.11716,0.11719,0.11713,48380.0,10
2025-12-31 20:02:00,1767211320000,1767211379999,DOGE,1m,0.11714,0.11718,0.11718,0.11714,35800.0,6
2025-12-31 20:03:00,1767211380000,1767211439999,DOGE,1m,0.11718,0.11716,0.11718,0.11715,10151.0,4
2025-12-31 20:04:00,1767211440000,1767211499999,DOGE,1m,0.11712,0.11709,0.11712,0.11709,3784.0,2
2025-12-31 20:05:00,1767211500000,1767211559999,DOGE,1m,0.11705,0.11685,0.11705,0.11667,237682.0,42
2025-12-31 20:06:00,1767211560000,1767211619999,DOGE,1m,0.11685,0.1168,0.11686,0.11675,11507.0,15
2025-12-31 20:07:00,1767211620000,1767211679999,DOGE,1m,0.11676,0.11673,0.11676,0.11673,1800.0,2
2025-12-31 20:08:00,1767211680000,1767211739999,DOGE,1m,0.11669,0.11675,0.11675,0.11664,14614.0,10
2025-12-31 20:09:00,1767211740000,1767211799999,DOGE,1m,0.11658,0.11666,0.11666,0.11658,18494.0,9
2025-12-31 20:10:00,1767211800000,1767211859999,DOGE,1m,0.11671,0.11642,0.11671,0.11637,179578.0,31
2025-12-31 20:11:00,1767211860000,1767211919999,DOGE,1m,0.11636,0.11647,0.11647,0.11635,34097.0,13
2025-12-31 20:12:00,1767211920000,1767211979999,DOGE,1m,0.11639,0.11625,0.11639,0.11622,125424.0,77
2025-12-31 20:13:00,1767211980000,1767212039999,DOGE,1m,0.11621,0.1163,0.1163,0.11608,114787.0,37
2025-12-31 20:14:00,1767212040000,1767212099999,DOGE,1m,0.11633,0.11646,0.11646,0.1163,90173.0,15
2025-12-31 20:15:00,1767212100000,1767212159999,DOGE,1m,0.11637,0.11634,0.11639,0.11634,37604.0,10
2025-12-31 20:16:00,1767212160000,1767212219999,DOGE,1m,0.11628,0.11634,0.11634,0.11627,15390.0,7
2025-12-31 20:17:00,1767212220000,1767212279999,DOGE,1m,0.11635,0.11628,0.11635,0.11628,1521.0,2
2025-12-31 20:18:00,1767212280000,1767212339999,DOGE,1m,0.11634,0.11635,0.11635,0.11634,5339.0,5
2025-12-31 20:19:00,1767212340000,1767212399999,DOGE,1m,0.11641,0.11641,0.11641,0.11641,187.0,1
2025-12-31 20:20:00,1767212400000,1767212459999,DOGE,1m,0.11633,0.11633,0.11633,0.11633,331.0,2
2025-12-31 20:21:00,1767212460000,1767212519999,DOGE,1m,0.11631,0.11634,0.11634,0.11628,20331.0,10
2025-12-31 20:22:00,1767212520000,1767212579999,DOGE,1m,0.11633,0.1165,0.1165,0.11633,46520.0,6
2025-12-31 20:23:00,1767212580000,1767212639999,DOGE,1m,0.11656,0.11653,0.11656,0.11653,3137.0,3
2025-12-31 20:24:00,1767212640000,1767212699999,DOGE,1m,0.11662,0.11666,0.11666,0.11662,6936.0,4
2025-12-31 20:25:00,1767212700000,1767212759999,DOGE,1m,0.11659,0.11658,0.1166,0.11658,2821.0,4
2025-12-31 20:26:00,1767212760000,1767212819999,DOGE,1m,0.11659,0.11662,0.11662,0.11658,10761.0,14
2025-12-31 20:27:00,1767212820000,1767212879999,DOGE,1m,0.11664,0.11657,0.11664,0.11657,3838.0,12
2025-12-31 20:28:00,1767212880000,1767212939999,DOGE,1m,0.11658,0.11661,0.11675,0.11658,290774.0,52
2025-12-31 20:29:00,1767212940000,1767212999999,DOGE,1m,0.11656,0.11663,0.11663,0.11653,16584.0,18
2025-12-31 20:30:00,1767213000000,1767213059999,DOGE,1m,0.11658,0.11652,0.11659,0.1165,9082.0,16
2025-12-31 20:31:00,1767213060000,1767213119999,DOGE,1m,0.1165,0.11668,0.11668,0.11648,58235.0,26
2025-12-31 20:32:00,1767213120000,1767213179999,DOGE,1m,0.1167,0.11684,0.11694,0.11669,440341.0,27
2025-12-31 20:33:00,1767213180000,1767213239999,DOGE,1m,0.11685,0.11662,0.11688,0.11662,5623.0,13
2025-12-31 20:34:00,1767213240000,1767213299999,DOGE,1m,0.1166,0.11641,0.1166,0.11641,88645.0,22
2025-12-31 20:35:00,1767213300000,1767213359999,DOGE,1m,0.11638,0.11644,0.1165,0.11634,884554.0,53
2025-12-31 20:36:00,1767213360000,1767213419999,DOGE,1m,0.11644,0.11648,0.1165,0.11637,7559.0,11
2025-12-31 20:37:00,1767213420000,1767213479999,DOGE,1m,0.11645,0.11652,0.11654,0.11645,20276.0,13
2025-12-31 20:38:00,1767213480000,1767213539999,DOGE,1m,0.11649,0.11649,0.11652,0.11646,5726.0,9
2025-12-31 20:39:00,1767213540000,1767213599999,DOGE,1m,0.11649,0.11657,0.11657,0.11649,10713.0,9
2025-12-31 20:40:00,1767213600000,1767213659999,DOGE,1m,0.11657,0.11652,0.11657,0.11649,12424.0,10
2025-12-31 20:41:00,1767213660000,1767213719999,DOGE,1m,0.11649,0.11653,0.11658,0.11648,8213.0,9
2025-12-31 20:42:00,1767213720000,1767213779999,DOGE,1m,0.11652,0.11665,0.11666,0.11647,14068.0,11
2025-12-31 20:43:00,1767213780000,1767213839999,DOGE,1m,0.11665,0.11674,0.11674,0.11665,18616.0,15
2025-12-31 20:44:00,1767213840000,1767213899999,DOGE,1m,0.11674,0.11672,0.11675,0.1167,4052.0,7
2025-12-31 20:45:00,1767213900000,1767213959999,DOGE,1m,0.11671,0.1168,0.11687,0.1167,868104.0,35
2025-12-31 20:46:00,1767213960000,1767214019999,DOGE,1m,0.1168,0.11682,0.11688,0.1168,5327.0,9
2025-12-31 20:47:00,1767214020000,1767214079999,DOGE,1m,0.11682,0.11687,0.11689,0.11682,14665.0,11
2025-12-31 20:48:00,1767214080000,1767214139999,DOGE,1m,0.11685,0.11676,0.11685,0.11676,13007.0,8
2025-12-31 20:49:00,1767214140000,1767214199999,DOGE,1m,0.11677,0.11673,0.11677,0.1167,5007.0,7
2025-12-31 20:50:00,1767214200000,1767214259999,DOGE,1m,0.11673,0.11677,0.11677,0.11667,38922.0,12
2025-12-31 20:51:00,1767214260000,1767214319999,DOGE,1m,0.11678,0.11675,0.11681,0.11675,33342.0,8
2025-12-31 20:52:00,1767214320000,1767214379999,DOGE,1m,0.11675,0.11685,0.11685,0.11675,13007.0,8
2025-12-31 20:53:00,1767214380000,1767214439999,DOGE,1m,0.11685,0.11702,0.11702,0.11685,13272.0,12
2025-12-31 20:54:00,1767214440000,1767214499999,DOGE,1m,0.11702,0.11692,0.11702,0.11692,412719.0,10
2025-12-31 20:55:00,1767214500000,1767214559999,DOGE,1m,0.11693,0.11723,0.11723,0.11693,57400.0,14
2025-12-31 20:56:00,1767214560000,1767214619999,DOGE,1m,0.11719,0.11716,0.11719,0.11716,2954.0,3
2025-12-31 20:57:00,1767214620000,1767214679999,DOGE,1m,0.11725,0.11722,0.11727,0.11722,19587.0,8
2025-12-31 20:58:00,1767214680000,1767214739999,DOGE,1m,0.11728,0.11723,0.11732,0.11723,6335.0,5
2025-12-31 20:59:00,1767214740000,1767214799999,DOGE,1m,0.11716,0.11713,0.11716,0.11707,436485.0,11
2025-12-31 21:00:00,1767214800000,1767214859999,DOGE,1m,0.11713,0.11714,0.11714,0.11704,605741.0,36
2025-12-31 21:01:00,1767214860000,1767214919999,DOGE,1m,0.11715,0.11706,0.11715,0.11706,4151.0,5
2025-12-31 21:02:00,1767214920000,1767214979999,DOGE,1m,0.1171,0.11708,0.1171,0.11705,10935.0,5
2025-12-31 21:03:00,1767214980000,1767215039999,DOGE,1m,0.11709,0.11707,0.11709,0.11707,2835.0,3
2025-12-31 21:04:00,1767215040000,1767215099999,DOGE,1m,0.11706,0.11708,0.11708,0.11706,9756.0,7
2025-12-31 21:05:00,1767215100000,1767215159999,DOGE,1m,0.11712,0.11728,0.11728,0.11712,6447.0,5
2025-12-31 21:06:00,1767215160000,1767215219999,DOGE,1m,0.11728,0.1173,0.1173,0.11724,35667.0,8
2025-12-31 21:07:00,1767215220000,1767215279999,DOGE,1m,0.11729,0.11724,0.11731,0.11724,5907.0,4
2025-12-31 21:08:00,1767215280000,1767215339999,DOGE,1m,0.11724,0.11722,0.11725,0.11721,6894.0,7
2025-12-31 21:09:00,1767215340000,1767215399999,DOGE,1m,0.11722,0.11722,0.11722,0.11721,5514.0,4
2025-12-31 21:10:00,1767215400000,1767215459999,DOGE,1m,0.11722,0.11728,0.11728,0.11722,11985.0,9
2025-12-31 21:11:00,1767215460000,1767215519999,DOGE,1m,0.11728,0.11733,0.11733,0.11727,32941.0,9
2025-12-31 21:12:00,1767215520000,1767215579999,DOGE,1m,0.11734,0.11734,0.11734,0.11733,38627.0,9
2025-12-31 21:13:00,1767215580000,1767215639999,DOGE,1m,0.11733,0.11727,0.11734,0.11727,5335.0,3
2025-12-31 21:14:00,1767215640000,1767215699999,DOGE,1m,0.11731,0.11731,0.11735,0.11731,5622.0,6
2025-12-31 21:15:00,1767215700000,1767215759999,DOGE,1m,0.11734,0.11728,0.11735,0.11728,31799.0,7
2025-12-31 21:16:00,1767215760000,1767215819999,DOGE,1m,0.11728,0.11735,0.11735,0.11726,24187.0,10
2025-12-31 21:17:00,1767215820000,1767215879999,DOGE,1m,0.11735,0.11736,0.11736,0.11735,2835.0,2
2025-12-31 21:18:00,1767215880000,1767215939999,DOGE,1m,0.11737,0.11748,0.11748,0.11737,19587.0,13
2025-12-31 21:19:00,1767215940000,1767215999999,DOGE,1m,0.11743,0.11742,0.11743,0.11742,2835.0,2
2025-12-31 21:20:00,1767216000000,1767216059999,DOGE,1m,0.11738,0.11739,0.11741,0.11738,25173.0,11
2025-12-31 21:21:00,1767216060000,1767216119999,DOGE,1m,0.11739,0.11737,0.11739,0.11737,3554.0,5
2025-12-31 21:22:00,1767216120000,1767216179999,DOGE,1m,0.11737,0.11736,0.11739,0.11736,24565.0,9
2025-12-31 21:23:00,1767216180000,1767216239999,DOGE,1m,0.11736,0.11734,0.11736,0.11734,2968.0,3
2025-12-31 21:24:00,1767216240000,1767216299999,DOGE,1m,0.1173,0.11729,0.1173,0.11729,2835.0,2
2025-12-31 21:25:00,1767216300000,1767216359999,DOGE,1m,0.11727,0.11727,0.11727,0.11724,4542.0,5
2025-12-31 21:26:00,1767216360000,1767216419999,DOGE,1m,0.11728,0.11734,0.11734,0.11728,27661.0,6
2025-12-31 21:27:00,1767216420000,1767216479999,DOGE,1m,0.1173,0.1173,0.1173,0.1173,2376.0,2
2025-12-31 21:28:00,1767216480000,1767216539999,DOGE,1m,0.11729,0.11725,0.11729,0.11725,39500.0,6
2025-12-31 21:29:00,1767216540000,1767216599999,DOGE,1m,0.11724,0.11725,0.11725,0.11724,16443.0,7
2025-12-31 21:30:00,1767216600000,1767216659999,DOGE,1m,0.11723,0.11723,0.11724,0.11722,6989.0,5
2025-12-31 21:31:00,1767216660000,1767216719999,DOGE,1m,0.11724,0.11728,0.11729,0.11724,28660.0,10
2025-12-31 21:32:00,1767216720000,1767216779999,DOGE,1m,0.11729,0.11721,0.11729,0.11721,22839.0,5
2025-12-31 21:33:00,1767216780000,1767216839999,DOGE,1m,0.1172,0.1172,0.1172,0.1172,7500.0,4
2025-12-31 21:34:00,1767216840000,1767216899999,DOGE,1m,0.11725,0.11727,0.11728,0.11725,637.0,3
2025-12-31 21:35:00,1767216900000,1767216959999,DOGE,1m,0.11731,0.11734,0.11734,0.11731,36701.0,4
2025-12-31 21:36:00,1767216960000,1767217019999,DOGE,1m,0.11735,0.11735,0.11735,0.11735,2557.0,1
2025-12-31 21:37:00,1767217020000,1767217079999,DOGE,1m,0.11733,0.11735,0.11735,0.11733,3277.0,3
2025-12-31 21:38:00,1767217080000,1767217139999,DOGE,1m,0.11735,0.11736,0.11736,0.11735,2406.0,4
2025-12-31 21:39:00,1767217140000,1767217199999,DOGE,1m,0.11736,0.11736,0.11736,0.11736,8520.0,1
2025-12-31 21:40:00,1767217200000,1767217259999,DOGE,1m,0.1174,0.11741,0.11741,0.1174,1108.0,2
2025-12-31 21:41:00,1767217260000,1767217319999,DOGE,1m,0.11742,0.11742,0.11742,0.11742,143.0,1
2025-12-31 21:42:00,1767217320000,1767217379999,DOGE,1m,0.11738,0.11737,0.11738,0.11737,5330.0,2
2025-12-31 21:43:00,1767217380000,1767217439999,DOGE,1m,0.11737,0.11737,0.11737,0.11737,1111.0,1
2025-12-31 21:44:00,1767217440000,1767217499999,DOGE,1m,0.11738,0.11743,0.11743,0.11738,54370.0,7
2025-12-31 21:45:00,1767217500000,1767217559999,DOGE,1m,0.11743,0.11742,0.11743,0.11741,8286.0,5
2025-12-31 21:46:00,1767217560000,1767217619999,DOGE,1m,0.11742,0.11748,0.11748,0.11742,6632.0,3
2025-12-31 21:47:00,1767217620000,1767217679999,DOGE,1m,0.11748,0.11747,0.11748,0.11747,371.0,2
2025-12-31 21:48:00,1767217680000,1767217739999,DOGE,1m,0.11747,0.1175,0.1175,0.11747,7711.0,4
2025-12-31 21:49:00,1767217740000,1767217799999,DOGE,1m,0.11753,0.11757,0.11757,0.11753,5142.0,5
2025-12-31 21:50:00,1767217800000,1767217859999,DOGE,1m,0.11744,0.11744,0.11744,0.11744,1702.0,1
2025-12-31 21:51:00,1767217860000,1767217919999,DOGE,1m,0.11744,0.11744,0.11744,0.11744,147.0,1
2025-12-31 21:52:00,1767217920000,1767217979999,DOGE,1m,0.11744,0.11744,0.11744,0.11744,5212.0,3
2025-12-31 21:53:00,1767217980000,1767218039999,DOGE,1m,0.11747,0.11746,0.11747,0.11746,1833.0,2
2025-12-31 21:54:00,1767218040000,1767218099999,DOGE,1m,0.11745,0.11745,0.11745,0.11745,7712.0,4
2025-12-31 21:55:00,1767218100000,1767218159999,DOGE,1m,0.11745,0.11744,0.11745,0.11744,7675.0,2
2025-12-31 21:56:00,1767218160000,1767218219999,DOGE,1m,0.11744,0.11744,0.11744,0.11744,0.0,0
2025-12-31 21:57:00,1767218220000,1767218279999,DOGE,1m,0.11741,0.11739,0.11741,0.11736,57129.0,13
2025-12-31 21:58:00,1767218280000,1767218339999,DOGE,1m,0.11738,0.11738,0.11738,0.11738,2193.0,2
2025-12-31 21:59:00,1767218340000,1767218399999,DOGE,1m,0.1174,0.11741,0.11741,0.1174,279.0,2
2025-12-31 22:00:00,1767218400000,1767218459999,DOGE,1m,0.1174,0.11734,0.1174,0.11734,67639.0,10
2025-12-31 22:01:00,1767218460000,1767218519999,DOGE,1m,0.11734,0.11725,0.11734,0.11723,5269.0,4
2025-12-31 22:02:00,1767218520000,1767218579999,DOGE,1m,0.1172,0.11721,0.11721,0.1172,3396.0,2
2025-12-31 22:03:00,1767218580000,1767218639999,DOGE,1m,0.11723,0.11723,0.11723,0.11723,2500.0,1
2025-12-31 22:04:00,1767218640000,1767218699999,DOGE,1m,0.11722,0.11722,0.11722,0.11722,7053.0,2
2025-12-31 22:05:00,1767218700000,1767218759999,DOGE,1m,0.11723,0.11732,0.11732,0.11723,5528.0,6
2025-12-31 22:06:00,1767218760000,1767218819999,DOGE,1m,0.11732,0.11732,0.11732,0.11732,0.0,0
2025-12-31 22:07:00,1767218820000,1767218879999,DOGE,1m,0.11727,0.11721,0.11728,0.11721,1234.0,4
2025-12-31 22:08:00,1767218880000,1767218939999,DOGE,1m,0.1172,0.1172,0.1172,0.1172,2500.0,2
2025-12-31 22:09:00,1767218940000,1767218999999,DOGE,1m,0.11717,0.11716,0.11717,0.11715,7939.0,4
2025-12-31 22:10:00,1767219000000,1767219059999,DOGE,1m,0.11711,0.11711,0.11711,0.11708,670660.0,38
2025-12-31 22:11:00,1767219060000,1767219119999,DOGE,1m,0.11712,0.11712,0.11712,0.11712,137.0,1
2025-12-31 22:12:00,1767219120000,1767219179999,DOGE,1m,0.1171,0.1171,0.1171,0.1171,170.0,1
2025-12-31 22:13:00,1767219180000,1767219239999,DOGE,1m,0.1171,0.1172,0.1172,0.11708,49201.0,12
2025-12-31 22:14:00,1767219240000,1767219299999,DOGE,1m,0.11714,0.11717,0.11717,0.11714,10687.0,6
2025-12-31 22:15:00,1767219300000,1767219359999,DOGE,1m,0.11713,0.11705,0.11714,0.11705,3219.0,3
2025-12-31 22:16:00,1767219360000,1767219419999,DOGE,1m,0.11704,0.11704,0.11705,0.11704,21959.0,5
2025-12-31 22:17:00,1767219420000,1767219479999,DOGE,1m,0.11703,0.11715,0.11715,0.11703,7071.0,7
2025-12-31 22:18:00,1767219480000,1767219539999,DOGE,1m,0.11717,0.11715,0.11717,0.11715,7572.0,4
2025-12-31 22:19:00,1767219540000,1767219599999,DOGE,1m,0.11712,0.11715,0.11715,0.11712,6568.0,5
2025-12-31 22:20:00,1767219600000,1767219659999,DOGE,1m,0.1171,0.1171,0.1171,0.1171,214.0,1
2025-12-31 22:21:00,1767219660000,1767219719999,DOGE,1m,0.11719,0.11724,0.11725,0.11719,11162.0,6
2025-12-31 22:22:00,1767219720000,1767219779999,DOGE,1m,0.11725,0.11736,0.11736,0.11725,24217.0,9
2025-12-31 22:23:00,1767219780000,1767219839999,DOGE,1m,0.11737,0.11744,0.11746,0.11737,2405.0,6
2025-12-31 22:24:00,1767219840000,1767219899999,DOGE,1m,0.11743,0.11746,0.11746,0.11743,667343.0,34
2025-12-31 22:25:00,1767219900000,1767219959999,DOGE,1m,0.1174,0.11757,0.11757,0.1174,23354.0,8
2025-12-31 22:26:00,1767219960000,1767220019999,DOGE,1m,0.11759,0.11751,0.11759,0.1175,167855.0,20
2025-12-31 22:27:00,1767220020000,1767220079999,DOGE,1m,0.11753,0.11769,0.11769,0.11753,24552.0,8
2025-12-31 22:28:00,1767220080000,1767220139999,DOGE,1m,0.11771,0.11775,0.11775,0.11771,1245.0,3
2025-12-31 22:29:00,1767220140000,1767220199999,DOGE,1m,0.11774,0.11774,0.11774,0.11774,35799.0,9
2025-12-31 22:30:00,1767220200000,1767220259999,DOGE,1m,0.11769,0.11761,0.11769,0.11761,4441.0,3
2025-12-31 22:31:00,1767220260000,1767220319999,DOGE,1m,0.11756,0.11756,0.11756,0.11756,2500.0,1
2025-12-31 22:32:00,1767220320000,1767220379999,DOGE,1m,0.11767,0.11767,0.1177,0.11767,7598.0,4
2025-12-31 22:33:00,1767220380000,1767220439999,DOGE,1m,0.11758,0.11758,0.11758,0.11758,18300.0,4
2025-12-31 22:34:00,1767220440000,1767220499999,DOGE,1m,0.11753,0.11749,0.11753,0.11747,22223.0,6
2025-12-31 22:35:00,1767220500000,1767220559999,DOGE,1m,0.11753,0.11759,0.11759,0.11753,44373.0,10
2025-12-31 22:36:00,1767220560000,1767220619999,DOGE,1m,0.11753,0.11753,0.11754,0.11753,41653.0,8
2025-12-31 22:37:00,1767220620000,1767220679999,DOGE,1m,0.11752,0.11749,0.11752,0.11748,45199.0,7
2025-12-31 22:38:00,1767220680000,1767220739999,DOGE,1m,0.11753,0.11753,0.11757,0.1175,54485.0,10
2025-12-31 22:39:00,1767220740000,1767220799999,DOGE,1m,0.11754,0.11753,0.11754,0.11753,45409.0,4
2025-12-31 22:40:00,1767220800000,1767220859999,DOGE,1m,0.11752,0.1175,0.11752,0.11749,53579.0,4
2025-12-31 22:41:00,1767220860000,1767220919999,DOGE,1m,0.11747,0.1175,0.11753,0.11747,41642.0,9
2025-12-31 22:42:00,1767220920000,1767220979999,DOGE,1m,0.11749,0.11752,0.11752,0.11748,43041.0,6
2025-12-31 22:43:00,1767220980000,1767221039999,DOGE,1m,0.11751,0.1175,0.11751,0.1175,41444.0,5
2025-12-31 22:44:00,1767221040000,1767221099999,DOGE,1m,0.11753,0.1175,0.11754,0.1175,49189.0,6
2025-12-31 22:45:00,1767221100000,1767221159999,DOGE,1m,0.11748,0.11753,0.11753,0.11748,41668.0,9
2025-12-31 22:46:00,1767221160000,1767221219999,DOGE,1m,0.11755,0.1176,0.1176,0.11755,39979.0,6
2025-12-31 22:47:00,1767221220000,1767221279999,DOGE,1m,0.11758,0.11751,0.11759,0.11751,52048.0,6
2025-12-31 22:48:00,1767221280000,1767221339999,DOGE,1m,0.11752,0.11756,0.11756,0.11752,104664.0,11
2025-12-31 22:49:00,1767221340000,1767221399999,DOGE,1m,0.11757,0.11759,0.11759,0.11757,42938.0,5
2025-12-31 22:50:00,1767221400000,1767221459999,DOGE,1m,0.11758,0.11759,0.11759,0.11758,45611.0,6
2025-12-31 22:51:00,1767221460000,1767221519999,DOGE,1m,0.11759,0.11766,0.11766,0.11759,52008.0,10
2025-12-31 22:52:00,1767221520000,1767221579999,DOGE,1m,0.11764,0.11764,0.11764,0.11764,45510.0,5
2025-12-31 22:53:00,1767221580000,1767221639999,DOGE,1m,0.11764,0.11764,0.11765,0.11764,128476.0,13
2025-12-31 22:54:00,1767221640000,1767221699999,DOGE,1m,0.11763,0.11754,0.11763,0.11753,42701.0,5
2025-12-31 22:55:00,1767221700000,1767221759999,DOGE,1m,0.11758,0.1176,0.1176,0.11758,40386.0,3
2025-12-31 22:56:00,1767221760000,1767221819999,DOGE,1m,0.11762,0.11761,0.11763,0.1176,45857.0,8
2025-12-31 22:57:00,1767221820000,1767221879999,DOGE,1m,0.1176,0.11761,0.11761,0.1176,42910.0,4
2025-12-31 22:58:00,1767221880000,1767221939999,DOGE,1m,0.11755,0.11763,0.11763,0.11755,44374.0,2
2025-12-31 22:59:00,1767221940000,1767221999999,DOGE,1m,0.11761,0.11763,0.11763,0.11761,38514.0,4
2025-12-31 23:00:00,1767222000000,1767222059999,DOGE,1m,0.1176,0.11757,0.1176,0.11749,57698.0,8
2025-12-31 23:01:00,1767222060000,1767222119999,DOGE,1m,0.11755,0.11753,0.11755,0.11753,44926.0,3
2025-12-31 23:02:00,1767222120000,1767222179999,DOGE,1m,0.11744,0.11743,0.11751,0.11743,52415.0,8
2025-12-31 23:03:00,1767222180000,1767222239999,DOGE,1m,0.11742,0.11742,0.11745,0.11741,55476.0,7
2025-12-31 23:04:00,1767222240000,1767222299999,DOGE,1m,0.11744,0.11747,0.11749,0.11744,71649.0,5
2025-12-31 23:05:00,1767222300000,1767222359999,DOGE,1m,0.11752,0.11752,0.11752,0.11752,25644.0,2
2025-12-31 23:06:00,1767222360000,1767222419999,DOGE,1m,0.1175,0.1175,0.1175,0.1175,27447.0,6
2025-12-31 23:07:00,1767222420000,1767222479999,DOGE,1m,0.1175,0.1175,0.1175,0.1175,0.0,0
2025-12-31 23:08:00,1767222480000,1767222539999,DOGE,1m,0.11755,0.11755,0.11755,0.11755,4053.0,2
2025-12-31 23:09:00,1767222540000,1767222599999,DOGE,1m,0.11761,0.11761,0.11761,0.11761,2500.0,1
2025-12-31 23:10:00,1767222600000,1767222659999,DOGE,1m,0.11755,0.11753,0.11755,0.11753,368.0,2
2025-12-31 23:11:00,1767222660000,1767222719999,DOGE,1m,0.11753,0.11755,0.11755,0.11753,498.0,2
2025-12-31 23:12:00,1767222720000,1767222779999,DOGE,1m,0.11754,0.11756,0.11756,0.11754,10251.0,5
2025-12-31 23:13:00,1767222780000,1767222839999,DOGE,1m,0.11754,0.11754,0.11754,0.11754,235.0,1
2025-12-31 23:14:00,1767222840000,1767222899999,DOGE,1m,0.11755,0.11755,0.11755,0.11755,2284.0,1
2025-12-31 23:15:00,1767222900000,1767222959999,DOGE,1m,0.11752,0.11749,0.11752,0.11749,1311.0,3
2025-12-31 23:16:00,1767222960000,1767223019999,DOGE,1m,0.11752,0.11752,0.11752,0.11752,4233.0,1
2025-12-31 23:17:00,1767223020000,1767223079999,DOGE,1m,0.11751,0.11751,0.11751,0.11751,197.0,1
2025-12-31 23:18:00,1767223080000,1767223139999,DOGE,1m,0.11752,0.11752,0.11752,0.11752,3481.0,2
2025-12-31 23:19:00,1767223140000,1767223199999,DOGE,1m,0.11746,0.11746,0.11746,0.11746,2894.0,1
2025-12-31 23:20:00,1767223200000,1767223259999,DOGE,1m,0.11746,0.11747,0.11747,0.11746,1169.0,3
2025-12-31 23:21:00,1767223260000,1767223319999,DOGE,1m,0.11746,0.11746,0.11746,0.11746,164.0,1
2025-12-31 23:22:00,1767223320000,1767223379999,DOGE,1m,0.11746,0.11746,0.11746,0.11746,3135.0,2
2025-12-31 23:23:00,1767223380000,1767223439999,DOGE,1m,0.1175,0.11749,0.1175,0.11749,471.0,3
2025-12-31 23:24:00,1767223440000,1767223499999,DOGE,1m,0.11749,0.11749,0.11749,0.11749,0.0,0
2025-12-31 23:25:00,1767223500000,1767223559999,DOGE,1m,0.1175,0.1175,0.1175,0.11748,1011.0,4
2025-12-31 23:26:00,1767223560000,1767223619999,DOGE,1m,0.11749,0.11749,0.11749,0.11749,510.0,2
2025-12-31 23:27:00,1767223620000,1767223679999,DOGE,1m,0.11747,0.11744,0.11747,0.11744,11834.0,3
2025-12-31 23:28:00,1767223680000,1767223739999,DOGE,1m,0.11745,0.11745,0.11745,0.11745,21451.0,5
2025-12-31 23:29:00,1767223740000,1767223799999,DOGE,1m,0.11751,0.11751,0.11751,0.11751,306.0,1
2025-12-31 23:30:00,1767223800000,1767223859999,DOGE,1m,0.11751,0.11751,0.11751,0.11751,0.0,0
2025-12-31 23:31:00,1767223860000,1767223919999,DOGE,1m,0.11751,0.11753,0.11753,0.11751,1121.0,3
2025-12-31 23:32:00,1767223920000,1767223979999,DOGE,1m,0.11753,0.11754,0.11754,0.11753,656.0,4
2025-12-31 23:33:00,1767223980000,1767224039999,DOGE,1m,0.11753,0.11753,0.11753,0.11753,260.0,1
2025-12-31 23:34:00,1767224040000,1767224099999,DOGE,1m,0.11753,0.11753,0.11753,0.11753,132.0,1
2025-12-31 23:35:00,1767224100000,1767224159999,DOGE,1m,0.11751,0.11751,0.11751,0.1175,1336.0,4
2025-12-31 23:36:00,1767224160000,1767224219999,DOGE,1m,0.11748,0.11748,0.11748,0.11748,267.0,1
2025-12-31 23:37:00,1767224220000,1767224279999,DOGE,1m,0.11747,0.11747,0.11747,0.11747,148.0,1
2025-12-31 23:38:00,1767224280000,1767224339999,DOGE,1m,0.11748,0.11747,0.1175,0.11747,1237.0,4
2025-12-31 23:39:00,1767224340000,1767224399999,DOGE,1m,0.11746,0.11749,0.11749,0.11746,282561.0,15
2025-12-31 23:40:00,1767224400000,1767224459999,DOGE,1m,0.1175,0.1175,0.1175,0.1175,80222.0,2
2025-12-31 23:41:00,1767224460000,1767224519999,DOGE,1m,0.11752,0.11752,0.11752,0.11752,184.0,1
2025-12-31 23:42:00,1767224520000,1767224579999,DOGE,1m,0.11749,0.11749,0.11749,0.11749,157.0,1
2025-12-31 23:43:00,1767224580000,1767224639999,DOGE,1m,0.11748,0.11748,0.11748,0.11748,6597.0,2
2025-12-31 23:44:00,1767224640000,1767224699999,DOGE,1m,0.11746,0.11747,0.11747,0.11746,511.0,3
2025-12-31 23:45:00,1767224700000,1767224759999,DOGE,1m,0.11733,0.11729,0.11733,0.11729,4865.0,5
2025-12-31 23:46:00,1767224760000,1767224819999,DOGE,1m,0.11729,0.11729,0.11729,0.11729,5912.0,2
2025-12-31 23:47:00,1767224820000,1767224879999,DOGE,1m,0.11729,0.11729,0.11729,0.11729,0.0,0
2025-12-31 23:48:00,1767224880000,1767224939999,DOGE,1m,0.11731,0.11733,0.11733,0.11731,11427.0,4
2025-12-31 23:49:00,1767224940000,1767224999999,DOGE,1m,0.11733,0.11733,0.11733,0.11733,0.0,0
2025-12-31 23:50:00,1767225000000,1767225059999,DOGE,1m,0.11742,0.11742,0.11743,0.11742,4793.0,3
2025-12-31 23:51:00,1767225060000,1767225119999,DOGE,1m,0.11733,0.11733,0.11733,0.11733,129.0,1
2025-12-31 23:52:00,1767225120000,1767225179999,DOGE,1m,0.11729,0.11729,0.11729,0.11729,5413.0,1
2025-12-31 23:53:00,1767225180000,1767225239999,DOGE,1m,0.11735,0.11735,0.11735,0.11735,149.0,1
2025-12-31 23:54:00,1767225240000,1767225299999,DOGE,1m,0.11736,0.11736,0.11736,0.11736,180.0,1
2025-12-31 23:55:00,1767225300000,1767225359999,DOGE,1m,0.1174,0.11742,0.11742,0.1174,207377.0,13
2025-12-31 23:56:00,1767225360000,1767225419999,DOGE,1m,0.11741,0.11742,0.11742,0.11741,30592.0,4
2025-12-31 23:57:00,1767225420000,1767225479999,DOGE,1m,0.11737,0.11737,0.11737,0.11737,309.0,1
2025-12-31 23:58:00,1767225480000,1767225539999,DOGE,1m,0.11736,0.11737,0.11737,0.11735,27359.0,6
2025-12-31 23:59:00,1767225540000,1767225599999,DOGE,1m,0.11739,0.11736,0.11739,0.11736,17510.0,9
2026-01-01 00:00:00,1767225600000,1767225659999,DOGE,1m,0.1174,0.11743,0.11744,0.11739,89246.0,25
2026-01-01 00:01:00,1767225660000,1767225719999,DOGE,1m,0.11745,0.11751,0.11751,0.11745,17735.0,13
2026-01-01 00:02:00,1767225720000,1767225779999,DOGE,1m,0.1175,0.11756,0.11756,0.1175,6885.0,2
2026-01-01 00:03:00,1767225780000,1767225839999,DOGE,1m,0.11755,0.11762,0.11762,0.11755,51940.0,6
2026-01-01 00:04:00,1767225840000,1767225899999,DOGE,1m,0.11761,0.11761,0.11761,0.11761,143.0,1
2026-01-01 00:05:00,1767225900000,1767225959999,DOGE,1m,0.11763,0.1177,0.1177,0.11763,30980.0,8
2026-01-01 00:06:00,1767225960000,1767226019999,DOGE,1m,0.11761,0.11761,0.11761,0.11761,11436.0,4
2026-01-01 00:07:00,1767226020000,1767226079999,DOGE,1m,0.11755,0.11763,0.11763,0.11755,30042.0,8
2026-01-01 00:08:00,1767226080000,1767226139999,DOGE,1m,0.11769,0.1177,0.1177,0.11769,12916.0,3
2026-01-01 00:09:00,1767226140000,1767226199999,DOGE,1m,0.11767,0.11767,0.11767,0.11767,409.0,2
2026-01-01 00:10:00,1767226200000,1767226259999,DOGE,1m,0.11766,0.11764,0.11766,0.11764,5327.0,3
2026-01-01 00:11:00,1767226260000,1767226319999,DOGE,1m,0.11764,0.11764,0.11764,0.11764,0.0,0
2026-01-01 00:12:00,1767226320000,1767226379999,DOGE,1m,0.11767,0.11764,0.11767,0.11764,777.0,4
2026-01-01 00:13:00,1767226380000,1767226439999,DOGE,1m,0.11765,0.11764,0.11765,0.11764,1691.0,2
2026-01-01 00:14:00,1767226440000,1767226499999,DOGE,1m,0.11764,0.11764,0.11764,0.11764,2612.0,1
2026-01-01 00:15:00,1767226500000,1767226559999,DOGE,1m,0.11765,0.11769,0.11769,0.11765,12313.0,6
2026-01-01 00:16:00,1767226560000,1767226619999,DOGE,1m,0.11766,0.11766,0.11766,0.11766,174.0,1
2026-01-01 00:17:00,1767226620000,1767226679999,DOGE,1m,0.11766,0.11769,0.11769,0.11766,1156.0,5
2026-01-01 00:18:00,1767226680000,1767226739999,DOGE,1m,0.1177,0.11771,0.11771,0.1177,2868.0,7
2026-01-01 00:19:00,1767226740000,1767226799999,DOGE,1m,0.1177,0.11774,0.11774,0.1177,4190.0,6
2026-01-01 00:20:00,1767226800000,1767226859999,DOGE,1m,0.11775,0.11772,0.11775,0.11772,33576.0,4
2026-01-01 00:21:00,1767226860000,1767226919999,DOGE,1m,0.1177,0.11764,0.1177,0.11764,2822.0,2
2026-01-01 00:22:00,1767226920000,1767226979999,DOGE,1m,0.11764,0.11764,0.11764,0.11764,96.0,1
2026-01-01 00:23:00,1767226980000,1767227039999,DOGE,1m,0.1177,0.11768,0.11773,0.11768,5304.0,7
2026-01-01 00:24:00,1767227040000,1767227099999,DOGE,1m,0.11768,0.11768,0.11768,0.11768,0.0,0
2026-01-01 00:25:00,1767227100000,1767227159999,DOGE,1m,0.11766,0.11771,0.11773,0.11766,1067.0,6
2026-01-01 00:26:00,1767227160000,1767227219999,DOGE,1m,0.11772,0.11772,0.11772,0.11772,129.0,1
2026-01-01 00:27:00,1767227220000,1767227279999,DOGE,1m,0.11773,0.11775,0.11775,0.11773,1214.0,2
2026-01-01 00:28:00,1767227280000,1767227339999,DOGE,1m,0.11775,0.1178,0.1178,0.11775,21522.0,5
2026-01-01 00:29:00,1767227340000,1767227399999,DOGE,1m,0.11781,0.11781,0.11783,0.11781,1316.0,3
2026-01-01 00:30:00,1767227400000,1767227459999,DOGE,1m,0.1178,0.11779,0.1178,0.11779,1611.0,3
2026-01-01 00:31:00,1767227460000,1767227519999,DOGE,1m,0.11782,0.11787,0.11787,0.11782,46457.0,7
2026-01-01 00:32:00,1767227520000,1767227579999,DOGE,1m,0.11782,0.1179,0.1179,0.11781,53352.0,12
2026-01-01 00:33:00,1767227580000,1767227639999,DOGE,1m,0.11785,0.11785,0.11785,0.11785,127.0,1
2026-01-01 00:34:00,1767227640000,1767227699999,DOGE,1m,0.11787,0.11787,0.11787,0.11787,13452.0,3
2026-01-01 00:35:00,1767227700000,1767227759999,DOGE,1m,0.11787,0.11783,0.1179,0.11783,4908.0,5
2026-01-01 00:36:00,1767227760000,1767227819999,DOGE,1m,0.11783,0.11783,0.11783,0.11783,0.0,0
2026-01-01 00:37:00,1767227820000,1767227879999,DOGE,1m,0.11772,0.11771,0.11772,0.11771,3148.0,5
2026-01-01 00:38:00,1767227880000,1767227939999,DOGE,1m,0.11773,0.11782,0.11782,0.11773,28533.0,8
2026-01-01 00:39:00,1767227940000,1767227999999,DOGE,1m,0.11777,0.11777,0.11777,0.11777,297.0,1
2026-01-01 00:40:00,1767228000000,1767228059999,DOGE,1m,0.11777,0.11777,0.11777,0.11777,236.0,1
2026-01-01 00:41:00,1767228060000,1767228119999,DOGE,1m,0.11778,0.11778,0.11778,0.11778,224.0,1
2026-01-01 00:42:00,1767228120000,1767228179999,DOGE,1m,0.11774,0.11775,0.11775,0.11774,574.0,3
2026-01-01 00:43:00,1767228180000,1767228239999,DOGE,1m,0.11775,0.11773,0.11775,0.11773,285.0,2
2026-01-01 00:44:00,1767228240000,1767228299999,DOGE,1m,0.11771,0.11771,0.11771,0.11771,21238.0,1
2026-01-01 00:45:00,1767228300000,1767228359999,DOGE,1m,0.11771,0.11769,0.11771,0.11769,655.0,2
2026-01-01 00:46:00,1767228360000,1767228419999,DOGE,1m,0.1177,0.1177,0.1177,0.1177,264.0,2
2026-01-01 00:47:00,1767228420000,1767228479999,DOGE,1m,0.1177,0.1177,0.1177,0.1177,97.0,1
2026-01-01 00:48:00,1767228480000,1767228539999,DOGE,1m,0.1177,0.1177,0.1177,0.1177,0.0,0
2026-01-01 00:49:00,1767228540000,1767228599999,DOGE,1m,0.11774,0.11773,0.11774,0.11772,4643.0,3
2026-01-01 00:50:00,1767228600000,1767228659999,DOGE,1m,0.11779,0.11781,0.11784,0.11779,26371.0,9
2026-01-01 00:51:00,1767228660000,1767228719999,DOGE,1m,0.11782,0.11779,0.11782,0.11779,10622.0,6
2026-01-01 00:52:00,1767228720000,1767228779999,DOGE,1m,0.11783,0.11783,0.11783,0.11783,79.0,1
2026-01-01 00:53:00,1767228780000,1767228839999,DOGE,1m,0.11784,0.11782,0.11784,0.11782,137.0,2
2026-01-01 00:54:00,1767228840000,1767228899999,DOGE,1m,0.11779,0.11785,0.11785,0.11779,1159.0,3
2026-01-01 00:55:00,1767228900000,1767228959999,DOGE,1m,0.11782,0.11782,0.11782,0.11782,137.0,1
2026-01-01 00:56:00,1767228960000,1767229019999,DOGE,1m,0.11782,0.11784,0.11784,0.11782,261.0,2
2026-01-01 00:57:00,1767229020000,1767229079999,DOGE,1m,0.11784,0.11784,0.11784,0.11784,0.0,0
2026-01-01 00:58:00,1767229080000,1767229139999,DOGE,1m,0.11785,0.11786,0.11786,0.11785,35794.0,12
2026-01-01 00:59:00,1767229140000,1767229199999,DOGE,1m,0.11788,0.11789,0.11789,0.11788,5560.0,2
2026-01-01 01:00:00,1767229200000,1767229259999,DOGE,1m,0.11786,0.11788,0.11789,0.11786,15571.0,5
2026-01-01 01:01:00,1767229260000,1767229319999,DOGE,1m,0.11789,0.11789,0.11789,0.11789,40738.0,7
2026-01-01 01:02:00,1767229320000,1767229379999,DOGE,1m,0.11795,0.11795,0.11795,0.11795,20005.0,5
2026-01-01 01:03:00,1767229380000,1767229439999,DOGE,1m,0.11794,0.11796,0.11796,0.11793,1971.0,3
2026-01-01 01:04:00,1767229440000,1767229499999,DOGE,1m,0.11796,0.11796,0.11796,0.11796,0.0,0
2026-01-01 01:05:00,1767229500000,1767229559999,DOGE,1m,0.11795,0.11796,0.11796,0.11795,863.0,2
2026-01-01 01:06:00,1767229560000,1767229619999,DOGE,1m,0.11798,0.11805,0.11805,0.11798,85189.0,10
2026-01-01 01:07:00,1767229620000,1767229679999,DOGE,1m,0.11806,0.11817,0.11821,0.11805,59578.0,15
2026-01-01 01:08:00,1767229680000,1767229739999,DOGE,1m,0.11816,0.11818,0.11818,0.11815,2124.0,4
2026-01-01 01:09:00,1767229740000,1767229799999,DOGE,1m,0.11822,0.11832,0.11833,0.11822,3373.0,8
2026-01-01 01:10:00,1767229800000,1767229859999,DOGE,1m,0.11833,0.11833,0.11833,0.11825,16733.0,7
2026-01-01 01:11:00,1767229860000,1767229919999,DOGE,1m,0.11833,0.11843,0.11843,0.11833,19574.0,6
2026-01-01 01:12:00,1767229920000,1767229979999,DOGE,1m,0.11843,0.11841,0.11843,0.11841,3150.0,2
2026-01-01 01:13:00,1767229980000,1767230039999,DOGE,1m,0.11842,0.11841,0.11842,0.11841,5280.0,2
2026-01-01 01:14:00,1767230040000,1767230099999,DOGE,1m,0.11841,0.11841,0.11841,0.11841,0.0,0
2026-01-01 01:15:00,1767230100000,1767230159999,DOGE,1m,0.11843,0.11842,0.11843,0.11842,2946.0,3
2026-01-01 01:16:00,1767230160000,1767230219999,DOGE,1m,0.11845,0.11831,0.11845,0.11831,107806.0,18
2026-01-01 01:17:00,1767230220000,1767230279999,DOGE,1m,0.1183,0.11831,0.11831,0.1183,1730.0,3
2026-01-01 01:18:00,1767230280000,1767230339999,DOGE,1m,0.11827,0.11819,0.11827,0.11819,19437.0,2
2026-01-01 01:19:00,1767230340000,1767230399999,DOGE,1m,0.11829,0.11829,0.11829,0.11829,357.0,1
2026-01-01 01:20:00,1767230400000,1767230459999,DOGE,1m,0.11817,0.11813,0.11817,0.11813,1014.0,2
2026-01-01 01:21:00,1767230460000,1767230519999,DOGE,1m,0.11817,0.11813,0.11817,0.11813,25304.0,4
2026-01-01 01:22:00,1767230520000,1767230579999,DOGE,1m,0.11813,0.11813,0.11813,0.11813,0.0,0
2026-01-01 01:23:00,1767230580000,1767230639999,DOGE,1m,0.11821,0.1182,0.11821,0.1182,4350.0,3
2026-01-01 01:24:00,1767230640000,1767230699999,DOGE,1m,0.11823,0.11823,0.11823,0.11823,338.0,1
2026-01-01 01:25:00,1767230700000,1767230759999,DOGE,1m,0.11822,0.11822,0.11822,0.11822,253764.0,5
2026-01-01 01:26:00,1767230760000,1767230819999,DOGE,1m,0.11809,0.11809,0.11809,0.11809,97.0,1
2026-01-01 01:27:00,1767230820000,1767230879999,DOGE,1m,0.1181,0.11806,0.1181,0.11805,5436.0,4
2026-01-01 01:28:00,1767230880000,1767230939999,DOGE,1m,0.11806,0.11805,0.11806,0.11805,815.0,3
2026-01-01 01:29:00,1767230940000,1767230999999,DOGE,1m,0.11806,0.11808,0.11808,0.11806,86110.0,8
2026-01-01 01:30:00,1767231000000,1767231059999,DOGE,1m,0.11806,0.11809,0.11809,0.11806,21488.0,7
2026-01-01 01:31:00,1767231060000,1767231119999,DOGE,1m,0.11819,0.11818,0.1182,0.11818,28244.0,4
2026-01-01 01:32:00,1767231120000,1767231179999,DOGE,1m,0.11818,0.11817,0.11818,0.11817,596.0,4
2026-01-01 01:33:00,1767231180000,1767231239999,DOGE,1m,0.11818,0.11818,0.11818,0.11818,3242.0,2
2026-01-01 01:34:00,1767231240000,1767231299999,DOGE,1m,0.11812,0.11813,0.11814,0.11812,5765.0,4
2026-01-01 01:35:00,1767231300000,1767231359999,DOGE,1m,0.11813,0.11817,0.11819,0.11813,3400.0,6
2026-01-01 01:36:00,1767231360000,1767231419999,DOGE,1m,0.11816,0.11815,0.11816,0.11811,2400.0,3
2026-01-01 01:37:00,1767231420000,1767231479999,DOGE,1m,0.11815,0.11814,0.11815,0.11814,2210.0,2
2026-01-01 01:38:00,1767231480000,1767231539999,DOGE,1m,0.1181,0.11818,0.11819,0.1181,2349.0,4
2026-01-01 01:39:00,1767231540000,1767231599999,DOGE,1m,0.1182,0.11819,0.1182,0.11819,2210.0,3
2026-01-01 01:40:00,1767231600000,1767231659999,DOGE,1m,0.11822,0.1182,0.11822,0.1182,2210.0,2
2026-01-01 01:41:00,1767231660000,1767231719999,DOGE,1m,0.11822,0.11826,0.11826,0.11822,2210.0,2
2026-01-01 01:42:00,1767231720000,1767231779999,DOGE,1m,0.11831,0.11826,0.11831,0.11826,5896.0,4
2026-01-01 01:43:00,1767231780000,1767231839999,DOGE,1m,0.11826,0.11834,0.11834,0.11826,54485.0,15
2026-01-01 01:44:00,1767231840000,1767231899999,DOGE,1m,0.11829,0.11829,0.11831,0.11829,129628.0,7
2026-01-01 01:45:00,1767231900000,1767231959999,DOGE,1m,0.11829,0.11828,0.11831,0.11828,2928.0,6
2026-01-01 01:46:00,1767231960000,1767232019999,DOGE,1m,0.11827,0.1183,0.1183,0.11827,2210.0,2
2026-01-01 01:47:00,1767232020000,1767232079999,DOGE,1m,0.11829,0.11834,0.11834,0.11829,30631.0,5
2026-01-01 01:48:00,1767232080000,1767232139999,DOGE,1m,0.11836,0.11836,0.11836,0.11836,2210.0,2
2026-01-01 01:49:00,1767232140000,1767232199999,DOGE,1m,0.11836,0.11835,0.11836,0.11835,2311.0,3
2026-01-01 01:50:00,1767232200000,1767232259999,DOGE,1m,0.11832,0.11843,0.11843,0.11832,36846.0,5
2026-01-01 01:51:00,1767232260000,1767232319999,DOGE,1m,0.11844,0.11844,0.11844,0.11844,2209.0,2
2026-01-01 01:52:00,1767232320000,1767232379999,DOGE,1m,0.11843,0.11843,0.11843,0.11843,2210.0,2
2026-01-01 01:53:00,1767232380000,1767232439999,DOGE,1m,0.11843,0.11845,0.11845,0.11843,5330.0,5
2026-01-01 01:54:00,1767232440000,1767232499999,DOGE,1m,0.11847,0.11851,0.11858,0.11846,4902.0,7
2026-01-01 01:55:00,1767232500000,1767232559999,DOGE,1m,0.11857,0.11857,0.11859,0.11857,17768.0,7
2026-01-01 01:56:00,1767232560000,1767232619999,DOGE,1m,0.11857,0.11855,0.11857,0.11855,2210.0,2
2026-01-01 01:57:00,1767232620000,1767232679999,DOGE,1m,0.1186,0.11858,0.1186,0.11858,2210.0,2
2026-01-01 01:58:00,1767232680000,1767232739999,DOGE,1m,0.11849,0.11849,0.11849,0.11849,2210.0,2
2026-01-01 01:59:00,1767232740000,1767232799999,DOGE,1m,0.1185,0.11845,0.1185,0.11845,14871.0,5
2026-01-01 02:00:00,1767232800000,1767232859999,DOGE,1m,0.11849,0.11842,0.11851,0.1184,116583.0,14
2026-01-01 02:01:00,1767232860000,1767232919999,DOGE,1m,0.11843,0.11842,0.11843,0.11842,2824.0,5
2026-01-01 02:02:00,1767232920000,1767232979999,DOGE,1m,0.11842,0.11841,0.11842,0.11841,7509.0,5
2026-01-01 02:03:00,1767232980000,1767233039999,DOGE,1m,0.11843,0.11844,0.11844,0.11843,7992.0,3
2026-01-01 02:04:00,1767233040000,1767233099999,DOGE,1m,0.11841,0.11843,0.11843,0.11841,2210.0,3
2026-01-01 02:05:00,1767233100000,1767233159999,DOGE,1m,0.1185,0.11849,0.1185,0.11849,2210.0,2
2026-01-01 02:06:00,1767233160000,1767233219999,DOGE,1m,0.11851,0.11849,0.11851,0.11849,2210.0,2
2026-01-01 02:07:00,1767233220000,1767233279999,DOGE,1m,0.11852,0.11854,0.11856,0.11852,11011.0,8
2026-01-01 02:08:00,1767233280000,1767233339999,DOGE,1m,0.11854,0.11852,0.11854,0.11852,2560.0,4
2026-01-01 02:09:00,1767233340000,1767233399999,DOGE,1m,0.11851,0.11846,0.11851,0.11845,2216.0,3
2026-01-01 02:10:00,1767233400000,1767233459999,DOGE,1m,0.11846,0.11844,0.11846,0.11844,2210.0,2
2026-01-01 02:11:00,1767233460000,1767233519999,DOGE,1m,0.11844,0.11844,0.11844,0.11844,2210.0,2
2026-01-01 02:12:00,1767233520000,1767233579999,DOGE,1m,0.1184,0.1184,0.1184,0.1184,2210.0,2
2026-01-01 02:13:00,1767233580000,1767233639999,DOGE,1m,0.1184,0.11836,0.1184,0.11836,8123.0,7
2026-01-01 02:14:00,1767233640000,1767233699999,DOGE,1m,0.11833,0.11831,0.11833,0.11831,2210.0,2
2026-01-01 02:15:00,1767233700000,1767233759999,DOGE,1m,0.11835,0.1183,0.11835,0.1183,16821.0,4
2026-01-01 02:16:00,1767233760000,1767233819999,DOGE,1m,0.11834,0.11832,0.11834,0.11832,2210.0,2
2026-01-01 02:17:00,1767233820000,1767233879999,DOGE,1m,0.11833,0.11834,0.11834,0.11833,2210.0,3
2026-01-01 02:18:00,1767233880000,1767233939999,DOGE,1m,0.1184,0.11841,0.11841,0.1184,2210.0,2
2026-01-01 02:19:00,1767233940000,1767233999999,DOGE,1m,0.11843,0.1184,0.11843,0.1184,3265.0,4
2026-01-01 02:20:00,1767234000000,1767234059999,DOGE,1m,0.11839,0.11839,0.11839,0.11838,2400.0,3
2026-01-01 02:21:00,1767234060000,1767234119999,DOGE,1m,0.11835,0.1183,0.11835,0.1183,2400.0,4
2026-01-01 02:22:00,1767234120000,1767234179999,DOGE,1m,0.11829,0.11844,0.11847,0.11829,32801.0,9
2026-01-01 02:23:00,1767234180000,1767234239999,DOGE,1m,0.11843,0.11841,0.11843,0.11841,44563.0,6
2026-01-01 02:24:00,1767234240000,1767234299999,DOGE,1m,0.1184,0.11839,0.1184,0.11839,2215.0,3
2026-01-01 02:25:00,1767234300000,1767234359999,DOGE,1m,0.1184,0.11837,0.1184,0.11837,2210.0,2
2026-01-01 02:26:00,1767234360000,1767234419999,DOGE,1m,0.11835,0.11839,0.11839,0.11835,2210.0,2
2026-01-01 02:27:00,1767234420000,1767234479999,DOGE,1m,0.11838,0.11836,0.11839,0.11836,25832.0,5
2026-01-01 02:28:00,1767234480000,1767234539999,DOGE,1m,0.11835,0.11838,0.11838,0.11835,2210.0,2
2026-01-01 02:29:00,1767234540000,1767234599999,DOGE,1m,0.11841,0.11841,0.11841,0.11841,2210.0,2
2026-01-01 02:30:00,1767234600000,1767234659999,DOGE,1m,0.11842,0.1184,0.11842,0.1184,2980.0,3
2026-01-01 02:31:00,1767234660000,1767234719999,DOGE,1m,0.11843,0.11844,0.11844,0.11841,52117.0,7
2026-01-01 02:32:00,1767234720000,1767234779999,DOGE,1m,0.11844,0.11866,0.11866,0.11844,42724.0,17
2026-01-01 02:33:00,1767234780000,1767234839999,DOGE,1m,0.11866,0.1187,0.11873,0.11865,6649.0,9
2026-01-01 02:34:00,1767234840000,1767234899999,DOGE,1m,0.1187,0.11863,0.1187,0.11863,2613.0,3
2026-01-01 02:35:00,1767234900000,1767234959999,DOGE,1m,0.11853,0.11852,0.11853,0.11852,2210.0,2
2026-01-01 02:36:00,1767234960000,1767235019999,DOGE,1m,0.11852,0.11853,0.11854,0.11852,11160.0,4
2026-01-01 02:37:00,1767235020000,1767235079999,DOGE,1m,0.11852,0.11852,0.11852,0.11852,2210.0,2
2026-01-01 02:38:00,1767235080000,1767235139999,DOGE,1m,0.11855,0.11856,0.11856,0.11855,2331.0,3
2026-01-01 02:39:00,1767235140000,1767235199999,DOGE,1m,0.1186,0.11863,0.11863,0.1186,2210.0,2
2026-01-01 02:40:00,1767235200000,1767235259999,DOGE,1m,0.11862,0.11862,0.11862,0.11862,18623.0,3
2026-01-01 02:41:00,1767235260000,1767235319999,DOGE,1m,0.11864,0.11857,0.11864,0.11857,2210.0,2
2026-01-01 02:42:00,1767235320000,1767235379999,DOGE,1m,0.11857,0.11857,0.11857,0.11857,2210.0,2
2026-01-01 02:43:00,1767235380000,1767235439999,DOGE,1m,0.11857,0.11856,0.11857,0.11854,2565.0,3
2026-01-01 02:44:00,1767235440000,1767235499999,DOGE,1m,0.11856,0.11855,0.11856,0.11855,2210.0,2
2026-01-01 02:45:00,1767235500000,1767235559999,DOGE,1m,0.11853,0.11853,0.11854,0.11853,2406.0,3
2026-01-01 02:46:00,1767235560000,1767235619999,DOGE,1m,0.11852,0.11857,0.11857,0.11852,12093.0,5
2026-01-01 02:47:00,1767235620000,1767235679999,DOGE,1m,0.11855,0.11855,0.11855,0.11854,4930.0,3
2026-01-01 02:48:00,1767235680000,1767235739999,DOGE,1m,0.11856,0.11856,0.11856,0.11856,2210.0,2
2026-01-01 02:49:00,1767235740000,1767235799999,DOGE,1m,0.11856,0.1185,0.11856,0.1185,39914.0,7
2026-01-01 02:50:00,1767235800000,1767235859999,DOGE,1m,0.11849,0.11858,0.11858,0.11849,2210.0,2
2026-01-01 02:51:00,1767235860000,1767235919999,DOGE,1m,0.11855,0.11856,0.11856,0.11855,2210.0,2
2026-01-01 02:52:00,1767235920000,1767235979999,DOGE,1m,0.11853,0.11849,0.11853,0.11849,2210.0,2
2026-01-01 02:53:00,1767235980000,1767236039999,DOGE,1m,0.11852,0.11855,0.11855,0.11852,2327.0,3
2026-01-01 02:54:00,1767236040000,1767236099999,DOGE,1m,0.11854,0.11854,0.11854,0.11854,2210.0,2
2026-01-01 02:55:00,1767236100000,1767236159999,DOGE,1m,0.11855,0.11855,0.11855,0.11855,2632.0,3
2026-01-01 02:56:00,1767236160000,1767236219999,DOGE,1m,0.11854,0.11854,0.11854,0.11854,2210.0,2
2026-01-01 02:57:00,1767236220000,1767236279999,DOGE,1m,0.11855,0.11855,0.11855,0.11855,2210.0,2
2026-01-01 02:58:00,1767236280000,1767236339999,DOGE,1m,0.11856,0.11853,0.11856,0.11853,2210.0,2
2026-01-01 02:59:00,1767236340000,1767236399999,DOGE,1m,0.11853,0.11853,0.11853,0.11853,2210.0,2
2026-01-01 03:00:00,1767236400000,1767236459999,DOGE,1m,0.1185,0.11855,0.11857,0.1185,20322.0,8
2026-01-01 03:01:00,1767236460000,1767236519999,DOGE,1m,0.11855,0.11846,0.11855,0.11846,2542.0,3
2026-01-01 03:02:00,1767236520000,1767236579999,DOGE,1m,0.11846,0.11849,0.11849,0.11846,62879.0,6
2026-01-01 03:03:00,1767236580000,1767236639999,DOGE,1m,0.11849,0.1185,0.1185,0.11848,2479.0,3
2026-01-01 03:04:00,1767236640000,1767236699999,DOGE,1m,0.11849,0.11849,0.11849,0.11849,129.0,1
2026-01-01 03:05:00,1767236700000,1767236759999,DOGE,1m,0.11844,0.11836,0.11844,0.11836,4335.0,2
2026-01-01 03:06:00,1767236760000,1767236819999,DOGE,1m,0.11833,0.11836,0.11836,0.11833,327.0,2
2026-01-01 03:07:00,1767236820000,1767236879999,DOGE,1m,0.11832,0.11826,0.11832,0.11826,2870.0,5
2026-01-01 03:08:00,1767236880000,1767236939999,DOGE,1m,0.11824,0.11822,0.11824,0.11822,6342.0,3
2026-01-01 03:09:00,1767236940000,1767236999999,DOGE,1m,0.11824,0.11826,0.11826,0.11824,1081.0,4
2026-01-01 03:10:00,1767237000000,1767237059999,DOGE,1m,0.11826,0.11826,0.11826,0.11826,163.0,1
2026-01-01 03:11:00,1767237060000,1767237119999,DOGE,1m,0.11826,0.11826,0.11826,0.11826,6751.0,1
2026-01-01 03:12:00,1767237120000,1767237179999,DOGE,1m,0.11813,0.11813,0.11813,0.11813,169.0,1
2026-01-01 03:13:00,1767237180000,1767237239999,DOGE,1m,0.11813,0.11813,0.11813,0.11813,0.0,0
2026-01-01 03:14:00,1767237240000,1767237299999,DOGE,1m,0.11822,0.11825,0.11826,0.1182,1560.0,9
2026-01-01 03:15:00,1767237300000,1767237359999,DOGE,1m,0.11825,0.11822,0.11826,0.11822,682.0,4
2026-01-01 03:16:00,1767237360000,1767237419999,DOGE,1m,0.11818,0.1182,0.1182,0.11818,580.0,2
2026-01-01 03:17:00,1767237420000,1767237479999,DOGE,1m,0.11818,0.11823,0.11823,0.11818,397.0,3
2026-01-01 03:18:00,1767237480000,1767237539999,DOGE,1m,0.11823,0.11823,0.11823,0.11823,322.0,2
2026-01-01 03:19:00,1767237540000,1767237599999,DOGE,1m,0.11824,0.11825,0.11825,0.11824,599.0,4
2026-01-01 03:20:00,1767237600000,1767237659999,DOGE,1m,0.11829,0.11829,0.11829,0.11829,390.0,2
2026-01-01 03:21:00,1767237660000,1767237719999,DOGE,1m,0.11826,0.11826,0.11826,0.11826,200.0,1
2026-01-01 03:22:00,1767237720000,1767237779999,DOGE,1m,0.11819,0.11819,0.11819,0.11819,316.0,2
2026-01-01 03:23:00,1767237780000,1767237839999,DOGE,1m,0.11819,0.11819,0.11819,0.11819,499.0,2
2026-01-01 03:24:00,1767237840000,1767237899999,DOGE,1m,0.11819,0.11819,0.11819,0.11819,515.0,2
2026-01-01 03:25:00,1767237900000,1767237959999,DOGE,1m,0.1183,0.1183,0.1183,0.1183,500.0,1
2026-01-01 03:26:00,1767237960000,1767238019999,DOGE,1m,0.11832,0.11831,0.11832,0.11831,1133.0,3
2026-01-01 03:27:00,1767238020000,1767238079999,DOGE,1m,0.11833,0.11833,0.11833,0.11833,167.0,1
2026-01-01 03:28:00,1767238080000,1767238139999,DOGE,1m,0.11843,0.11843,0.11843,0.11842,973.0,4
2026-01-01 03:29:00,1767238140000,1767238199999,DOGE,1m,0.11849,0.11849,0.11849,0.11849,351.0,1
2026-01-01 03:30:00,1767238200000,1767238259999,DOGE,1m,0.11842,0.11842,0.11842,0.11842,20747.0,2
2026-01-01 03:31:00,1767238260000,1767238319999,DOGE,1m,0.11843,0.11832,0.11843,0.11832,954.0,3
2026-01-01 03:32:00,1767238320000,1767238379999,DOGE,1m,0.11838,0.11838,0.11838,0.11838,148.0,1
2026-01-01 03:33:00,1767238380000,1767238439999,DOGE,1m,0.11844,0.11844,0.11844,0.11844,134.0,1
2026-01-01 03:34:00,1767238440000,1767238499999,DOGE,1m,0.11845,0.11848,0.11848,0.11845,890.0,3
2026-01-01 03:35:00,1767238500000,1767238559999,DOGE,1m,0.11849,0.11848,0.11849,0.11848,1011.0,5
2026-01-01 03:36:00,1767238560000,1767238619999,DOGE,1m,0.11853,0.11853,0.11853,0.11853,168.0,1
2026-01-01 03:37:00,1767238620000,1767238679999,DOGE,1m,0.11854,0.11856,0.11856,0.11854,649.0,3
2026-01-01 03:38:00,1767238680000,1767238739999,DOGE,1m,0.1186,0.11859,0.11863,0.11857,100996.0,8
2026-01-01 03:39:00,1767238740000,1767238799999,DOGE,1m,0.11853,0.11851,0.11853,0.11851,296.0,2
2026-01-01 03:40:00,1767238800000,1767238859999,DOGE,1m,0.11851,0.11851,0.11851,0.11851,0.0,0
2026-01-01 03:41:00,1767238860000,1767238919999,DOGE,1m,0.11853,0.11854,0.11854,0.11853,538.0,4
2026-01-01 03:42:00,1767238920000,1767238979999,DOGE,1m,0.11851,0.11851,0.11851,0.11851,291.0,2
2026-01-01 03:43:00,1767238980000,1767239039999,DOGE,1m,0.11848,0.11848,0.11848,0.11848,143.0,1
2026-01-01 03:44:00,1767239040000,1767239099999,DOGE,1m,0.11852,0.11853,0.11853,0.11852,301.0,2
2026-01-01 03:45:00,1767239100000,1767239159999,DOGE,1m,0.11845,0.11845,0.11845,0.11845,306.0,1
2026-01-01 03:46:00,1767239160000,1767239219999,DOGE,1m,0.11844,0.11848,0.11848,0.1184,146160.0,7
2026-01-01 03:47:00,1767239220000,1767239279999,DOGE,1m,0.11848,0.11848,0.11848,0.11848,0.0,0
2026-01-01 03:48:00,1767239280000,1767239339999,DOGE,1m,0.11849,0.11849,0.11849,0.11849,12659.0,2
2026-01-01 03:49:00,1767239340000,1767239399999,DOGE,1m,0.11842,0.1184,0.11842,0.1184,2680.0,4
2026-01-01 03:50:00,1767239400000,1767239459999,DOGE,1m,0.11838,0.11838,0.11838,0.11838,8440.0,1
2026-01-01 03:51:00,1767239460000,1767239519999,DOGE,1m,0.11826,0.11826,0.11826,0.11826,45552.0,6
2026-01-01 03:52:00,1767239520000,1767239579999,DOGE,1m,0.11826,0.11826,0.11826,0.11826,0.0,0
2026-01-01 03:53:00,1767239580000,1767239639999,DOGE,1m,0.11823,0.11823,0.11823,0.11823,263.0,2
2026-01-01 03:54:00,1767239640000,1767239699999,DOGE,1m,0.11822,0.11822,0.11822,0.11822,158.0,1
2026-01-01 03:55:00,1767239700000,1767239759999,DOGE,1m,0.11823,0.11825,0.11825,0.11823,726.0,5
2026-01-01 03:56:00,1767239760000,1767239819999,DOGE,1m,0.11825,0.11824,0.11825,0.11824,6944.0,2
2026-01-01 03:57:00,1767239820000,1767239879999,DOGE,1m,0.1182,0.1182,0.1182,0.1182,167.0,1
2026-01-01 03:58:00,1767239880000,1767239939999,DOGE,1m,0.11817,0.11817,0.11817,0.11817,374.0,1
2026-01-01 03:59:00,1767239940000,1767239999999,DOGE,1m,0.11818,0.11818,0.11818,0.11818,150.0,1
2026-01-01 04:00:00,1767240000000,1767240059999,DOGE,1m,0.11825,0.11822,0.11825,0.11819,76377.0,11
2026-01-01 04:01:00,1767240060000,1767240119999,DOGE,1m,0.11827,0.11827,0.11836,0.11827,3721.0,6
2026-01-01 04:02:00,1767240120000,1767240179999,DOGE,1m,0.11828,0.11828,0.11828,0.11828,4.0,1
2026-01-01 04:03:00,1767240180000,1767240239999,DOGE,1m,0.11828,0.11828,0.11828,0.11828,0.0,0
2026-01-01 04:04:00,1767240240000,1767240299999,DOGE,1m,0.11823,0.11823,0.11823,0.11823,125.0,1
2026-01-01 04:05:00,1767240300000,1767240359999,DOGE,1m,0.1183,0.11829,0.1183,0.11829,476.0,3
2026-01-01 04:06:00,1767240360000,1767240419999,DOGE,1m,0.11829,0.11829,0.11829,0.11829,0.0,0
2026-01-01 04:07:00,1767240420000,1767240479999,DOGE,1m,0.11829,0.11817,0.11829,0.11817,3009.0,3
2026-01-01 04:08:00,1767240480000,1767240539999,DOGE,1m,0.11816,0.11808,0.11816,0.11804,110861.0,15
2026-01-01 04:09:00,1767240540000,1767240599999,DOGE,1m,0.1181,0.1181,0.1181,0.1181,412.0,1
2026-01-01 04:10:00,1767240600000,1767240659999,DOGE,1m,0.11811,0.11811,0.11811,0.11811,690.0,1
2026-01-01 04:11:00,1767240660000,1767240719999,DOGE,1m,0.11814,0.11814,0.11814,0.11814,6435.0,1
2026-01-01 04:12:00,1767240720000,1767240779999,DOGE,1m,0.11815,0.1182,0.1182,0.11815,50129.0,5
2026-01-01 04:13:00,1767240780000,1767240839999,DOGE,1m,0.11821,0.11821,0.11821,0.11821,134.0,1
2026-01-01 04:14:00,1767240840000,1767240899999,DOGE,1m,0.11824,0.11824,0.11824,0.11824,889.0,1
2026-01-01 04:15:00,1767240900000,1767240959999,DOGE,1m,0.11822,0.11821,0.11822,0.11821,31932.0,6
2026-01-01 04:16:00,1767240960000,1767241019999,DOGE,1m,0.11821,0.11821,0.11821,0.11821,165.0,1
2026-01-01 04:17:00,1767241020000,1767241079999,DOGE,1m,0.11821,0.11821,0.11821,0.11821,0.0,0
2026-01-01 04:18:00,1767241080000,1767241139999,DOGE,1m,0.11824,0.11824,0.11824,0.11824,150.0,1
2026-01-01 04:19:00,1767241140000,1767241199999,DOGE,1m,0.11822,0.11819,0.11822,0.11819,15768.0,5
2026-01-01 04:20:00,1767241200000,1767241259999,DOGE,1m,0.11819,0.11819,0.11819,0.11819,592.0,1
2026-01-01 04:21:00,1767241260000,1767241319999,DOGE,1m,0.11821,0.11821,0.11821,0.11821,592.0,1
2026-01-01 04:22:00,1767241320000,1767241379999,DOGE,1m,0.11819,0.11823,0.11823,0.11819,5082.0,3
2026-01-01 04:23:00,1767241380000,1767241439999,DOGE,1m,0.11823,0.11823,0.11823,0.11823,117.0,1
2026-01-01 04:24:00,1767241440000,1767241499999,DOGE,1m,0.1182,0.11819,0.1182,0.11819,327.0,2
2026-01-01 04:25:00,1767241500000,1767241559999,DOGE,1m,0.11819,0.11819,0.11819,0.11819,274.0,2
2026-01-01 04:26:00,1767241560000,1767241619999,DOGE,1m,0.11816,0.11816,0.11816,0.11816,348.0,1
2026-01-01 04:27:00,1767241620000,1767241679999,DOGE,1m,0.11819,0.11818,0.11819,0.11818,381.0,2
2026-01-01 04:28:00,1767241680000,1767241739999,DOGE,1m,0.11818,0.11818,0.11818,0.11818,716.0,1
2026-01-01 04:29:00,1767241740000,1767241799999,DOGE,1m,0.11818,0.11817,0.11819,0.11817,1457.0,4
2026-01-01 04:30:00,1767241800000,1767241859999,DOGE,1m,0.11819,0.11819,0.11819,0.11819,153.0,1
2026-01-01 04:31:00,1767241860000,1767241919999,DOGE,1m,0.11819,0.11819,0.11819,0.11819,0.0,0
2026-01-01 04:32:00,1767241920000,1767241979999,DOGE,1m,0.1182,0.11819,0.1182,0.11819,834.0,3
2026-01-01 04:33:00,1767241980000,1767242039999,DOGE,1m,0.11818,0.11818,0.11818,0.11817,612.0,3
2026-01-01 04:34:00,1767242040000,1767242099999,DOGE,1m,0.11809,0.11809,0.11809,0.11809,142.0,1
2026-01-01 04:35:00,1767242100000,1767242159999,DOGE,1m,0.11809,0.11809,0.11809,0.11809,0.0,0
2026-01-01 04:36:00,1767242160000,1767242219999,DOGE,1m,0.1181,0.11811,0.11811,0.11807,407.0,3
2026-01-01 04:37:00,1767242220000,1767242279999,DOGE,1m,0.11809,0.1181,0.1181,0.11809,291.0,2
2026-01-01 04:38:00,1767242280000,1767242339999,DOGE,1m,0.1181,0.1181,0.1181,0.1181,216.0,2
2026-01-01 04:39:00,1767242340000,1767242399999,DOGE,1m,0.11808,0.11808,0.11808,0.11808,246.0,1
2026-01-01 04:40:00,1767242400000,1767242459999,DOGE,1m,0.11807,0.11807,0.11807,0.11807,255.0,1
2026-01-01 04:41:00,1767242460000,1767242519999,DOGE,1m,0.11807,0.11807,0.11807,0.11807,0.0,0
2026-01-01 04:42:00,1767242520000,1767242579999,DOGE,1m,0.1181,0.11807,0.11812,0.11807,709.0,3
2026-01-01 04:43:00,1767242580000,1767242639999,DOGE,1m,0.11807,0.11807,0.11807,0.11807,907.0,2
2026-01-01 04:44:00,1767242640000,1767242699999,DOGE,1m,0.1179,0.1179,0.1179,0.1179,500.0,1
2026-01-01 04:45:00,1767242700000,1767242759999,DOGE,1m,0.11798,0.11798,0.11798,0.11798,156.0,1
2026-01-01 04:46:00,1767242760000,1767242819999,DOGE,1m,0.11803,0.11805,0.11805,0.11803,254.0,2
2026-01-01 04:47:00,1767242820000,1767242879999,DOGE,1m,0.11804,0.11806,0.11806,0.11804,15486.0,3
2026-01-01 04:48:00,1767242880000,1767242939999,DOGE,1m,0.11808,0.11804,0.11808,0.11804,870.0,3
2026-01-01 04:49:00,1767242940000,1767242999999,DOGE,1m,0.11801,0.11802,0.11802,0.11801,227.0,2
2026-01-01 04:50:00,1767243000000,1767243059999,DOGE,1m,0.11801,0.11801,0.11801,0.11801,20107.0,3
2026-01-01 04:51:00,1767243060000,1767243119999,DOGE,1m,0.11795,0.11795,0.11795,0.11795,158.0,1
2026-01-01 04:52:00,1767243120000,1767243179999,DOGE,1m,0.11794,0.11794,0.11794,0.11794,1331.0,1
2026-01-01 04:53:00,1767243180000,1767243239999,DOGE,1m,0.11795,0.11797,0.11797,0.11795,3133.0,3
2026-01-01 04:54:00,1767243240000,1767243299999,DOGE,1m,0.11795,0.11795,0.11795,0.11795,254.0,1
2026-01-01 04:55:00,1767243300000,1767243359999,DOGE,1m,0.11798,0.11798,0.11798,0.11798,260.0,2
2026-01-01 04:56:00,1767243360000,1767243419999,DOGE,1m,0.11794,0.11794,0.11794,0.11794,134.0,1
2026-01-01 04:57:00,1767243420000,1767243479999,DOGE,1m,0.11793,0.11793,0.11793,0.11793,129.0,1
2026-01-01 04:58:00,1767243480000,1767243539999,DOGE,1m,0.11794,0.11794,0.11794,0.11794,212.0,1
2026-01-01 04:59:00,1767243540000,1767243599999,DOGE,1m,0.11794,0.11794,0.11794,0.11794,467.0,2
2026-01-01 05:00:00,1767243600000,1767243659999,DOGE,1m,0.11796,0.11799,0.11799,0.11795,66379.0,5
2026-01-01 05:01:00,1767243660000,1767243719999,DOGE,1m,0.11799,0.11799,0.11799,0.11799,0.0,0
2026-01-01 05:02:00,1767243720000,1767243779999,DOGE,1m,0.11797,0.11802,0.11802,0.11797,588.0,3
2026-01-01 05:03:00,1767243780000,1767243839999,DOGE,1m,0.11802,0.11802,0.11802,0.11802,266.0,1
2026-01-01 05:04:00,1767243840000,1767243899999,DOGE,1m,0.11806,0.11806,0.11806,0.11806,86.0,1
2026-01-01 05:05:00,1767243900000,1767243959999,DOGE,1m,0.11813,0.11813,0.11813,0.11813,890.0,1
2026-01-01 05:06:00,1767243960000,1767244019999,DOGE,1m,0.1183,0.11828,0.1183,0.11828,25602.0,4
2026-01-01 05:07:00,1767244020000,1767244079999,DOGE,1m,0.11832,0.11836,0.11837,0.11832,11919.0,4
2026-01-01 05:08:00,1767244080000,1767244139999,DOGE,1m,0.11839,0.11838,0.11841,0.11838,4345.0,3
2026-01-01 05:09:00,1767244140000,1767244199999,DOGE,1m,0.11839,0.11839,0.11839,0.11839,591.0,1
2026-01-01 05:10:00,1767244200000,1767244259999,DOGE,1m,0.11839,0.11839,0.11839,0.11839,204.0,1
2026-01-01 05:11:00,1767244260000,1767244319999,DOGE,1m,0.11837,0.11837,0.11837,0.11837,408.0,2
2026-01-01 05:12:00,1767244320000,1767244379999,DOGE,1m,0.11838,0.11836,0.11838,0.11836,844.0,6
2026-01-01 05:13:00,1767244380000,1767244439999,DOGE,1m,0.11835,0.11834,0.11835,0.11834,10010.0,7
2026-01-01 05:14:00,1767244440000,1767244499999,DOGE,1m,0.11835,0.11834,0.11835,0.11834,468.0,2
2026-01-01 05:15:00,1767244500000,1767244559999,DOGE,1m,0.11834,0.11834,0.11834,0.11834,0.0,0
2026-01-01 05:16:00,1767244560000,1767244619999,DOGE,1m,0.11847,0.11851,0.11851,0.11846,100636.0,12
2026-01-01 05:17:00,1767244620000,1767244679999,DOGE,1m,0.11841,0.11839,0.11841,0.11839,289.0,2
2026-01-01 05:18:00,1767244680000,1767244739999,DOGE,1m,0.11839,0.11839,0.11839,0.11839,0.0,0
2026-01-01 05:19:00,1767244740000,1767244799999,DOGE,1m,0.11844,0.11844,0.11844,0.11844,141.0,1
2026-01-01 05:20:00,1767244800000,1767244859999,DOGE,1m,0.11845,0.11845,0.11845,0.11845,141.0,1
2026-01-01 05:21:00,1767244860000,1767244919999,DOGE,1m,0.11848,0.11848,0.11848,0.11848,436.0,2
2026-01-01 05:22:00,1767244920000,1767244979999,DOGE,1m,0.11848,0.11848,0.11848,0.11848,0.0,0
2026-01-01 05:23:00,1767244980000,1767245039999,DOGE,1m,0.11841,0.11842,0.11842,0.11841,1305.0,2
2026-01-01 05:24:00,1767245040000,1767245099999,DOGE,1m,0.11843,0.11843,0.11843,0.11843,9592.0,2
2026-01-01 05:25:00,1767245100000,1767245159999,DOGE,1m,0.11844,0.11848,0.11848,0.11844,452.0,2
2026-01-01 05:26:00,1767245160000,1767245219999,DOGE,1m,0.11843,0.11843,0.11843,0.11843,169.0,1
2026-01-01 05:27:00,1767245220000,1767245279999,DOGE,1m,0.11849,0.11849,0.11849,0.11849,925.0,2
2026-01-01 05:28:00,1767245280000,1767245339999,DOGE,1m,0.1185,0.11851,0.11851,0.1185,220.0,2
2026-01-01 05:29:00,1767245340000,1767245399999,DOGE,1m,0.11843,0.11843,0.11843,0.11843,436.0,2
2026-01-01 05:30:00,1767245400000,1767245459999,DOGE,1m,0.1184,0.11839,0.1184,0.11839,27863.0,7
2026-01-01 05:31:00,1767245460000,1767245519999,DOGE,1m,0.11839,0.11839,0.11839,0.11839,0.0,0
2026-01-01 05:32:00,1767245520000,1767245579999,DOGE,1m,0.11855,0.1186,0.11864,0.11855,9758.0,5
2026-01-01 05:33:00,1767245580000,1767245639999,DOGE,1m,0.11861,0.11863,0.11863,0.11861,557973.0,12
2026-01-01 05:34:00,1767245640000,1767245699999,DOGE,1m,0.11858,0.11858,0.11858,0.11858,18514.0,1
2026-01-01 05:35:00,1767245700000,1767245759999,DOGE,1m,0.1186,0.11858,0.1186,0.11858,3981.0,2
2026-01-01 05:36:00,1767245760000,1767245819999,DOGE,1m,0.11855,0.11847,0.11855,0.11847,56739.0,9
2026-01-01 05:37:00,1767245820000,1767245879999,DOGE,1m,0.11846,0.11846,0.11846,0.11846,885.0,1
2026-01-01 05:38:00,1767245880000,1767245939999,DOGE,1m,0.11849,0.11849,0.11849,0.11849,114.0,1
2026-01-01 05:39:00,1767245940000,1767245999999,DOGE,1m,0.11846,0.11846,0.11846,0.11846,162.0,1
2026-01-01 05:40:00,1767246000000,1767246059999,DOGE,1m,0.11846,0.11846,0.11846,0.11846,87.0,1
2026-01-01 05:41:00,1767246060000,1767246119999,DOGE,1m,0.11848,0.11851,0.11851,0.11848,2126.0,5
2026-01-01 05:42:00,1767246120000,1767246179999,DOGE,1m,0.1185,0.1185,0.1185,0.1185,565.0,2
2026-01-01 05:43:00,1767246180000,1767246239999,DOGE,1m,0.1185,0.1185,0.1185,0.1185,0.0,0
2026-01-01 05:44:00,1767246240000,1767246299999,DOGE,1m,0.1185,0.11849,0.1185,0.11849,1799.0,2
2026-01-01 05:45:00,1767246300000,1767246359999,DOGE,1m,0.11849,0.11849,0.11849,0.11849,167.0,1
2026-01-01 05:46:00,1767246360000,1767246419999,DOGE,1m,0.11849,0.11847,0.11849,0.11847,1947.0,2
2026-01-01 05:47:00,1767246420000,1767246479999,DOGE,1m,0.11845,0.11845,0.11845,0.11845,222.0,1
2026-01-01 05:48:00,1767246480000,1767246539999,DOGE,1m,0.11845,0.11845,0.11845,0.11845,168.0,1
2026-01-01 05:49:00,1767246540000,1767246599999,DOGE,1m,0.1185,0.1185,0.1185,0.1185,165.0,1
2026-01-01 05:50:00,1767246600000,1767246659999,DOGE,1m,0.11852,0.11852,0.11852,0.11852,338.0,1
2026-01-01 05:51:00,1767246660000,1767246719999,DOGE,1m,0.11848,0.11848,0.11848,0.11848,1896.0,1
2026-01-01 05:52:00,1767246720000,1767246779999,DOGE,1m,0.11845,0.11843,0.11845,0.11843,294.0,2
2026-01-01 05:53:00,1767246780000,1767246839999,DOGE,1m,0.11846,0.11846,0.11846,0.11846,114.0,1
2026-01-01 05:54:00,1767246840000,1767246899999,DOGE,1m,0.11848,0.11851,0.11851,0.11848,859.0,4
2026-01-01 05:55:00,1767246900000,1767246959999,DOGE,1m,0.11851,0.11846,0.11851,0.11845,81023.0,6
2026-01-01 05:56:00,1767246960000,1767247019999,DOGE,1m,0.11846,0.11846,0.11846,0.11846,0.0,0
2026-01-01 05:57:00,1767247020000,1767247079999,DOGE,1m,0.11847,0.11847,0.11847,0.11847,298.0,2
2026-01-01 05:58:00,1767247080000,1767247139999,DOGE,1m,0.11848,0.11846,0.11848,0.11846,2919.0,3
2026-01-01 05:59:00,1767247140000,1767247199999,DOGE,1m,0.11847,0.11848,0.11848,0.11847,2334.0,3
2026-01-01 06:00:00,1767247200000,1767247259999,DOGE,1m,0.11848,0.11851,0.11851,0.11848,1915.0,4
2026-01-01 06:01:00,1767247260000,1767247319999,DOGE,1m,0.11851,0.11855,0.11855,0.11851,759.0,2
2026-01-01 06:02:00,1767247320000,1767247379999,DOGE,1m,0.11849,0.11849,0.11849,0.11849,9881.0,3
2026-01-01 06:03:00,1767247380000,1767247439999,DOGE,1m,0.11856,0.11856,0.11856,0.11856,127.0,1
2026-01-01 06:04:00,1767247440000,1767247499999,DOGE,1m,0.11857,0.11857,0.11857,0.11857,418.0,2
2026-01-01 06:05:00,1767247500000,1767247559999,DOGE,1m,0.11857,0.11857,0.11857,0.11857,0.0,0
2026-01-01 06:06:00,1767247560000,1767247619999,DOGE,1m,0.11852,0.11852,0.11852,0.11852,388.0,2
2026-01-01 06:07:00,1767247620000,1767247679999,DOGE,1m,0.11851,0.11851,0.11851,0.11851,159.0,1
2026-01-01 06:08:00,1767247680000,1767247739999,DOGE,1m,0.11849,0.11849,0.11849,0.11846,100253.0,10
2026-01-01 06:09:00,1767247740000,1767247799999,DOGE,1m,0.11842,0.11841,0.11842,0.11841,11656.0,4
2026-01-01 06:10:00,1767247800000,1767247859999,DOGE,1m,0.11839,0.11838,0.11839,0.11837,504.0,3
2026-01-01 06:11:00,1767247860000,1767247919999,DOGE,1m,0.1184,0.1184,0.1184,0.1184,1019.0,1
2026-01-01 06:12:00,1767247920000,1767247979999,DOGE,1m,0.11841,0.11841,0.11841,0.11841,259.0,1
2026-01-01 06:13:00,1767247980000,1767248039999,DOGE,1m,0.11844,0.11844,0.11844,0.11844,190.0,1
2026-01-01 06:14:00,1767248040000,1767248099999,DOGE,1m,0.11852,0.11852,0.11852,0.11852,153.0,1
2026-01-01 06:15:00,1767248100000,1767248159999,DOGE,1m,0.11852,0.11852,0.11852,0.11852,166.0,1
2026-01-01 06:16:00,1767248160000,1767248219999,DOGE,1m,0.11852,0.1185,0.11852,0.1185,17504.0,4
2026-01-01 06:17:00,1767248220000,1767248279999,DOGE,1m,0.11855,0.11847,0.11855,0.11847,3693.0,2
2026-01-01 06:18:00,1767248280000,1767248339999,DOGE,1m,0.11847,0.11849,0.11849,0.11847,4057.0,2
2026-01-01 06:19:00,1767248340000,1767248399999,DOGE,1m,0.11849,0.1185,0.11851,0.11849,17683.0,5
2026-01-01 06:20:00,1767248400000,1767248459999,DOGE,1m,0.1185,0.11849,0.1185,0.11849,683.0,3
2026-01-01 06:21:00,1767248460000,1767248519999,DOGE,1m,0.11851,0.11851,0.11851,0.11851,833.0,3
2026-01-01 06:22:00,1767248520000,1767248579999,DOGE,1m,0.11851,0.11851,0.11851,0.11851,0.0,0
2026-01-01 06:23:00,1767248580000,1767248639999,DOGE,1m,0.11847,0.11845,0.11847,0.11845,618.0,4
2026-01-01 06:24:00,1767248640000,1767248699999,DOGE,1m,0.11843,0.11845,0.11845,0.11843,108.0,2
2026-01-01 06:25:00,1767248700000,1767248759999,DOGE,1m,0.11846,0.11844,0.11846,0.11844,799.0,2
2026-01-01 06:26:00,1767248760000,1767248819999,DOGE,1m,0.11844,0.11845,0.11845,0.11844,2928.0,2
2026-01-01 06:27:00,1767248820000,1767248879999,DOGE,1m,0.1184,0.11839,0.1184,0.11839,454.0,2
2026-01-01 06:28:00,1767248880000,1767248939999,DOGE,1m,0.11839,0.11839,0.11839,0.11839,0.0,0
2026-01-01 06:29:00,1767248940000,1767248999999,DOGE,1m,0.11838,0.11838,0.11838,0.11836,412.0,3
2026-01-01 06:30:00,1767249000000,1767249059999,DOGE,1m,0.11834,0.11834,0.11834,0.11834,410.0,1
2026-01-01 06:31:00,1767249060000,1767249119999,DOGE,1m,0.11834,0.11834,0.11834,0.11834,0.0,0
2026-01-01 06:32:00,1767249120000,1767249179999,DOGE,1m,0.11829,0.11829,0.11829,0.11829,234.0,1
2026-01-01 06:33:00,1767249180000,1767249239999,DOGE,1m,0.11832,0.11832,0.11832,0.11831,377.0,3
2026-01-01 06:34:00,1767249240000,1767249299999,DOGE,1m,0.11832,0.11835,0.11835,0.11832,26545.0,4
2026-01-01 06:35:00,1767249300000,1767249359999,DOGE,1m,0.11836,0.11834,0.11836,0.11834,1004.0,2
2026-01-01 06:36:00,1767249360000,1767249419999,DOGE,1m,0.11831,0.11831,0.11831,0.11831,302.0,1
2026-01-01 06:37:00,1767249420000,1767249479999,DOGE,1m,0.11829,0.11828,0.11829,0.11828,4750.0,2
2026-01-01 06:38:00,1767249480000,1767249539999,DOGE,1m,0.11829,0.11829,0.11829,0.11829,116.0,1
2026-01-01 06:39:00,1767249540000,1767249599999,DOGE,1m,0.11829,0.11829,0.11829,0.11829,163.0,1
2026-01-01 06:40:00,1767249600000,1767249659999,DOGE,1m,0.11829,0.11828,0.11829,0.11828,334.0,2
2026-01-01 06:41:00,1767249660000,1767249719999,DOGE,1m,0.11829,0.11829,0.11829,0.11829,317.0,1
2026-01-01 06:42:00,1767249720000,1767249779999,DOGE,1m,0.1183,0.1183,0.1183,0.1183,133.0,1
2026-01-01 06:43:00,1767249780000,1767249839999,DOGE,1m,0.11833,0.11834,0.11834,0.11833,320.0,2
2026-01-01 06:44:00,1767249840000,1767249899999,DOGE,1m,0.1183,0.1183,0.1183,0.1183,690.0,2
2026-01-01 06:45:00,1767249900000,1767249959999,DOGE,1m,0.11833,0.11833,0.11833,0.11832,815.0,4
2026-01-01 06:46:00,1767249960000,1767250019999,DOGE,1m,0.11833,0.11833,0.11833,0.11833,160.0,1
2026-01-01 06:47:00,1767250020000,1767250079999,DOGE,1m,0.11828,0.11828,0.11828,0.11828,426.0,1
2026-01-01 06:48:00,1767250080000,1767250139999,DOGE,1m,0.11827,0.11827,0.11827,0.11827,132.0,1
2026-01-01 06:49:00,1767250140000,1767250199999,DOGE,1m,0.1183,0.11829,0.1183,0.11829,2977.0,2
2026-01-01 06:50:00,1767250200000,1767250259999,DOGE,1m,0.11831,0.11836,0.11836,0.11829,504.0,3
2026-01-01 06:51:00,1767250260000,1767250319999,DOGE,1m,0.11836,0.11835,0.11836,0.11835,362.0,2
2026-01-01 06:52:00,1767250320000,1767250379999,DOGE,1m,0.11836,0.11835,0.11836,0.11835,306.0,2
2026-01-01 06:53:00,1767250380000,1767250439999,DOGE,1m,0.11833,0.11834,0.11834,0.11833,562.0,4
2026-01-01 06:54:00,1767250440000,1767250499999,DOGE,1m,0.11834,0.11834,0.11834,0.11834,149.0,1
2026-01-01 06:55:00,1767250500000,1767250559999,DOGE,1m,0.11838,0.11838,0.11838,0.11838,747.0,3
2026-01-01 06:56:00,1767250560000,1767250619999,DOGE,1m,0.1184,0.1184,0.1184,0.1184,131.0,1
2026-01-01 06:57:00,1767250620000,1767250679999,DOGE,1m,0.1184,0.11839,0.1184,0.11839,572.0,3
2026-01-01 06:58:00,1767250680000,1767250739999,DOGE,1m,0.11833,0.11833,0.11833,0.11833,177.0,1
2026-01-01 06:59:00,1767250740000,1767250799999,DOGE,1m,0.11838,0.11838,0.11838,0.11838,214.0,1
2026-01-01 07:00:00,1767250800000,1767250859999,DOGE,1m,0.11839,0.11851,0.11851,0.11839,9301.0,4
2026-01-01 07:01:00,1767250860000,1767250919999,DOGE,1m,0.11853,0.11853,0.11853,0.11853,165.0,1
2026-01-01 07:02:00,1767250920000,1767250979999,DOGE,1m,0.11856,0.11856,0.11856,0.11856,136.0,1
2026-01-01 07:03:00,1767250980000,1767251039999,DOGE,1m,0.11856,0.11856,0.11856,0.11856,768.0,1
2026-01-01 07:04:00,1767251040000,1767251099999,DOGE,1m,0.11857,0.11858,0.11858,0.11857,652.0,3
2026-01-01 07:05:00,1767251100000,1767251159999,DOGE,1m,0.11858,0.11855,0.11858,0.11855,743.0,2
2026-01-01 07:06:00,1767251160000,1767251219999,DOGE,1m,0.11855,0.11856,0.11856,0.11855,347.0,2
2026-01-01 07:07:00,1767251220000,1767251279999,DOGE,1m,0.11855,0.11854,0.11855,0.11854,6660.0,2
2026-01-01 07:08:00,1767251280000,1767251339999,DOGE,1m,0.11855,0.11858,0.11858,0.11855,5880.0,4
2026-01-01 07:09:00,1767251340000,1767251399999,DOGE,1m,0.11855,0.11854,0.11856,0.11854,2944.0,3
2026-01-01 07:10:00,1767251400000,1767251459999,DOGE,1m,0.11853,0.11853,0.11854,0.11853,14133.0,4
2026-01-01 07:11:00,1767251460000,1767251519999,DOGE,1m,0.11852,0.11847,0.11852,0.11847,6154.0,2
2026-01-01 07:12:00,1767251520000,1767251579999,DOGE,1m,0.11847,0.11847,0.11847,0.11847,0.0,0
2026-01-01 07:13:00,1767251580000,1767251639999,DOGE,1m,0.11846,0.11846,0.11846,0.11846,490.0,2
2026-01-01 07:14:00,1767251640000,1767251699999,DOGE,1m,0.11845,0.11848,0.11848,0.11845,8127.0,4
2026-01-01 07:15:00,1767251700000,1767251759999,DOGE,1m,0.11852,0.11852,0.11852,0.11852,579.0,1
2026-01-01 07:16:00,1767251760000,1767251819999,DOGE,1m,0.11851,0.11851,0.11851,0.11851,773.0,1
2026-01-01 07:17:00,1767251820000,1767251879999,DOGE,1m,0.11853,0.11853,0.11853,0.11853,133.0,1
2026-01-01 07:18:00,1767251880000,1767251939999,DOGE,1m,0.11848,0.11845,0.11848,0.11845,1482.0,3
2026-01-01 07:19:00,1767251940000,1767251999999,DOGE,1m,0.11845,0.11845,0.11845,0.11845,772.0,1
2026-01-01 07:20:00,1767252000000,1767252059999,DOGE,1m,0.11841,0.1184,0.11841,0.1184,411.0,2
2026-01-01 07:21:00,1767252060000,1767252119999,DOGE,1m,0.1184,0.1184,0.1184,0.1184,37016.0,2
2026-01-01 07:22:00,1767252120000,1767252179999,DOGE,1m,0.11838,0.11838,0.11838,0.11838,150.0,1
2026-01-01 07:23:00,1767252180000,1767252239999,DOGE,1m,0.1184,0.1184,0.1184,0.1184,4969.0,1
2026-01-01 07:24:00,1767252240000,1767252299999,DOGE,1m,0.1184,0.1184,0.1184,0.1184,154.0,1
2026-01-01 07:25:00,1767252300000,1767252359999,DOGE,1m,0.1184,0.11841,0.11841,0.1184,522.0,2
2026-01-01 07:26:00,1767252360000,1767252419999,DOGE,1m,0.11837,0.11837,0.11837,0.11837,221.0,1
2026-01-01 07:27:00,1767252420000,1767252479999,DOGE,1m,0.11837,0.11837,0.11837,0.11837,279.0,2
2026-01-01 07:28:00,1767252480000,1767252539999,DOGE,1m,0.11837,0.11837,0.11837,0.11837,238.0,1
2026-01-01 07:29:00,1767252540000,1767252599999,DOGE,1m,0.11835,0.11836,0.11836,0.11835,301.0,2
2026-01-01 07:30:00,1767252600000,1767252659999,DOGE,1m,0.11837,0.11836,0.11837,0.11836,768.0,2
2026-01-01 07:31:00,1767252660000,1767252719999,DOGE,1m,0.11841,0.11841,0.11841,0.11841,1603.0,1
2026-01-01 07:32:00,1767252720000,1767252779999,DOGE,1m,0.11855,0.11855,0.11855,0.11855,242.0,1
2026-01-01 07:33:00,1767252780000,1767252839999,DOGE,1m,0.11854,0.11854,0.11854,0.11854,761.0,1
2026-01-01 07:34:00,1767252840000,1767252899999,DOGE,1m,0.11847,0.11847,0.11847,0.11847,135.0,1
2026-01-01 07:35:00,1767252900000,1767252959999,DOGE,1m,0.11852,0.11852,0.11852,0.11851,771.0,4
2026-01-01 07:36:00,1767252960000,1767253019999,DOGE,1m,0.1185,0.1185,0.1185,0.1185,133.0,1
2026-01-01 07:37:00,1767253020000,1767253079999,DOGE,1m,0.11849,0.11852,0.11852,0.11849,939.0,4
2026-01-01 07:38:00,1767253080000,1767253139999,DOGE,1m,0.11859,0.11859,0.11859,0.11859,114.0,1
2026-01-01 07:39:00,1767253140000,1767253199999,DOGE,1m,0.11857,0.11858,0.11858,0.11857,296.0,2
2026-01-01 07:40:00,1767253200000,1767253259999,DOGE,1m,0.11855,0.11855,0.11855,0.11855,319.0,2
2026-01-01 07:41:00,1767253260000,1767253319999,DOGE,1m,0.11858,0.11858,0.11858,0.11858,334.0,1
2026-01-01 07:42:00,1767253320000,1767253379999,DOGE,1m,0.11856,0.11856,0.11856,0.11856,127.0,1
2026-01-01 07:43:00,1767253380000,1767253439999,DOGE,1m,0.11856,0.11857,0.11857,0.11856,654.0,3
2026-01-01 07:44:00,1767253440000,1767253499999,DOGE,1m,0.11853,0.11853,0.11853,0.11853,538.0,1
2026-01-01 07:45:00,1767253500000,1767253559999,DOGE,1m,0.11842,0.11845,0.11845,0.11842,1754.0,3
2026-01-01 07:46:00,1767253560000,1767253619999,DOGE,1m,0.11848,0.11848,0.11848,0.11848,772.0,1
2026-01-01 07:47:00,1767253620000,1767253679999,DOGE,1m,0.11852,0.11851,0.11852,0.11851,1735.0,2
2026-01-01 07:48:00,1767253680000,1767253739999,DOGE,1m,0.11851,0.11851,0.11851,0.11851,0.0,0
2026-01-01 07:49:00,1767253740000,1767253799999,DOGE,1m,0.11843,0.11848,0.11848,0.11843,478.0,3
2026-01-01 07:50:00,1767253800000,1767253859999,DOGE,1m,0.11849,0.11849,0.11849,0.11849,153.0,1
2026-01-01 07:51:00,1767253860000,1767253919999,DOGE,1m,0.11849,0.11849,0.11849,0.11849,0.0,0
2026-01-01 07:52:00,1767253920000,1767253979999,DOGE,1m,0.11846,0.11845,0.11846,0.11845,289.0,2
2026-01-01 07:53:00,1767253980000,1767254039999,DOGE,1m,0.11848,0.1185,0.1185,0.11848,310.0,2
2026-01-01 07:54:00,1767254040000,1767254099999,DOGE,1m,0.11853,0.11853,0.11853,0.11853,387.0,1
2026-01-01 07:55:00,1767254100000,1767254159999,DOGE,1m,0.1185,0.11841,0.11852,0.11841,539.0,3
2026-01-01 07:56:00,1767254160000,1767254219999,DOGE,1m,0.11842,0.11842,0.11842,0.11842,159.0,1
2026-01-01 07:57:00,1767254220000,1767254279999,DOGE,1m,0.1184,0.11842,0.11842,0.1184,738.0,5
2026-01-01 07:58:00,1767254280000,1767254339999,DOGE,1m,0.11845,0.11844,0.11845,0.11844,313.0,2
2026-01-01 07:59:00,1767254340000,1767254399999,DOGE,1m,0.11842,0.11842,0.11842,0.1184,917.0,3
2026-01-01 08:00:00,1767254400000,1767254459999,DOGE,1m,0.11837,0.11837,0.11837,0.11837,1662.0,2
2026-01-01 08:01:00,1767254460000,1767254519999,DOGE,1m,0.11836,0.11836,0.11836,0.11836,167.0,1
2026-01-01 08:02:00,1767254520000,1767254579999,DOGE,1m,0.11851,0.11843,0.11851,0.11843,43609.0,9
2026-01-01 08:03:00,1767254580000,1767254639999,DOGE,1m,0.11843,0.11843,0.11843,0.11843,0.0,0
2026-01-01 08:04:00,1767254640000,1767254699999,DOGE,1m,0.11845,0.11845,0.11845,0.11845,133.0,1
2026-01-01 08:05:00,1767254700000,1767254759999,DOGE,1m,0.11844,0.11844,0.11844,0.11844,506.0,1
2026-01-01 08:06:00,1767254760000,1767254819999,DOGE,1m,0.11849,0.1185,0.1185,0.11849,2092.0,2
2026-01-01 08:07:00,1767254820000,1767254879999,DOGE,1m,0.11855,0.11852,0.11855,0.11852,32800.0,7
2026-01-01 08:08:00,1767254880000,1767254939999,DOGE,1m,0.11853,0.11853,0.11853,0.11853,121.0,1
2026-01-01 08:09:00,1767254940000,1767254999999,DOGE,1m,0.11852,0.11852,0.11852,0.11852,1977.0,1
2026-01-01 08:10:00,1767255000000,1767255059999,DOGE,1m,0.11853,0.11852,0.11853,0.11852,931.0,5
2026-01-01 08:11:00,1767255060000,1767255119999,DOGE,1m,0.11852,0.11852,0.11852,0.11852,0.0,0
2026-01-01 08:12:00,1767255120000,1767255179999,DOGE,1m,0.1185,0.1185,0.1185,0.1185,384.0,2
2026-01-01 08:13:00,1767255180000,1767255239999,DOGE,1m,0.11853,0.11853,0.11853,0.11853,4973.0,2
2026-01-01 08:14:00,1767255240000,1767255299999,DOGE,1m,0.11851,0.11849,0.11851,0.11849,525.0,2
2026-01-01 08:15:00,1767255300000,1767255359999,DOGE,1m,0.11849,0.11849,0.11849,0.11849,0.0,0
2026-01-01 08:16:00,1767255360000,1767255419999,DOGE,1m,0.11852,0.1185,0.11852,0.11849,2330.0,3
2026-01-01 08:17:00,1767255420000,1767255479999,DOGE,1m,0.11848,0.11904,0.11915,0.11848,103139.0,81
2026-01-01 08:18:00,1767255480000,1767255539999,DOGE,1m,0.11901,0.11905,0.11905,0.11898,48806.0,12
2026-01-01 08:19:00,1767255540000,1767255599999,DOGE,1m,0.11909,0.11899,0.11909,0.11899,26231.0,7
2026-01-01 08:20:00,1767255600000,1767255659999,DOGE,1m,0.11902,0.11904,0.11904,0.119,2399.0,8
2026-01-01 08:21:00,1767255660000,1767255719999,DOGE,1m,0.11904,0.11904,0.11904,0.11904,0.0,0
2026-01-01 08:22:00,1767255720000,1767255779999,DOGE,1m,0.11904,0.11906,0.11906,0.11903,13471.0,19
2026-01-01 08:23:00,1767255780000,1767255839999,DOGE,1m,0.11907,0.11899,0.1191,0.11899,1506.0,7
2026-01-01 08:24:00,1767255840000,1767255899999,DOGE,1m,0.11898,0.11896,0.11898,0.11894,14494.0,24
2026-01-01 08:25:00,1767255900000,1767255959999,DOGE,1m,0.11896,0.11899,0.11899,0.11896,78132.0,127
2026-01-01 08:26:00,1767255960000,1767256019999,DOGE,1m,0.11899,0.119,0.11901,0.11899,18548.0,32
2026-01-01 08:27:00,1767256020000,1767256079999,DOGE,1m,0.11901,0.11904,0.11904,0.11901,102401.0,105
2026-01-01 08:28:00,1767256080000,1767256139999,DOGE,1m,0.11903,0.11904,0.11904,0.11903,278.0,2
2026-01-01 08:29:00,1767256140000,1767256199999,DOGE,1m,0.119,0.11899,0.119,0.11899,4912.0,3
2026-01-01 08:30:00,1767256200000,1767256259999,DOGE,1m,0.11899,0.11902,0.11903,0.11899,78751.0,110
2026-01-01 08:31:00,1767256260000,1767256319999,DOGE,1m,0.11902,0.11903,0.11904,0.11902,36245.0,86
2026-01-01 08:32:00,1767256320000,1767256379999,DOGE,1m,0.11902,0.11907,0.11911,0.11902,163546.0,77
2026-01-01 08:33:00,1767256380000,1767256439999,DOGE,1m,0.11907,0.11908,0.11908,0.11907,1666.0,5
2026-01-01 08:34:00,1767256440000,1767256499999,DOGE,1m,0.11907,0.11906,0.11907,0.11906,265.0,2
2026-01-01 08:35:00,1767256500000,1767256559999,DOGE,1m,0.11898,0.11898,0.11898,0.11898,5250.0,1
2026-01-01 08:36:00,1767256560000,1767256619999,DOGE,1m,0.11909,0.11909,0.11909,0.11909,8443.0,8
2026-01-01 08:37:00,1767256620000,1767256679999,DOGE,1m,0.11907,0.11907,0.11907,0.11907,1603.0,1
2026-01-01 08:38:00,1767256680000,1767256739999,DOGE,1m,0.11907,0.11907,0.11907,0.11907,100.0,1
2026-01-01 08:39:00,1767256740000,1767256799999,DOGE,1m,0.11906,0.11906,0.11906,0.11906,734.0,4
2026-01-01 08:40:00,1767256800000,1767256859999,DOGE,1m,0.11904,0.11908,0.11908,0.11903,3754.0,4
2026-01-01 08:41:00,1767256860000,1767256919999,DOGE,1m,0.1191,0.11929,0.11929,0.1191,3831.0,16
2026-01-01 08:42:00,1767256920000,1767256979999,DOGE,1m,0.11932,0.1193,0.11932,0.1193,470.0,3
2026-01-01 08:43:00,1767256980000,1767257039999,DOGE,1m,0.11931,0.11931,0.11931,0.11931,1985.0,2
2026-01-01 08:44:00,1767257040000,1767257099999,DOGE,1m,0.11931,0.11932,0.11932,0.11931,898.0,6
2026-01-01 08:45:00,1767257100000,1767257159999,DOGE,1m,0.11932,0.11951,0.11951,0.11932,32405.0,18
2026-01-01 08:46:00,1767257160000,1767257219999,DOGE,1m,0.11954,0.11981,0.11981,0.11954,15791.0,15
2026-01-01 08:47:00,1767257220000,1767257279999,DOGE,1m,0.11976,0.11976,0.11976,0.11976,1877.0,1
2026-01-01 08:48:00,1767257280000,1767257339999,DOGE,1m,0.1198,0.11963,0.11981,0.11963,18953.0,6
2026-01-01 08:49:00,1767257340000,1767257399999,DOGE,1m,0.11956,0.11955,0.11956,0.11955,1258.0,2
2026-01-01 08:50:00,1767257400000,1767257459999,DOGE,1m,0.11956,0.11956,0.11956,0.11956,1119.0,2
2026-01-01 08:51:00,1767257460000,1767257519999,DOGE,1m,0.11957,0.11957,0.11957,0.11957,4491.0,10
2026-01-01 08:52:00,1767257520000,1767257579999,DOGE,1m,0.11963,0.11966,0.11966,0.11963,3898.0,4
2026-01-01 08:53:00,1767257580000,1767257639999,DOGE,1m,0.11962,0.11971,0.11971,0.11962,25449.0,14
2026-01-01 08:54:00,1767257640000,1767257699999,DOGE,1m,0.11967,0.11967,0.11967,0.11967,85.0,1
2026-01-01 08:55:00,1767257700000,1767257759999,DOGE,1m,0.11965,0.11965,0.11965,0.11965,7781.0,4
2026-01-01 08:56:00,1767257760000,1767257819999,DOGE,1m,0.11972,0.11969,0.11972,0.11969,626.0,2
2026-01-01 08:57:00,1767257820000,1767257879999,DOGE,1m,0.11971,0.11971,0.11971,0.11971,19936.0,9
2026-01-01 08:58:00,1767257880000,1767257939999,DOGE,1m,0.11972,0.1202,0.12023,0.11972,68624.0,31
2026-01-01 08:59:00,1767257940000,1767257999999,DOGE,1m,0.12018,0.12032,0.12038,0.12018,19422.0,15
2026-01-01 09:00:00,1767258000000,1767258059999,DOGE,1m,0.12033,0.12076,0.12092,0.12033,472783.0,78
2026-01-01 09:01:00,1767258060000,1767258119999,DOGE,1m,0.12076,0.12104,0.12114,0.12065,322443.0,40
2026-01-01 09:02:00,1767258120000,1767258179999,DOGE,1m,0.12106,0.12087,0.12106,0.12083,85974.0,20
2026-01-01 09:03:00,1767258180000,1767258239999,DOGE,1m,0.12077,0.12082,0.12082,0.12051,16939.0,8
2026-01-01 09:04:00,1767258240000,1767258299999,DOGE,1m,0.12076,0.12099,0.1211,0.12074,35555.0,7
2026-01-01 09:05:00,1767258300000,1767258359999,DOGE,1m,0.12098,0.12071,0.12098,0.12071,153618.0,28
2026-01-01 09:06:00,1767258360000,1767258419999,DOGE,1m,0.12074,0.12096,0.12097,0.12061,28779.0,13
2026-01-01 09:07:00,1767258420000,1767258479999,DOGE,1m,0.12093,0.12109,0.1211,0.12093,92147.0,5
2026-01-01 09:08:00,1767258480000,1767258539999,DOGE,1m,0.12105,0.12095,0.12105,0.12095,14379.0,6
2026-01-01 09:09:00,1767258540000,1767258599999,DOGE,1m,0.12104,0.12091,0.12104,0.12091,70910.0,19
2026-01-01 09:10:00,1767258600000,1767258659999,DOGE,1m,0.12091,0.12089,0.12091,0.12086,86662.0,16
2026-01-01 09:11:00,1767258660000,1767258719999,DOGE,1m,0.12092,0.12088,0.12092,0.12088,1860.0,3
2026-01-01 09:12:00,1767258720000,1767258779999,DOGE,1m,0.12085,0.12079,0.12085,0.12075,38073.0,15
2026-01-01 09:13:00,1767258780000,1767258839999,DOGE,1m,0.12077,0.12085,0.12085,0.12067,57568.0,19
2026-01-01 09:14:00,1767258840000,1767258899999,DOGE,1m,0.12074,0.12072,0.12074,0.1207,58640.0,9
2026-01-01 09:15:00,1767258900000,1767258959999,DOGE,1m,0.12068,0.12061,0.12068,0.1206,44813.0,7
2026-01-01 09:16:00,1767258960000,1767259019999,DOGE,1m,0.12062,0.12057,0.12062,0.12057,32629.0,10
2026-01-01 09:17:00,1767259020000,1767259079999,DOGE,1m,0.12069,0.12069,0.12069,0.12069,187.0,1
2026-01-01 09:18:00,1767259080000,1767259139999,DOGE,1m,0.12069,0.12069,0.12069,0.12069,0.0,0
2026-01-01 09:19:00,1767259140000,1767259199999,DOGE,1m,0.12087,0.12086,0.12087,0.1207,2733.0,4
2026-01-01 09:20:00,1767259200000,1767259259999,DOGE,1m,0.12094,0.12094,0.12094,0.12094,579.0,1
2026-01-01 09:21:00,1767259260000,1767259319999,DOGE,1m,0.12093,0.12077,0.12093,0.12077,86649.0,18
2026-01-01 09:22:00,1767259320000,1767259379999,DOGE,1m,0.1208,0.12082,0.12082,0.1208,2079.0,3
2026-01-01 09:23:00,1767259380000,1767259439999,DOGE,1m,0.12083,0.1208,0.12083,0.1208,3149.0,4
2026-01-01 09:24:00,1767259440000,1767259499999,DOGE,1m,0.12084,0.12097,0.12097,0.12084,20801.0,7
2026-01-01 09:25:00,1767259500000,1767259559999,DOGE,1m,0.12099,0.12096,0.12099,0.12096,6085.0,2
2026-01-01 09:26:00,1767259560000,1767259619999,DOGE,1m,0.12086,0.12086,0.12086,0.12086,2109.0,1
2026-01-01 09:27:00,1767259620000,1767259679999,DOGE,1m,0.12091,0.12091,0.12091,0.12091,125.0,1
2026-01-01 09:28:00,1767259680000,1767259739999,DOGE,1m,0.12092,0.12091,0.12092,0.12091,3633.0,2
2026-01-01 09:29:00,1767259740000,1767259799999,DOGE,1m,0.12086,0.1209,0.1209,0.12086,294.0,2
2026-01-01 09:30:00,1767259800000,1767259859999,DOGE,1m,0.12089,0.12089,0.12089,0.12089,20628.0,5
2026-01-01 09:31:00,1767259860000,1767259919999,DOGE,1m,0.12094,0.12096,0.12096,0.12094,28936.0,7
2026-01-01 09:32:00,1767259920000,1767259979999,DOGE,1m,0.12095,0.12097,0.12097,0.12095,1653.0,3
2026-01-01 09:33:00,1767259980000,1767260039999,DOGE,1m,0.12085,0.12083,0.12085,0.12083,65906.0,10
2026-01-01 09:34:00,1767260040000,1767260099999,DOGE,1m,0.12091,0.12091,0.12091,0.12091,277.0,1
2026-01-01 09:35:00,1767260100000,1767260159999,DOGE,1m,0.12094,0.12093,0.12094,0.12093,3202.0,2
2026-01-01 09:36:00,1767260160000,1767260219999,DOGE,1m,0.12093,0.12093,0.12093,0.12093,0.0,0
2026-01-01 09:37:00,1767260220000,1767260279999,DOGE,1m,0.1209,0.12086,0.1209,0.12086,4056.0,4
2026-01-01 09:38:00,1767260280000,1767260339999,DOGE,1m,0.12085,0.12085,0.12085,0.12084,2818.0,3
2026-01-01 09:39:00,1767260340000,1767260399999,DOGE,1m,0.12084,0.12102,0.12102,0.12084,2896.0,4
2026-01-01 09:40:00,1767260400000,1767260459999,DOGE,1m,0.12097,0.12096,0.12097,0.12096,4728.0,3
2026-01-01 09:41:00,1767260460000,1767260519999,DOGE,1m,0.12098,0.12096,0.12098,0.12096,9430.0,2
2026-01-01 09:42:00,1767260520000,1767260579999,DOGE,1m,0.12096,0.12096,0.12096,0.12096,0.0,0
2026-01-01 09:43:00,1767260580000,1767260639999,DOGE,1m,0.12095,0.12096,0.12096,0.12095,22050.0,5
2026-01-01 09:44:00,1767260640000,1767260699999,DOGE,1m,0.12096,0.12096,0.12096,0.12096,20833.0,3
2026-01-01 09:45:00,1767260700000,1767260759999,DOGE,1m,0.12093,0.12095,0.12095,0.12093,966.0,2
2026-01-01 09:46:00,1767260760000,1767260819999,DOGE,1m,0.12089,0.12089,0.12089,0.12089,154.0,1
2026-01-01 09:47:00,1767260820000,1767260879999,DOGE,1m,0.12086,0.12089,0.12089,0.12086,1006.0,5
2026-01-01 09:48:00,1767260880000,1767260939999,DOGE,1m,0.12089,0.1209,0.1209,0.12089,7868.0,4
2026-01-01 09:49:00,1767260940000,1767260999999,DOGE,1m,0.12091,0.1209,0.12091,0.1209,662.0,2
2026-01-01 09:50:00,1767261000000,1767261059999,DOGE,1m,0.1209,0.1209,0.1209,0.1209,0.0,0
2026-01-01 09:51:00,1767261060000,1767261119999,DOGE,1m,0.12082,0.12082,0.12082,0.12082,1483.0,3
2026-01-01 09:52:00,1767261120000,1767261179999,DOGE,1m,0.12073,0.12073,0.12073,0.12073,129.0,1
2026-01-01 09:53:00,1767261180000,1767261239999,DOGE,1m,0.12076,0.12073,0.12076,0.12073,46326.0,7
2026-01-01 09:54:00,1767261240000,1767261299999,DOGE,1m,0.12079,0.12073,0.12079,0.12073,4943.0,3
2026-01-01 09:55:00,1767261300000,1767261359999,DOGE,1m,0.12074,0.1204,0.12074,0.1204,17532.0,6
2026-01-01 09:56:00,1767261360000,1767261419999,DOGE,1m,0.12037,0.12027,0.12037,0.12027,8490.0,4
2026-01-01 09:57:00,1767261420000,1767261479999,DOGE,1m,0.12026,0.12014,0.12026,0.12014,32816.0,9
2026-01-01 09:58:00,1767261480000,1767261539999,DOGE,1m,0.12032,0.12032,0.12032,0.12032,407.0,1
2026-01-01 09:59:00,1767261540000,1767261599999,DOGE,1m,0.1203,0.12028,0.1203,0.12028,1081.0,3
2026-01-01 10:00:00,1767261600000,1767261659999,DOGE,1m,0.12035,0.12036,0.12036,0.12032,11027.0,8
2026-01-01 10:01:00,1767261660000,1767261719999,DOGE,1m,0.1204,0.1204,0.1204,0.1204,505.0,1
2026-01-01 10:02:00,1767261720000,1767261779999,DOGE,1m,0.12038,0.12036,0.12038,0.12036,21946.0,7
2026-01-01 10:03:00,1767261780000,1767261839999,DOGE,1m,0.12036,0.12033,0.12036,0.12033,9798.0,3
2026-01-01 10:04:00,1767261840000,1767261899999,DOGE,1m,0.12032,0.12036,0.12036,0.12032,18936.0,5
2026-01-01 10:05:00,1767261900000,1767261959999,DOGE,1m,0.12037,0.12037,0.12037,0.12037,10969.0,2
2026-01-01 10:06:00,1767261960000,1767262019999,DOGE,1m,0.12033,0.12024,0.12033,0.12024,27365.0,6
2026-01-01 10:07:00,1767262020000,1767262079999,DOGE,1m,0.12025,0.1202,0.12025,0.1202,9599.0,4
2026-01-01 10:08:00,1767262080000,1767262139999,DOGE,1m,0.12019,0.12024,0.12024,0.12018,40776.0,7
2026-01-01 10:09:00,1767262140000,1767262199999,DOGE,1m,0.12024,0.12024,0.12024,0.12024,19933.0,1
2026-01-01 10:10:00,1767262200000,1767262259999,DOGE,1m,0.12029,0.12027,0.12029,0.12027,18214.0,4
2026-01-01 10:11:00,1767262260000,1767262319999,DOGE,1m,0.12035,0.12031,0.12035,0.12031,4090.0,3
2026-01-01 10:12:00,1767262320000,1767262379999,DOGE,1m,0.12031,0.12031,0.12031,0.12031,7650.0,2
2026-01-01 10:13:00,1767262380000,1767262439999,DOGE,1m,0.1203,0.1203,0.1203,0.12029,554.0,4
2026-01-01 10:14:00,1767262440000,1767262499999,DOGE,1m,0.12033,0.12034,0.12034,0.12033,3502.0,2
2026-01-01 10:15:00,1767262500000,1767262559999,DOGE,1m,0.12025,0.12021,0.12025,0.12021,320.0,2
2026-01-01 10:16:00,1767262560000,1767262619999,DOGE,1m,0.12032,0.12034,0.12034,0.12032,4480.0,3
2026-01-01 10:17:00,1767262620000,1767262679999,DOGE,1m,0.1204,0.12042,0.12042,0.1204,4503.0,2
2026-01-01 10:18:00,1767262680000,1767262739999,DOGE,1m,0.12042,0.12052,0.12052,0.12042,1157.0,3
2026-01-01 10:19:00,1767262740000,1767262799999,DOGE,1m,0.1205,0.1205,0.1205,0.1205,274.0,2
2026-01-01 10:20:00,1767262800000,1767262859999,DOGE,1m,0.1205,0.1205,0.1205,0.1205,0.0,0
2026-01-01 10:21:00,1767262860000,1767262919999,DOGE,1m,0.12044,0.12051,0.12051,0.12044,4624.0,5
2026-01-01 10:22:00,1767262920000,1767262979999,DOGE,1m,0.12046,0.12046,0.12046,0.12046,145.0,1
2026-01-01 10:23:00,1767262980000,1767263039999,DOGE,1m,0.12044,0.12042,0.12044,0.12042,6880.0,2
2026-01-01 10:24:00,1767263040000,1767263099999,DOGE,1m,0.12042,0.12042,0.12042,0.12042,0.0,0
2026-01-01 10:25:00,1767263100000,1767263159999,DOGE,1m,0.12048,0.12048,0.12048,0.12048,133.0,1
2026-01-01 10:26:00,1767263160000,1767263219999,DOGE,1m,0.12054,0.12055,0.12055,0.12054,260.0,2
2026-01-01 10:27:00,1767263220000,1767263279999,DOGE,1m,0.12054,0.12056,0.12056,0.12054,889.0,5
2026-01-01 10:28:00,1767263280000,1767263339999,DOGE,1m,0.12058,0.12058,0.12058,0.12058,96.0,1
2026-01-01 10:29:00,1767263340000,1767263399999,DOGE,1m,0.12055,0.12055,0.12055,0.12055,126.0,1
2026-01-01 10:30:00,1767263400000,1767263459999,DOGE,1m,0.12047,0.1205,0.1205,0.12047,25703.0,6
2026-01-01 10:31:00,1767263460000,1767263519999,DOGE,1m,0.12048,0.12043,0.12048,0.12043,7117.0,3
2026-01-01 10:32:00,1767263520000,1767263579999,DOGE,1m,0.12046,0.12046,0.12046,0.12046,166.0,1
2026-01-01 10:33:00,1767263580000,1767263639999,DOGE,1m,0.12046,0.12047,0.12047,0.12046,35851.0,6
2026-01-01 10:34:00,1767263640000,1767263699999,DOGE,1m,0.12051,0.12054,0.12054,0.1205,7706.0,3
2026-01-01 10:35:00,1767263700000,1767263759999,DOGE,1m,0.12051,0.12052,0.12052,0.12051,7295.0,2
2026-01-01 10:36:00,1767263760000,1767263819999,DOGE,1m,0.12049,0.12049,0.12049,0.12049,16980.0,3
2026-01-01 10:37:00,1767263820000,1767263879999,DOGE,1m,0.1205,0.1205,0.1205,0.1205,1791.0,4
2026-01-01 10:38:00,1767263880000,1767263939999,DOGE,1m,0.1205,0.12049,0.1205,0.12049,2819.0,3
2026-01-01 10:39:00,1767263940000,1767263999999,DOGE,1m,0.12049,0.12049,0.12049,0.12049,363.0,1
2026-01-01 10:40:00,1767264000000,1767264059999,DOGE,1m,0.12055,0.12056,0.12056,0.12053,452.0,3
2026-01-01 10:41:00,1767264060000,1767264119999,DOGE,1m,0.1206,0.12061,0.12061,0.1206,1662.0,8
2026-01-01 10:42:00,1767264120000,1767264179999,DOGE,1m,0.12061,0.12053,0.12061,0.12053,3197.0,11
2026-01-01 10:43:00,1767264180000,1767264239999,DOGE,1m,0.12052,0.12052,0.12052,0.12052,135.0,1
2026-01-01 10:44:00,1767264240000,1767264299999,DOGE,1m,0.12052,0.12052,0.12052,0.12052,0.0,0
2026-01-01 10:45:00,1767264300000,1767264359999,DOGE,1m,0.12053,0.12054,0.12054,0.12052,19561.0,9
2026-01-01 10:46:00,1767264360000,1767264419999,DOGE,1m,0.12056,0.12056,0.12056,0.12056,2961.0,1
2026-01-01 10:47:00,1767264420000,1767264479999,DOGE,1m,0.12051,0.12042,0.12051,0.12042,1687.0,3
2026-01-01 10:48:00,1767264480000,1767264539999,DOGE,1m,0.12043,0.12043,0.12043,0.12043,163.0,1
2026-01-01 10:49:00,1767264540000,1767264599999,DOGE,1m,0.12053,0.12056,0.12058,0.12053,110327.0,16
2026-01-01 10:50:00,1767264600000,1767264659999,DOGE,1m,0.1206,0.12059,0.1206,0.12059,35851.0,4
2026-01-01 10:51:00,1767264660000,1767264719999,DOGE,1m,0.12062,0.12062,0.12062,0.12062,445.0,3
2026-01-01 10:52:00,1767264720000,1767264779999,DOGE,1m,0.12066,0.12066,0.12066,0.12066,763.0,1
2026-01-01 10:53:00,1767264780000,1767264839999,DOGE,1m,0.12057,0.12057,0.12057,0.12057,157.0,1
2026-01-01 10:54:00,1767264840000,1767264899999,DOGE,1m,0.12057,0.12055,0.12057,0.12055,30185.0,4
2026-01-01 10:55:00,1767264900000,1767264959999,DOGE,1m,0.12059,0.12059,0.12059,0.12059,165.0,1
2026-01-01 10:56:00,1767264960000,1767265019999,DOGE,1m,0.12052,0.1205,0.12052,0.1205,767.0,3
2026-01-01 10:57:00,1767265020000,1767265079999,DOGE,1m,0.12049,0.12048,0.12049,0.12048,19600.0,2
2026-01-01 10:58:00,1767265080000,1767265139999,DOGE,1m,0.12044,0.12044,0.12044,0.12044,18190.0,1
2026-01-01 10:59:00,1767265140000,1767265199999,DOGE,1m,0.12048,0.12048,0.12048,0.12048,309.0,2
2026-01-01 11:00:00,1767265200000,1767265259999,DOGE,1m,0.12054,0.12054,0.12054,0.12054,305.0,1
2026-01-01 11:01:00,1767265260000,1767265319999,DOGE,1m,0.12057,0.12055,0.12057,0.12055,12245.0,5
2026-01-01 11:02:00,1767265320000,1767265379999,DOGE,1m,0.12061,0.12061,0.12061,0.12061,142.0,1
2026-01-01 11:03:00,1767265380000,1767265439999,DOGE,1m,0.1206,0.1206,0.1206,0.1206,127.0,1
2026-01-01 11:04:00,1767265440000,1767265499999,DOGE,1m,0.12064,0.12064,0.12064,0.12063,4004.0,3
2026-01-01 11:05:00,1767265500000,1767265559999,DOGE,1m,0.12062,0.12057,0.12062,0.12057,54174.0,12
2026-01-01 11:06:00,1767265560000,1767265619999,DOGE,1m,0.12058,0.12058,0.12058,0.12058,399.0,2
2026-01-01 11:07:00,1767265620000,1767265679999,DOGE,1m,0.12061,0.12061,0.12061,0.12061,365.0,1
2026-01-01 11:08:00,1767265680000,1767265739999,DOGE,1m,0.12063,0.12063,0.12063,0.12063,116.0,1
2026-01-01 11:09:00,1767265740000,1767265799999,DOGE,1m,0.12063,0.12063,0.12063,0.12063,12172.0,5
2026-01-01 11:10:00,1767265800000,1767265859999,DOGE,1m,0.12063,0.12065,0.12065,0.12062,798.0,5
2026-01-01 11:11:00,1767265860000,1767265919999,DOGE,1m,0.12066,0.12068,0.12068,0.12066,11597.0,3
2026-01-01 11:12:00,1767265920000,1767265979999,DOGE,1m,0.12064,0.12064,0.12064,0.12064,140.0,1
2026-01-01 11:13:00,1767265980000,1767266039999,DOGE,1m,0.12064,0.12064,0.12064,0.12064,0.0,0
2026-01-01 11:14:00,1767266040000,1767266099999,DOGE,1m,0.12069,0.12065,0.12069,0.12065,924.0,5
2026-01-01 11:15:00,1767266100000,1767266159999,DOGE,1m,0.1207,0.12074,0.12074,0.1207,10439.0,4
2026-01-01 11:16:00,1767266160000,1767266219999,DOGE,1m,0.1207,0.1207,0.12071,0.12068,6774.0,5
2026-01-01 11:17:00,1767266220000,1767266279999,DOGE,1m,0.12072,0.1207,0.12072,0.1207,7706.0,2
2026-01-01 11:18:00,1767266280000,1767266339999,DOGE,1m,0.12058,0.12058,0.12058,0.12058,142.0,1
2026-01-01 11:19:00,1767266340000,1767266399999,DOGE,1m,0.12062,0.12054,0.12063,0.12054,12182.0,6
2026-01-01 11:20:00,1767266400000,1767266459999,DOGE,1m,0.12052,0.12056,0.1206,0.12052,60135.0,9
2026-01-01 11:21:00,1767266460000,1767266519999,DOGE,1m,0.12057,0.12057,0.12057,0.12057,264.0,1
2026-01-01 11:22:00,1767266520000,1767266579999,DOGE,1m,0.12055,0.12052,0.12055,0.12052,51322.0,7
2026-01-01 11:23:00,1767266580000,1767266639999,DOGE,1m,0.1205,0.12049,0.1205,0.12049,17812.0,3
2026-01-01 11:24:00,1767266640000,1767266699999,DOGE,1m,0.12053,0.12053,0.12053,0.12053,124129.0,12
2026-01-01 11:25:00,1767266700000,1767266759999,DOGE,1m,0.12051,0.12051,0.12051,0.12051,54969.0,6
2026-01-01 11:26:00,1767266760000,1767266819999,DOGE,1m,0.12046,0.12044,0.12046,0.12044,35720.0,5
2026-01-01 11:27:00,1767266820000,1767266879999,DOGE,1m,0.12044,0.12048,0.12048,0.12044,95024.0,9
2026-01-01 11:28:00,1767266880000,1767266939999,DOGE,1m,0.1205,0.1205,0.1205,0.1205,45760.0,5
2026-01-01 11:29:00,1767266940000,1767266999999,DOGE,1m,0.12049,0.12049,0.12049,0.12049,31374.0,4
2026-01-01 11:30:00,1767267000000,1767267059999,DOGE,1m,0.12046,0.12051,0.12051,0.12046,115266.0,15
2026-01-01 11:31:00,1767267060000,1767267119999,DOGE,1m,0.1205,0.12048,0.12051,0.12048,49241.0,13
2026-01-01 11:32:00,1767267120000,1767267179999,DOGE,1m,0.1205,0.12049,0.1205,0.12049,61498.0,6
2026-01-01 11:33:00,1767267180000,1767267239999,DOGE,1m,0.12049,0.12042,0.12049,0.12042,7711.0,3
2026-01-01 11:34:00,1767267240000,1767267299999,DOGE,1m,0.12042,0.12042,0.12042,0.12042,0.0,0
2026-01-01 11:35:00,1767267300000,1767267359999,DOGE,1m,0.12042,0.12041,0.12042,0.12041,326.0,2
2026-01-01 11:36:00,1767267360000,1767267419999,DOGE,1m,0.12041,0.12041,0.12041,0.12041,146.0,1
2026-01-01 11:37:00,1767267420000,1767267479999,DOGE,1m,0.12038,0.12037,0.12038,0.12037,7033.0,5
2026-01-01 11:38:00,1767267480000,1767267539999,DOGE,1m,0.12037,0.12037,0.12037,0.12037,134.0,1
2026-01-01 11:39:00,1767267540000,1767267599999,DOGE,1m,0.12033,0.12033,0.12033,0.12033,180.0,1
2026-01-01 11:40:00,1767267600000,1767267659999,DOGE,1m,0.12034,0.12035,0.12035,0.12034,288.0,2
2026-01-01 11:41:00,1767267660000,1767267719999,DOGE,1m,0.12043,0.12045,0.12045,0.12043,7226.0,2
2026-01-01 11:42:00,1767267720000,1767267779999,DOGE,1m,0.12044,0.12044,0.12044,0.12044,26414.0,4
2026-01-01 11:43:00,1767267780000,1767267839999,DOGE,1m,0.12045,0.12041,0.12046,0.12041,39501.0,4
2026-01-01 11:44:00,1767267840000,1767267899999,DOGE,1m,0.12041,0.12041,0.12041,0.12041,11686.0,4
2026-01-01 11:45:00,1767267900000,1767267959999,DOGE,1m,0.12044,0.12044,0.12044,0.12044,21174.0,2
2026-01-01 11:46:00,1767267960000,1767268019999,DOGE,1m,0.12049,0.12051,0.12051,0.12049,51472.0,11
2026-01-01 11:47:00,1767268020000,1767268079999,DOGE,1m,0.12051,0.12054,0.12054,0.12051,8133.0,5
2026-01-01 11:48:00,1767268080000,1767268139999,DOGE,1m,0.12057,0.12055,0.12057,0.12055,8174.0,5
2026-01-01 11:49:00,1767268140000,1767268199999,DOGE,1m,0.1206,0.12065,0.12065,0.1206,13793.0,5
2026-01-01 11:50:00,1767268200000,1767268259999,DOGE,1m,0.12065,0.12065,0.12065,0.12065,0.0,0
2026-01-01 11:51:00,1767268260000,1767268319999,DOGE,1m,0.1206,0.1206,0.1206,0.1206,153.0,1
2026-01-01 11:52:00,1767268320000,1767268379999,DOGE,1m,0.1206,0.1206,0.1206,0.1206,8977.0,2
2026-01-01 11:53:00,1767268380000,1767268439999,DOGE,1m,0.12056,0.12056,0.12056,0.12056,149.0,1
2026-01-01 11:54:00,1767268440000,1767268499999,DOGE,1m,0.12057,0.12059,0.12059,0.12057,19318.0,3
2026-01-01 11:55:00,1767268500000,1767268559999,DOGE,1m,0.12059,0.12059,0.12059,0.12059,161.0,1
2026-01-01 11:56:00,1767268560000,1767268619999,DOGE,1m,0.12058,0.12058,0.12058,0.12058,313.0,1
2026-01-01 11:57:00,1767268620000,1767268679999,DOGE,1m,0.12057,0.12057,0.12057,0.12057,164.0,1
2026-01-01 11:58:00,1767268680000,1767268739999,DOGE,1m,0.12059,0.12059,0.1206,0.12059,23651.0,4
2026-01-01 11:59:00,1767268740000,1767268799999,DOGE,1m,0.12059,0.12059,0.12059,0.12059,0.0,0
2026-01-01 12:00:00,1767268800000,1767268859999,DOGE,1m,0.1206,0.12064,0.12064,0.12059,13194.0,4
2026-01-01 12:01:00,1767268860000,1767268919999,DOGE,1m,0.12066,0.1207,0.1207,0.12065,12428.0,6
2026-01-01 12:02:00,1767268920000,1767268979999,DOGE,1m,0.12064,0.12064,0.12064,0.12064,3252.0,1
2026-01-01 12:03:00,1767268980000,1767269039999,DOGE,1m,0.12065,0.12064,0.12065,0.12064,13865.0,3
2026-01-01 12:04:00,1767269040000,1767269099999,DOGE,1m,0.12064,0.12064,0.12064,0.12064,0.0,0
2026-01-01 12:05:00,1767269100000,1767269159999,DOGE,1m,0.12069,0.12071,0.12071,0.12069,857.0,4
2026-01-01 12:06:00,1767269160000,1767269219999,DOGE,1m,0.1207,0.1207,0.1207,0.1207,8389.0,2
2026-01-01 12:07:00,1767269220000,1767269279999,DOGE,1m,0.12068,0.12063,0.12068,0.12063,482.0,2
2026-01-01 12:08:00,1767269280000,1767269339999,DOGE,1m,0.12064,0.12064,0.12064,0.12063,484.0,3
2026-01-01 12:09:00,1767269340000,1767269399999,DOGE,1m,0.12068,0.12069,0.12069,0.12068,994.0,4
2026-01-01 12:10:00,1767269400000,1767269459999,DOGE,1m,0.12069,0.12068,0.12069,0.12067,11138.0,6
2026-01-01 12:11:00,1767269460000,1767269519999,DOGE,1m,0.12068,0.12068,0.12068,0.12068,150.0,1
2026-01-01 12:12:00,1767269520000,1767269579999,DOGE,1m,0.12069,0.12069,0.1207,0.12069,6204.0,3
2026-01-01 12:13:00,1767269580000,1767269639999,DOGE,1m,0.12064,0.12064,0.12064,0.12064,20221.0,3
2026-01-01 12:14:00,1767269640000,1767269699999,DOGE,1m,0.12063,0.12062,0.12063,0.12062,16980.0,3
2026-01-01 12:15:00,1767269700000,1767269759999,DOGE,1m,0.12061,0.12058,0.12061,0.12058,32604.0,3
2026-01-01 12:16:00,1767269760000,1767269819999,DOGE,1m,0.12059,0.12057,0.12059,0.12057,10809.0,3
2026-01-01 12:17:00,1767269820000,1767269879999,DOGE,1m,0.12057,0.12051,0.12057,0.12051,8157.0,3
2026-01-01 12:18:00,1767269880000,1767269939999,DOGE,1m,0.12048,0.12048,0.12048,0.12048,402.0,2
2026-01-01 12:19:00,1767269940000,1767269999999,DOGE,1m,0.12046,0.12046,0.12046,0.12046,138.0,1
2026-01-01 12:20:00,1767270000000,1767270059999,DOGE,1m,0.12054,0.12054,0.12054,0.12054,253.0,1
2026-01-01 12:21:00,1767270060000,1767270119999,DOGE,1m,0.12054,0.12058,0.12058,0.12054,13129.0,4
2026-01-01 12:22:00,1767270120000,1767270179999,DOGE,1m,0.12052,0.12052,0.12052,0.12052,3853.0,1
2026-01-01 12:23:00,1767270180000,1767270239999,DOGE,1m,0.1205,0.1205,0.1205,0.1205,4280.0,2
2026-01-01 12:24:00,1767270240000,1767270299999,DOGE,1m,0.12049,0.12049,0.12049,0.12049,12474.0,2
2026-01-01 12:25:00,1767270300000,1767270359999,DOGE,1m,0.12056,0.12057,0.12057,0.12056,9869.0,2
2026-01-01 12:26:00,1767270360000,1767270419999,DOGE,1m,0.12057,0.12057,0.12057,0.12057,1482.0,1
2026-01-01 12:27:00,1767270420000,1767270479999,DOGE,1m,0.12056,0.12056,0.12056,0.12056,797.0,2
2026-01-01 12:28:00,1767270480000,1767270539999,DOGE,1m,0.12057,0.12055,0.12058,0.12055,8682.0,4
2026-01-01 12:29:00,1767270540000,1767270599999,DOGE,1m,0.12053,0.12053,0.12053,0.12053,581.0,1
2026-01-01 12:30:00,1767270600000,1767270659999,DOGE,1m,0.12048,0.12046,0.12049,0.12046,1614.0,5
2026-01-01 12:31:00,1767270660000,1767270719999,DOGE,1m,0.12044,0.12044,0.12044,0.12044,213.0,2
2026-01-01 12:32:00,1767270720000,1767270779999,DOGE,1m,0.12044,0.12046,0.12046,0.12044,521.0,3
2026-01-01 12:33:00,1767270780000,1767270839999,DOGE,1m,0.12046,0.12046,0.12046,0.12046,2033.0,1
2026-01-01 12:34:00,1767270840000,1767270899999,DOGE,1m,0.12043,0.12043,0.12043,0.12043,126.0,1
2026-01-01 12:35:00,1767270900000,1767270959999,DOGE,1m,0.1205,0.12047,0.1205,0.12047,10866.0,3
2026-01-01 12:36:00,1767270960000,1767271019999,DOGE,1m,0.12048,0.12048,0.12048,0.12048,475.0,2
2026-01-01 12:37:00,1767271020000,1767271079999,DOGE,1m,0.12049,0.12049,0.12049,0.12049,132.0,1
2026-01-01 12:38:00,1767271080000,1767271139999,DOGE,1m,0.12049,0.12049,0.1205,0.12049,9040.0,6
2026-01-01 12:39:00,1767271140000,1767271199999,DOGE,1m,0.12049,0.12049,0.12049,0.12049,207.0,1
2026-01-01 12:40:00,1767271200000,1767271259999,DOGE,1m,0.12049,0.12049,0.12049,0.12049,104.0,1
2026-01-01 12:41:00,1767271260000,1767271319999,DOGE,1m,0.12049,0.12049,0.12049,0.12049,0.0,0
2026-01-01 12:42:00,1767271320000,1767271379999,DOGE,1m,0.12048,0.12048,0.12048,0.12048,592.0,3
2026-01-01 12:43:00,1767271380000,1767271439999,DOGE,1m,0.12046,0.12046,0.12046,0.12046,138.0,1
2026-01-01 12:44:00,1767271440000,1767271499999,DOGE,1m,0.12045,0.12045,0.12045,0.12045,151.0,1
2026-01-01 12:45:00,1767271500000,1767271559999,DOGE,1m,0.12048,0.12049,0.12049,0.12048,35048.0,15
2026-01-01 12:46:00,1767271560000,1767271619999,DOGE,1m,0.12048,0.12056,0.12056,0.12048,30807.0,14
2026-01-01 12:47:00,1767271620000,1767271679999,DOGE,1m,0.12056,0.12059,0.12059,0.12056,35457.0,12
2026-01-01 12:48:00,1767271680000,1767271739999,DOGE,1m,0.12059,0.12056,0.12059,0.12056,49246.0,8
2026-01-01 12:49:00,1767271740000,1767271799999,DOGE,1m,0.12055,0.12055,0.12055,0.12055,20744.0,4
2026-01-01 12:50:00,1767271800000,1767271859999,DOGE,1m,0.12055,0.12056,0.12056,0.12055,16331.0,2
2026-01-01 12:51:00,1767271860000,1767271919999,DOGE,1m,0.12056,0.12053,0.12056,0.12053,17089.0,5
2026-01-01 12:52:00,1767271920000,1767271979999,DOGE,1m,0.12052,0.12051,0.12052,0.12051,12000.0,2
2026-01-01 12:53:00,1767271980000,1767272039999,DOGE,1m,0.12052,0.12052,0.12052,0.12052,153.0,1
2026-01-01 12:54:00,1767272040000,1767272099999,DOGE,1m,0.12055,0.12056,0.12056,0.12055,1810.0,3
2026-01-01 12:55:00,1767272100000,1767272159999,DOGE,1m,0.1205,0.1205,0.1205,0.1205,213.0,1
2026-01-01 12:56:00,1767272160000,1767272219999,DOGE,1m,0.12054,0.12054,0.12054,0.12054,154.0,1
2026-01-01 12:57:00,1767272220000,1767272279999,DOGE,1m,0.12059,0.12061,0.12061,0.12059,1049.0,2
2026-01-01 12:58:00,1767272280000,1767272339999,DOGE,1m,0.12057,0.12057,0.12057,0.12057,154.0,1
2026-01-01 12:59:00,1767272340000,1767272399999,DOGE,1m,0.12058,0.12058,0.12058,0.12058,207.0,1
2026-01-01 13:00:00,1767272400000,1767272459999,DOGE,1m,0.12054,0.1205,0.12054,0.1205,60584.0,10
2026-01-01 13:01:00,1767272460000,1767272519999,DOGE,1m,0.12059,0.12059,0.12059,0.12059,154.0,1
2026-01-01 13:02:00,1767272520000,1767272579999,DOGE,1m,0.12061,0.1206,0.12061,0.12059,858.0,4
2026-01-01 13:03:00,1767272580000,1767272639999,DOGE,1m,0.12059,0.12059,0.12059,0.12059,5769.0,2
2026-01-01 13:04:00,1767272640000,1767272699999,DOGE,1m,0.12053,0.12056,0.12056,0.12053,4262.0,3
2026-01-01 13:05:00,1767272700000,1767272759999,DOGE,1m,0.12056,0.12056,0.12056,0.12056,158.0,1
2026-01-01 13:06:00,1767272760000,1767272819999,DOGE,1m,0.12058,0.12058,0.12058,0.12058,602.0,1
2026-01-01 13:07:00,1767272820000,1767272879999,DOGE,1m,0.12064,0.12068,0.12069,0.12064,1298.0,4
2026-01-01 13:08:00,1767272880000,1767272939999,DOGE,1m,0.12069,0.12071,0.12071,0.12069,456.0,4
2026-01-01 13:09:00,1767272940000,1767272999999,DOGE,1m,0.12076,0.12076,0.12076,0.12076,464.0,1
2026-01-01 13:10:00,1767273000000,1767273059999,DOGE,1m,0.12078,0.12078,0.12078,0.12078,155.0,1
2026-01-01 13:11:00,1767273060000,1767273119999,DOGE,1m,0.12078,0.12078,0.12078,0.12078,0.0,0
2026-01-01 13:12:00,1767273120000,1767273179999,DOGE,1m,0.12077,0.12077,0.12077,0.12077,369.0,1
2026-01-01 13:13:00,1767273180000,1767273239999,DOGE,1m,0.12075,0.12076,0.12076,0.12075,595.0,3
2026-01-01 13:14:00,1767273240000,1767273299999,DOGE,1m,0.12076,0.12075,0.12076,0.12075,3342.0,5
2026-01-01 13:15:00,1767273300000,1767273359999,DOGE,1m,0.12078,0.12078,0.12078,0.12078,316.0,1
2026-01-01 13:16:00,1767273360000,1767273419999,DOGE,1m,0.12078,0.12078,0.12078,0.12078,373.0,2
2026-01-01 13:17:00,1767273420000,1767273479999,DOGE,1m,0.12087,0.12088,0.12088,0.12086,8364.0,5
2026-01-01 13:18:00,1767273480000,1767273539999,DOGE,1m,0.12085,0.12083,0.12085,0.12083,11253.0,2
2026-01-01 13:19:00,1767273540000,1767273599999,DOGE,1m,0.12082,0.12081,0.12082,0.12081,461.0,2
2026-01-01 13:20:00,1767273600000,1767273659999,DOGE,1m,0.12085,0.12085,0.12087,0.12085,74705.0,7
2026-01-01 13:21:00,1767273660000,1767273719999,DOGE,1m,0.12086,0.12086,0.12086,0.12086,8265.0,1
2026-01-01 13:22:00,1767273720000,1767273779999,DOGE,1m,0.1209,0.12095,0.12095,0.1209,3885.0,3
2026-01-01 13:23:00,1767273780000,1767273839999,DOGE,1m,0.12093,0.1209,0.12093,0.1209,5082.0,4
2026-01-01 13:24:00,1767273840000,1767273899999,DOGE,1m,0.1209,0.1209,0.1209,0.1209,2719.0,1
2026-01-01 13:25:00,1767273900000,1767273959999,DOGE,1m,0.12088,0.12088,0.12088,0.12088,10727.0,1
2026-01-01 13:26:00,1767273960000,1767274019999,DOGE,1m,0.12087,0.12086,0.12087,0.12086,31950.0,8
2026-01-01 13:27:00,1767274020000,1767274079999,DOGE,1m,0.12083,0.12084,0.12084,0.12083,9384.0,5
2026-01-01 13:28:00,1767274080000,1767274139999,DOGE,1m,0.12081,0.12081,0.12081,0.12081,338.0,1
2026-01-01 13:29:00,1767274140000,1767274199999,DOGE,1m,0.12079,0.12079,0.12079,0.12079,306.0,1
2026-01-01 13:30:00,1767274200000,1767274259999,DOGE,1m,0.1208,0.1208,0.1208,0.1208,466.0,2
2026-01-01 13:31:00,1767274260000,1767274319999,DOGE,1m,0.12084,0.12086,0.12086,0.12084,10868.0,3
2026-01-01 13:32:00,1767274320000,1767274379999,DOGE,1m,0.12081,0.12081,0.12081,0.12081,553.0,2
2026-01-01 13:33:00,1767274380000,1767274439999,DOGE,1m,0.12082,0.12082,0.12082,0.12082,83.0,1
2026-01-01 13:34:00,1767274440000,1767274499999,DOGE,1m,0.12087,0.12086,0.12087,0.12086,1634.0,6
2026-01-01 13:35:00,1767274500000,1767274559999,DOGE,1m,0.12086,0.12086,0.12087,0.12086,803.0,3
2026-01-01 13:36:00,1767274560000,1767274619999,DOGE,1m,0.12089,0.12089,0.12089,0.12089,452.0,1
2026-01-01 13:37:00,1767274620000,1767274679999,DOGE,1m,0.12089,0.12089,0.12089,0.12089,0.0,0
2026-01-01 13:38:00,1767274680000,1767274739999,DOGE,1m,0.12086,0.12086,0.12086,0.12086,104.0,1
2026-01-01 13:39:00,1767274740000,1767274799999,DOGE,1m,0.12085,0.12086,0.12086,0.12085,926.0,2
2026-01-01 13:40:00,1767274800000,1767274859999,DOGE,1m,0.12088,0.12088,0.12088,0.12088,987.0,2
2026-01-01 13:41:00,1767274860000,1767274919999,DOGE,1m,0.12089,0.1209,0.1209,0.12089,2909.0,2
2026-01-01 13:42:00,1767274920000,1767274979999,DOGE,1m,0.12094,0.12094,0.12094,0.12094,566.0,1
2026-01-01 13:43:00,1767274980000,1767275039999,DOGE,1m,0.12095,0.12094,0.12095,0.12094,3758.0,3
2026-01-01 13:44:00,1767275040000,1767275099999,DOGE,1m,0.12084,0.12084,0.12084,0.12084,2141.0,1
2026-01-01 13:45:00,1767275100000,1767275159999,DOGE,1m,0.12081,0.12078,0.12081,0.12078,80974.0,6
2026-01-01 13:46:00,1767275160000,1767275219999,DOGE,1m,0.12079,0.12079,0.12079,0.12079,175.0,1
2026-01-01 13:47:00,1767275220000,1767275279999,DOGE,1m,0.12088,0.12088,0.12088,0.12088,5206.0,1
2026-01-01 13:48:00,1767275280000,1767275339999,DOGE,1m,0.12093,0.12093,0.12093,0.12093,154.0,1
2026-01-01 13:49:00,1767275340000,1767275399999,DOGE,1m,0.12096,0.12097,0.12097,0.12096,12853.0,5
2026-01-01 13:50:00,1767275400000,1767275459999,DOGE,1m,0.12086,0.12085,0.12086,0.12085,398.0,3
2026-01-01 13:51:00,1767275460000,1767275519999,DOGE,1m,0.12087,0.12084,0.12087,0.12084,453.0,3
2026-01-01 13:52:00,1767275520000,1767275579999,DOGE,1m,0.12086,0.12086,0.12087,0.12086,423.0,3
2026-01-01 13:53:00,1767275580000,1767275639999,DOGE,1m,0.12085,0.12082,0.12085,0.12082,356.0,2
2026-01-01 13:54:00,1767275640000,1767275699999,DOGE,1m,0.12084,0.12084,0.12084,0.12084,3200.0,1
2026-01-01 13:55:00,1767275700000,1767275759999,DOGE,1m,0.12081,0.12082,0.12082,0.12081,362.0,2
2026-01-01 13:56:00,1767275760000,1767275819999,DOGE,1m,0.12079,0.12079,0.12079,0.12079,868.0,2
2026-01-01 13:57:00,1767275820000,1767275879999,DOGE,1m,0.12077,0.12077,0.12077,0.12077,261.0,2
2026-01-01 13:58:00,1767275880000,1767275939999,DOGE,1m,0.12077,0.12077,0.12077,0.12077,154.0,1
2026-01-01 13:59:00,1767275940000,1767275999999,DOGE,1m,0.12077,0.12077,0.12077,0.12077,146.0,1
2026-01-01 14:00:00,1767276000000,1767276059999,DOGE,1m,0.12074,0.1208,0.1208,0.12073,79875.0,10
2026-01-01 14:01:00,1767276060000,1767276119999,DOGE,1m,0.12075,0.12078,0.12078,0.12075,1452.0,3
2026-01-01 14:02:00,1767276120000,1767276179999,DOGE,1m,0.12081,0.12078,0.12081,0.12078,3123.0,3
2026-01-01 14:03:00,1767276180000,1767276239999,DOGE,1m,0.12077,0.1208,0.1208,0.12072,168245.0,8
2026-01-01 14:04:00,1767276240000,1767276299999,DOGE,1m,0.12081,0.12081,0.12081,0.12081,159.0,1
2026-01-01 14:05:00,1767276300000,1767276359999,DOGE,1m,0.12084,0.12082,0.12084,0.12082,612.0,2
2026-01-01 14:06:00,1767276360000,1767276419999,DOGE,1m,0.12082,0.12082,0.12082,0.12082,316.0,2
2026-01-01 14:07:00,1767276420000,1767276479999,DOGE,1m,0.12083,0.12081,0.12083,0.12081,440.0,3
2026-01-01 14:08:00,1767276480000,1767276539999,DOGE,1m,0.1208,0.1208,0.1208,0.1208,109.0,1
2026-01-01 14:09:00,1767276540000,1767276599999,DOGE,1m,0.12081,0.12084,0.12084,0.12081,7194.0,4
2026-01-01 14:10:00,1767276600000,1767276659999,DOGE,1m,0.12085,0.12095,0.12095,0.12085,11444.0,5
2026-01-01 14:11:00,1767276660000,1767276719999,DOGE,1m,0.12092,0.12092,0.12092,0.12092,83.0,1
2026-01-01 14:12:00,1767276720000,1767276779999,DOGE,1m,0.12098,0.12098,0.12098,0.12098,6933.0,3
2026-01-01 14:13:00,1767276780000,1767276839999,DOGE,1m,0.12094,0.12094,0.12094,0.12094,164.0,1
2026-01-01 14:14:00,1767276840000,1767276899999,DOGE,1m,0.12094,0.12094,0.12094,0.12094,0.0,0
2026-01-01 14:15:00,1767276900000,1767276959999,DOGE,1m,0.12094,0.1209,0.12094,0.1209,9518.0,2
2026-01-01 14:16:00,1767276960000,1767277019999,DOGE,1m,0.12088,0.12085,0.12088,0.12085,35197.0,3
2026-01-01 14:17:00,1767277020000,1767277079999,DOGE,1m,0.12089,0.12088,0.12089,0.12085,944.0,3
2026-01-01 14:18:00,1767277080000,1767277139999,DOGE,1m,0.12089,0.12085,0.12089,0.12085,4251.0,4
2026-01-01 14:19:00,1767277140000,1767277199999,DOGE,1m,0.12079,0.12079,0.12079,0.12079,868.0,1
2026-01-01 14:20:00,1767277200000,1767277259999,DOGE,1m,0.12077,0.12075,0.12077,0.12074,645.0,3
2026-01-01 14:21:00,1767277260000,1767277319999,DOGE,1m,0.12062,0.12061,0.12062,0.12061,1044.0,2
2026-01-01 14:22:00,1767277320000,1767277379999,DOGE,1m,0.12061,0.12061,0.12061,0.12061,0.0,0
2026-01-01 14:23:00,1767277380000,1767277439999,DOGE,1m,0.12064,0.12066,0.12066,0.12064,850.0,3
2026-01-01 14:24:00,1767277440000,1767277499999,DOGE,1m,0.12066,0.12066,0.12066,0.12066,0.0,0
2026-01-01 14:25:00,1767277500000,1767277559999,DOGE,1m,0.12055,0.12051,0.12055,0.12049,15949.0,7
2026-01-01 14:26:00,1767277560000,1767277619999,DOGE,1m,0.12046,0.12046,0.12046,0.12046,413.0,1
2026-01-01 14:27:00,1767277620000,1767277679999,DOGE,1m,0.12051,0.12051,0.12051,0.12051,645.0,1
2026-01-01 14:28:00,1767277680000,1767277739999,DOGE,1m,0.12043,0.12043,0.12043,0.12043,849.0,1
2026-01-01 14:29:00,1767277740000,1767277799999,DOGE,1m,0.12043,0.12033,0.12043,0.12032,4985.0,44
2026-01-01 14:30:00,1767277800000,1767277859999,DOGE,1m,0.12033,0.1203,0.12037,0.1203,57598.0,37
2026-01-01 14:31:00,1767277860000,1767277919999,DOGE,1m,0.12026,0.1203,0.1203,0.12026,1514.0,3
2026-01-01 14:32:00,1767277920000,1767277979999,DOGE,1m,0.1203,0.1203,0.1203,0.1203,0.0,0
2026-01-01 14:33:00,1767277980000,1767278039999,DOGE,1m,0.12032,0.1203,0.12033,0.12026,628.0,5
2026-01-01 14:34:00,1767278040000,1767278099999,DOGE,1m,0.12032,0.12032,0.12032,0.12032,128.0,1
2026-01-01 14:35:00,1767278100000,1767278159999,DOGE,1m,0.12045,0.12049,0.12049,0.12044,6535.0,3
2026-01-01 14:36:00,1767278160000,1767278219999,DOGE,1m,0.1205,0.12046,0.12053,0.12045,56321.0,9
2026-01-01 14:37:00,1767278220000,1767278279999,DOGE,1m,0.12043,0.12046,0.12046,0.12043,275.0,2
2026-01-01 14:38:00,1767278280000,1767278339999,DOGE,1m,0.12043,0.12043,0.12045,0.12043,11038.0,5
2026-01-01 14:39:00,1767278340000,1767278399999,DOGE,1m,0.12047,0.12047,0.12047,0.12047,229.0,1
2026-01-01 14:40:00,1767278400000,1767278459999,DOGE,1m,0.1205,0.12045,0.1205,0.12045,1024.0,3
2026-01-01 14:41:00,1767278460000,1767278519999,DOGE,1m,0.12043,0.12043,0.12043,0.12043,339.0,1
2026-01-01 14:42:00,1767278520000,1767278579999,DOGE,1m,0.12044,0.12044,0.12044,0.12044,136.0,1
2026-01-01 14:43:00,1767278580000,1767278639999,DOGE,1m,0.12042,0.12044,0.12044,0.12042,4218.0,4
2026-01-01 14:44:00,1767278640000,1767278699999,DOGE,1m,0.12044,0.12044,0.12044,0.12044,0.0,0
2026-01-01 14:45:00,1767278700000,1767278759999,DOGE,1m,0.1204,0.12039,0.1204,0.12039,4315.0,2
2026-01-01 14:46:00,1767278760000,1767278819999,DOGE,1m,0.12044,0.12038,0.12044,0.12038,3015.0,2
2026-01-01 14:47:00,1767278820000,1767278879999,DOGE,1m,0.12038,0.12038,0.12038,0.12038,132.0,1
2026-01-01 14:48:00,1767278880000,1767278939999,DOGE,1m,0.12038,0.12038,0.12038,0.12038,0.0,0
2026-01-01 14:49:00,1767278940000,1767278999999,DOGE,1m,0.12044,0.12053,0.12053,0.12044,67620.0,4
2026-01-01 14:50:00,1767279000000,1767279059999,DOGE,1m,0.12057,0.12078,0.12078,0.12057,10188.0,8
2026-01-01 14:51:00,1767279060000,1767279119999,DOGE,1m,0.12079,0.12088,0.12088,0.12079,2724.0,3
2026-01-01 14:52:00,1767279120000,1767279179999,DOGE,1m,0.12084,0.12082,0.12085,0.12082,10075.0,5
2026-01-01 14:53:00,1767279180000,1767279239999,DOGE,1m,0.1208,0.1208,0.1208,0.1208,17318.0,2
2026-01-01 14:54:00,1767279240000,1767279299999,DOGE,1m,0.12082,0.12083,0.12083,0.12082,17131.0,2
2026-01-01 14:55:00,1767279300000,1767279359999,DOGE,1m,0.1208,0.12072,0.1208,0.12072,83028.0,6
2026-01-01 14:56:00,1767279360000,1767279419999,DOGE,1m,0.1207,0.1207,0.1207,0.1207,272.0,1
2026-01-01 14:57:00,1767279420000,1767279479999,DOGE,1m,0.12068,0.12068,0.12068,0.12068,331.0,2
2026-01-01 14:58:00,1767279480000,1767279539999,DOGE,1m,0.12067,0.12069,0.12069,0.12067,416.0,3
2026-01-01 14:59:00,1767279540000,1767279599999,DOGE,1m,0.1207,0.12069,0.1207,0.12069,4307.0,4
2026-01-01 15:00:00,1767279600000,1767279659999,DOGE,1m,0.12071,0.12078,0.12079,0.12071,4319.0,4
2026-01-01 15:01:00,1767279660000,1767279719999,DOGE,1m,0.1208,0.12077,0.1208,0.12075,27718.0,8
2026-01-01 15:02:00,1767279720000,1767279779999,DOGE,1m,0.12077,0.12073,0.12077,0.12073,4350.0,2
2026-01-01 15:03:00,1767279780000,1767279839999,DOGE,1m,0.12073,0.12077,0.12077,0.12073,265.0,2
2026-01-01 15:04:00,1767279840000,1767279899999,DOGE,1m,0.12077,0.12077,0.12081,0.12074,29154.0,12
2026-01-01 15:05:00,1767279900000,1767279959999,DOGE,1m,0.12064,0.12064,0.12064,0.12064,5465.0,3
2026-01-01 15:06:00,1767279960000,1767280019999,DOGE,1m,0.12074,0.12074,0.12074,0.12074,568.0,1
2026-01-01 15:07:00,1767280020000,1767280079999,DOGE,1m,0.12077,0.12077,0.12077,0.12077,3157.0,3
2026-01-01 15:08:00,1767280080000,1767280139999,DOGE,1m,0.12078,0.12078,0.12078,0.12078,102.0,1
2026-01-01 15:09:00,1767280140000,1767280199999,DOGE,1m,0.12075,0.12069,0.12075,0.12069,709.0,3
2026-01-01 15:10:00,1767280200000,1767280259999,DOGE,1m,0.12069,0.12075,0.12075,0.12069,11336.0,2
2026-01-01 15:11:00,1767280260000,1767280319999,DOGE,1m,0.12076,0.12076,0.12076,0.12076,131.0,1
2026-01-01 15:12:00,1767280320000,1767280379999,DOGE,1m,0.12077,0.12078,0.12078,0.12077,628.0,3
2026-01-01 15:13:00,1767280380000,1767280439999,DOGE,1m,0.12077,0.12077,0.12077,0.12077,163.0,1
2026-01-01 15:14:00,1767280440000,1767280499999,DOGE,1m,0.12077,0.12077,0.12078,0.12077,700.0,5
2026-01-01 15:15:00,1767280500000,1767280559999,DOGE,1m,0.12077,0.1209,0.1209,0.12077,11339.0,7
2026-01-01 15:16:00,1767280560000,1767280619999,DOGE,1m,0.1209,0.12112,0.12112,0.1209,46741.0,12
2026-01-01 15:17:00,1767280620000,1767280679999,DOGE,1m,0.12112,0.12112,0.12112,0.12112,0.0,0
2026-01-01 15:18:00,1767280680000,1767280739999,DOGE,1m,0.12108,0.12105,0.12108,0.12105,1911.0,5
2026-01-01 15:19:00,1767280740000,1767280799999,DOGE,1m,0.12105,0.12093,0.12105,0.12093,3867.0,2
2026-01-01 15:20:00,1767280800000,1767280859999,DOGE,1m,0.12092,0.12094,0.12094,0.12092,255.0,2
2026-01-01 15:21:00,1767280860000,1767280919999,DOGE,1m,0.12092,0.12092,0.12092,0.12089,34538.0,6
2026-01-01 15:22:00,1767280920000,1767280979999,DOGE,1m,0.12094,0.12097,0.12097,0.12094,283.0,2
2026-01-01 15:23:00,1767280980000,1767281039999,DOGE,1m,0.12091,0.12091,0.12091,0.12091,152.0,1
2026-01-01 15:24:00,1767281040000,1767281099999,DOGE,1m,0.1209,0.1209,0.1209,0.1209,414.0,1
2026-01-01 15:25:00,1767281100000,1767281159999,DOGE,1m,0.12087,0.12084,0.12087,0.12082,33003.0,5
2026-01-01 15:26:00,1767281160000,1767281219999,DOGE,1m,0.12083,0.12091,0.12091,0.12083,36859.0,10
2026-01-01 15:27:00,1767281220000,1767281279999,DOGE,1m,0.12091,0.12091,0.12091,0.12091,27298.0,5
2026-01-01 15:28:00,1767281280000,1767281339999,DOGE,1m,0.12093,0.12093,0.12093,0.12093,414.0,1
2026-01-01 15:29:00,1767281340000,1767281399999,DOGE,1m,0.12097,0.12097,0.12097,0.12097,219.0,1
2026-01-01 15:30:00,1767281400000,1767281459999,DOGE,1m,0.12102,0.12106,0.12106,0.12102,984.0,2
2026-01-01 15:31:00,1767281460000,1767281519999,DOGE,1m,0.12107,0.12134,0.12134,0.12107,55115.0,10
2026-01-01 15:32:00,1767281520000,1767281579999,DOGE,1m,0.12135,0.12157,0.12162,0.12134,132414.0,20
2026-01-01 15:33:00,1767281580000,1767281639999,DOGE,1m,0.12144,0.12139,0.12144,0.12139,6886.0,6
2026-01-01 15:34:00,1767281640000,1767281699999,DOGE,1m,0.12137,0.12138,0.12138,0.12137,8265.0,2
2026-01-01 15:35:00,1767281700000,1767281759999,DOGE,1m,0.12135,0.12129,0.12135,0.12129,10087.0,4
2026-01-01 15:36:00,1767281760000,1767281819999,DOGE,1m,0.12133,0.12133,0.12133,0.12133,423.0,1
2026-01-01 15:37:00,1767281820000,1767281879999,DOGE,1m,0.12133,0.12133,0.12133,0.12133,0.0,0
2026-01-01 15:38:00,1767281880000,1767281939999,DOGE,1m,0.12141,0.12138,0.12144,0.12138,844.0,4
2026-01-01 15:39:00,1767281940000,1767281999999,DOGE,1m,0.12138,0.12134,0.12138,0.12134,470.0,3
2026-01-01 15:40:00,1767282000000,1767282059999,DOGE,1m,0.12141,0.12143,0.12143,0.12141,3258.0,3
2026-01-01 15:41:00,1767282060000,1767282119999,DOGE,1m,0.12144,0.12288,0.12324,0.12144,507130.0,105
2026-01-01 15:42:00,1767282120000,1767282179999,DOGE,1m,0.12286,0.1236,0.12389,0.12274,903120.0,104
2026-01-01 15:43:00,1767282180000,1767282239999,DOGE,1m,0.12352,0.12322,0.12352,0.12322,104332.0,22
2026-01-01 15:44:00,1767282240000,1767282299999,DOGE,1m,0.12321,0.12312,0.12321,0.12311,116635.0,24
2026-01-01 15:45:00,1767282300000,1767282359999,DOGE,1m,0.12317,0.12334,0.12334,0.12317,299247.0,46
2026-01-01 15:46:00,1767282360000,1767282419999,DOGE,1m,0.12335,0.12629,0.12629,0.12335,3192722.0,298
2026-01-01 15:47:00,1767282420000,1767282479999,DOGE,1m,0.12629,0.12435,0.12727,0.12424,3151641.0,285
2026-01-01 15:48:00,1767282480000,1767282539999,DOGE,1m,0.12432,0.12475,0.12483,0.12429,828946.0,61
2026-01-01 15:49:00,1767282540000,1767282599999,DOGE,1m,0.12473,0.12468,0.12473,0.12459,122617.0,13
2026-01-01 15:50:00,1767282600000,1767282659999,DOGE,1m,0.12463,0.12482,0.12482,0.12452,164482.0,19
2026-01-01 15:51:00,1767282660000,1767282719999,DOGE,1m,0.12475,0.12462,0.12475,0.12462,98357.0,170
2026-01-01 15:52:00,1767282720000,1767282779999,DOGE,1m,0.1246,0.12434,0.1246,0.12432,117485.0,32
2026-01-01 15:53:00,1767282780000,1767282839999,DOGE,1m,0.12432,0.12438,0.1244,0.12432,92265.0,15
2026-01-01 15:54:00,1767282840000,1767282899999,DOGE,1m,0.12433,0.12445,0.12445,0.1243,26510.0,8
2026-01-01 15:55:00,1767282900000,1767282959999,DOGE,1m,0.1245,0.1245,0.12454,0.12447,102065.0,6
2026-01-01 15:56:00,1767282960000,1767283019999,DOGE,1m,0.12443,0.12443,0.1245,0.12438,27954.0,10
2026-01-01 15:57:00,1767283020000,1767283079999,DOGE,1m,0.1245,0.12451,0.12451,0.1245,22568.0,4
2026-01-01 15:58:00,1767283080000,1767283139999,DOGE,1m,0.12458,0.1246,0.12462,0.12456,11400.0,6
2026-01-01 15:59:00,1767283140000,1767283199999,DOGE,1m,0.12457,0.1246,0.1246,0.12455,68481.0,11
2026-01-01 16:00:00,1767283200000,1767283259999,DOGE,1m,0.12464,0.12478,0.12488,0.12458,191353.0,42
2026-01-01 16:01:00,1767283260000,1767283319999,DOGE,1m,0.12478,0.12465,0.1248,0.12446,578529.0,45
2026-01-01 16:02:00,1767283320000,1767283379999,DOGE,1m,0.12472,0.12468,0.12496,0.12465,233138.0,26
2026-01-01 16:03:00,1767283380000,1767283439999,DOGE,1m,0.12459,0.12479,0.1249,0.12449,96972.0,14
2026-01-01 16:04:00,1767283440000,1767283499999,DOGE,1m,0.12472,0.12478,0.12522,0.12464,208885.0,43
2026-01-01 16:05:00,1767283500000,1767283559999,DOGE,1m,0.12476,0.12434,0.1248,0.12434,208555.0,26
2026-01-01 16:06:00,1767283560000,1767283619999,DOGE,1m,0.12421,0.12492,0.12495,0.1242,113744.0,16
2026-01-01 16:07:00,1767283620000,1767283679999,DOGE,1m,0.12494,0.12498,0.12498,0.12471,182318.0,23
2026-01-01 16:08:00,1767283680000,1767283739999,DOGE,1m,0.12493,0.12478,0.12495,0.12478,83042.0,12
2026-01-01 16:09:00,1767283740000,1767283799999,DOGE,1m,0.12477,0.12479,0.12487,0.12476,91824.0,13
2026-01-01 16:10:00,1767283800000,1767283859999,DOGE,1m,0.12468,0.12473,0.12473,0.12467,406511.0,13
2026-01-01 16:11:00,1767283860000,1767283919999,DOGE,1m,0.1247,0.12457,0.1247,0.12454,1325123.0,21
2026-01-01 16:12:00,1767283920000,1767283979999,DOGE,1m,0.12447,0.12474,0.12477,0.12446,61860.0,15
2026-01-01 16:13:00,1767283980000,1767284039999,DOGE,1m,0.12474,0.12485,0.12485,0.12474,100952.0,13
2026-01-01 16:14:00,1767284040000,1767284099999,DOGE,1m,0.12484,0.12505,0.1251,0.12481,178571.0,24
2026-01-01 16:15:00,1767284100000,1767284159999,DOGE,1m,0.12505,0.12516,0.12516,0.12504,155078.0,15
2026-01-01 16:16:00,1767284160000,1767284219999,DOGE,1m,0.12509,0.12538,0.12545,0.12491,17557.0,9
2026-01-01 16:17:00,1767284220000,1767284279999,DOGE,1m,0.12529,0.12528,0.12532,0.12528,415700.0,12
2026-01-01 16:18:00,1767284280000,1767284339999,DOGE,1m,0.12512,0.12494,0.12512,0.12494,92425.0,8
2026-01-01 16:19:00,1767284340000,1767284399999,DOGE,1m,0.12488,0.12483,0.12488,0.12483,24860.0,8
2026-01-01 16:20:00,1767284400000,1767284459999,DOGE,1m,0.1248,0.12452,0.1248,0.12448,5407.0,3
2026-01-01 16:21:00,1767284460000,1767284519999,DOGE,1m,0.12453,0.12426,0.12453,0.12424,43878.0,16
2026-01-01 16:22:00,1767284520000,1767284579999,DOGE,1m,0.12424,0.12421,0.12429,0.12415,126794.0,20
2026-01-01 16:23:00,1767284580000,1767284639999,DOGE,1m,0.1243,0.12429,0.1243,0.12428,3404.0,4
2026-01-01 16:24:00,1767284640000,1767284699999,DOGE,1m,0.12426,0.12425,0.1243,0.12425,22930.0,10
2026-01-01 16:25:00,1767284700000,1767284759999,DOGE,1m,0.12425,0.12426,0.12426,0.12424,36162.0,5
2026-01-01 16:26:00,1767284760000,1767284819999,DOGE,1m,0.12433,0.12438,0.12438,0.12432,60975.0,8
2026-01-01 16:27:00,1767284820000,1767284879999,DOGE,1m,0.12436,0.1243,0.12438,0.12423,58118.0,8
2026-01-01 16:28:00,1767284880000,1767284939999,DOGE,1m,0.12437,0.12442,0.12442,0.12432,412692.0,14
2026-01-01 16:29:00,1767284940000,1767284999999,DOGE,1m,0.12455,0.12465,0.12465,0.12455,55478.0,10
2026-01-01 16:30:00,1767285000000,1767285059999,DOGE,1m,0.1247,0.12464,0.12472,0.12458,78883.0,16
2026-01-01 16:31:00,1767285060000,1767285119999,DOGE,1m,0.12465,0.12495,0.12498,0.12465,230832.0,25
2026-01-01 16:32:00,1767285120000,1767285179999,DOGE,1m,0.12486,0.12485,0.12486,0.12479,74029.0,16
2026-01-01 16:33:00,1767285180000,1767285239999,DOGE,1m,0.12472,0.12463,0.12472,0.12462,60661.0,7
2026-01-01 16:34:00,1767285240000,1767285299999,DOGE,1m,0.12474,0.12461,0.12474,0.12461,57282.0,9
2026-01-01 16:35:00,1767285300000,1767285359999,DOGE,1m,0.12467,0.12469,0.12474,0.12467,56263.0,7
2026-01-01 16:36:00,1767285360000,1767285419999,DOGE,1m,0.12464,0.12463,0.12468,0.12463,65339.0,10
2026-01-01 16:37:00,1767285420000,1767285479999,DOGE,1m,0.12458,0.12444,0.12464,0.12444,55165.0,6
2026-01-01 16:38:00,1767285480000,1767285539999,DOGE,1m,0.1243,0.12432,0.12433,0.12426,89719.0,14
2026-01-01 16:39:00,1767285540000,1767285599999,DOGE,1m,0.12434,0.12428,0.12436,0.12428,67363.0,16
2026-01-01 16:40:00,1767285600000,1767285659999,DOGE,1m,0.12427,0.12409,0.12427,0.12409,51998.0,10
2026-01-01 16:41:00,1767285660000,1767285719999,DOGE,1m,0.12412,0.1241,0.12414,0.12408,3719.0,9
2026-01-01 16:42:00,1767285720000,1767285779999,DOGE,1m,0.12412,0.12384,0.12412,0.12384,71634.0,12
2026-01-01 16:43:00,1767285780000,1767285839999,DOGE,1m,0.12377,0.1236,0.12377,0.1236,153273.0,22
2026-01-01 16:44:00,1767285840000,1767285899999,DOGE,1m,0.12375,0.12369,0.12375,0.12369,8659.0,4
2026-01-01 16:45:00,1767285900000,1767285959999,DOGE,1m,0.12384,0.12384,0.12384,0.12384,2809.0,1
2026-01-01 16:46:00,1767285960000,1767286019999,DOGE,1m,0.12382,0.12395,0.12395,0.12382,86041.0,10
2026-01-01 16:47:00,1767286020000,1767286079999,DOGE,1m,0.12398,0.12421,0.12423,0.1239,54560.0,14
2026-01-01 16:48:00,1767286080000,1767286139999,DOGE,1m,0.12422,0.12418,0.12427,0.12418,25327.0,13
2026-01-01 16:49:00,1767286140000,1767286199999,DOGE,1m,0.12421,0.12435,0.12435,0.12421,83995.0,12
2026-01-01 16:50:00,1767286200000,1767286259999,DOGE,1m,0.12416,0.12417,0.12418,0.12412,29123.0,5
2026-01-01 16:51:00,1767286260000,1767286319999,DOGE,1m,0.12414,0.1241,0.12414,0.1241,10754.0,12
2026-01-01 16:52:00,1767286320000,1767286379999,DOGE,1m,0.12414,0.12414,0.12414,0.12414,811.0,2
2026-01-01 16:53:00,1767286380000,1767286439999,DOGE,1m,0.12401,0.12403,0.12403,0.12398,5018.0,6
2026-01-01 16:54:00,1767286440000,1767286499999,DOGE,1m,0.12401,0.12422,0.12423,0.12401,333125.0,22
2026-01-01 16:55:00,1767286500000,1767286559999,DOGE,1m,0.12416,0.12416,0.12417,0.12415,7569.0,5
2026-01-01 16:56:00,1767286560000,1767286619999,DOGE,1m,0.12418,0.12422,0.12422,0.12418,1209.0,3
2026-01-01 16:57:00,1767286620000,1767286679999,DOGE,1m,0.12419,0.12418,0.12419,0.12418,2052.0,2
2026-01-01 16:58:00,1767286680000,1767286739999,DOGE,1m,0.12419,0.12418,0.12419,0.12418,1329.0,2
2026-01-01 16:59:00,1767286740000,1767286799999,DOGE,1m,0.12429,0.12435,0.12435,0.12429,5622.0,3
2026-01-01 17:00:00,1767286800000,1767286859999,DOGE,1m,0.12435,0.1243,0.12435,0.1243,24855.0,5
2026-01-01 17:01:00,1767286860000,1767286919999,DOGE,1m,0.12434,0.12436,0.12436,0.12428,44985.0,12
2026-01-01 17:02:00,1767286920000,1767286979999,DOGE,1m,0.12437,0.12435,0.12437,0.12435,50631.0,6
2026-01-01 17:03:00,1767286980000,1767287039999,DOGE,1m,0.12435,0.12435,0.12435,0.12435,0.0,0
2026-01-01 17:04:00,1767287040000,1767287099999,DOGE,1m,0.12431,0.12435,0.12435,0.12431,260.0,2
2026-01-01 17:05:00,1767287100000,1767287159999,DOGE,1m,0.12442,0.12438,0.12461,0.12438,13655.0,9
2026-01-01 17:06:00,1767287160000,1767287219999,DOGE,1m,0.12438,0.12428,0.12438,0.12428,10594.0,4
2026-01-01 17:07:00,1767287220000,1767287279999,DOGE,1m,0.12427,0.1243,0.1243,0.12427,924.0,2
2026-01-01 17:08:00,1767287280000,1767287339999,DOGE,1m,0.12435,0.12438,0.12442,0.12435,16728.0,7
2026-01-01 17:09:00,1767287340000,1767287399999,DOGE,1m,0.12439,0.12434,0.12439,0.12434,6736.0,6
2026-01-01 17:10:00,1767287400000,1767287459999,DOGE,1m,0.12436,0.12436,0.12436,0.12436,1017.0,2
2026-01-01 17:11:00,1767287460000,1767287519999,DOGE,1m,0.12431,0.12431,0.12431,0.12431,354.0,1
2026-01-01 17:12:00,1767287520000,1767287579999,DOGE,1m,0.12445,0.12445,0.12445,0.12445,7686.0,2
2026-01-01 17:13:00,1767287580000,1767287639999,DOGE,1m,0.12449,0.12454,0.12454,0.12449,44809.0,6
2026-01-01 17:14:00,1767287640000,1767287699999,DOGE,1m,0.12446,0.12448,0.12449,0.12446,39171.0,5
2026-01-01 17:15:00,1767287700000,1767287759999,DOGE,1m,0.12457,0.12446,0.12457,0.12446,12708.0,6
2026-01-01 17:16:00,1767287760000,1767287819999,DOGE,1m,0.12446,0.12449,0.12449,0.12446,9034.0,4
2026-01-01 17:17:00,1767287820000,1767287879999,DOGE,1m,0.12451,0.1245,0.1246,0.1245,3970.0,7
2026-01-01 17:18:00,1767287880000,1767287939999,DOGE,1m,0.1245,0.1245,0.1245,0.1245,0.0,0
2026-01-01 17:19:00,1767287940000,1767287999999,DOGE,1m,0.12454,0.12444,0.12454,0.12444,4528.0,4
2026-01-01 17:20:00,1767288000000,1767288059999,DOGE,1m,0.12445,0.12462,0.12462,0.12445,30160.0,10
2026-01-01 17:21:00,1767288060000,1767288119999,DOGE,1m,0.12466,0.12461,0.12474,0.12461,14562.0,8
2026-01-01 17:22:00,1767288120000,1767288179999,DOGE,1m,0.12459,0.12475,0.12482,0.12459,49427.0,11
2026-01-01 17:23:00,1767288180000,1767288239999,DOGE,1m,0.12479,0.12481,0.12481,0.12479,2219.0,3
2026-01-01 17:24:00,1767288240000,1767288299999,DOGE,1m,0.12462,0.12465,0.12465,0.12462,3083.0,3
2026-01-01 17:25:00,1767288300000,1767288359999,DOGE,1m,0.12464,0.12465,0.12471,0.12464,4229.0,8
2026-01-01 17:26:00,1767288360000,1767288419999,DOGE,1m,0.1246,0.12458,0.1246,0.12458,4065.0,3
2026-01-01 17:27:00,1767288420000,1767288479999,DOGE,1m,0.12477,0.12473,0.12479,0.1247,25650.0,6
2026-01-01 17:28:00,1767288480000,1767288539999,DOGE,1m,0.12477,0.12477,0.12477,0.12477,742.0,2
2026-01-01 17:29:00,1767288540000,1767288599999,DOGE,1m,0.12474,0.12477,0.12477,0.12474,12228.0,4
2026-01-01 17:30:00,1767288600000,1767288659999,DOGE,1m,0.1248,0.12512,0.12526,0.1248,315230.0,29
2026-01-01 17:31:00,1767288660000,1767288719999,DOGE,1m,0.12509,0.1251,0.12518,0.12503,49883.0,55
2026-01-01 17:32:00,1767288720000,1767288779999,DOGE,1m,0.12508,0.12498,0.12508,0.12496,7652.0,24
2026-01-01 17:33:00,1767288780000,1767288839999,DOGE,1m,0.12497,0.12495,0.12497,0.12486,85604.0,17
2026-01-01 17:34:00,1767288840000,1767288899999,DOGE,1m,0.12492,0.12488,0.12492,0.12488,41256.0,2
2026-01-01 17:35:00,1767288900000,1767288959999,DOGE,1m,0.12488,0.12488,0.12488,0.12488,0.0,0
2026-01-01 17:36:00,1767288960000,1767289019999,DOGE,1m,0.12493,0.12494,0.12494,0.12493,48530.0,4
2026-01-01 17:37:00,1767289020000,1767289079999,DOGE,1m,0.12498,0.12498,0.12498,0.12498,262.0,2
2026-01-01 17:38:00,1767289080000,1767289139999,DOGE,1m,0.12487,0.12512,0.12513,0.12487,19938.0,9
2026-01-01 17:39:00,1767289140000,1767289199999,DOGE,1m,0.12507,0.12507,0.12507,0.12507,147.0,1
2026-01-01 17:40:00,1767289200000,1767289259999,DOGE,1m,0.12519,0.12517,0.12528,0.12517,12197.0,5
2026-01-01 17:41:00,1767289260000,1767289319999,DOGE,1m,0.12525,0.12525,0.12525,0.12525,347.0,1
2026-01-01 17:42:00,1767289320000,1767289379999,DOGE,1m,0.12515,0.12522,0.12522,0.12515,272.0,2
2026-01-01 17:43:00,1767289380000,1767289439999,DOGE,1m,0.12521,0.12514,0.12524,0.12512,106150.0,9
2026-01-01 17:44:00,1767289440000,1767289499999,DOGE,1m,0.12514,0.12514,0.12514,0.12514,0.0,0
2026-01-01 17:45:00,1767289500000,1767289559999,DOGE,1m,0.12523,0.1252,0.12543,0.1252,54029.0,19
2026-01-01 17:46:00,1767289560000,1767289619999,DOGE,1m,0.12526,0.12502,0.12526,0.12498,64240.0,12
2026-01-01 17:47:00,1767289620000,1767289679999,DOGE,1m,0.12502,0.12487,0.12502,0.12487,343129.0,7
2026-01-01 17:48:00,1767289680000,1767289739999,DOGE,1m,0.125,0.125,0.125,0.125,121.0,1
2026-01-01 17:49:00,1767289740000,1767289799999,DOGE,1m,0.12506,0.12503,0.12509,0.12503,6826.0,9
2026-01-01 17:50:00,1767289800000,1767289859999,DOGE,1m,0.12489,0.12489,0.12489,0.12489,840.0,1
2026-01-01 17:51:00,1767289860000,1767289919999,DOGE,1m,0.12501,0.12501,0.12501,0.12501,260.0,1
2026-01-01 17:52:00,1767289920000,1767289979999,DOGE,1m,0.12498,0.12495,0.12498,0.12495,3802.0,2
2026-01-01 17:53:00,1767289980000,1767290039999,DOGE,1m,0.12496,0.12495,0.12499,0.12495,3912.0,4
2026-01-01 17:54:00,1767290040000,1767290099999,DOGE,1m,0.12496,0.12476,0.12496,0.12476,8981.0,5
2026-01-01 17:55:00,1767290100000,1767290159999,DOGE,1m,0.12483,0.12483,0.12483,0.12483,500.0,1
2026-01-01 17:56:00,1767290160000,1767290219999,DOGE,1m,0.12487,0.12474,0.12487,0.12474,8480.0,3
2026-01-01 17:57:00,1767290220000,1767290279999,DOGE,1m,0.1247,0.12465,0.12471,0.12465,1799.0,5
2026-01-01 17:58:00,1767290280000,1767290339999,DOGE,1m,0.12476,0.12475,0.12476,0.12475,7189.0,2
2026-01-01 17:59:00,1767290340000,1767290399999,DOGE,1m,0.12482,0.12485,0.12486,0.12482,7516.0,4
2026-01-01 18:00:00,1767290400000,1767290459999,DOGE,1m,0.12486,0.12505,0.1252,0.12486,269771.0,14
2026-01-01 18:01:00,1767290460000,1767290519999,DOGE,1m,0.12504,0.12513,0.12513,0.125,1702.0,6
2026-01-01 18:02:00,1767290520000,1767290579999,DOGE,1m,0.12523,0.1252,0.12523,0.1252,6707.0,4
2026-01-01 18:03:00,1767290580000,1767290639999,DOGE,1m,0.12512,0.12487,0.12512,0.12487,7612.0,3
2026-01-01 18:04:00,1767290640000,1767290699999,DOGE,1m,0.12489,0.1249,0.1249,0.12489,7296.0,2
2026-01-01 18:05:00,1767290700000,1767290759999,DOGE,1m,0.12497,0.12496,0.12497,0.12496,6876.0,3
2026-01-01 18:06:00,1767290760000,1767290819999,DOGE,1m,0.12483,0.1249,0.1249,0.12466,54561.0,9
2026-01-01 18:07:00,1767290820000,1767290879999,DOGE,1m,0.12494,0.12474,0.12494,0.12473,24893.0,3
2026-01-01 18:08:00,1767290880000,1767290939999,DOGE,1m,0.12483,0.12475,0.12483,0.12475,88404.0,12
2026-01-01 18:09:00,1767290940000,1767290999999,DOGE,1m,0.1248,0.12482,0.12484,0.1248,25854.0,5
2026-01-01 18:10:00,1767291000000,1767291059999,DOGE,1m,0.12477,0.12477,0.12477,0.12477,27983.0,5
2026-01-01 18:11:00,1767291060000,1767291119999,DOGE,1m,0.12477,0.12478,0.12478,0.12477,8435.0,2
2026-01-01 18:12:00,1767291120000,1767291179999,DOGE,1m,0.12478,0.12481,0.12481,0.12475,95015.0,15
2026-01-01 18:13:00,1767291180000,1767291239999,DOGE,1m,0.1248,0.1248,0.1248,0.1248,6841.0,1
2026-01-01 18:14:00,1767291240000,1767291299999,DOGE,1m,0.12478,0.12473,0.12478,0.12473,3490.0,3
2026-01-01 18:15:00,1767291300000,1767291359999,DOGE,1m,0.12455,0.12455,0.12455,0.12455,842.0,1
2026-01-01 18:16:00,1767291360000,1767291419999,DOGE,1m,0.12462,0.12462,0.12462,0.12462,500.0,1
2026-01-01 18:17:00,1767291420000,1767291479999,DOGE,1m,0.12465,0.12461,0.12476,0.12461,28918.0,7
2026-01-01 18:18:00,1767291480000,1767291539999,DOGE,1m,0.12469,0.12469,0.12469,0.12469,460.0,1
2026-01-01 18:19:00,1767291540000,1767291599999,DOGE,1m,0.12475,0.12475,0.12475,0.12475,7412.0,3
2026-01-01 18:20:00,1767291600000,1767291659999,DOGE,1m,0.12472,0.12475,0.12475,0.12472,1029.0,7
2026-01-01 18:21:00,1767291660000,1767291719999,DOGE,1m,0.12477,0.12477,0.12477,0.12477,191.0,1
2026-01-01 18:22:00,1767291720000,1767291779999,DOGE,1m,0.12485,0.12486,0.12493,0.12485,26042.0,7
2026-01-01 18:23:00,1767291780000,1767291839999,DOGE,1m,0.12488,0.12498,0.12498,0.12486,6387.0,3
2026-01-01 18:24:00,1767291840000,1767291899999,DOGE,1m,0.12476,0.12476,0.12476,0.12476,145.0,1
2026-01-01 18:25:00,1767291900000,1767291959999,DOGE,1m,0.12489,0.12484,0.12489,0.12484,818.0,2
2026-01-01 18:26:00,1767291960000,1767292019999,DOGE,1m,0.12484,0.12484,0.12484,0.12484,0.0,0
2026-01-01 18:27:00,1767292020000,1767292079999,DOGE,1m,0.12479,0.12474,0.12479,0.12473,488818.0,19
2026-01-01 18:28:00,1767292080000,1767292139999,DOGE,1m,0.12463,0.12458,0.12463,0.12458,292.0,2
2026-01-01 18:29:00,1767292140000,1767292199999,DOGE,1m,0.12459,0.12459,0.12459,0.12459,420.0,2
2026-01-01 18:30:00,1767292200000,1767292259999,DOGE,1m,0.12467,0.12467,0.12467,0.12467,140.0,1
2026-01-01 18:31:00,1767292260000,1767292319999,DOGE,1m,0.1247,0.12459,0.12477,0.12459,19495.0,9
2026-01-01 18:32:00,1767292320000,1767292379999,DOGE,1m,0.12463,0.12463,0.12463,0.12463,250.0,1
2026-01-01 18:33:00,1767292380000,1767292439999,DOGE,1m,0.12461,0.12461,0.12461,0.12461,142.0,1
2026-01-01 18:34:00,1767292440000,1767292499999,DOGE,1m,0.12469,0.12469,0.12469,0.12469,562.0,1
2026-01-01 18:35:00,1767292500000,1767292559999,DOGE,1m,0.12471,0.12471,0.12471,0.12471,6251.0,1
2026-01-01 18:36:00,1767292560000,1767292619999,DOGE,1m,0.12477,0.12476,0.12477,0.12476,7839.0,3
2026-01-01 18:37:00,1767292620000,1767292679999,DOGE,1m,0.12466,0.12463,0.12466,0.12463,7515.0,4
2026-01-01 18:38:00,1767292680000,1767292739999,DOGE,1m,0.12459,0.12458,0.12459,0.12458,35094.0,3
2026-01-01 18:39:00,1767292740000,1767292799999,DOGE,1m,0.12458,0.12448,0.12458,0.12448,6645.0,3
2026-01-01 18:40:00,1767292800000,1767292859999,DOGE,1m,0.12448,0.12448,0.12448,0.12448,1865.0,1
2026-01-01 18:41:00,1767292860000,1767292919999,DOGE,1m,0.12457,0.12457,0.12457,0.12457,127.0,1
2026-01-01 18:42:00,1767292920000,1767292979999,DOGE,1m,0.12459,0.12459,0.12459,0.12459,153.0,1
2026-01-01 18:43:00,1767292980000,1767293039999,DOGE,1m,0.12462,0.12465,0.12465,0.12462,11798.0,3
2026-01-01 18:44:00,1767293040000,1767293099999,DOGE,1m,0.12468,0.12471,0.12471,0.12467,18527.0,8
2026-01-01 18:45:00,1767293100000,1767293159999,DOGE,1m,0.12473,0.12485,0.12487,0.12473,11675.0,7
2026-01-01 18:46:00,1767293160000,1767293219999,DOGE,1m,0.12481,0.12481,0.12481,0.12481,21397.0,1
2026-01-01 18:47:00,1767293220000,1767293279999,DOGE,1m,0.12476,0.12479,0.12479,0.12476,25185.0,4
2026-01-01 18:48:00,1767293280000,1767293339999,DOGE,1m,0.12476,0.12476,0.12476,0.12476,1360.0,1
2026-01-01 18:49:00,1767293340000,1767293399999,DOGE,1m,0.12476,0.12476,0.12476,0.12476,0.0,0
2026-01-01 18:50:00,1767293400000,1767293459999,DOGE,1m,0.12479,0.12479,0.12479,0.12479,4721.0,6
2026-01-01 18:51:00,1767293460000,1767293519999,DOGE,1m,0.12482,0.12482,0.12482,0.12482,1520.0,4
2026-01-01 18:52:00,1767293520000,1767293579999,DOGE,1m,0.12478,0.12478,0.12478,0.12478,2630.0,4
2026-01-01 18:53:00,1767293580000,1767293639999,DOGE,1m,0.12477,0.12483,0.12483,0.12477,13264.0,3
2026-01-01 18:54:00,1767293640000,1767293699999,DOGE,1m,0.12477,0.12477,0.12477,0.12477,185.0,1
2026-01-01 18:55:00,1767293700000,1767293759999,DOGE,1m,0.12477,0.12478,0.12478,0.12477,455.0,2
2026-01-01 18:56:00,1767293760000,1767293819999,DOGE,1m,0.1248,0.12468,0.1248,0.12468,1301.0,2
2026-01-01 18:57:00,1767293820000,1767293879999,DOGE,1m,0.12462,0.12461,0.12462,0.12461,609.0,3
2026-01-01 18:58:00,1767293880000,1767293939999,DOGE,1m,0.12459,0.12459,0.12459,0.12459,154.0,1
2026-01-01 18:59:00,1767293940000,1767293999999,DOGE,1m,0.12465,0.12471,0.12471,0.12465,1099.0,4
2026-01-01 19:00:00,1767294000000,1767294059999,DOGE,1m,0.12478,0.12476,0.1248,0.12476,13556.0,4
2026-01-01 19:01:00,1767294060000,1767294119999,DOGE,1m,0.12471,0.12494,0.12494,0.12468,9622.0,7
2026-01-01 19:02:00,1767294120000,1767294179999,DOGE,1m,0.12499,0.12499,0.12499,0.12499,265.0,1
2026-01-01 19:03:00,1767294180000,1767294239999,DOGE,1m,0.12507,0.12512,0.12513,0.12507,6770.0,3
2026-01-01 19:04:00,1767294240000,1767294299999,DOGE,1m,0.12513,0.12517,0.12517,0.12513,236.0,2
2026-01-01 19:05:00,1767294300000,1767294359999,DOGE,1m,0.12514,0.12514,0.12514,0.12514,293.0,1
2026-01-01 19:06:00,1767294360000,1767294419999,DOGE,1m,0.12516,0.12513,0.12516,0.12509,14909.0,9
2026-01-01 19:07:00,1767294420000,1767294479999,DOGE,1m,0.12518,0.12519,0.12519,0.12518,25084.0,3
2026-01-01 19:08:00,1767294480000,1767294539999,DOGE,1m,0.12525,0.12519,0.12525,0.12519,30355.0,9
2026-01-01 19:09:00,1767294540000,1767294599999,DOGE,1m,0.12518,0.12516,0.12518,0.12516,1599316.0,17
2026-01-01 19:10:00,1767294600000,1767294659999,DOGE,1m,0.12517,0.12518,0.12518,0.12516,41030.0,5
2026-01-01 19:11:00,1767294660000,1767294719999,DOGE,1m,0.12518,0.1252,0.1252,0.12518,275.0,2
2026-01-01 19:12:00,1767294720000,1767294779999,DOGE,1m,0.12519,0.12518,0.12519,0.12518,264.0,2
2026-01-01 19:13:00,1767294780000,1767294839999,DOGE,1m,0.12519,0.12514,0.12519,0.12514,8170.0,7
2026-01-01 19:14:00,1767294840000,1767294899999,DOGE,1m,0.12512,0.12512,0.12512,0.12512,2000.0,1
2026-01-01 19:15:00,1767294900000,1767294959999,DOGE,1m,0.12521,0.12511,0.12526,0.1251,4542.0,8
2026-01-01 19:16:00,1767294960000,1767295019999,DOGE,1m,0.12511,0.12511,0.12511,0.12511,0.0,0
2026-01-01 19:17:00,1767295020000,1767295079999,DOGE,1m,0.12517,0.12517,0.12517,0.12517,1145.0,2
2026-01-01 19:18:00,1767295080000,1767295139999,DOGE,1m,0.12519,0.12525,0.12525,0.12518,40616.0,6
2026-01-01 19:19:00,1767295140000,1767295199999,DOGE,1m,0.12528,0.12532,0.12532,0.12528,1111.0,2
2026-01-01 19:20:00,1767295200000,1767295259999,DOGE,1m,0.12522,0.12518,0.12522,0.12517,1465.0,3
2026-01-01 19:21:00,1767295260000,1767295319999,DOGE,1m,0.12522,0.12523,0.12523,0.12522,5551.0,2
2026-01-01 19:22:00,1767295320000,1767295379999,DOGE,1m,0.12521,0.12521,0.12521,0.12521,1603.0,1
2026-01-01 19:23:00,1767295380000,1767295439999,DOGE,1m,0.12524,0.12524,0.12524,0.12524,3044.0,1
2026-01-01 19:24:00,1767295440000,1767295499999,DOGE,1m,0.12519,0.12519,0.1252,0.12519,505.0,3
2026-01-01 19:25:00,1767295500000,1767295559999,DOGE,1m,0.12519,0.12517,0.12519,0.12517,12058.0,2
2026-01-01 19:26:00,1767295560000,1767295619999,DOGE,1m,0.12517,0.12516,0.12517,0.12516,960.0,3
2026-01-01 19:27:00,1767295620000,1767295679999,DOGE,1m,0.12515,0.12515,0.12515,0.12515,10848.0,1
2026-01-01 19:28:00,1767295680000,1767295739999,DOGE,1m,0.12522,0.12521,0.12522,0.12521,389.0,2
2026-01-01 19:29:00,1767295740000,1767295799999,DOGE,1m,0.1252,0.12519,0.1252,0.12519,463.0,2
2026-01-01 19:30:00,1767295800000,1767295859999,DOGE,1m,0.12516,0.12519,0.1252,0.12516,7794.0,5
2026-01-01 19:31:00,1767295860000,1767295919999,DOGE,1m,0.12514,0.12514,0.12514,0.12514,799.0,1
2026-01-01 19:32:00,1767295920000,1767295979999,DOGE,1m,0.12515,0.12506,0.12515,0.12506,11998.0,6
2026-01-01 19:33:00,1767295980000,1767296039999,DOGE,1m,0.12513,0.12514,0.12515,0.12513,47987.0,5
2026-01-01 19:34:00,1767296040000,1767296099999,DOGE,1m,0.12514,0.12514,0.12514,0.12514,0.0,0
2026-01-01 19:35:00,1767296100000,1767296159999,DOGE,1m,0.12508,0.12508,0.12508,0.12508,192.0,1
2026-01-01 19:36:00,1767296160000,1767296219999,DOGE,1m,0.1252,0.1252,0.12523,0.12519,1684254.0,18
2026-01-01 19:37:00,1767296220000,1767296279999,DOGE,1m,0.1253,0.12522,0.1253,0.12522,737.0,3
2026-01-01 19:38:00,1767296280000,1767296339999,DOGE,1m,0.12522,0.12532,0.12532,0.12522,1029.0,2
2026-01-01 19:39:00,1767296340000,1767296399999,DOGE,1m,0.12537,0.12569,0.12569,0.12537,42270.0,11
2026-01-01 19:40:00,1767296400000,1767296459999,DOGE,1m,0.1257,0.12566,0.12575,0.12565,504300.0,24
2026-01-01 19:41:00,1767296460000,1767296519999,DOGE,1m,0.12563,0.12572,0.12572,0.12563,2638.0,3
2026-01-01 19:42:00,1767296520000,1767296579999,DOGE,1m,0.12563,0.12563,0.12563,0.12563,796.0,1
2026-01-01 19:43:00,1767296580000,1767296639999,DOGE,1m,0.12568,0.12557,0.12568,0.12557,632.0,4
2026-01-01 19:44:00,1767296640000,1767296699999,DOGE,1m,0.12565,0.12564,0.12565,0.12564,260.0,2
2026-01-01 19:45:00,1767296700000,1767296759999,DOGE,1m,0.12563,0.12563,0.12563,0.12563,8202.0,4
2026-01-01 19:46:00,1767296760000,1767296819999,DOGE,1m,0.12562,0.12549,0.12562,0.12549,4121.0,4
2026-01-01 19:47:00,1767296820000,1767296879999,DOGE,1m,0.12555,0.12555,0.12555,0.12555,1004.0,1
2026-01-01 19:48:00,1767296880000,1767296939999,DOGE,1m,0.12556,0.12556,0.12556,0.12556,691.0,1
2026-01-01 19:49:00,1767296940000,1767296999999,DOGE,1m,0.12559,0.12559,0.12559,0.12559,135.0,1
2026-01-01 19:50:00,1767297000000,1767297059999,DOGE,1m,0.1257,0.12574,0.12574,0.1257,918.0,2
2026-01-01 19:51:00,1767297060000,1767297119999,DOGE,1m,0.12577,0.12579,0.12583,0.12577,19313.0,14
2026-01-01 19:52:00,1767297120000,1767297179999,DOGE,1m,0.12571,0.12566,0.12571,0.12566,1195.0,2
2026-01-01 19:53:00,1767297180000,1767297239999,DOGE,1m,0.12559,0.12563,0.12563,0.12559,1358.0,2
2026-01-01 19:54:00,1767297240000,1767297299999,DOGE,1m,0.12564,0.12566,0.12566,0.12564,1339.0,3
2026-01-01 19:55:00,1767297300000,1767297359999,DOGE,1m,0.12571,0.12572,0.12572,0.12571,306.0,2
2026-01-01 19:56:00,1767297360000,1767297419999,DOGE,1m,0.1257,0.12569,0.1257,0.12569,1946.0,4
2026-01-01 19:57:00,1767297420000,1767297479999,DOGE,1m,0.12569,0.12569,0.12569,0.12569,0.0,0
2026-01-01 19:58:00,1767297480000,1767297539999,DOGE,1m,0.12575,0.12578,0.12578,0.12575,407.0,2
2026-01-01 19:59:00,1767297540000,1767297599999,DOGE,1m,0.12572,0.12572,0.12572,0.12572,900.0,1
2026-01-01 20:00:00,1767297600000,1767297659999,DOGE,1m,0.12588,0.12586,0.12602,0.12586,201224.0,12
2026-01-01 20:01:00,1767297660000,1767297719999,DOGE,1m,0.12586,0.12623,0.12628,0.12586,33633.0,12
2026-01-01 20:02:00,1767297720000,1767297779999,DOGE,1m,0.12631,0.12617,0.12631,0.12617,37967.0,12
2026-01-01 20:03:00,1767297780000,1767297839999,DOGE,1m,0.12616,0.12603,0.12618,0.12603,15243.0,7
2026-01-01 20:04:00,1767297840000,1767297899999,DOGE,1m,0.12601,0.1258,0.12601,0.1258,21069.0,7
2026-01-01 20:05:00,1767297900000,1767297959999,DOGE,1m,0.12587,0.12597,0.12597,0.12587,7948.0,5
2026-01-01 20:06:00,1767297960000,1767298019999,DOGE,1m,0.12597,0.1259,0.12597,0.1259,1990.0,6
2026-01-01 20:07:00,1767298020000,1767298079999,DOGE,1m,0.12585,0.12584,0.12585,0.12584,17805.0,3
2026-01-01 20:08:00,1767298080000,1767298139999,DOGE,1m,0.12581,0.12573,0.12581,0.12573,14403.0,7
2026-01-01 20:09:00,1767298140000,1767298199999,DOGE,1m,0.12568,0.12569,0.12569,0.12568,97059.0,4
2026-01-01 20:10:00,1767298200000,1767298259999,DOGE,1m,0.1257,0.12568,0.1257,0.12568,1717.0,2
2026-01-01 20:11:00,1767298260000,1767298319999,DOGE,1m,0.1257,0.12587,0.12587,0.1257,4647.0,4
2026-01-01 20:12:00,1767298320000,1767298379999,DOGE,1m,0.12583,0.12577,0.12583,0.12577,65112.0,9
2026-01-01 20:13:00,1767298380000,1767298439999,DOGE,1m,0.12583,0.1259,0.1259,0.12583,1709.0,2
2026-01-01 20:14:00,1767298440000,1767298499999,DOGE,1m,0.1259,0.12594,0.12594,0.1259,1438.0,2
2026-01-01 20:15:00,1767298500000,1767298559999,DOGE,1m,0.12585,0.12584,0.12585,0.12581,32798.0,6
2026-01-01 20:16:00,1767298560000,1767298619999,DOGE,1m,0.12586,0.12583,0.12586,0.12582,34005.0,4
2026-01-01 20:17:00,1767298620000,1767298679999,DOGE,1m,0.12588,0.12591,0.12591,0.12588,10818.0,4
2026-01-01 20:18:00,1767298680000,1767298739999,DOGE,1m,0.12595,0.12595,0.12595,0.12595,794.0,1
2026-01-01 20:19:00,1767298740000,1767298799999,DOGE,1m,0.12591,0.12591,0.12591,0.12591,148.0,1
2026-01-01 20:20:00,1767298800000,1767298859999,DOGE,1m,0.12595,0.12593,0.12595,0.12593,3307.0,2
2026-01-01 20:21:00,1767298860000,1767298919999,DOGE,1m,0.12588,0.12588,0.12588,0.12588,1145.0,1
2026-01-01 20:22:00,1767298920000,1767298979999,DOGE,1m,0.12585,0.12585,0.12585,0.12585,147.0,1
2026-01-01 20:23:00,1767298980000,1767299039999,DOGE,1m,0.12594,0.12594,0.12594,0.12594,6810.0,3
2026-01-01 20:24:00,1767299040000,1767299099999,DOGE,1m,0.12582,0.12582,0.12582,0.12582,17855.0,1
2026-01-01 20:25:00,1767299100000,1767299159999,DOGE,1m,0.12582,0.12582,0.12582,0.12582,0.0,0
2026-01-01 20:26:00,1767299160000,1767299219999,DOGE,1m,0.12585,0.12579,0.12585,0.12579,22123.0,3
2026-01-01 20:27:00,1767299220000,1767299279999,DOGE,1m,0.12583,0.12583,0.12583,0.12583,4134.0,2
2026-01-01 20:28:00,1767299280000,1767299339999,DOGE,1m,0.1258,0.1258,0.1258,0.1258,70651.0,1
2026-01-01 20:29:00,1767299340000,1767299399999,DOGE,1m,0.12576,0.12574,0.12576,0.12574,238.0,2
2026-01-01 20:30:00,1767299400000,1767299459999,DOGE,1m,0.12573,0.12565,0.12573,0.12565,4719.0,2
2026-01-01 20:31:00,1767299460000,1767299519999,DOGE,1m,0.12555,0.12567,0.12572,0.12554,15050.0,9
2026-01-01 20:32:00,1767299520000,1767299579999,DOGE,1m,0.12564,0.12546,0.12564,0.12546,8160.0,8
2026-01-01 20:33:00,1767299580000,1767299639999,DOGE,1m,0.12545,0.12612,0.12619,0.12545,128030.0,36
2026-01-01 20:34:00,1767299640000,1767299699999,DOGE,1m,0.12612,0.12608,0.12612,0.12608,45722.0,8
2026-01-01 20:35:00,1767299700000,1767299759999,DOGE,1m,0.12604,0.12609,0.12612,0.12604,26821.0,7
2026-01-01 20:36:00,1767299760000,1767299819999,DOGE,1m,0.1259,0.12566,0.1259,0.12566,239430.0,14
2026-01-01 20:37:00,1767299820000,1767299879999,DOGE,1m,0.12577,0.12579,0.12579,0.12577,5540.0,2
2026-01-01 20:38:00,1767299880000,1767299939999,DOGE,1m,0.12573,0.12571,0.12573,0.12571,723.0,2
2026-01-01 20:39:00,1767299940000,1767299999999,DOGE,1m,0.12574,0.12574,0.12574,0.12574,6059.0,2
2026-01-01 20:40:00,1767300000000,1767300059999,DOGE,1m,0.1258,0.12575,0.12582,0.12575,37698.0,5
2026-01-01 20:41:00,1767300060000,1767300119999,DOGE,1m,0.12574,0.12575,0.12575,0.12574,4917.0,2
2026-01-01 20:42:00,1767300120000,1767300179999,DOGE,1m,0.1258,0.12586,0.12586,0.1258,45019.0,11
2026-01-01 20:43:00,1767300180000,1767300239999,DOGE,1m,0.12588,0.12588,0.12588,0.12588,835.0,1
2026-01-01 20:44:00,1767300240000,1767300299999,DOGE,1m,0.12586,0.12584,0.12586,0.12584,476.0,2
2026-01-01 20:45:00,1767300300000,1767300359999,DOGE,1m,0.1258,0.1258,0.1258,0.1258,123.0,1
2026-01-01 20:46:00,1767300360000,1767300419999,DOGE,1m,0.12598,0.12603,0.12603,0.12598,9447.0,4
2026-01-01 20:47:00,1767300420000,1767300479999,DOGE,1m,0.12602,0.12602,0.12602,0.12602,446.0,2
2026-01-01 20:48:00,1767300480000,1767300539999,DOGE,1m,0.12602,0.12602,0.12602,0.12602,0.0,0
2026-01-01 20:49:00,1767300540000,1767300599999,DOGE,1m,0.12602,0.12607,0.12607,0.12602,7500.0,4
2026-01-01 20:50:00,1767300600000,1767300659999,DOGE,1m,0.12607,0.12607,0.12607,0.12607,1568.0,1
2026-01-01 20:51:00,1767300660000,1767300719999,DOGE,1m,0.12607,0.126,0.12607,0.126,262.0,2
2026-01-01 20:52:00,1767300720000,1767300779999,DOGE,1m,0.126,0.126,0.126,0.126,0.0,0
2026-01-01 20:53:00,1767300780000,1767300839999,DOGE,1m,0.12598,0.12595,0.12598,0.12595,464.0,2
2026-01-01 20:54:00,1767300840000,1767300899999,DOGE,1m,0.1259,0.1259,0.1259,0.1259,833.0,2
2026-01-01 20:55:00,1767300900000,1767300959999,DOGE,1m,0.12583,0.126,0.126,0.12583,2723.0,3
2026-01-01 20:56:00,1767300960000,1767301019999,DOGE,1m,0.12598,0.12598,0.12598,0.12598,145.0,1
2026-01-01 20:57:00,1767301020000,1767301079999,DOGE,1m,0.12598,0.12598,0.12598,0.12598,0.0,0
2026-01-01 20:58:00,1767301080000,1767301139999,DOGE,1m,0.12601,0.12603,0.12603,0.12601,518.0,3
2026-01-01 20:59:00,1767301140000,1767301199999,DOGE,1m,0.12606,0.12606,0.12606,0.12606,13690.0,1
2026-01-01 21:00:00,1767301200000,1767301259999,DOGE,1m,0.12607,0.12611,0.12618,0.12607,35828.0,8
2026-01-01 21:01:00,1767301260000,1767301319999,DOGE,1m,0.12612,0.1262,0.1262,0.12612,3674.0,7
2026-01-01 21:02:00,1767301320000,1767301379999,DOGE,1m,0.12623,0.12611,0.12623,0.12609,2747.0,7
2026-01-01 21:03:00,1767301380000,1767301439999,DOGE,1m,0.12617,0.12621,0.12622,0.12617,21904.0,6
2026-01-01 21:04:00,1767301440000,1767301499999,DOGE,1m,0.12621,0.12621,0.12621,0.12621,149.0,1
2026-01-01 21:05:00,1767301500000,1767301559999,DOGE,1m,0.12616,0.12597,0.12616,0.12597,3801.0,3
2026-01-01 21:06:00,1767301560000,1767301619999,DOGE,1m,0.12603,0.12604,0.12605,0.12603,1287.0,4
2026-01-01 21:07:00,1767301620000,1767301679999,DOGE,1m,0.126,0.126,0.126,0.126,108622.0,4
2026-01-01 21:08:00,1767301680000,1767301739999,DOGE,1m,0.12592,0.12592,0.12592,0.12592,833.0,2
2026-01-01 21:09:00,1767301740000,1767301799999,DOGE,1m,0.12588,0.12585,0.12588,0.12585,13856.0,8
2026-01-01 21:10:00,1767301800000,1767301859999,DOGE,1m,0.12592,0.12594,0.12594,0.12592,445.0,2
2026-01-01 21:11:00,1767301860000,1767301919999,DOGE,1m,0.12595,0.12595,0.12595,0.12595,87.0,1
2026-01-01 21:12:00,1767301920000,1767301979999,DOGE,1m,0.12596,0.12592,0.12596,0.12592,272.0,2
2026-01-01 21:13:00,1767301980000,1767302039999,DOGE,1m,0.12601,0.126,0.12601,0.126,948.0,2
2026-01-01 21:14:00,1767302040000,1767302099999,DOGE,1m,0.12597,0.12598,0.12598,0.12597,1283.0,3
2026-01-01 21:15:00,1767302100000,1767302159999,DOGE,1m,0.12599,0.12601,0.12601,0.12599,716.0,3
2026-01-01 21:16:00,1767302160000,1767302219999,DOGE,1m,0.12603,0.12599,0.12604,0.12599,32912.0,6
2026-01-01 21:17:00,1767302220000,1767302279999,DOGE,1m,0.12599,0.12599,0.12599,0.12599,422.0,1
2026-01-01 21:18:00,1767302280000,1767302339999,DOGE,1m,0.12604,0.126,0.12604,0.126,13947.0,3
2026-01-01 21:19:00,1767302340000,1767302399999,DOGE,1m,0.12603,0.12604,0.12604,0.12603,272.0,2
2026-01-01 21:20:00,1767302400000,1767302459999,DOGE,1m,0.12604,0.12604,0.12604,0.12604,0.0,0
2026-01-01 21:21:00,1767302460000,1767302519999,DOGE,1m,0.12605,0.126,0.12605,0.126,986386.0,6
2026-01-01 21:22:00,1767302520000,1767302579999,DOGE,1m,0.126,0.126,0.126,0.126,0.0,0
2026-01-01 21:23:00,1767302580000,1767302639999,DOGE,1m,0.12599,0.12599,0.12599,0.12599,541.0,2
2026-01-01 21:24:00,1767302640000,1767302699999,DOGE,1m,0.12599,0.12599,0.12599,0.12599,0.0,0
2026-01-01 21:25:00,1767302700000,1767302759999,DOGE,1m,0.1259,0.1259,0.1259,0.1259,381.0,2
2026-01-01 21:26:00,1767302760000,1767302819999,DOGE,1m,0.12591,0.12591,0.12591,0.12591,14840.0,2
2026-01-01 21:27:00,1767302820000,1767302879999,DOGE,1m,0.12592,0.1259,0.12592,0.1259,377.0,2
2026-01-01 21:28:00,1767302880000,1767302939999,DOGE,1m,0.12593,0.12593,0.12593,0.12593,962.0,4
2026-01-01 21:29:00,1767302940000,1767302999999,DOGE,1m,0.12587,0.12587,0.12587,0.12587,155.0,1
2026-01-01 21:30:00,1767303000000,1767303059999,DOGE,1m,0.12579,0.12579,0.12579,0.12579,142.0,1
2026-01-01 21:31:00,1767303060000,1767303119999,DOGE,1m,0.12573,0.12568,0.12573,0.12568,3780.0,3
2026-01-01 21:32:00,1767303120000,1767303179999,DOGE,1m,0.12568,0.12568,0.12568,0.12568,0.0,0
2026-01-01 21:33:00,1767303180000,1767303239999,DOGE,1m,0.12568,0.12573,0.12573,0.12561,118859.0,37
2026-01-01 21:34:00,1767303240000,1767303299999,DOGE,1m,0.12575,0.12575,0.12575,0.12574,8925.0,5
2026-01-01 21:35:00,1767303300000,1767303359999,DOGE,1m,0.12576,0.12578,0.12578,0.12576,26585.0,6
2026-01-01 21:36:00,1767303360000,1767303419999,DOGE,1m,0.12587,0.12583,0.12587,0.12583,4497.0,3
2026-01-01 21:37:00,1767303420000,1767303479999,DOGE,1m,0.12584,0.12584,0.12584,0.12584,132.0,1
2026-01-01 21:38:00,1767303480000,1767303539999,DOGE,1m,0.12585,0.12587,0.12587,0.12585,155917.0,14
2026-01-01 21:39:00,1767303540000,1767303599999,DOGE,1m,0.12584,0.1259,0.1259,0.12583,157916.0,10
2026-01-01 21:40:00,1767303600000,1767303659999,DOGE,1m,0.12585,0.12587,0.12587,0.12585,547.0,2
2026-01-01 21:41:00,1767303660000,1767303719999,DOGE,1m,0.12585,0.12583,0.12585,0.12583,219238.0,23
2026-01-01 21:42:00,1767303720000,1767303779999,DOGE,1m,0.12585,0.12581,0.12586,0.12581,1088.0,3
2026-01-01 21:43:00,1767303780000,1767303839999,DOGE,1m,0.12578,0.12578,0.12578,0.12578,155.0,1
2026-01-01 21:44:00,1767303840000,1767303899999,DOGE,1m,0.12575,0.12572,0.12575,0.12572,18000.0,5
2026-01-01 21:45:00,1767303900000,1767303959999,DOGE,1m,0.12573,0.12573,0.12573,0.12573,1079.0,2
2026-01-01 21:46:00,1767303960000,1767304019999,DOGE,1m,0.12576,0.12579,0.12579,0.12576,3136.0,2
2026-01-01 21:47:00,1767304020000,1767304079999,DOGE,1m,0.12576,0.12576,0.12576,0.12576,385.0,1
2026-01-01 21:48:00,1767304080000,1767304139999,DOGE,1m,0.12585,0.12588,0.12588,0.12583,739.0,3
2026-01-01 21:49:00,1767304140000,1767304199999,DOGE,1m,0.12586,0.12592,0.12592,0.12585,63778.0,10
2026-01-01 21:50:00,1767304200000,1767304259999,DOGE,1m,0.12589,0.12589,0.12589,0.12589,139.0,1
2026-01-01 21:51:00,1767304260000,1767304319999,DOGE,1m,0.12596,0.12596,0.12596,0.12596,22493.0,1
2026-01-01 21:52:00,1767304320000,1767304379999,DOGE,1m,0.12596,0.12596,0.12596,0.12596,0.0,0
2026-01-01 21:53:00,1767304380000,1767304439999,DOGE,1m,0.12599,0.126,0.126,0.12599,25618.0,4
2026-01-01 21:54:00,1767304440000,1767304499999,DOGE,1m,0.12601,0.12602,0.12602,0.126,1367.0,5
2026-01-01 21:55:00,1767304500000,1767304559999,DOGE,1m,0.12603,0.12599,0.12603,0.12599,4638.0,2
2026-01-01 21:56:00,1767304560000,1767304619999,DOGE,1m,0.12598,0.12596,0.12598,0.12596,30472.0,11
2026-01-01 21:57:00,1767304620000,1767304679999,DOGE,1m,0.12596,0.12596,0.12596,0.12596,0.0,0
2026-01-01 21:58:00,1767304680000,1767304739999,DOGE,1m,0.12593,0.12607,0.12607,0.12593,9316.0,3
2026-01-01 21:59:00,1767304740000,1767304799999,DOGE,1m,0.12608,0.1262,0.12624,0.12606,3400.0,8
2026-01-01 22:00:00,1767304800000,1767304859999,DOGE,1m,0.12622,0.12636,0.12637,0.12622,133872.0,24
2026-01-01 22:01:00,1767304860000,1767304919999,DOGE,1m,0.12636,0.12641,0.12645,0.12636,42013.0,36
2026-01-01 22:02:00,1767304920000,1767304979999,DOGE,1m,0.12643,0.12634,0.12643,0.12634,32467.0,7
2026-01-01 22:03:00,1767304980000,1767305039999,DOGE,1m,0.12641,0.12657,0.12662,0.12641,24048.0,7
2026-01-01 22:04:00,1767305040000,1767305099999,DOGE,1m,0.1266,0.1265,0.12662,0.1265,26563.0,7
2026-01-01 22:05:00,1767305100000,1767305159999,DOGE,1m,0.12662,0.12661,0.12662,0.12661,6995.0,4
2026-01-01 22:06:00,1767305160000,1767305219999,DOGE,1m,0.12662,0.12662,0.12662,0.12662,117.0,1
2026-01-01 22:07:00,1767305220000,1767305279999,DOGE,1m,0.12665,0.1267,0.1267,0.12665,2052.0,3
2026-01-01 22:08:00,1767305280000,1767305339999,DOGE,1m,0.12672,0.1268,0.12684,0.12672,6759.0,8
2026-01-01 22:09:00,1767305340000,1767305399999,DOGE,1m,0.12674,0.12674,0.12674,0.12674,937.0,1
2026-01-01 22:10:00,1767305400000,1767305459999,DOGE,1m,0.12676,0.12676,0.12676,0.12676,8036.0,2
2026-01-01 22:11:00,1767305460000,1767305519999,DOGE,1m,0.12677,0.12676,0.12677,0.12676,2831.0,7
2026-01-01 22:12:00,1767305520000,1767305579999,DOGE,1m,0.1268,0.12655,0.1268,0.12654,53927.0,9
2026-01-01 22:13:00,1767305580000,1767305639999,DOGE,1m,0.12659,0.12661,0.12661,0.12657,98107.0,18
2026-01-01 22:14:00,1767305640000,1767305699999,DOGE,1m,0.1266,0.1266,0.1266,0.1266,10000.0,1
2026-01-01 22:15:00,1767305700000,1767305759999,DOGE,1m,0.12666,0.12665,0.12666,0.12664,5004.0,3
2026-01-01 22:16:00,1767305760000,1767305819999,DOGE,1m,0.12664,0.1267,0.1267,0.12664,107191.0,10
2026-01-01 22:17:00,1767305820000,1767305879999,DOGE,1m,0.1267,0.1267,0.12671,0.12664,132488.0,13
2026-01-01 22:18:00,1767305880000,1767305939999,DOGE,1m,0.12673,0.12673,0.12673,0.12673,14592.0,1
2026-01-01 22:19:00,1767305940000,1767305999999,DOGE,1m,0.12666,0.12662,0.12668,0.12662,174535.0,25
2026-01-01 22:20:00,1767306000000,1767306059999,DOGE,1m,0.12659,0.12658,0.12659,0.12658,26080.0,2
2026-01-01 22:21:00,1767306060000,1767306119999,DOGE,1m,0.12679,0.12664,0.12679,0.12664,36059.0,12
2026-01-01 22:22:00,1767306120000,1767306179999,DOGE,1m,0.12671,0.12671,0.12671,0.12671,23675.0,3
2026-01-01 22:23:00,1767306180000,1767306239999,DOGE,1m,0.12665,0.12663,0.12665,0.12663,85900.0,12
2026-01-01 22:24:00,1767306240000,1767306299999,DOGE,1m,0.12667,0.12667,0.12667,0.12667,80.0,1
2026-01-01 22:25:00,1767306300000,1767306359999,DOGE,1m,0.12673,0.12677,0.12677,0.12673,289.0,2
2026-01-01 22:26:00,1767306360000,1767306419999,DOGE,1m,0.12672,0.12672,0.12672,0.12672,20353.0,4
2026-01-01 22:27:00,1767306420000,1767306479999,DOGE,1m,0.12672,0.12672,0.12672,0.12672,103654.0,1
2026-01-01 22:28:00,1767306480000,1767306539999,DOGE,1m,0.12668,0.12668,0.12668,0.12668,144.0,1
2026-01-01 22:29:00,1767306540000,1767306599999,DOGE,1m,0.12672,0.12674,0.12674,0.12672,3568.0,2
2026-01-01 22:30:00,1767306600000,1767306659999,DOGE,1m,0.12682,0.12677,0.12682,0.12675,14487.0,6
2026-01-01 22:31:00,1767306660000,1767306719999,DOGE,1m,0.12678,0.12685,0.12692,0.12678,12351.0,12
2026-01-01 22:32:00,1767306720000,1767306779999,DOGE,1m,0.12679,0.12665,0.12679,0.12665,8523.0,5
2026-01-01 22:33:00,1767306780000,1767306839999,DOGE,1m,0.1266,0.12661,0.12662,0.1266,84412.0,10
2026-01-01 22:34:00,1767306840000,1767306899999,DOGE,1m,0.12652,0.12639,0.12652,0.12639,59720.0,14
2026-01-01 22:35:00,1767306900000,1767306959999,DOGE,1m,0.12637,0.12626,0.12637,0.12624,105785.0,22
2026-01-01 22:36:00,1767306960000,1767307019999,DOGE,1m,0.12626,0.12624,0.12629,0.12624,7707.0,4
2026-01-01 22:37:00,1767307020000,1767307079999,DOGE,1m,0.12635,0.12635,0.12635,0.12635,428.0,1
2026-01-01 22:38:00,1767307080000,1767307139999,DOGE,1m,0.12637,0.12645,0.12645,0.12637,1120.0,3
2026-01-01 22:39:00,1767307140000,1767307199999,DOGE,1m,0.12632,0.12629,0.12632,0.12629,10407.0,3
2026-01-01 22:40:00,1767307200000,1767307259999,DOGE,1m,0.12624,0.12624,0.12624,0.12623,83289.0,10
2026-01-01 22:41:00,1767307260000,1767307319999,DOGE,1m,0.12641,0.12641,0.12641,0.12641,2376.0,1
2026-01-01 22:42:00,1767307320000,1767307379999,DOGE,1m,0.12643,0.12643,0.12643,0.12643,855.0,1
2026-01-01 22:43:00,1767307380000,1767307439999,DOGE,1m,0.12635,0.12635,0.12635,0.12635,691.0,1
2026-01-01 22:44:00,1767307440000,1767307499999,DOGE,1m,0.12638,0.12638,0.12638,0.12638,128.0,1
2026-01-01 22:45:00,1767307500000,1767307559999,DOGE,1m,0.1264,0.1264,0.1264,0.1264,1805.0,3
2026-01-01 22:46:00,1767307560000,1767307619999,DOGE,1m,0.12638,0.12648,0.12648,0.12638,30510.0,5
2026-01-01 22:47:00,1767307620000,1767307679999,DOGE,1m,0.12641,0.12641,0.12641,0.12641,158.0,1
2026-01-01 22:48:00,1767307680000,1767307739999,DOGE,1m,0.1265,0.1265,0.1265,0.1265,831.0,1
2026-01-01 22:49:00,1767307740000,1767307799999,DOGE,1m,0.1264,0.1264,0.1264,0.1264,1190.0,1
2026-01-01 22:50:00,1767307800000,1767307859999,DOGE,1m,0.12648,0.12646,0.12648,0.12646,396.0,2
2026-01-01 22:51:00,1767307860000,1767307919999,DOGE,1m,0.12646,0.12646,0.12646,0.12646,0.0,0
2026-01-01 22:52:00,1767307920000,1767307979999,DOGE,1m,0.12652,0.12659,0.12659,0.12652,200299.0,9
2026-01-01 22:53:00,1767307980000,1767308039999,DOGE,1m,0.12658,0.12654,0.12658,0.12653,11021.0,6
2026-01-01 22:54:00,1767308040000,1767308099999,DOGE,1m,0.12657,0.12657,0.12657,0.12657,144.0,1
2026-01-01 22:55:00,1767308100000,1767308159999,DOGE,1m,0.12654,0.12655,0.12655,0.12654,4508.0,2
2026-01-01 22:56:00,1767308160000,1767308219999,DOGE,1m,0.12652,0.12652,0.12652,0.12652,150.0,1
2026-01-01 22:57:00,1767308220000,1767308279999,DOGE,1m,0.12653,0.12653,0.12653,0.12653,21082.0,2
2026-01-01 22:58:00,1767308280000,1767308339999,DOGE,1m,0.12653,0.12653,0.12653,0.12653,166.0,1
2026-01-01 22:59:00,1767308340000,1767308399999,DOGE,1m,0.12658,0.12658,0.12658,0.12658,350.0,1
2026-01-01 23:00:00,1767308400000,1767308459999,DOGE,1m,0.12661,0.12684,0.12688,0.12661,586790.0,22
2026-01-01 23:01:00,1767308460000,1767308519999,DOGE,1m,0.12686,0.12682,0.12686,0.12681,2966.0,5
2026-01-01 23:02:00,1767308520000,1767308579999,DOGE,1m,0.1268,0.12656,0.1268,0.12656,28520.0,7
2026-01-01 23:03:00,1767308580000,1767308639999,DOGE,1m,0.12657,0.12646,0.12658,0.12645,28158.0,10
2026-01-01 23:04:00,1767308640000,1767308699999,DOGE,1m,0.12654,0.12642,0.12654,0.12642,21478.0,6
2026-01-01 23:05:00,1767308700000,1767308759999,DOGE,1m,0.12642,0.12637,0.12644,0.12637,36695.0,9
2026-01-01 23:06:00,1767308760000,1767308819999,DOGE,1m,0.12643,0.12649,0.12649,0.12643,20931.0,3
2026-01-01 23:07:00,1767308820000,1767308879999,DOGE,1m,0.12662,0.12668,0.12668,0.12658,28387.0,5
2026-01-01 23:08:00,1767308880000,1767308939999,DOGE,1m,0.1267,0.12667,0.1267,0.12667,23766.0,3
2026-01-01 23:09:00,1767308940000,1767308999999,DOGE,1m,0.12674,0.12679,0.12679,0.12674,20513.0,5
2026-01-01 23:10:00,1767309000000,1767309059999,DOGE,1m,0.12679,0.1269,0.1269,0.12678,23024.0,7
2026-01-01 23:11:00,1767309060000,1767309119999,DOGE,1m,0.1268,0.12671,0.1268,0.12671,55935.0,13
2026-01-01 23:12:00,1767309120000,1767309179999,DOGE,1m,0.12669,0.12675,0.12676,0.12669,22033.0,8
2026-01-01 23:13:00,1767309180000,1767309239999,DOGE,1m,0.12679,0.12681,0.12681,0.12679,13874.0,3
2026-01-01 23:14:00,1767309240000,1767309299999,DOGE,1m,0.12672,0.12667,0.12672,0.12665,4315.0,3
2026-01-01 23:15:00,1767309300000,1767309359999,DOGE,1m,0.12675,0.12675,0.12675,0.12675,33492.0,4
2026-01-01 23:16:00,1767309360000,1767309419999,DOGE,1m,0.12682,0.12695,0.12695,0.12682,2312.0,3
2026-01-01 23:17:00,1767309420000,1767309479999,DOGE,1m,0.127,0.12707,0.12707,0.127,7185.0,6
2026-01-01 23:18:00,1767309480000,1767309539999,DOGE,1m,0.12706,0.12708,0.12711,0.12706,86282.0,14
2026-01-01 23:19:00,1767309540000,1767309599999,DOGE,1m,0.12706,0.12708,0.12708,0.12706,246.0,2
2026-01-01 23:20:00,1767309600000,1767309659999,DOGE,1m,0.12708,0.12716,0.12716,0.12708,222373.0,10
2026-01-01 23:21:00,1767309660000,1767309719999,DOGE,1m,0.12705,0.127,0.12705,0.127,3167.0,2
2026-01-01 23:22:00,1767309720000,1767309779999,DOGE,1m,0.12689,0.12682,0.12689,0.12682,1624.0,2
2026-01-01 23:23:00,1767309780000,1767309839999,DOGE,1m,0.12678,0.12678,0.12678,0.12678,228.0,1
2026-01-01 23:24:00,1767309840000,1767309899999,DOGE,1m,0.1268,0.1268,0.1268,0.1268,1640.0,1
2026-01-01 23:25:00,1767309900000,1767309959999,DOGE,1m,0.12682,0.12682,0.12682,0.12682,350.0,1
2026-01-01 23:26:00,1767309960000,1767310019999,DOGE,1m,0.12678,0.12664,0.1268,0.12664,1004626.0,14
2026-01-01 23:27:00,1767310020000,1767310079999,DOGE,1m,0.12667,0.1266,0.12667,0.12657,19396.0,6
2026-01-01 23:28:00,1767310080000,1767310139999,DOGE,1m,0.12657,0.12662,0.12662,0.12656,18312.0,7
2026-01-01 23:29:00,1767310140000,1767310199999,DOGE,1m,0.12668,0.12668,0.12668,0.12668,141.0,1
2026-01-01 23:30:00,1767310200000,1767310259999,DOGE,1m,0.1267,0.12673,0.12675,0.1267,17226.0,9
2026-01-01 23:31:00,1767310260000,1767310319999,DOGE,1m,0.12672,0.12676,0.12678,0.12672,1507.0,4
2026-01-01 23:32:00,1767310320000,1767310379999,DOGE,1m,0.12674,0.12674,0.12675,0.12671,14755.0,7
2026-01-01 23:33:00,1767310380000,1767310439999,DOGE,1m,0.1267,0.12673,0.12673,0.1267,1271.0,5
2026-01-01 23:34:00,1767310440000,1767310499999,DOGE,1m,0.1267,0.12664,0.1267,0.12664,51712.0,5
2026-01-01 23:35:00,1767310500000,1767310559999,DOGE,1m,0.12664,0.12662,0.12664,0.12662,28607.0,5
2026-01-01 23:36:00,1767310560000,1767310619999,DOGE,1m,0.12662,0.12662,0.12662,0.12662,0.0,0
2026-01-01 23:37:00,1767310620000,1767310679999,DOGE,1m,0.1267,0.12672,0.12672,0.12669,89854.0,8
2026-01-01 23:38:00,1767310680000,1767310739999,DOGE,1m,0.12674,0.12665,0.12674,0.12665,8046.0,4
2026-01-01 23:39:00,1767310740000,1767310799999,DOGE,1m,0.12676,0.12666,0.12676,0.12665,13094.0,5
2026-01-01 23:40:00,1767310800000,1767310859999,DOGE,1m,0.12681,0.12662,0.12681,0.12662,70352.0,9
2026-01-01 23:41:00,1767310860000,1767310919999,DOGE,1m,0.12668,0.12666,0.12668,0.12666,23680.0,5
2026-01-01 23:42:00,1767310920000,1767310979999,DOGE,1m,0.1267,0.12665,0.1267,0.12664,12412.0,7
2026-01-01 23:43:00,1767310980000,1767311039999,DOGE,1m,0.12669,0.12674,0.12674,0.12669,5830.0,2
2026-01-01 23:44:00,1767311040000,1767311099999,DOGE,1m,0.12674,0.12674,0.12674,0.12674,0.0,0
2026-01-01 23:45:00,1767311100000,1767311159999,DOGE,1m,0.12672,0.12672,0.12672,0.12672,145.0,1
2026-01-01 23:46:00,1767311160000,1767311219999,DOGE,1m,0.12676,0.12678,0.12678,0.12676,28495.0,5
2026-01-01 23:47:00,1767311220000,1767311279999,DOGE,1m,0.12665,0.12667,0.12667,0.12665,3058.0,4
2026-01-01 23:48:00,1767311280000,1767311339999,DOGE,1m,0.12657,0.12653,0.12657,0.12653,8665.0,4
2026-01-01 23:49:00,1767311340000,1767311399999,DOGE,1m,0.12654,0.12654,0.12654,0.12654,234.0,1
2026-01-01 23:50:00,1767311400000,1767311459999,DOGE,1m,0.12654,0.12654,0.12654,0.12654,34963.0,2
2026-01-01 23:51:00,1767311460000,1767311519999,DOGE,1m,0.12673,0.12677,0.12679,0.12673,78328.0,8
2026-01-01 23:52:00,1767311520000,1767311579999,DOGE,1m,0.12668,0.12666,0.12668,0.12666,630.0,2
2026-01-01 23:53:00,1767311580000,1767311639999,DOGE,1m,0.12673,0.1267,0.12673,0.1267,380.0,2
2026-01-01 23:54:00,1767311640000,1767311699999,DOGE,1m,0.12666,0.12666,0.12666,0.12666,8470.0,1
2026-01-01 23:55:00,1767311700000,1767311759999,DOGE,1m,0.1267,0.1267,0.1267,0.1267,7554.0,3
2026-01-01 23:56:00,1767311760000,1767311819999,DOGE,1m,0.12682,0.12682,0.12682,0.12682,128.0,1
2026-01-01 23:57:00,1767311820000,1767311879999,DOGE,1m,0.12681,0.12681,0.12681,0.12678,11938.0,7
2026-01-01 23:58:00,1767311880000,1767311939999,DOGE,1m,0.12675,0.12675,0.12675,0.12675,40949.0,1
2026-01-01 23:59:00,1767311940000,1767311999999,DOGE,1m,0.12683,0.12678,0.12683,0.12677,197849.0,12
2026-01-02 00:00:00,1767312000000,1767312059999,DOGE,1m,0.12678,0.12685,0.12689,0.12677,165461.0,36
2026-01-02 00:01:00,1767312060000,1767312119999,DOGE,1m,0.12684,0.12684,0.1269,0.12679,20056.0,13
2026-01-02 00:02:00,1767312120000,1767312179999,DOGE,1m,0.12678,0.12662,0.12678,0.12662,30512.0,8
2026-01-02 00:03:00,1767312180000,1767312239999,DOGE,1m,0.12666,0.12654,0.12666,0.1265,51112.0,9
2026-01-02 00:04:00,1767312240000,1767312299999,DOGE,1m,0.12653,0.12647,0.12653,0.12646,11440.0,5
2026-01-02 00:05:00,1767312300000,1767312359999,DOGE,1m,0.12643,0.12641,0.12643,0.12634,404780.0,16
2026-01-02 00:06:00,1767312360000,1767312419999,DOGE,1m,0.12641,0.1264,0.12641,0.1264,775.0,2
2026-01-02 00:07:00,1767312420000,1767312479999,DOGE,1m,0.12638,0.12636,0.12638,0.12636,8911.0,4
2026-01-02 00:08:00,1767312480000,1767312539999,DOGE,1m,0.12635,0.12636,0.12636,0.12632,4652.0,5
2026-01-02 00:09:00,1767312540000,1767312599999,DOGE,1m,0.12637,0.12631,0.12637,0.12631,4435.0,6
2026-01-02 00:10:00,1767312600000,1767312659999,DOGE,1m,0.12637,0.12637,0.12637,0.12637,402.0,1
2026-01-02 00:11:00,1767312660000,1767312719999,DOGE,1m,0.12638,0.12643,0.12643,0.12634,8006.0,7
2026-01-02 00:12:00,1767312720000,1767312779999,DOGE,1m,0.12643,0.12645,0.12645,0.12643,742380.0,33
2026-01-02 00:13:00,1767312780000,1767312839999,DOGE,1m,0.12638,0.12638,0.12638,0.12638,7222.0,3
2026-01-02 00:14:00,1767312840000,1767312899999,DOGE,1m,0.12637,0.12637,0.12637,0.12637,387.0,1
2026-01-02 00:15:00,1767312900000,1767312959999,DOGE,1m,0.12639,0.12637,0.12643,0.12637,71264.0,9
2026-01-02 00:16:00,1767312960000,1767313019999,DOGE,1m,0.12637,0.12637,0.12637,0.12637,0.0,0
2026-01-02 00:17:00,1767313020000,1767313079999,DOGE,1m,0.1263,0.12627,0.1263,0.12627,1214.0,4
2026-01-02 00:18:00,1767313080000,1767313139999,DOGE,1m,0.12626,0.12624,0.12626,0.12624,13368.0,4
2026-01-02 00:19:00,1767313140000,1767313199999,DOGE,1m,0.12624,0.12618,0.12625,0.12618,86376.0,17
2026-01-02 00:20:00,1767313200000,1767313259999,DOGE,1m,0.1262,0.12621,0.12621,0.1262,642.0,4
2026-01-02 00:21:00,1767313260000,1767313319999,DOGE,1m,0.12618,0.12616,0.12618,0.12615,22960.0,8
2026-01-02 00:22:00,1767313320000,1767313379999,DOGE,1m,0.12616,0.12609,0.12616,0.12609,185677.0,19
2026-01-02 00:23:00,1767313380000,1767313439999,DOGE,1m,0.1262,0.12621,0.12623,0.1262,9452.0,4
2026-01-02 00:24:00,1767313440000,1767313499999,DOGE,1m,0.12621,0.12621,0.12621,0.12621,0.0,0
2026-01-02 00:25:00,1767313500000,1767313559999,DOGE,1m,0.12617,0.12623,0.12623,0.12617,41241.0,6
2026-01-02 00:26:00,1767313560000,1767313619999,DOGE,1m,0.12611,0.12611,0.12611,0.12611,2268.0,1
2026-01-02 00:27:00,1767313620000,1767313679999,DOGE,1m,0.12609,0.1261,0.12611,0.12608,10648.0,4
2026-01-02 00:28:00,1767313680000,1767313739999,DOGE,1m,0.12607,0.12607,0.12607,0.12607,436.0,1
2026-01-02 00:29:00,1767313740000,1767313799999,DOGE,1m,0.12607,0.12607,0.12607,0.12607,469.0,2
2026-01-02 00:30:00,1767313800000,1767313859999,DOGE,1m,0.12604,0.12612,0.12612,0.12604,13737.0,11
2026-01-02 00:31:00,1767313860000,1767313919999,DOGE,1m,0.12613,0.12625,0.12625,0.12613,3743.0,8
2026-01-02 00:32:00,1767313920000,1767313979999,DOGE,1m,0.12628,0.12628,0.12629,0.12627,6321.0,10
2026-01-02 00:33:00,1767313980000,1767314039999,DOGE,1m,0.12631,0.12631,0.12631,0.12631,832.0,1
2026-01-02 00:34:00,1767314040000,1767314099999,DOGE,1m,0.12633,0.12633,0.12633,0.12633,297618.0,7
2026-01-02 00:35:00,1767314100000,1767314159999,DOGE,1m,0.12617,0.12612,0.12617,0.12612,19741.0,3
2026-01-02 00:36:00,1767314160000,1767314219999,DOGE,1m,0.1261,0.1261,0.1261,0.1261,2439.0,3
2026-01-02 00:37:00,1767314220000,1767314279999,DOGE,1m,0.12606,0.12606,0.12606,0.12606,156.0,1
2026-01-02 00:38:00,1767314280000,1767314339999,DOGE,1m,0.12602,0.12602,0.12602,0.12602,201.0,1
2026-01-02 00:39:00,1767314340000,1767314399999,DOGE,1m,0.12601,0.12587,0.12601,0.12587,3144.0,7
2026-01-02 00:40:00,1767314400000,1767314459999,DOGE,1m,0.1259,0.12595,0.12595,0.1259,1701.0,2
2026-01-02 00:41:00,1767314460000,1767314519999,DOGE,1m,0.12591,0.1259,0.12591,0.1259,25213.0,6
2026-01-02 00:42:00,1767314520000,1767314579999,DOGE,1m,0.12597,0.12597,0.12597,0.12597,271.0,2
2026-01-02 00:43:00,1767314580000,1767314639999,DOGE,1m,0.12596,0.12594,0.12596,0.12594,5235.0,3
2026-01-02 00:44:00,1767314640000,1767314699999,DOGE,1m,0.12594,0.12594,0.12594,0.12594,316.0,1
2026-01-02 00:45:00,1767314700000,1767314759999,DOGE,1m,0.12599,0.12594,0.12601,0.12594,159934.0,13
2026-01-02 00:46:00,1767314760000,1767314819999,DOGE,1m,0.12612,0.12622,0.12622,0.12612,999.0,2
2026-01-02 00:47:00,1767314820000,1767314879999,DOGE,1m,0.12619,0.12621,0.12621,0.12619,975.0,2
2026-01-02 00:48:00,1767314880000,1767314939999,DOGE,1m,0.12617,0.1263,0.1263,0.12617,9235.0,4
2026-01-02 00:49:00,1767314940000,1767314999999,DOGE,1m,0.12631,0.12623,0.12631,0.12623,2595.0,6
2026-01-02 00:50:00,1767315000000,1767315059999,DOGE,1m,0.12617,0.12617,0.12617,0.12617,4500.0,1
2026-01-02 00:51:00,1767315060000,1767315119999,DOGE,1m,0.12626,0.12634,0.12634,0.12626,22056.0,6
2026-01-02 00:52:00,1767315120000,1767315179999,DOGE,1m,0.12628,0.12628,0.12628,0.12628,2227.0,2
2026-01-02 00:53:00,1767315180000,1767315239999,DOGE,1m,0.12624,0.1262,0.12624,0.1262,466.0,2
2026-01-02 00:54:00,1767315240000,1767315299999,DOGE,1m,0.12622,0.1262,0.12622,0.1262,19114.0,4
2026-01-02 00:55:00,1767315300000,1767315359999,DOGE,1m,0.1262,0.1262,0.1262,0.1262,0.0,0
2026-01-02 00:56:00,1767315360000,1767315419999,DOGE,1m,0.12636,0.12642,0.12642,0.12636,4033.0,4
2026-01-02 00:57:00,1767315420000,1767315479999,DOGE,1m,0.12642,0.12642,0.12642,0.12642,0.0,0
2026-01-02 00:58:00,1767315480000,1767315539999,DOGE,1m,0.1264,0.12637,0.12641,0.12637,2203.0,6
2026-01-02 00:59:00,1767315540000,1767315599999,DOGE,1m,0.12637,0.12641,0.12641,0.12637,2021.0,7
2026-01-02 01:00:00,1767315600000,1767315659999,DOGE,1m,0.12642,0.12645,0.12645,0.12642,1118.0,2
2026-01-02 01:01:00,1767315660000,1767315719999,DOGE,1m,0.12648,0.12647,0.12649,0.12647,7970.0,5
2026-01-02 01:02:00,1767315720000,1767315779999,DOGE,1m,0.12634,0.12624,0.12634,0.12624,813351.0,56
2026-01-02 01:03:00,1767315780000,1767315839999,DOGE,1m,0.12625,0.12622,0.12625,0.12622,31638.0,4
2026-01-02 01:04:00,1767315840000,1767315899999,DOGE,1m,0.1262,0.1262,0.1262,0.1262,88.0,1
2026-01-02 01:05:00,1767315900000,1767315959999,DOGE,1m,0.1263,0.1263,0.1263,0.1263,215143.0,21
2026-01-02 01:06:00,1767315960000,1767316019999,DOGE,1m,0.1263,0.1263,0.1263,0.1263,0.0,0
2026-01-02 01:07:00,1767316020000,1767316079999,DOGE,1m,0.12628,0.12625,0.12628,0.12625,443.0,2
2026-01-02 01:08:00,1767316080000,1767316139999,DOGE,1m,0.12625,0.12624,0.12625,0.12624,572.0,3
2026-01-02 01:09:00,1767316140000,1767316199999,DOGE,1m,0.12627,0.12626,0.12627,0.12626,398.0,3
2026-01-02 01:10:00,1767316200000,1767316259999,DOGE,1m,0.12625,0.12625,0.12625,0.12625,133.0,1
2026-01-02 01:11:00,1767316260000,1767316319999,DOGE,1m,0.12631,0.12631,0.12632,0.1263,15979.0,4
2026-01-02 01:12:00,1767316320000,1767316379999,DOGE,1m,0.1264,0.1264,0.12641,0.1264,1382.0,4
2026-01-02 01:13:00,1767316380000,1767316439999,DOGE,1m,0.1265,0.1266,0.1266,0.1265,24011.0,4
2026-01-02 01:14:00,1767316440000,1767316499999,DOGE,1m,0.12659,0.1265,0.12659,0.1265,14526.0,7
2026-01-02 01:15:00,1767316500000,1767316559999,DOGE,1m,0.12646,0.12646,0.12648,0.12643,114259.0,15
2026-01-02 01:16:00,1767316560000,1767316619999,DOGE,1m,0.12645,0.12639,0.12645,0.12639,11967.0,4
2026-01-02 01:17:00,1767316620000,1767316679999,DOGE,1m,0.12642,0.1263,0.12642,0.1263,6122.0,3
2026-01-02 01:18:00,1767316680000,1767316739999,DOGE,1m,0.12634,0.12638,0.12638,0.12634,3020.0,4
2026-01-02 01:19:00,1767316740000,1767316799999,DOGE,1m,0.12646,0.12646,0.12649,0.12644,169381.0,23
2026-01-02 01:20:00,1767316800000,1767316859999,DOGE,1m,0.12647,0.12648,0.12648,0.12645,56841.0,11
2026-01-02 01:21:00,1767316860000,1767316919999,DOGE,1m,0.12647,0.12652,0.12652,0.12647,14904.0,7
2026-01-02 01:22:00,1767316920000,1767316979999,DOGE,1m,0.12665,0.12665,0.12665,0.12665,435.0,1
2026-01-02 01:23:00,1767316980000,1767317039999,DOGE,1m,0.12669,0.12684,0.12684,0.12669,2321.0,5
2026-01-02 01:24:00,1767317040000,1767317099999,DOGE,1m,0.12677,0.12675,0.12677,0.12675,8654.0,5
2026-01-02 01:25:00,1767317100000,1767317159999,DOGE,1m,0.12672,0.1267,0.12674,0.1267,1887.0,4
2026-01-02 01:26:00,1767317160000,1767317219999,DOGE,1m,0.12681,0.12681,0.12681,0.12681,5672.0,1
2026-01-02 01:27:00,1767317220000,1767317279999,DOGE,1m,0.12681,0.12681,0.12681,0.12681,0.0,0
2026-01-02 01:28:00,1767317280000,1767317339999,DOGE,1m,0.12678,0.12674,0.12678,0.12673,9419.0,6
2026-01-02 01:29:00,1767317340000,1767317399999,DOGE,1m,0.12666,0.12671,0.12671,0.12666,24839.0,6
2026-01-02 01:30:00,1767317400000,1767317459999,DOGE,1m,0.12677,0.12671,0.12678,0.12671,20191.0,7
2026-01-02 01:31:00,1767317460000,1767317519999,DOGE,1m,0.12671,0.12667,0.12671,0.12667,5524.0,4
2026-01-02 01:32:00,1767317520000,1767317579999,DOGE,1m,0.12673,0.1267,0.12673,0.12669,2252.0,7
2026-01-02 01:33:00,1767317580000,1767317639999,DOGE,1m,0.1267,0.12666,0.12672,0.12666,17839.0,5
2026-01-02 01:34:00,1767317640000,1767317699999,DOGE,1m,0.12664,0.12662,0.12664,0.12662,3223.0,2
2026-01-02 01:35:00,1767317700000,1767317759999,DOGE,1m,0.12658,0.12655,0.12658,0.12655,9139.0,5
2026-01-02 01:36:00,1767317760000,1767317819999,DOGE,1m,0.12645,0.12652,0.12652,0.12645,9290.0,5
2026-01-02 01:37:00,1767317820000,1767317879999,DOGE,1m,0.1265,0.12644,0.1265,0.12641,169814.0,15
2026-01-02 01:38:00,1767317880000,1767317939999,DOGE,1m,0.12645,0.12645,0.12646,0.12645,35913.0,7
2026-01-02 01:39:00,1767317940000,1767317999999,DOGE,1m,0.12644,0.12646,0.12647,0.12644,32991.0,5
2026-01-02 01:40:00,1767318000000,1767318059999,DOGE,1m,0.12639,0.12636,0.12639,0.12636,39454.0,13
2026-01-02 01:41:00,1767318060000,1767318119999,DOGE,1m,0.12636,0.12636,0.12637,0.12635,40905.0,9
2026-01-02 01:42:00,1767318120000,1767318179999,DOGE,1m,0.12635,0.12643,0.12643,0.12635,34510.0,5
2026-01-02 01:43:00,1767318180000,1767318239999,DOGE,1m,0.12648,0.12649,0.1265,0.12648,60463.0,22
2026-01-02 01:44:00,1767318240000,1767318299999,DOGE,1m,0.12649,0.12649,0.12649,0.12649,57094.0,8
2026-01-02 01:45:00,1767318300000,1767318359999,DOGE,1m,0.12649,0.12644,0.12649,0.12642,270981.0,13
2026-01-02 01:46:00,1767318360000,1767318419999,DOGE,1m,0.12642,0.12649,0.12649,0.12641,149770.0,9
2026-01-02 01:47:00,1767318420000,1767318479999,DOGE,1m,0.12638,0.12636,0.12638,0.12636,42181.0,11
2026-01-02 01:48:00,1767318480000,1767318539999,DOGE,1m,0.12636,0.12648,0.12649,0.12635,204531.0,8
2026-01-02 01:49:00,1767318540000,1767318599999,DOGE,1m,0.12644,0.12643,0.12645,0.12641,193027.0,11
2026-01-02 01:50:00,1767318600000,1767318659999,DOGE,1m,0.12644,0.12644,0.12647,0.12644,353535.0,21
2026-01-02 01:51:00,1767318660000,1767318719999,DOGE,1m,0.1265,0.12659,0.12659,0.1265,34792.0,10
2026-01-02 01:52:00,1767318720000,1767318779999,DOGE,1m,0.12656,0.12663,0.12664,0.12656,33101.0,5
2026-01-02 01:53:00,1767318780000,1767318839999,DOGE,1m,0.12652,0.12649,0.12652,0.12649,37010.0,7
2026-01-02 01:54:00,1767318840000,1767318899999,DOGE,1m,0.12645,0.1265,0.1265,0.12643,37814.0,7
2026-01-02 01:55:00,1767318900000,1767318959999,DOGE,1m,0.12645,0.12643,0.12645,0.12643,37583.0,6
2026-01-02 01:56:00,1767318960000,1767319019999,DOGE,1m,0.12645,0.12646,0.12647,0.12645,29718.0,4
2026-01-02 01:57:00,1767319020000,1767319079999,DOGE,1m,0.12647,0.12654,0.12654,0.12647,32822.0,4
2026-01-02 01:58:00,1767319080000,1767319139999,DOGE,1m,0.12645,0.1265,0.12651,0.12645,36952.0,13
2026-01-02 01:59:00,1767319140000,1767319199999,DOGE,1m,0.12654,0.12655,0.12655,0.12654,34352.0,4
2026-01-02 02:00:00,1767319200000,1767319259999,DOGE,1m,0.12654,0.12646,0.12654,0.12644,77763.0,17
2026-01-02 02:01:00,1767319260000,1767319319999,DOGE,1m,0.12646,0.12649,0.12649,0.12644,56709.0,13
2026-01-02 02:02:00,1767319320000,1767319379999,DOGE,1m,0.12646,0.12639,0.12646,0.12639,32213.0,12
2026-01-02 02:03:00,1767319380000,1767319439999,DOGE,1m,0.12647,0.12631,0.12647,0.12631,36635.0,10
2026-01-02 02:04:00,1767319440000,1767319499999,DOGE,1m,0.12636,0.12638,0.12641,0.12636,32893.0,10
2026-01-02 02:05:00,1767319500000,1767319559999,DOGE,1m,0.12644,0.12638,0.12648,0.12638,330973.0,22
2026-01-02 02:06:00,1767319560000,1767319619999,DOGE,1m,0.12634,0.12633,0.12634,0.12632,38080.0,8
2026-01-02 02:07:00,1767319620000,1767319679999,DOGE,1m,0.12636,0.12646,0.12646,0.12636,175314.0,10
2026-01-02 02:08:00,1767319680000,1767319739999,DOGE,1m,0.1264,0.12641,0.12641,0.1264,1960.0,3
2026-01-02 02:09:00,1767319740000,1767319799999,DOGE,1m,0.12633,0.12634,0.12634,0.12633,27400.0,7
2026-01-02 02:10:00,1767319800000,1767319859999,DOGE,1m,0.12634,0.12633,0.12634,0.12633,1772.0,2
2026-01-02 02:11:00,1767319860000,1767319919999,DOGE,1m,0.12632,0.12636,0.12636,0.12632,1773.0,2
2026-01-02 02:12:00,1767319920000,1767319979999,DOGE,1m,0.12632,0.1263,0.12632,0.12629,2043.0,4
2026-01-02 02:13:00,1767319980000,1767320039999,DOGE,1m,0.12629,0.12636,0.12636,0.12628,2161.0,5
2026-01-02 02:14:00,1767320040000,1767320099999,DOGE,1m,0.12633,0.12637,0.12637,0.12632,4154.0,6
2026-01-02 02:15:00,1767320100000,1767320159999,DOGE,1m,0.12637,0.1264,0.1264,0.12637,9982.0,7
2026-01-02 02:16:00,1767320160000,1767320219999,DOGE,1m,0.12639,0.12637,0.12639,0.12636,4187.0,7
2026-01-02 02:17:00,1767320220000,1767320279999,DOGE,1m,0.12636,0.12629,0.12636,0.12629,25263.0,20
2026-01-02 02:18:00,1767320280000,1767320339999,DOGE,1m,0.12629,0.12621,0.1263,0.12621,22104.0,13
2026-01-02 02:19:00,1767320340000,1767320399999,DOGE,1m,0.1262,0.12631,0.12633,0.1262,114015.0,16
2026-01-02 02:20:00,1767320400000,1767320459999,DOGE,1m,0.12635,0.12643,0.12644,0.12635,21886.0,7
2026-01-02 02:21:00,1767320460000,1767320519999,DOGE,1m,0.12644,0.12621,0.12644,0.12621,21118.0,9
2026-01-02 02:22:00,1767320520000,1767320579999,DOGE,1m,0.12625,0.12629,0.12629,0.12625,11023.0,6
2026-01-02 02:23:00,1767320580000,1767320639999,DOGE,1m,0.12628,0.12631,0.12631,0.12624,2122.0,3
2026-01-02 02:24:00,1767320640000,1767320699999,DOGE,1m,0.12637,0.1264,0.1264,0.12637,1931.0,2
2026-01-02 02:25:00,1767320700000,1767320759999,DOGE,1m,0.12638,0.12643,0.12643,0.12638,34048.0,8
2026-01-02 02:26:00,1767320760000,1767320819999,DOGE,1m,0.12639,0.1264,0.1264,0.12635,15376.0,6
2026-01-02 02:27:00,1767320820000,1767320879999,DOGE,1m,0.12642,0.12633,0.12642,0.12633,1931.0,2
2026-01-02 02:28:00,1767320880000,1767320939999,DOGE,1m,0.12628,0.1262,0.12628,0.1262,1931.0,2
2026-01-02 02:29:00,1767320940000,1767320999999,DOGE,1m,0.12622,0.12624,0.12624,0.12619,427734.0,12
2026-01-02 02:30:00,1767321000000,1767321059999,DOGE,1m,0.12621,0.12621,0.12621,0.12621,3911.0,3
2026-01-02 02:31:00,1767321060000,1767321119999,DOGE,1m,0.12622,0.12626,0.12627,0.12622,5057.0,7
2026-01-02 02:32:00,1767321120000,1767321179999,DOGE,1m,0.12626,0.12631,0.12632,0.12626,30105.0,13
2026-01-02 02:33:00,1767321180000,1767321239999,DOGE,1m,0.12638,0.12642,0.12642,0.12638,1931.0,3
2026-01-02 02:34:00,1767321240000,1767321299999,DOGE,1m,0.1265,0.12656,0.12656,0.1265,11268.0,7
2026-01-02 02:35:00,1767321300000,1767321359999,DOGE,1m,0.12669,0.12665,0.12669,0.12665,18159.0,8
2026-01-02 02:36:00,1767321360000,1767321419999,DOGE,1m,0.12664,0.12662,0.12664,0.1266,19825.0,8
2026-01-02 02:37:00,1767321420000,1767321479999,DOGE,1m,0.12662,0.12652,0.12662,0.12652,7559.0,5
2026-01-02 02:38:00,1767321480000,1767321539999,DOGE,1m,0.12655,0.1266,0.1266,0.12655,38537.0,6
2026-01-02 02:39:00,1767321540000,1767321599999,DOGE,1m,0.12659,0.12654,0.1266,0.12654,24987.0,7
2026-01-02 02:40:00,1767321600000,1767321659999,DOGE,1m,0.12655,0.12647,0.12655,0.12647,202766.0,10
2026-01-02 02:41:00,1767321660000,1767321719999,DOGE,1m,0.12647,0.12653,0.12654,0.12647,5528.0,11
2026-01-02 02:42:00,1767321720000,1767321779999,DOGE,1m,0.12652,0.12653,0.12654,0.12652,10054.0,17
2026-01-02 02:43:00,1767321780000,1767321839999,DOGE,1m,0.12648,0.1265,0.1265,0.12648,10361.0,11
2026-01-02 02:44:00,1767321840000,1767321899999,DOGE,1m,0.1265,0.12661,0.12665,0.1265,12439.0,15
2026-01-02 02:45:00,1767321900000,1767321959999,DOGE,1m,0.12662,0.12658,0.12662,0.12656,6046.0,5
2026-01-02 02:46:00,1767321960000,1767322019999,DOGE,1m,0.12657,0.1266,0.12661,0.12656,10049.0,21
2026-01-02 02:47:00,1767322020000,1767322079999,DOGE,1m,0.1266,0.12661,0.12662,0.1266,2528.0,4
2026-01-02 02:48:00,1767322080000,1767322139999,DOGE,1m,0.12664,0.12666,0.12666,0.12664,17838.0,5
2026-01-02 02:49:00,1767322140000,1767322199999,DOGE,1m,0.12673,0.12684,0.12684,0.12673,2761.0,4
2026-01-02 02:50:00,1767322200000,1767322259999,DOGE,1m,0.1268,0.12685,0.12687,0.1268,6063.0,10
2026-01-02 02:51:00,1767322260000,1767322319999,DOGE,1m,0.12686,0.1269,0.1269,0.12685,6839.0,4
2026-01-02 02:52:00,1767322320000,1767322379999,DOGE,1m,0.12684,0.12689,0.12689,0.12684,2568.0,4
2026-01-02 02:53:00,1767322380000,1767322439999,DOGE,1m,0.12687,0.12688,0.12688,0.12687,2128.0,3
2026-01-02 02:54:00,1767322440000,1767322499999,DOGE,1m,0.12688,0.12685,0.12688,0.12684,13559.0,6
2026-01-02 02:55:00,1767322500000,1767322559999,DOGE,1m,0.12684,0.12684,0.12686,0.12684,3140.0,3
2026-01-02 02:56:00,1767322560000,1767322619999,DOGE,1m,0.12681,0.12685,0.12685,0.12681,221169.0,12
2026-01-02 02:57:00,1767322620000,1767322679999,DOGE,1m,0.12684,0.12686,0.12686,0.12684,1931.0,2
2026-01-02 02:58:00,1767322680000,1767322739999,DOGE,1m,0.12684,0.12683,0.12684,0.12683,1932.0,2
2026-01-02 02:59:00,1767322740000,1767322799999,DOGE,1m,0.12681,0.12681,0.12682,0.12679,5088.0,5
2026-01-02 03:00:00,1767322800000,1767322859999,DOGE,1m,0.12677,0.12663,0.12677,0.1266,57774.0,10
2026-01-02 03:01:00,1767322860000,1767322919999,DOGE,1m,0.12664,0.12657,0.12664,0.12657,11849.0,6
2026-01-02 03:02:00,1767322920000,1767322979999,DOGE,1m,0.12656,0.12658,0.12658,0.12654,3705.0,5
2026-01-02 03:03:00,1767322980000,1767323039999,DOGE,1m,0.12665,0.12666,0.12675,0.12665,7180.0,6
2026-01-02 03:04:00,1767323040000,1767323099999,DOGE,1m,0.12662,0.12665,0.12665,0.12662,3704.0,4
2026-01-02 03:05:00,1767323100000,1767323159999,DOGE,1m,0.12662,0.12662,0.12662,0.12662,3704.0,4
2026-01-02 03:06:00,1767323160000,1767323219999,DOGE,1m,0.12663,0.12679,0.12679,0.12663,1003704.0,14
2026-01-02 03:07:00,1767323220000,1767323279999,DOGE,1m,0.12677,0.12694,0.12694,0.12677,1003704.0,26
2026-01-02 03:08:00,1767323280000,1767323339999,DOGE,1m,0.12692,0.12676,0.12692,0.12676,33735.0,17
2026-01-02 03:09:00,1767323340000,1767323399999,DOGE,1m,0.12676,0.12669,0.12676,0.12669,4034.0,6
2026-01-02 03:10:00,1767323400000,1767323459999,DOGE,1m,0.12668,0.12674,0.12674,0.12663,414197.0,36
2026-01-02 03:11:00,1767323460000,1767323519999,DOGE,1m,0.12668,0.12666,0.12668,0.12664,3705.0,5
2026-01-02 03:12:00,1767323520000,1767323579999,DOGE,1m,0.12663,0.12661,0.12663,0.1266,6069.0,5
2026-01-02 03:13:00,1767323580000,1767323639999,DOGE,1m,0.12667,0.1267,0.12683,0.12667,6196.0,6
2026-01-02 03:14:00,1767323640000,1767323699999,DOGE,1m,0.12679,0.12698,0.12698,0.12679,5708.0,8
2026-01-02 03:15:00,1767323700000,1767323759999,DOGE,1m,0.12702,0.12692,0.12707,0.12692,4623.0,8
2026-01-02 03:16:00,1767323760000,1767323819999,DOGE,1m,0.12698,0.12688,0.12698,0.12688,4492.0,6
2026-01-02 03:17:00,1767323820000,1767323879999,DOGE,1m,0.12691,0.1269,0.12691,0.12689,5280.0,6
2026-01-02 03:18:00,1767323880000,1767323939999,DOGE,1m,0.12702,0.127,0.12702,0.12694,18661.0,7
2026-01-02 03:19:00,1767323940000,1767323999999,DOGE,1m,0.12705,0.12733,0.12733,0.12705,16412.0,18
2026-01-02 03:20:00,1767324000000,1767324059999,DOGE,1m,0.12732,0.12727,0.12732,0.12726,9470.0,9
2026-01-02 03:21:00,1767324060000,1767324119999,DOGE,1m,0.12727,0.12718,0.12727,0.12718,18393.0,4
2026-01-02 03:22:00,1767324120000,1767324179999,DOGE,1m,0.12716,0.12712,0.12716,0.12711,207351.0,19
2026-01-02 03:23:00,1767324180000,1767324239999,DOGE,1m,0.12715,0.12722,0.12722,0.12713,202234.0,13
2026-01-02 03:24:00,1767324240000,1767324299999,DOGE,1m,0.12708,0.12699,0.12709,0.12696,15467.0,7
2026-01-02 03:25:00,1767324300000,1767324359999,DOGE,1m,0.12694,0.12694,0.12694,0.12694,1931.0,2
2026-01-02 03:26:00,1767324360000,1767324419999,DOGE,1m,0.12693,0.127,0.12701,0.12689,605182.0,33
2026-01-02 03:27:00,1767324420000,1767324479999,DOGE,1m,0.12702,0.12704,0.12704,0.12702,118684.0,5
2026-01-02 03:28:00,1767324480000,1767324539999,DOGE,1m,0.127,0.12698,0.127,0.12697,1931.0,3
2026-01-02 03:29:00,1767324540000,1767324599999,DOGE,1m,0.12695,0.12701,0.12704,0.12695,896180.0,24
2026-01-02 03:30:00,1767324600000,1767324659999,DOGE,1m,0.1271,0.12716,0.12721,0.1271,52871.0,19
2026-01-02 03:31:00,1767324660000,1767324719999,DOGE,1m,0.12716,0.12734,0.12736,0.12715,62309.0,22
2026-01-02 03:32:00,1767324720000,1767324779999,DOGE,1m,0.12734,0.12759,0.12775,0.12734,2347785.0,80
2026-01-02 03:33:00,1767324780000,1767324839999,DOGE,1m,0.12756,0.12756,0.12766,0.12756,388215.0,32
2026-01-02 03:34:00,1767324840000,1767324899999,DOGE,1m,0.12761,0.12752,0.12767,0.12752,1237949.0,32
2026-01-02 03:35:00,1767324900000,1767324959999,DOGE,1m,0.1275,0.12753,0.12753,0.12745,164800.0,19
2026-01-02 03:36:00,1767324960000,1767325019999,DOGE,1m,0.12759,0.12761,0.12761,0.12757,7859.0,9
2026-01-02 03:37:00,1767325020000,1767325079999,DOGE,1m,0.12762,0.1277,0.1277,0.12755,13347.0,8
2026-01-02 03:38:00,1767325080000,1767325139999,DOGE,1m,0.12776,0.12782,0.1279,0.12776,485032.0,22
2026-01-02 03:39:00,1767325140000,1767325199999,DOGE,1m,0.12786,0.12781,0.12794,0.12781,89468.0,12
2026-01-02 03:40:00,1767325200000,1767325259999,DOGE,1m,0.12782,0.12782,0.12785,0.12774,72129.0,12
2026-01-02 03:41:00,1767325260000,1767325319999,DOGE,1m,0.12783,0.12818,0.12864,0.12783,957364.0,111
2026-01-02 03:42:00,1767325320000,1767325379999,DOGE,1m,0.12828,0.12828,0.12859,0.12826,2007851.0,57
2026-01-02 03:43:00,1767325380000,1767325439999,DOGE,1m,0.12843,0.1282,0.12857,0.12818,63767.0,30
2026-01-02 03:44:00,1767325440000,1767325499999,DOGE,1m,0.12822,0.12829,0.12836,0.12822,16052.0,10
2026-01-02 03:45:00,1767325500000,1767325559999,DOGE,1m,0.12832,0.12872,0.12872,0.12832,89717.0,39
2026-01-02 03:46:00,1767325560000,1767325619999,DOGE,1m,0.12873,0.12918,0.1294,0.1287,427229.0,112
2026-01-02 03:47:00,1767325620000,1767325679999,DOGE,1m,0.12907,0.12897,0.12913,0.12896,26512.0,22
2026-01-02 03:48:00,1767325680000,1767325739999,DOGE,1m,0.12895,0.12891,0.12898,0.12884,24971.0,8
2026-01-02 03:49:00,1767325740000,1767325799999,DOGE,1m,0.12888,0.12886,0.12901,0.12886,105352.0,12
2026-01-02 03:50:00,1767325800000,1767325859999,DOGE,1m,0.12888,0.12889,0.12893,0.12883,26438.0,9
2026-01-02 03:51:00,1767325860000,1767325919999,DOGE,1m,0.12904,0.12897,0.12918,0.12896,46495.0,14
2026-01-02 03:52:00,1767325920000,1767325979999,DOGE,1m,0.12895,0.12856,0.12895,0.12852,107143.0,27
2026-01-02 03:53:00,1767325980000,1767326039999,DOGE,1m,0.12851,0.12852,0.12854,0.12847,34533.0,12
2026-01-02 03:54:00,1767326040000,1767326099999,DOGE,1m,0.12845,0.1284,0.12847,0.12836,53300.0,14
2026-01-02 03:55:00,1767326100000,1767326159999,DOGE,1m,0.12847,0.12831,0.12852,0.12831,12535.0,6
2026-01-02 03:56:00,1767326160000,1767326219999,DOGE,1m,0.12834,0.12834,0.12843,0.12833,190778.0,16
2026-01-02 03:57:00,1767326220000,1767326279999,DOGE,1m,0.12839,0.12856,0.12856,0.12839,38853.0,9
2026-01-02 03:58:00,1767326280000,1767326339999,DOGE,1m,0.12852,0.1284,0.12852,0.12836,24449.0,11
2026-01-02 03:59:00,1767326340000,1767326399999,DOGE,1m,0.12846,0.12853,0.12867,0.12846,22518.0,11
2026-01-02 04:00:00,1767326400000,1767326459999,DOGE,1m,0.12865,0.12874,0.12885,0.12865,178855.0,15
2026-01-02 04:01:00,1767326460000,1767326519999,DOGE,1m,0.12876,0.12882,0.12883,0.12867,166399.0,16
2026-01-02 04:02:00,1767326520000,1767326579999,DOGE,1m,0.12881,0.12888,0.12891,0.12881,33254.0,10
2026-01-02 04:03:00,1767326580000,1767326639999,DOGE,1m,0.1288,0.12876,0.12881,0.12873,27658.0,11
2026-01-02 04:04:00,1767326640000,1767326699999,DOGE,1m,0.12876,0.12882,0.12882,0.12876,2559.0,3
2026-01-02 04:05:00,1767326700000,1767326759999,DOGE,1m,0.12882,0.12888,0.12888,0.12882,1931.0,2
2026-01-02 04:06:00,1767326760000,1767326819999,DOGE,1m,0.12885,0.12891,0.12892,0.12885,41458.0,9
2026-01-02 04:07:00,1767326820000,1767326879999,DOGE,1m,0.12893,0.12887,0.12893,0.12886,31246.0,6
2026-01-02 04:08:00,1767326880000,1767326939999,DOGE,1m,0.1288,0.12874,0.1288,0.12871,2297.0,4
2026-01-02 04:09:00,1767326940000,1767326999999,DOGE,1m,0.12884,0.12878,0.1289,0.12878,14129.0,5
2026-01-02 04:10:00,1767327000000,1767327059999,DOGE,1m,0.12898,0.12898,0.12901,0.12898,9077.0,4
2026-01-02 04:11:00,1767327060000,1767327119999,DOGE,1m,0.12882,0.12853,0.12882,0.12853,10792.0,6
2026-01-02 04:12:00,1767327120000,1767327179999,DOGE,1m,0.12852,0.12855,0.12856,0.12851,29561.0,6
2026-01-02 04:13:00,1767327180000,1767327239999,DOGE,1m,0.12861,0.12868,0.12868,0.12861,7732.0,3
2026-01-02 04:14:00,1767327240000,1767327299999,DOGE,1m,0.12872,0.1288,0.12881,0.1287,19085.0,11
2026-01-02 04:15:00,1767327300000,1767327359999,DOGE,1m,0.12874,0.1287,0.12881,0.1287,2806.0,5
2026-01-02 04:16:00,1767327360000,1767327419999,DOGE,1m,0.12861,0.1285,0.12863,0.12847,185264.0,10
2026-01-02 04:17:00,1767327420000,1767327479999,DOGE,1m,0.12856,0.1285,0.12856,0.1285,62720.0,11
2026-01-02 04:18:00,1767327480000,1767327539999,DOGE,1m,0.12865,0.12859,0.12865,0.12859,1931.0,3
2026-01-02 04:19:00,1767327540000,1767327599999,DOGE,1m,0.12865,0.12853,0.12865,0.12852,50963.0,12
2026-01-02 04:20:00,1767327600000,1767327659999,DOGE,1m,0.12853,0.12838,0.12854,0.12838,83224.0,17
2026-01-02 04:21:00,1767327660000,1767327719999,DOGE,1m,0.12837,0.12806,0.12837,0.12806,168131.0,14
2026-01-02 04:22:00,1767327720000,1767327779999,DOGE,1m,0.12819,0.1282,0.1282,0.12817,2048.0,3
2026-01-02 04:23:00,1767327780000,1767327839999,DOGE,1m,0.12816,0.12815,0.12816,0.12808,3229.0,3
2026-01-02 04:24:00,1767327840000,1767327899999,DOGE,1m,0.12821,0.12816,0.12821,0.12809,4002191.0,69
2026-01-02 04:25:00,1767327900000,1767327959999,DOGE,1m,0.12816,0.12795,0.12816,0.12795,13216.0,5
2026-01-02 04:26:00,1767327960000,1767328019999,DOGE,1m,0.12797,0.12796,0.12799,0.12794,1985131.0,18
2026-01-02 04:27:00,1767328020000,1767328079999,DOGE,1m,0.12798,0.12793,0.12801,0.12793,22736.0,7
2026-01-02 04:28:00,1767328080000,1767328139999,DOGE,1m,0.12796,0.12785,0.12796,0.12785,4279.0,3
2026-01-02 04:29:00,1767328140000,1767328199999,DOGE,1m,0.12789,0.12785,0.12789,0.12785,2093.0,3
2026-01-02 04:30:00,1767328200000,1767328259999,DOGE,1m,0.12782,0.12782,0.12783,0.12782,3167.0,3
2026-01-02 04:31:00,1767328260000,1767328319999,DOGE,1m,0.12789,0.1279,0.1279,0.12789,1665.0,3
2026-01-02 04:32:00,1767328320000,1767328379999,DOGE,1m,0.12784,0.12784,0.12784,0.12784,475.0,1
2026-01-02 04:33:00,1767328380000,1767328439999,DOGE,1m,0.12784,0.12786,0.12786,0.12784,8794.0,2
2026-01-02 04:34:00,1767328440000,1767328499999,DOGE,1m,0.12799,0.12799,0.12799,0.12799,584.0,1
2026-01-02 04:35:00,1767328500000,1767328559999,DOGE,1m,0.12799,0.12802,0.12802,0.12799,1136.0,3
2026-01-02 04:36:00,1767328560000,1767328619999,DOGE,1m,0.12794,0.12809,0.12809,0.12794,50150.0,5
2026-01-02 04:37:00,1767328620000,1767328679999,DOGE,1m,0.12809,0.12813,0.12818,0.12809,2651.0,4
2026-01-02 04:38:00,1767328680000,1767328739999,DOGE,1m,0.12812,0.12812,0.12812,0.12812,5809.0,2
2026-01-02 04:39:00,1767328740000,1767328799999,DOGE,1m,0.12827,0.12829,0.12829,0.12827,12543.0,5
2026-01-02 04:40:00,1767328800000,1767328859999,DOGE,1m,0.12836,0.12836,0.12836,0.12836,819.0,1
2026-01-02 04:41:00,1767328860000,1767328919999,DOGE,1m,0.12822,0.12816,0.12822,0.12816,14255.0,4
2026-01-02 04:42:00,1767328920000,1767328979999,DOGE,1m,0.12816,0.12816,0.12816,0.12816,0.0,0
2026-01-02 04:43:00,1767328980000,1767329039999,DOGE,1m,0.1281,0.12813,0.12813,0.12809,261868.0,14
2026-01-02 04:44:00,1767329040000,1767329099999,DOGE,1m,0.12813,0.12806,0.12813,0.12806,3205.0,3
2026-01-02 04:45:00,1767329100000,1767329159999,DOGE,1m,0.12805,0.12803,0.12805,0.12803,1012.0,2
2026-01-02 04:46:00,1767329160000,1767329219999,DOGE,1m,0.12807,0.12807,0.12807,0.12807,179.0,1
2026-01-02 04:47:00,1767329220000,1767329279999,DOGE,1m,0.12807,0.12807,0.12807,0.12807,152.0,1
2026-01-02 04:48:00,1767329280000,1767329339999,DOGE,1m,0.12809,0.12803,0.12809,0.12803,712.0,4
2026-01-02 04:49:00,1767329340000,1767329399999,DOGE,1m,0.12807,0.12807,0.12807,0.12807,511.0,2
2026-01-02 04:50:00,1767329400000,1767329459999,DOGE,1m,0.12811,0.12813,0.12813,0.12811,25099.0,5
2026-01-02 04:51:00,1767329460000,1767329519999,DOGE,1m,0.1281,0.12835,0.12835,0.1281,15015.0,4
2026-01-02 04:52:00,1767329520000,1767329579999,DOGE,1m,0.12842,0.12824,0.12842,0.12824,5194.0,4
2026-01-02 04:53:00,1767329580000,1767329639999,DOGE,1m,0.12828,0.12828,0.12831,0.12828,2587.0,3
2026-01-02 04:54:00,1767329640000,1767329699999,DOGE,1m,0.12836,0.12826,0.12836,0.12825,19378.0,5
2026-01-02 04:55:00,1767329700000,1767329759999,DOGE,1m,0.12828,0.12826,0.1283,0.12826,84715.0,7
2026-01-02 04:56:00,1767329760000,1767329819999,DOGE,1m,0.12825,0.12832,0.12832,0.12825,893.0,2
2026-01-02 04:57:00,1767329820000,1767329879999,DOGE,1m,0.12831,0.12831,0.12831,0.12831,8261.0,2
2026-01-02 04:58:00,1767329880000,1767329939999,DOGE,1m,0.12819,0.12817,0.12819,0.12817,2768.0,4
2026-01-02 04:59:00,1767329940000,1767329999999,DOGE,1m,0.12823,0.12825,0.12825,0.12823,301.0,2
2026-01-02 05:00:00,1767330000000,1767330059999,DOGE,1m,0.12832,0.12834,0.12834,0.12832,9675.0,4
2026-01-02 05:01:00,1767330060000,1767330119999,DOGE,1m,0.12826,0.12811,0.12826,0.12811,263.0,2
2026-01-02 05:02:00,1767330120000,1767330179999,DOGE,1m,0.12803,0.12801,0.12803,0.12801,27550.0,5
2026-01-02 05:03:00,1767330180000,1767330239999,DOGE,1m,0.12795,0.12795,0.12795,0.12795,124.0,1
2026-01-02 05:04:00,1767330240000,1767330299999,DOGE,1m,0.12796,0.12796,0.128,0.12796,5799.0,6
2026-01-02 05:05:00,1767330300000,1767330359999,DOGE,1m,0.128,0.12807,0.12807,0.128,3260.0,2
2026-01-02 05:06:00,1767330360000,1767330419999,DOGE,1m,0.12811,0.12825,0.12825,0.12811,42792.0,8
2026-01-02 05:07:00,1767330420000,1767330479999,DOGE,1m,0.12821,0.12821,0.12821,0.12821,248.0,1
2026-01-02 05:08:00,1767330480000,1767330539999,DOGE,1m,0.12819,0.12816,0.1282,0.12816,26528.0,8
2026-01-02 05:09:00,1767330540000,1767330599999,DOGE,1m,0.12816,0.12816,0.12816,0.12816,0.0,0
2026-01-02 05:10:00,1767330600000,1767330659999,DOGE,1m,0.12813,0.12811,0.12813,0.12811,1195.0,3
2026-01-02 05:11:00,1767330660000,1767330719999,DOGE,1m,0.12811,0.12811,0.12811,0.12811,0.0,0
2026-01-02 05:12:00,1767330720000,1767330779999,DOGE,1m,0.12819,0.12817,0.1282,0.12817,4621.0,4
2026-01-02 05:13:00,1767330780000,1767330839999,DOGE,1m,0.12815,0.12806,0.12815,0.12806,27109.0,4
2026-01-02 05:14:00,1767330840000,1767330899999,DOGE,1m,0.12802,0.12802,0.12802,0.12802,2336.0,2
2026-01-02 05:15:00,1767330900000,1767330959999,DOGE,1m,0.12802,0.12802,0.12802,0.12802,0.0,0
2026-01-02 05:16:00,1767330960000,1767331019999,DOGE,1m,0.12801,0.128,0.12801,0.128,969.0,2
2026-01-02 05:17:00,1767331020000,1767331079999,DOGE,1m,0.12797,0.128,0.128,0.12797,248449.0,3
2026-01-02 05:18:00,1767331080000,1767331139999,DOGE,1m,0.128,0.12809,0.12809,0.128,303228.0,4
2026-01-02 05:19:00,1767331140000,1767331199999,DOGE,1m,0.12811,0.12811,0.12811,0.12811,129.0,1
2026-01-02 05:20:00,1767331200000,1767331259999,DOGE,1m,0.12808,0.12808,0.12808,0.12808,7391.0,3
2026-01-02 05:21:00,1767331260000,1767331319999,DOGE,1m,0.12791,0.12794,0.12794,0.1279,666845.0,19
2026-01-02 05:22:00,1767331320000,1767331379999,DOGE,1m,0.12782,0.1276,0.12782,0.1276,11534.0,9
2026-01-02 05:23:00,1767331380000,1767331439999,DOGE,1m,0.12759,0.1275,0.1276,0.12749,12699.0,9
2026-01-02 05:24:00,1767331440000,1767331499999,DOGE,1m,0.12756,0.12756,0.12756,0.12756,222592.0,3
2026-01-02 05:25:00,1767331500000,1767331559999,DOGE,1m,0.12747,0.12747,0.12752,0.12744,86528.0,11
2026-01-02 05:26:00,1767331560000,1767331619999,DOGE,1m,0.12753,0.12751,0.12753,0.12751,8511.0,3
2026-01-02 05:27:00,1767331620000,1767331679999,DOGE,1m,0.12753,0.12755,0.12755,0.12753,8180.0,3
2026-01-02 05:28:00,1767331680000,1767331739999,DOGE,1m,0.12747,0.12749,0.12749,0.12747,496.0,2
2026-01-02 05:29:00,1767331740000,1767331799999,DOGE,1m,0.12748,0.12748,0.12748,0.12748,974.0,2
2026-01-02 05:30:00,1767331800000,1767331859999,DOGE,1m,0.12752,0.12751,0.12753,0.12751,2538.0,7
2026-01-02 05:31:00,1767331860000,1767331919999,DOGE,1m,0.12752,0.12757,0.12757,0.12752,9829.0,2
2026-01-02 05:32:00,1767331920000,1767331979999,DOGE,1m,0.12759,0.12759,0.12759,0.12759,2329.0,1
2026-01-02 05:33:00,1767331980000,1767332039999,DOGE,1m,0.12763,0.12763,0.12763,0.12763,2351.0,1
2026-01-02 05:34:00,1767332040000,1767332099999,DOGE,1m,0.12762,0.12764,0.12764,0.12761,820.0,4
2026-01-02 05:35:00,1767332100000,1767332159999,DOGE,1m,0.12764,0.12769,0.12769,0.12764,1538172.0,19
2026-01-02 05:36:00,1767332160000,1767332219999,DOGE,1m,0.12772,0.12771,0.12772,0.12771,14330.0,3
2026-01-02 05:37:00,1767332220000,1767332279999,DOGE,1m,0.12771,0.12766,0.12771,0.12766,4221.0,3
2026-01-02 05:38:00,1767332280000,1767332339999,DOGE,1m,0.12762,0.1277,0.12771,0.12762,5035.0,4
2026-01-02 05:39:00,1767332340000,1767332399999,DOGE,1m,0.12769,0.12769,0.12769,0.12769,167.0,1
2026-01-02 05:40:00,1767332400000,1767332459999,DOGE,1m,0.12766,0.12762,0.12767,0.12762,3976.0,3
2026-01-02 05:41:00,1767332460000,1767332519999,DOGE,1m,0.12768,0.12769,0.12769,0.12768,377.0,2
2026-01-02 05:42:00,1767332520000,1767332579999,DOGE,1m,0.12779,0.12788,0.12789,0.12779,1881431.0,22
2026-01-02 05:43:00,1767332580000,1767332639999,DOGE,1m,0.12787,0.12787,0.12787,0.12787,130.0,1
2026-01-02 05:44:00,1767332640000,1767332699999,DOGE,1m,0.12787,0.12787,0.12787,0.12787,0.0,0
2026-01-02 05:45:00,1767332700000,1767332759999,DOGE,1m,0.12795,0.12795,0.12797,0.12795,17601.0,5
2026-01-02 05:46:00,1767332760000,1767332819999,DOGE,1m,0.12794,0.12793,0.12794,0.12792,947.0,4
2026-01-02 05:47:00,1767332820000,1767332879999,DOGE,1m,0.12796,0.12797,0.12797,0.12796,1501.0,3
2026-01-02 05:48:00,1767332880000,1767332939999,DOGE,1m,0.12803,0.12804,0.12804,0.12803,699.0,2
2026-01-02 05:49:00,1767332940000,1767332999999,DOGE,1m,0.12814,0.12815,0.12815,0.12814,39234.0,5
2026-01-02 05:50:00,1767333000000,1767333059999,DOGE,1m,0.12814,0.12814,0.12814,0.12814,282.0,1
2026-01-02 05:51:00,1767333060000,1767333119999,DOGE,1m,0.12813,0.12815,0.12815,0.12813,232.0,2
2026-01-02 05:52:00,1767333120000,1767333179999,DOGE,1m,0.12809,0.1282,0.12821,0.12809,37841.0,12
2026-01-02 05:53:00,1767333180000,1767333239999,DOGE,1m,0.12817,0.12819,0.12819,0.12817,802.0,3
2026-01-02 05:54:00,1767333240000,1767333299999,DOGE,1m,0.12818,0.12818,0.12818,0.12818,234.0,1
2026-01-02 05:55:00,1767333300000,1767333359999,DOGE,1m,0.12811,0.12811,0.12811,0.12811,4684.0,1
2026-01-02 05:56:00,1767333360000,1767333419999,DOGE,1m,0.12816,0.12816,0.12816,0.12816,79.0,1
2026-01-02 05:57:00,1767333420000,1767333479999,DOGE,1m,0.12824,0.12824,0.12824,0.12824,300.0,1
2026-01-02 05:58:00,1767333480000,1767333539999,DOGE,1m,0.12819,0.12819,0.12819,0.12818,1826.0,4
2026-01-02 05:59:00,1767333540000,1767333599999,DOGE,1m,0.12816,0.12809,0.12818,0.12809,378.0,3
2026-01-02 06:00:00,1767333600000,1767333659999,DOGE,1m,0.12809,0.12811,0.12812,0.12809,13723.0,8
2026-01-02 06:01:00,1767333660000,1767333719999,DOGE,1m,0.12809,0.12809,0.12809,0.12809,5884.0,2
2026-01-02 06:02:00,1767333720000,1767333779999,DOGE,1m,0.12824,0.12826,0.12827,0.12823,241054.0,26
2026-01-02 06:03:00,1767333780000,1767333839999,DOGE,1m,0.12826,0.12847,0.12856,0.12826,11727.0,8
2026-01-02 06:04:00,1767333840000,1767333899999,DOGE,1m,0.12839,0.12826,0.12839,0.12826,27723.0,3
2026-01-02 06:05:00,1767333900000,1767333959999,DOGE,1m,0.12842,0.12842,0.12842,0.12842,6162.0,1
2026-01-02 06:06:00,1767333960000,1767334019999,DOGE,1m,0.12859,0.12846,0.12859,0.12846,15052.0,9
2026-01-02 06:07:00,1767334020000,1767334079999,DOGE,1m,0.12843,0.12841,0.12844,0.12838,11911.0,6
2026-01-02 06:08:00,1767334080000,1767334139999,DOGE,1m,0.12852,0.12852,0.12852,0.1285,2387.0,4
2026-01-02 06:09:00,1767334140000,1767334199999,DOGE,1m,0.12858,0.12858,0.12858,0.12858,192.0,1
2026-01-02 06:10:00,1767334200000,1767334259999,DOGE,1m,0.12858,0.12858,0.12858,0.12858,255.0,1
2026-01-02 06:11:00,1767334260000,1767334319999,DOGE,1m,0.12858,0.12859,0.12859,0.12858,2506.0,2
2026-01-02 06:12:00,1767334320000,1767334379999,DOGE,1m,0.12862,0.12867,0.12867,0.12862,6949.0,2
2026-01-02 06:13:00,1767334380000,1767334439999,DOGE,1m,0.1287,0.1286,0.1287,0.1286,6886.0,4
2026-01-02 06:14:00,1767334440000,1767334499999,DOGE,1m,0.12852,0.12846,0.12852,0.12846,3061.0,2
2026-01-02 06:15:00,1767334500000,1767334559999,DOGE,1m,0.12846,0.12846,0.12846,0.12846,0.0,0
2026-01-02 06:16:00,1767334560000,1767334619999,DOGE,1m,0.12849,0.12851,0.12852,0.12844,78544.0,11
2026-01-02 06:17:00,1767334620000,1767334679999,DOGE,1m,0.12852,0.12855,0.12855,0.12852,778.0,5
2026-01-02 06:18:00,1767334680000,1767334739999,DOGE,1m,0.12855,0.12855,0.12855,0.12855,337.0,1
2026-01-02 06:19:00,1767334740000,1767334799999,DOGE,1m,0.12862,0.12863,0.12863,0.12862,1027.0,2
2026-01-02 06:20:00,1767334800000,1767334859999,DOGE,1m,0.12852,0.12863,0.12863,0.12849,123145.0,20
2026-01-02 06:21:00,1767334860000,1767334919999,DOGE,1m,0.1286,0.1286,0.1286,0.1286,689.0,1
2026-01-02 06:22:00,1767334920000,1767334979999,DOGE,1m,0.12864,0.12864,0.12864,0.12864,117.0,1
2026-01-02 06:23:00,1767334980000,1767335039999,DOGE,1m,0.1285,0.12851,0.12851,0.1285,653.0,2
2026-01-02 06:24:00,1767335040000,1767335099999,DOGE,1m,0.12857,0.12857,0.12857,0.12857,121.0,1
2026-01-02 06:25:00,1767335100000,1767335159999,DOGE,1m,0.12861,0.12861,0.12861,0.12861,1600.0,1
2026-01-02 06:26:00,1767335160000,1767335219999,DOGE,1m,0.1287,0.12869,0.1287,0.12869,368.0,2
2026-01-02 06:27:00,1767335220000,1767335279999,DOGE,1m,0.12869,0.1287,0.12871,0.12869,619.0,4
2026-01-02 06:28:00,1767335280000,1767335339999,DOGE,1m,0.12861,0.1286,0.12861,0.1286,22851.0,4
2026-01-02 06:29:00,1767335340000,1767335399999,DOGE,1m,0.1286,0.1286,0.1286,0.1286,144.0,1
2026-01-02 06:30:00,1767335400000,1767335459999,DOGE,1m,0.12859,0.12865,0.12865,0.12858,1466.0,3
2026-01-02 06:31:00,1767335460000,1767335519999,DOGE,1m,0.1287,0.12864,0.1287,0.12864,1452.0,3
2026-01-02 06:32:00,1767335520000,1767335579999,DOGE,1m,0.12864,0.12861,0.12864,0.1286,6364.0,4
2026-01-02 06:33:00,1767335580000,1767335639999,DOGE,1m,0.12859,0.1286,0.1286,0.12859,701.0,4
2026-01-02 06:34:00,1767335640000,1767335699999,DOGE,1m,0.12859,0.1286,0.1286,0.12859,617.0,2
2026-01-02 06:35:00,1767335700000,1767335759999,DOGE,1m,0.12859,0.12859,0.12859,0.12859,381.0,2
2026-01-02 06:36:00,1767335760000,1767335819999,DOGE,1m,0.12864,0.12864,0.12864,0.12864,406.0,2
2026-01-02 06:37:00,1767335820000,1767335879999,DOGE,1m,0.12861,0.12851,0.12861,0.12851,54713.0,6
2026-01-02 06:38:00,1767335880000,1767335939999,DOGE,1m,0.12861,0.12861,0.12861,0.12861,243.0,1
2026-01-02 06:39:00,1767335940000,1767335999999,DOGE,1m,0.12877,0.12873,0.12877,0.12873,934.0,2
2026-01-02 06:40:00,1767336000000,1767336059999,DOGE,1m,0.12873,0.12863,0.12873,0.12863,921.0,3
2026-01-02 06:41:00,1767336060000,1767336119999,DOGE,1m,0.12871,0.1287,0.12871,0.1287,2972.0,2
2026-01-02 06:42:00,1767336120000,1767336179999,DOGE,1m,0.12859,0.12855,0.12859,0.12855,1948.0,2
2026-01-02 06:43:00,1767336180000,1767336239999,DOGE,1m,0.12861,0.12859,0.12862,0.12858,1086.0,6
2026-01-02 06:44:00,1767336240000,1767336299999,DOGE,1m,0.12859,0.12859,0.12859,0.12859,0.0,0
2026-01-02 06:45:00,1767336300000,1767336359999,DOGE,1m,0.1287,0.12866,0.12874,0.12866,3237.0,8
2026-01-02 06:46:00,1767336360000,1767336419999,DOGE,1m,0.12873,0.12869,0.12873,0.12869,774.0,4
2026-01-02 06:47:00,1767336420000,1767336479999,DOGE,1m,0.12852,0.1285,0.12853,0.1285,2538.0,3
2026-01-02 06:48:00,1767336480000,1767336539999,DOGE,1m,0.1285,0.12848,0.1285,0.12848,1555.0,4
2026-01-02 06:49:00,1767336540000,1767336599999,DOGE,1m,0.12848,0.12848,0.12848,0.12848,0.0,0
2026-01-02 06:50:00,1767336600000,1767336659999,DOGE,1m,0.12859,0.12859,0.12859,0.12859,24000.0,2
2026-01-02 06:51:00,1767336660000,1767336719999,DOGE,1m,0.12868,0.12868,0.12868,0.12868,777.0,1
2026-01-02 06:52:00,1767336720000,1767336779999,DOGE,1m,0.12865,0.12865,0.12865,0.12864,501.0,3
2026-01-02 06:53:00,1767336780000,1767336839999,DOGE,1m,0.12863,0.12863,0.12863,0.12863,242.0,1
2026-01-02 06:54:00,1767336840000,1767336899999,DOGE,1m,0.12869,0.1287,0.1287,0.12869,589.0,3
2026-01-02 06:55:00,1767336900000,1767336959999,DOGE,1m,0.12869,0.12869,0.12871,0.12869,4915.0,6
2026-01-02 06:56:00,1767336960000,1767337019999,DOGE,1m,0.12867,0.12861,0.12867,0.12861,35036.0,11
2026-01-02 06:57:00,1767337020000,1767337079999,DOGE,1m,0.12863,0.12863,0.12863,0.12863,198.0,1
2026-01-02 06:58:00,1767337080000,1767337139999,DOGE,1m,0.12848,0.12848,0.12848,0.12848,223.0,1
2026-01-02 06:59:00,1767337140000,1767337199999,DOGE,1m,0.12849,0.12849,0.12849,0.12849,312.0,1
2026-01-02 07:00:00,1767337200000,1767337259999,DOGE,1m,0.12851,0.12858,0.12861,0.12851,4094.0,6
2026-01-02 07:01:00,1767337260000,1767337319999,DOGE,1m,0.12861,0.12861,0.12861,0.12861,183.0,1
2026-01-02 07:02:00,1767337320000,1767337379999,DOGE,1m,0.12868,0.12868,0.12868,0.12868,100.0,1
2026-01-02 07:03:00,1767337380000,1767337439999,DOGE,1m,0.12862,0.12866,0.12866,0.12862,11136.0,6
2026-01-02 07:04:00,1767337440000,1767337499999,DOGE,1m,0.12857,0.12859,0.12861,0.12857,606.0,4
2026-01-02 07:05:00,1767337500000,1767337559999,DOGE,1m,0.12856,0.12856,0.12856,0.12856,223.0,1
2026-01-02 07:06:00,1767337560000,1767337619999,DOGE,1m,0.12857,0.12857,0.12857,0.12857,3660.0,1
2026-01-02 07:07:00,1767337620000,1767337679999,DOGE,1m,0.12858,0.12858,0.12858,0.12858,139.0,1
2026-01-02 07:08:00,1767337680000,1767337739999,DOGE,1m,0.12858,0.12855,0.12858,0.12855,1834.0,2
2026-01-02 07:09:00,1767337740000,1767337799999,DOGE,1m,0.12859,0.12859,0.12859,0.12859,336.0,3
2026-01-02 07:10:00,1767337800000,1767337859999,DOGE,1m,0.12857,0.12858,0.12858,0.12857,1556.0,5
2026-01-02 07:11:00,1767337860000,1767337919999,DOGE,1m,0.1286,0.1286,0.1286,0.1286,2078.0,2
2026-01-02 07:12:00,1767337920000,1767337979999,DOGE,1m,0.12859,0.12859,0.12859,0.12859,32664.0,3
2026-01-02 07:13:00,1767337980000,1767338039999,DOGE,1m,0.12859,0.12861,0.12861,0.12858,6000.0,6
2026-01-02 07:14:00,1767338040000,1767338099999,DOGE,1m,0.12861,0.12861,0.12861,0.12861,0.0,0
2026-01-02 07:15:00,1767338100000,1767338159999,DOGE,1m,0.12857,0.12849,0.12857,0.12849,6389.0,6
2026-01-02 07:16:00,1767338160000,1767338219999,DOGE,1m,0.12842,0.12844,0.12844,0.12842,1490.0,2
2026-01-02 07:17:00,1767338220000,1767338279999,DOGE,1m,0.12854,0.12853,0.12854,0.12853,50000.0,6
2026-01-02 07:18:00,1767338280000,1767338339999,DOGE,1m,0.1284,0.12838,0.1284,0.12838,2268.0,2
2026-01-02 07:19:00,1767338340000,1767338399999,DOGE,1m,0.12847,0.12847,0.12847,0.12847,1395.0,2
2026-01-02 07:20:00,1767338400000,1767338459999,DOGE,1m,0.12847,0.12847,0.12847,0.12847,3160.0,6
2026-01-02 07:21:00,1767338460000,1767338519999,DOGE,1m,0.12839,0.12839,0.12839,0.12839,3894.0,1
2026-01-02 07:22:00,1767338520000,1767338579999,DOGE,1m,0.12841,0.12841,0.12841,0.12841,253.0,1
2026-01-02 07:23:00,1767338580000,1767338639999,DOGE,1m,0.12832,0.12835,0.12835,0.12831,9267.0,6
2026-01-02 07:24:00,1767338640000,1767338699999,DOGE,1m,0.12835,0.12835,0.12835,0.12835,0.0,0
2026-01-02 07:25:00,1767338700000,1767338759999,DOGE,1m,0.12827,0.1282,0.12827,0.12818,39615.0,11
2026-01-02 07:26:00,1767338760000,1767338819999,DOGE,1m,0.12818,0.12811,0.12818,0.12811,1001.0,2
2026-01-02 07:27:00,1767338820000,1767338879999,DOGE,1m,0.12807,0.12807,0.12808,0.12807,6432.0,4
2026-01-02 07:28:00,1767338880000,1767338939999,DOGE,1m,0.12803,0.12797,0.12803,0.12793,2743.0,5
2026-01-02 07:29:00,1767338940000,1767338999999,DOGE,1m,0.12798,0.12799,0.12799,0.12798,277.0,2
2026-01-02 07:30:00,1767339000000,1767339059999,DOGE,1m,0.128,0.12801,0.12801,0.128,707.0,2
2026-01-02 07:31:00,1767339060000,1767339119999,DOGE,1m,0.1279,0.12777,0.1279,0.12777,13035.0,8
2026-01-02 07:32:00,1767339120000,1767339179999,DOGE,1m,0.12775,0.12775,0.12776,0.12775,662.0,3
2026-01-02 07:33:00,1767339180000,1767339239999,DOGE,1m,0.12777,0.12777,0.12777,0.12777,23481.0,3
2026-01-02 07:34:00,1767339240000,1767339299999,DOGE,1m,0.12784,0.12781,0.12784,0.12781,7902.0,3
2026-01-02 07:35:00,1767339300000,1767339359999,DOGE,1m,0.12778,0.12778,0.12778,0.12778,522.0,1
2026-01-02 07:36:00,1767339360000,1767339419999,DOGE,1m,0.12778,0.12778,0.12778,0.12778,79.0,1
2026-01-02 07:37:00,1767339420000,1767339479999,DOGE,1m,0.12783,0.12782,0.12785,0.12782,647.0,4
2026-01-02 07:38:00,1767339480000,1767339539999,DOGE,1m,0.12778,0.12782,0.12782,0.12778,5450.0,2
2026-01-02 07:39:00,1767339540000,1767339599999,DOGE,1m,0.12784,0.12784,0.12784,0.12784,217.0,1
2026-01-02 07:40:00,1767339600000,1767339659999,DOGE,1m,0.12779,0.12779,0.12779,0.12779,141.0,1
2026-01-02 07:41:00,1767339660000,1767339719999,DOGE,1m,0.12778,0.12778,0.12778,0.12778,131.0,1
2026-01-02 07:42:00,1767339720000,1767339779999,DOGE,1m,0.12769,0.12768,0.12769,0.12768,1349.0,3
2026-01-02 07:43:00,1767339780000,1767339839999,DOGE,1m,0.12765,0.12765,0.12765,0.12765,79.0,1
2026-01-02 07:44:00,1767339840000,1767339899999,DOGE,1m,0.12774,0.12779,0.12779,0.12774,237.0,2
2026-01-02 07:45:00,1767339900000,1767339959999,DOGE,1m,0.12782,0.12786,0.12786,0.12781,3042.0,6
2026-01-02 07:46:00,1767339960000,1767340019999,DOGE,1m,0.12784,0.12784,0.12784,0.12784,12825.0,4
2026-01-02 07:47:00,1767340020000,1767340079999,DOGE,1m,0.12781,0.12782,0.12782,0.12781,1588.0,5
2026-01-02 07:48:00,1767340080000,1767340139999,DOGE,1m,0.12783,0.12783,0.12783,0.12783,2351.0,1
2026-01-02 07:49:00,1767340140000,1767340199999,DOGE,1m,0.12778,0.12784,0.12784,0.12777,23375.0,5
2026-01-02 07:50:00,1767340200000,1767340259999,DOGE,1m,0.12782,0.12782,0.12786,0.12782,13415.0,3
2026-01-02 07:51:00,1767340260000,1767340319999,DOGE,1m,0.12781,0.12782,0.12782,0.12781,25083.0,8
2026-01-02 07:52:00,1767340320000,1767340379999,DOGE,1m,0.12786,0.12787,0.12787,0.12786,9518.0,3
2026-01-02 07:53:00,1767340380000,1767340439999,DOGE,1m,0.12779,0.12784,0.12784,0.12779,15631.0,4
2026-01-02 07:54:00,1767340440000,1767340499999,DOGE,1m,0.12783,0.12778,0.12783,0.12778,9435.0,3
2026-01-02 07:55:00,1767340500000,1767340559999,DOGE,1m,0.12775,0.12776,0.12776,0.12773,20963.0,6
2026-01-02 07:56:00,1767340560000,1767340619999,DOGE,1m,0.12776,0.12781,0.12781,0.12776,9435.0,3
2026-01-02 07:57:00,1767340620000,1767340679999,DOGE,1m,0.12792,0.12791,0.12792,0.1279,13531.0,3
2026-01-02 07:58:00,1767340680000,1767340739999,DOGE,1m,0.12792,0.12788,0.12792,0.12788,10418.0,6
2026-01-02 07:59:00,1767340740000,1767340799999,DOGE,1m,0.12786,0.12782,0.12786,0.12782,9436.0,2
2026-01-02 08:00:00,1767340800000,1767340859999,DOGE,1m,0.12788,0.12786,0.12788,0.12786,17393.0,9
2026-01-02 08:01:00,1767340860000,1767340919999,DOGE,1m,0.12789,0.12796,0.12796,0.12789,15341.0,6
2026-01-02 08:02:00,1767340920000,1767340979999,DOGE,1m,0.12799,0.12799,0.12803,0.12799,16699.0,6
2026-01-02 08:03:00,1767340980000,1767341039999,DOGE,1m,0.12804,0.12797,0.12805,0.12797,2775.0,3
2026-01-02 08:04:00,1767341040000,1767341099999,DOGE,1m,0.12803,0.12802,0.12803,0.12802,30651.0,5
2026-01-02 08:05:00,1767341100000,1767341159999,DOGE,1m,0.12806,0.12806,0.12806,0.12806,170.0,1
2026-01-02 08:06:00,1767341160000,1767341219999,DOGE,1m,0.12818,0.12818,0.1282,0.12818,4573.0,5
2026-01-02 08:07:00,1767341220000,1767341279999,DOGE,1m,0.12836,0.12837,0.12837,0.12836,2116.0,2
2026-01-02 08:08:00,1767341280000,1767341339999,DOGE,1m,0.12844,0.12839,0.12844,0.12839,6804.0,3
2026-01-02 08:09:00,1767341340000,1767341399999,DOGE,1m,0.12851,0.12861,0.12861,0.12851,2004.0,5
2026-01-02 08:10:00,1767341400000,1767341459999,DOGE,1m,0.1286,0.1286,0.12865,0.12854,37950.0,15
2026-01-02 08:11:00,1767341460000,1767341519999,DOGE,1m,0.12853,0.12853,0.12853,0.12853,2114.0,1
2026-01-02 08:12:00,1767341520000,1767341579999,DOGE,1m,0.12851,0.12851,0.12851,0.12851,208.0,1
2026-01-02 08:13:00,1767341580000,1767341639999,DOGE,1m,0.12862,0.12859,0.12862,0.12859,2664.0,4
2026-01-02 08:14:00,1767341640000,1767341699999,DOGE,1m,0.12856,0.12855,0.12856,0.12855,1563.0,4
2026-01-02 08:15:00,1767341700000,1767341759999,DOGE,1m,0.12842,0.1284,0.12842,0.12838,41407.0,9
2026-01-02 08:16:00,1767341760000,1767341819999,DOGE,1m,0.12834,0.12834,0.12834,0.12834,256.0,1
2026-01-02 08:17:00,1767341820000,1767341879999,DOGE,1m,0.12835,0.12835,0.12835,0.12835,263.0,1
2026-01-02 08:18:00,1767341880000,1767341939999,DOGE,1m,0.12832,0.12832,0.12832,0.12832,322.0,1
2026-01-02 08:19:00,1767341940000,1767341999999,DOGE,1m,0.12821,0.12802,0.12821,0.12802,17087.0,3
2026-01-02 08:20:00,1767342000000,1767342059999,DOGE,1m,0.12802,0.12802,0.12802,0.12802,0.0,0
2026-01-02 08:21:00,1767342060000,1767342119999,DOGE,1m,0.12808,0.12808,0.12808,0.12808,457695.0,13
2026-01-02 08:22:00,1767342120000,1767342179999,DOGE,1m,0.12807,0.12803,0.12807,0.12802,10197.0,4
2026-01-02 08:23:00,1767342180000,1767342239999,DOGE,1m,0.12807,0.12811,0.12814,0.12807,1396327.0,16
2026-01-02 08:24:00,1767342240000,1767342299999,DOGE,1m,0.12824,0.12819,0.12824,0.12819,13422.0,2
2026-01-02 08:25:00,1767342300000,1767342359999,DOGE,1m,0.12818,0.12817,0.12818,0.12817,535.0,3
2026-01-02 08:26:00,1767342360000,1767342419999,DOGE,1m,0.12813,0.12811,0.12817,0.12811,23708.0,3
2026-01-02 08:27:00,1767342420000,1767342479999,DOGE,1m,0.12817,0.12817,0.12817,0.12817,145.0,1
2026-01-02 08:28:00,1767342480000,1767342539999,DOGE,1m,0.12816,0.12816,0.12816,0.12816,4356.0,1
2026-01-02 08:29:00,1767342540000,1767342599999,DOGE,1m,0.12808,0.12808,0.12808,0.12808,173.0,1
2026-01-02 08:30:00,1767342600000,1767342659999,DOGE,1m,0.12799,0.12798,0.12799,0.12798,15541.0,6
2026-01-02 08:31:00,1767342660000,1767342719999,DOGE,1m,0.12799,0.12799,0.12799,0.12799,346.0,1
2026-01-02 08:32:00,1767342720000,1767342779999,DOGE,1m,0.12805,0.12801,0.12808,0.12801,21091.0,7
2026-01-02 08:33:00,1767342780000,1767342839999,DOGE,1m,0.12801,0.12801,0.12801,0.12801,0.0,0
2026-01-02 08:34:00,1767342840000,1767342899999,DOGE,1m,0.12819,0.12846,0.12846,0.12818,6652.0,6
2026-01-02 08:35:00,1767342900000,1767342959999,DOGE,1m,0.12849,0.1285,0.1285,0.12848,11637.0,6
2026-01-02 08:36:00,1767342960000,1767343019999,DOGE,1m,0.12849,0.12854,0.12854,0.1284,15794.0,15
2026-01-02 08:37:00,1767343020000,1767343079999,DOGE,1m,0.12853,0.12846,0.12853,0.12844,10478.0,20
2026-01-02 08:38:00,1767343080000,1767343139999,DOGE,1m,0.12845,0.12853,0.12853,0.12845,32542.0,15
2026-01-02 08:39:00,1767343140000,1767343199999,DOGE,1m,0.12852,0.12853,0.12854,0.12849,39266.0,32
2026-01-02 08:40:00,1767343200000,1767343259999,DOGE,1m,0.12853,0.12847,0.12853,0.12847,54295.0,66
2026-01-02 08:41:00,1767343260000,1767343319999,DOGE,1m,0.12846,0.12852,0.12853,0.12845,27955.0,45
2026-01-02 08:42:00,1767343320000,1767343379999,DOGE,1m,0.12851,0.12848,0.12852,0.12848,117270.0,167
2026-01-02 08:43:00,1767343380000,1767343439999,DOGE,1m,0.1285,0.12848,0.1285,0.12848,2242.0,2
2026-01-02 08:44:00,1767343440000,1767343499999,DOGE,1m,0.12852,0.1285,0.12853,0.1285,81355.0,68
2026-01-02 08:45:00,1767343500000,1767343559999,DOGE,1m,0.1285,0.12856,0.12857,0.1285,12456.0,15
2026-01-02 08:46:00,1767343560000,1767343619999,DOGE,1m,0.12859,0.12857,0.12859,0.12857,239668.0,84
2026-01-02 08:47:00,1767343620000,1767343679999,DOGE,1m,0.1286,0.12859,0.1286,0.12859,13125.0,10
2026-01-02 08:48:00,1767343680000,1767343739999,DOGE,1m,0.12859,0.12861,0.12861,0.12857,57592.0,43
2026-01-02 08:49:00,1767343740000,1767343799999,DOGE,1m,0.12864,0.1287,0.1287,0.12864,3385.0,2
2026-01-02 08:50:00,1767343800000,1767343859999,DOGE,1m,0.12874,0.12874,0.12874,0.12874,817.0,1
2026-01-02 08:51:00,1767343860000,1767343919999,DOGE,1m,0.12867,0.12866,0.12867,0.12866,1264.0,2
2026-01-02 08:52:00,1767343920000,1767343979999,DOGE,1m,0.12869,0.12866,0.12869,0.12866,258.0,2
2026-01-02 08:53:00,1767343980000,1767344039999,DOGE,1m,0.12865,0.12865,0.12865,0.12865,5759.0,1
2026-01-02 08:54:00,1767344040000,1767344099999,DOGE,1m,0.12877,0.12858,0.12877,0.12858,6047.0,4
2026-01-02 08:55:00,1767344100000,1767344159999,DOGE,1m,0.12867,0.12867,0.12867,0.12867,20000.0,1
2026-01-02 08:56:00,1767344160000,1767344219999,DOGE,1m,0.12872,0.12876,0.12876,0.12872,628.0,4
2026-01-02 08:57:00,1767344220000,1767344279999,DOGE,1m,0.12879,0.12879,0.12879,0.12879,133.0,1
2026-01-02 08:58:00,1767344280000,1767344339999,DOGE,1m,0.1288,0.12878,0.12883,0.12875,2630.0,5
2026-01-02 08:59:00,1767344340000,1767344399999,DOGE,1m,0.12884,0.12884,0.12884,0.12884,166.0,1
2026-01-02 09:00:00,1767344400000,1767344459999,DOGE,1m,0.12881,0.12887,0.12887,0.12879,79087.0,16
2026-01-02 09:01:00,1767344460000,1767344519999,DOGE,1m,0.12886,0.12881,0.12886,0.12881,1222.0,3
2026-01-02 09:02:00,1767344520000,1767344579999,DOGE,1m,0.1288,0.1288,0.1288,0.1288,141.0,1
2026-01-02 09:03:00,1767344580000,1767344639999,DOGE,1m,0.12874,0.12874,0.12874,0.12874,146.0,1
2026-01-02 09:04:00,1767344640000,1767344699999,DOGE,1m,0.12869,0.12868,0.12869,0.12868,32934.0,5
2026-01-02 09:05:00,1767344700000,1767344759999,DOGE,1m,0.12869,0.12869,0.12869,0.12869,78.0,1
2026-01-02 09:06:00,1767344760000,1767344819999,DOGE,1m,0.12875,0.12874,0.12875,0.12874,10532.0,2
2026-01-02 09:07:00,1767344820000,1767344879999,DOGE,1m,0.12874,0.12874,0.12874,0.12874,349.0,1
2026-01-02 09:08:00,1767344880000,1767344939999,DOGE,1m,0.12872,0.12875,0.12875,0.12872,20644.0,5
2026-01-02 09:09:00,1767344940000,1767344999999,DOGE,1m,0.12878,0.12884,0.12884,0.12878,14631.0,5
2026-01-02 09:10:00,1767345000000,1767345059999,DOGE,1m,0.12893,0.12894,0.12933,0.12893,321133.0,39
2026-01-02 09:11:00,1767345060000,1767345119999,DOGE,1m,0.12912,0.12928,0.12928,0.12912,57541.0,5
2026-01-02 09:12:00,1767345120000,1767345179999,DOGE,1m,0.12933,0.12908,0.12933,0.12908,25514.0,7
2026-01-02 09:13:00,1767345180000,1767345239999,DOGE,1m,0.12905,0.12892,0.12908,0.12891,41815.0,6
2026-01-02 09:14:00,1767345240000,1767345299999,DOGE,1m,0.12897,0.12893,0.12897,0.12893,5460.0,2
2026-01-02 09:15:00,1767345300000,1767345359999,DOGE,1m,0.12905,0.12885,0.12905,0.12885,112058.0,10
2026-01-02 09:16:00,1767345360000,1767345419999,DOGE,1m,0.12884,0.12871,0.12884,0.12871,265964.0,17
2026-01-02 09:17:00,1767345420000,1767345479999,DOGE,1m,0.12871,0.12871,0.12871,0.12871,75000.0,3
2026-01-02 09:18:00,1767345480000,1767345539999,DOGE,1m,0.12869,0.12869,0.12869,0.12869,490.0,2
2026-01-02 09:19:00,1767345540000,1767345599999,DOGE,1m,0.12873,0.12873,0.12873,0.12873,173.0,1
2026-01-02 09:20:00,1767345600000,1767345659999,DOGE,1m,0.12885,0.12885,0.12885,0.12884,75605.0,6
2026-01-02 09:21:00,1767345660000,1767345719999,DOGE,1m,0.12886,0.12883,0.12886,0.12883,15671.0,5
2026-01-02 09:22:00,1767345720000,1767345779999,DOGE,1m,0.12886,0.12886,0.12886,0.12886,838.0,1
2026-01-02 09:23:00,1767345780000,1767345839999,DOGE,1m,0.12887,0.1289,0.1289,0.12887,11418.0,4
2026-01-02 09:24:00,1767345840000,1767345899999,DOGE,1m,0.12881,0.12881,0.12881,0.12881,838.0,1
2026-01-02 09:25:00,1767345900000,1767345959999,DOGE,1m,0.12881,0.12881,0.12881,0.12881,0.0,0
2026-01-02 09:26:00,1767345960000,1767346019999,DOGE,1m,0.12881,0.12881,0.12881,0.12881,132.0,1
2026-01-02 09:27:00,1767346020000,1767346079999,DOGE,1m,0.12884,0.12884,0.12884,0.12884,143.0,1
2026-01-02 09:28:00,1767346080000,1767346139999,DOGE,1m,0.12883,0.12886,0.12886,0.12883,206.0,2
2026-01-02 09:29:00,1767346140000,1767346199999,DOGE,1m,0.12888,0.12888,0.12888,0.12888,112.0,1
2026-01-02 09:30:00,1767346200000,1767346259999,DOGE,1m,0.12886,0.12888,0.12889,0.12881,95814.0,13
2026-01-02 09:31:00,1767346260000,1767346319999,DOGE,1m,0.12889,0.1289,0.12891,0.12889,36678.0,4
2026-01-02 09:32:00,1767346320000,1767346379999,DOGE,1m,0.12892,0.12894,0.12894,0.12892,20571.0,2
2026-01-02 09:33:00,1767346380000,1767346439999,DOGE,1m,0.12894,0.12888,0.12894,0.12888,25397.0,7
2026-01-02 09:34:00,1767346440000,1767346499999,DOGE,1m,0.12892,0.12891,0.12892,0.12891,10792.0,2
2026-01-02 09:35:00,1767346500000,1767346559999,DOGE,1m,0.12892,0.12895,0.12895,0.12892,6376.0,2
2026-01-02 09:36:00,1767346560000,1767346619999,DOGE,1m,0.12905,0.12905,0.1291,0.12905,10953.0,3
2026-01-02 09:37:00,1767346620000,1767346679999,DOGE,1m,0.12909,0.12909,0.12909,0.12909,196.0,1
2026-01-02 09:38:00,1767346680000,1767346739999,DOGE,1m,0.1291,0.12908,0.1291,0.12908,266.0,2
2026-01-02 09:39:00,1767346740000,1767346799999,DOGE,1m,0.12908,0.12908,0.12908,0.12908,134.0,1
2026-01-02 09:40:00,1767346800000,1767346859999,DOGE,1m,0.1291,0.12911,0.12911,0.1291,268.0,2
2026-01-02 09:41:00,1767346860000,1767346919999,DOGE,1m,0.12911,0.12911,0.12911,0.12911,0.0,0
2026-01-02 09:42:00,1767346920000,1767346979999,DOGE,1m,0.12905,0.12914,0.12914,0.12905,4774.0,7
2026-01-02 09:43:00,1767346980000,1767347039999,DOGE,1m,0.12924,0.12927,0.1293,0.12924,41217.0,10
2026-01-02 09:44:00,1767347040000,1767347099999,DOGE,1m,0.12931,0.13035,0.13037,0.12929,1281249.0,53
2026-01-02 09:45:00,1767347100000,1767347159999,DOGE,1m,0.13035,0.13027,0.13058,0.13008,2291704.0,77
2026-01-02 09:46:00,1767347160000,1767347219999,DOGE,1m,0.13021,0.13057,0.1311,0.13021,690571.0,63
2026-01-02 09:47:00,1767347220000,1767347279999,DOGE,1m,0.13056,0.13081,0.13082,0.13055,12518.0,9
2026-01-02 09:48:00,1767347280000,1767347339999,DOGE,1m,0.13091,0.1309,0.13093,0.13064,45800.0,16
2026-01-02 09:49:00,1767347340000,1767347399999,DOGE,1m,0.13092,0.13354,0.1344,0.13092,4701815.0,336
2026-01-02 09:50:00,1767347400000,1767347459999,DOGE,1m,0.13374,0.13263,0.13449,0.13251,2994320.0,196
2026-01-02 09:51:00,1767347460000,1767347519999,DOGE,1m,0.13256,0.13297,0.1333,0.13254,524922.0,51
2026-01-02 09:52:00,1767347520000,1767347579999,DOGE,1m,0.13297,0.13283,0.133,0.13254,156625.0,27
2026-01-02 09:53:00,1767347580000,1767347639999,DOGE,1m,0.13286,0.13313,0.13315,0.13283,30589.0,14
2026-01-02 09:54:00,1767347640000,1767347699999,DOGE,1m,0.13309,0.13282,0.13309,0.1328,150780.0,29
2026-01-02 09:55:00,1767347700000,1767347759999,DOGE,1m,0.13294,0.13291,0.13296,0.13268,145873.0,25
2026-01-02 09:56:00,1767347760000,1767347819999,DOGE,1m,0.13289,0.13285,0.13289,0.13275,20395.0,11
2026-01-02 09:57:00,1767347820000,1767347879999,DOGE,1m,0.13295,0.13289,0.13295,0.13278,58060.0,11
2026-01-02 09:58:00,1767347880000,1767347939999,DOGE,1m,0.13285,0.13273,0.13288,0.13273,93586.0,13
2026-01-02 09:59:00,1767347940000,1767347999999,DOGE,1m,0.13273,0.13264,0.13273,0.13261,242078.0,15
2026-01-02 10:00:00,1767348000000,1767348059999,DOGE,1m,0.13272,0.13283,0.13288,0.1327,44589.0,17
2026-01-02 10:01:00,1767348060000,1767348119999,DOGE,1m,0.13291,0.13292,0.13294,0.1328,44188.0,28
2026-01-02 10:02:00,1767348120000,1767348179999,DOGE,1m,0.13289,0.13256,0.1329,0.13256,21504.0,23
2026-01-02 10:03:00,1767348180000,1767348239999,DOGE,1m,0.13276,0.13289,0.13289,0.13271,118956.0,32
2026-01-02 10:04:00,1767348240000,1767348299999,DOGE,1m,0.13292,0.13297,0.13297,0.13281,48865.0,26
2026-01-02 10:05:00,1767348300000,1767348359999,DOGE,1m,0.1331,0.13313,0.1332,0.13303,79666.0,26
2026-01-02 10:06:00,1767348360000,1767348419999,DOGE,1m,0.13316,0.13318,0.13318,0.13296,113708.0,37
2026-01-02 10:07:00,1767348420000,1767348479999,DOGE,1m,0.13304,0.13287,0.13338,0.13285,1175384.0,58
2026-01-02 10:08:00,1767348480000,1767348539999,DOGE,1m,0.13287,0.13289,0.13303,0.13281,112655.0,32
2026-01-02 10:09:00,1767348540000,1767348599999,DOGE,1m,0.13293,0.13278,0.13293,0.13278,16402.0,21
2026-01-02 10:10:00,1767348600000,1767348659999,DOGE,1m,0.13279,0.13292,0.13292,0.13277,8548.0,11
2026-01-02 10:11:00,1767348660000,1767348719999,DOGE,1m,0.13292,0.13291,0.13293,0.13284,61107.0,18
2026-01-02 10:12:00,1767348720000,1767348779999,DOGE,1m,0.13292,0.13299,0.13299,0.1329,17429.0,20
2026-01-02 10:13:00,1767348780000,1767348839999,DOGE,1m,0.133,0.1329,0.133,0.1329,18306.0,16
2026-01-02 10:14:00,1767348840000,1767348899999,DOGE,1m,0.1329,0.13309,0.13312,0.13289,31632.0,10
2026-01-02 10:15:00,1767348900000,1767348959999,DOGE,1m,0.13304,0.13296,0.13313,0.13296,122355.0,20
2026-01-02 10:16:00,1767348960000,1767349019999,DOGE,1m,0.133,0.133,0.13309,0.13299,6342.0,10
2026-01-02 10:17:00,1767349020000,1767349079999,DOGE,1m,0.13307,0.13306,0.13307,0.13303,10621.0,15
2026-01-02 10:18:00,1767349080000,1767349139999,DOGE,1m,0.13297,0.1331,0.1331,0.13297,16293.0,11
2026-01-02 10:19:00,1767349140000,1767349199999,DOGE,1m,0.13316,0.13314,0.13319,0.13301,6566204.0,142
2026-01-02 10:20:00,1767349200000,1767349259999,DOGE,1m,0.13323,0.13283,0.13327,0.13283,2138451.0,85
2026-01-02 10:21:00,1767349260000,1767349319999,DOGE,1m,0.13286,0.13277,0.13286,0.13274,57990.0,11
2026-01-02 10:22:00,1767349320000,1767349379999,DOGE,1m,0.13277,0.13269,0.13277,0.13261,43528.0,15
2026-01-02 10:23:00,1767349380000,1767349439999,DOGE,1m,0.13267,0.1326,0.13267,0.1326,2093.0,8
2026-01-02 10:24:00,1767349440000,1767349499999,DOGE,1m,0.13248,0.13214,0.13248,0.13205,6164165.0,89
2026-01-02 10:25:00,1767349500000,1767349559999,DOGE,1m,0.13221,0.13223,0.13223,0.13215,321893.0,28
2026-01-02 10:26:00,1767349560000,1767349619999,DOGE,1m,0.13227,0.13219,0.13227,0.13218,742560.0,17
2026-01-02 10:27:00,1767349620000,1767349679999,DOGE,1m,0.13222,0.13197,0.13222,0.13197,345715.0,29
2026-01-02 10:28:00,1767349680000,1767349739999,DOGE,1m,0.1321,0.13211,0.13217,0.13209,428595.0,13
2026-01-02 10:29:00,1767349740000,1767349799999,DOGE,1m,0.13217,0.13212,0.13219,0.13208,349622.0,20
2026-01-02 10:30:00,1767349800000,1767349859999,DOGE,1m,0.13209,0.13227,0.13228,0.13207,282032.0,19
2026-01-02 10:31:00,1767349860000,1767349919999,DOGE,1m,0.13232,0.13253,0.13255,0.13231,281969.0,14
2026-01-02 10:32:00,1767349920000,1767349979999,DOGE,1m,0.13252,0.13256,0.13258,0.13252,282320.0,13
2026-01-02 10:33:00,1767349980000,1767350039999,DOGE,1m,0.13258,0.13259,0.13264,0.13258,161691.0,11
2026-01-02 10:34:00,1767350040000,1767350099999,DOGE,1m,0.1326,0.13258,0.13267,0.13255,81783.0,17
2026-01-02 10:35:00,1767350100000,1767350159999,DOGE,1m,0.13259,0.13257,0.13264,0.13251,18519.0,9
2026-01-02 10:36:00,1767350160000,1767350219999,DOGE,1m,0.13277,0.13269,0.13277,0.13268,139805.0,10
2026-01-02 10:37:00,1767350220000,1767350279999,DOGE,1m,0.13262,0.13279,0.13279,0.13262,111218.0,12
2026-01-02 10:38:00,1767350280000,1767350339999,DOGE,1m,0.13276,0.13281,0.13281,0.13273,1812.0,6
2026-01-02 10:39:00,1767350340000,1767350399999,DOGE,1m,0.13268,0.13261,0.13268,0.13261,334.0,2
2026-01-02 10:40:00,1767350400000,1767350459999,DOGE,1m,0.13255,0.13251,0.13256,0.13251,2239.0,5
2026-01-02 10:41:00,1767350460000,1767350519999,DOGE,1m,0.13249,0.13247,0.13249,0.13242,3472.0,4
2026-01-02 10:42:00,1767350520000,1767350579999,DOGE,1m,0.1325,0.1326,0.1326,0.1325,6763.0,6
2026-01-02 10:43:00,1767350580000,1767350639999,DOGE,1m,0.13261,0.13254,0.13261,0.13254,10944.0,11
2026-01-02 10:44:00,1767350640000,1767350699999,DOGE,1m,0.13255,0.13255,0.13257,0.13255,2275.0,5
2026-01-02 10:45:00,1767350700000,1767350759999,DOGE,1m,0.13257,0.13246,0.13257,0.13246,5773.0,5
2026-01-02 10:46:00,1767350760000,1767350819999,DOGE,1m,0.13254,0.13254,0.13254,0.13254,334.0,2
2026-01-02 10:47:00,1767350820000,1767350879999,DOGE,1m,0.13261,0.13263,0.13263,0.13261,960.0,2
2026-01-02 10:48:00,1767350880000,1767350939999,DOGE,1m,0.13265,0.13287,0.1329,0.13265,5293.0,6
2026-01-02 10:49:00,1767350940000,1767350999999,DOGE,1m,0.13289,0.13294,0.13295,0.13289,3900.0,5
2026-01-02 10:50:00,1767351000000,1767351059999,DOGE,1m,0.13296,0.13292,0.13303,0.13288,23910.0,9
2026-01-02 10:51:00,1767351060000,1767351119999,DOGE,1m,0.13295,0.13291,0.13296,0.13278,111927.0,8
2026-01-02 10:52:00,1767351120000,1767351179999,DOGE,1m,0.13288,0.1329,0.1329,0.13282,55947.0,6
2026-01-02 10:53:00,1767351180000,1767351239999,DOGE,1m,0.13288,0.13284,0.13298,0.13284,463511.0,17
2026-01-02 10:54:00,1767351240000,1767351299999,DOGE,1m,0.13289,0.13291,0.13296,0.13289,1407041.0,32
2026-01-02 10:55:00,1767351300000,1767351359999,DOGE,1m,0.13296,0.13288,0.13299,0.13288,896653.0,25
2026-01-02 10:56:00,1767351360000,1767351419999,DOGE,1m,0.13289,0.13283,0.13291,0.13281,2013619.0,51
2026-01-02 10:57:00,1767351420000,1767351479999,DOGE,1m,0.13288,0.13293,0.13293,0.13287,317100.0,16
2026-01-02 10:58:00,1767351480000,1767351539999,DOGE,1m,0.13293,0.13287,0.13293,0.13284,318893.0,22
2026-01-02 10:59:00,1767351540000,1767351599999,DOGE,1m,0.13288,0.13293,0.13295,0.13286,377223.0,24
2026-01-02 11:00:00,1767351600000,1767351659999,DOGE,1m,0.13298,0.1327,0.13298,0.1327,582301.0,26
2026-01-02 11:01:00,1767351660000,1767351719999,DOGE,1m,0.13273,0.13272,0.13276,0.13269,2148295.0,54
2026-01-02 11:02:00,1767351720000,1767351779999,DOGE,1m,0.1327,0.13281,0.13287,0.1327,4280.0,11
2026-01-02 11:03:00,1767351780000,1767351839999,DOGE,1m,0.13281,0.13278,0.13286,0.13278,6671.0,6
2026-01-02 11:04:00,1767351840000,1767351899999,DOGE,1m,0.13282,0.13284,0.13285,0.13282,984.0,3
2026-01-02 11:05:00,1767351900000,1767351959999,DOGE,1m,0.13296,0.13298,0.13298,0.13296,7817.0,3
2026-01-02 11:06:00,1767351960000,1767352019999,DOGE,1m,0.1329,0.13261,0.1329,0.13261,24526.0,9
2026-01-02 11:07:00,1767352020000,1767352079999,DOGE,1m,0.13261,0.13259,0.13266,0.13256,109210.0,15
2026-01-02 11:08:00,1767352080000,1767352139999,DOGE,1m,0.13261,0.13269,0.13272,0.13261,7609.0,6
2026-01-02 11:09:00,1767352140000,1767352199999,DOGE,1m,0.13271,0.13277,0.13277,0.13271,4379.0,3
2026-01-02 11:10:00,1767352200000,1767352259999,DOGE,1m,0.13276,0.13269,0.13283,0.13269,8545.0,9
2026-01-02 11:11:00,1767352260000,1767352319999,DOGE,1m,0.13269,0.13266,0.13269,0.13266,3680.0,4
2026-01-02 11:12:00,1767352320000,1767352379999,DOGE,1m,0.13266,0.13264,0.13266,0.1326,195285.0,6
2026-01-02 11:13:00,1767352380000,1767352439999,DOGE,1m,0.13262,0.13266,0.13266,0.13259,1088.0,3
2026-01-02 11:14:00,1767352440000,1767352499999,DOGE,1m,0.13266,0.13261,0.13268,0.13261,5986.0,7
2026-01-02 11:15:00,1767352500000,1767352559999,DOGE,1m,0.13256,0.13259,0.13259,0.13256,391.0,2
2026-01-02 11:16:00,1767352560000,1767352619999,DOGE,1m,0.13255,0.13242,0.13255,0.13242,52803.0,6
2026-01-02 11:17:00,1767352620000,1767352679999,DOGE,1m,0.13245,0.13234,0.13245,0.13234,334.0,2
2026-01-02 11:18:00,1767352680000,1767352739999,DOGE,1m,0.13237,0.1322,0.13237,0.1322,9968.0,6
2026-01-02 11:19:00,1767352740000,1767352799999,DOGE,1m,0.13224,0.13249,0.13249,0.13224,2352.0,8
2026-01-02 11:20:00,1767352800000,1767352859999,DOGE,1m,0.13256,0.13257,0.13267,0.13256,2649.0,6
2026-01-02 11:21:00,1767352860000,1767352919999,DOGE,1m,0.13258,0.13253,0.13263,0.13253,26487.0,8
2026-01-02 11:22:00,1767352920000,1767352979999,DOGE,1m,0.13253,0.13261,0.13261,0.13253,20411.0,5
2026-01-02 11:23:00,1767352980000,1767353039999,DOGE,1m,0.13257,0.13256,0.13257,0.13254,29750.0,6
2026-01-02 11:24:00,1767353040000,1767353099999,DOGE,1m,0.13254,0.13238,0.13254,0.13237,17420.0,6
2026-01-02 11:25:00,1767353100000,1767353159999,DOGE,1m,0.13237,0.13233,0.13237,0.13233,1343.0,3
2026-01-02 11:26:00,1767353160000,1767353219999,DOGE,1m,0.13233,0.13233,0.13233,0.13233,1414.0,2
2026-01-02 11:27:00,1767353220000,1767353279999,DOGE,1m,0.13236,0.13225,0.13236,0.13225,906.0,2
2026-01-02 11:28:00,1767353280000,1767353339999,DOGE,1m,0.13223,0.1322,0.13223,0.1322,7996.0,2
2026-01-02 11:29:00,1767353340000,1767353399999,DOGE,1m,0.13206,0.13206,0.13206,0.13206,76.0,1
2026-01-02 11:30:00,1767353400000,1767353459999,DOGE,1m,0.13213,0.13218,0.13218,0.13213,96198.0,8
2026-01-02 11:31:00,1767353460000,1767353519999,DOGE,1m,0.13219,0.13219,0.13219,0.13219,113.0,1
2026-01-02 11:32:00,1767353520000,1767353579999,DOGE,1m,0.13208,0.13202,0.13208,0.13202,37738.0,5
2026-01-02 11:33:00,1767353580000,1767353639999,DOGE,1m,0.13215,0.13208,0.13221,0.13208,2492.0,3
2026-01-02 11:34:00,1767353640000,1767353699999,DOGE,1m,0.13203,0.13169,0.13203,0.13169,31741.0,13
2026-01-02 11:35:00,1767353700000,1767353759999,DOGE,1m,0.13174,0.13146,0.13174,0.13143,23328.0,12
2026-01-02 11:36:00,1767353760000,1767353819999,DOGE,1m,0.13142,0.13132,0.13148,0.13124,93043.0,19
2026-01-02 11:37:00,1767353820000,1767353879999,DOGE,1m,0.13139,0.13132,0.13139,0.13132,5275.0,4
2026-01-02 11:38:00,1767353880000,1767353939999,DOGE,1m,0.13137,0.13137,0.13146,0.13137,12725.0,9
2026-01-02 11:39:00,1767353940000,1767353999999,DOGE,1m,0.1314,0.1314,0.1314,0.13132,43020.0,8
2026-01-02 11:40:00,1767354000000,1767354059999,DOGE,1m,0.13129,0.13011,0.13129,0.13008,463508.0,56
2026-01-02 11:41:00,1767354060000,1767354119999,DOGE,1m,0.13018,0.12991,0.13034,0.12981,930940.0,48
2026-01-02 11:42:00,1767354120000,1767354179999,DOGE,1m,0.13008,0.13001,0.13019,0.12993,314767.0,50
2026-01-02 11:43:00,1767354180000,1767354239999,DOGE,1m,0.13001,0.12997,0.13002,0.12997,1050.0,4
2026-01-02 11:44:00,1767354240000,1767354299999,DOGE,1m,0.12999,0.13006,0.13008,0.12999,139261.0,13
2026-01-02 11:45:00,1767354300000,1767354359999,DOGE,1m,0.13007,0.12893,0.13007,0.12878,607331.0,120
2026-01-02 11:46:00,1767354360000,1767354419999,DOGE,1m,0.12896,0.12914,0.12914,0.12883,177538.0,24
2026-01-02 11:47:00,1767354420000,1767354479999,DOGE,1m,0.12918,0.12899,0.12918,0.12886,281224.0,29
2026-01-02 11:48:00,1767354480000,1767354539999,DOGE,1m,0.129,0.12908,0.12908,0.12888,64551.0,15
2026-01-02 11:49:00,1767354540000,1767354599999,DOGE,1m,0.12906,0.12883,0.12909,0.12883,256432.0,16
2026-01-02 11:50:00,1767354600000,1767354659999,DOGE,1m,0.12888,0.12888,0.12891,0.12883,89817.0,16
2026-01-02 11:51:00,1767354660000,1767354719999,DOGE,1m,0.12885,0.12852,0.12885,0.12851,105538.0,26
2026-01-02 11:52:00,1767354720000,1767354779999,DOGE,1m,0.12875,0.12887,0.1289,0.12875,42305.0,11
2026-01-02 11:53:00,1767354780000,1767354839999,DOGE,1m,0.12896,0.12898,0.12898,0.12896,37424.0,5
2026-01-02 11:54:00,1767354840000,1767354899999,DOGE,1m,0.12895,0.12895,0.12895,0.12895,572.0,1
2026-01-02 11:55:00,1767354900000,1767354959999,DOGE,1m,0.129,0.12956,0.12957,0.129,328550.0,35
2026-01-02 11:56:00,1767354960000,1767355019999,DOGE,1m,0.12959,0.12943,0.12959,0.12943,3199.0,5
2026-01-02 11:57:00,1767355020000,1767355079999,DOGE,1m,0.12941,0.12943,0.12943,0.12939,14097.0,4
2026-01-02 11:58:00,1767355080000,1767355139999,DOGE,1m,0.12935,0.12935,0.12935,0.12935,927.0,2
2026-01-02 11:59:00,1767355140000,1767355199999,DOGE,1m,0.12942,0.12942,0.12942,0.12942,217.0,1
2026-01-02 12:00:00,1767355200000,1767355259999,DOGE,1m,0.12941,0.12942,0.12945,0.12922,40342.0,13
2026-01-02 12:01:00,1767355260000,1767355319999,DOGE,1m,0.12951,0.1295,0.12953,0.1295,10346.0,5
2026-01-02 12:02:00,1767355320000,1767355379999,DOGE,1m,0.12954,0.1295,0.12954,0.1295,10317.0,8
2026-01-02 12:03:00,1767355380000,1767355439999,DOGE,1m,0.12946,0.12937,0.12946,0.12937,5031.0,6
2026-01-02 12:04:00,1767355440000,1767355499999,DOGE,1m,0.12937,0.12936,0.12937,0.12936,1584.0,2
2026-01-02 12:05:00,1767355500000,1767355559999,DOGE,1m,0.12943,0.12944,0.12946,0.12936,200444.0,17
2026-01-02 12:06:00,1767355560000,1767355619999,DOGE,1m,0.12941,0.12956,0.12956,0.12941,8452.0,5
2026-01-02 12:07:00,1767355620000,1767355679999,DOGE,1m,0.12956,0.12956,0.12956,0.12956,0.0,0
2026-01-02 12:08:00,1767355680000,1767355739999,DOGE,1m,0.12952,0.12948,0.12952,0.12945,51541.0,8
2026-01-02 12:09:00,1767355740000,1767355799999,DOGE,1m,0.12943,0.12945,0.12945,0.12943,49098.0,11
2026-01-02 12:10:00,1767355800000,1767355859999,DOGE,1m,0.1296,0.12975,0.12975,0.1296,13522.0,5
2026-01-02 12:11:00,1767355860000,1767355919999,DOGE,1m,0.12963,0.12952,0.12963,0.12952,13889.0,4
2026-01-02 12:12:00,1767355920000,1767355979999,DOGE,1m,0.12948,0.1295,0.1295,0.12948,8884.0,3
2026-01-02 12:13:00,1767355980000,1767356039999,DOGE,1m,0.12957,0.12954,0.12957,0.12954,7515.0,4
2026-01-02 12:14:00,1767356040000,1767356099999,DOGE,1m,0.12955,0.12955,0.12955,0.12955,671.0,3
2026-01-02 12:15:00,1767356100000,1767356159999,DOGE,1m,0.12958,0.12958,0.12958,0.12958,113.0,1
2026-01-02 12:16:00,1767356160000,1767356219999,DOGE,1m,0.1296,0.1296,0.1296,0.1296,508.0,1
2026-01-02 12:17:00,1767356220000,1767356279999,DOGE,1m,0.12954,0.12953,0.12954,0.12953,7470.0,2
2026-01-02 12:18:00,1767356280000,1767356339999,DOGE,1m,0.12968,0.12969,0.12969,0.12968,885.0,2
2026-01-02 12:19:00,1767356340000,1767356399999,DOGE,1m,0.12969,0.12969,0.12969,0.12969,0.0,0
2026-01-02 12:20:00,1767356400000,1767356459999,DOGE,1m,0.12965,0.12967,0.1297,0.12965,6112.0,7
2026-01-02 12:21:00,1767356460000,1767356519999,DOGE,1m,0.1297,0.12961,0.1297,0.12961,114575.0,12
2026-01-02 12:22:00,1767356520000,1767356579999,DOGE,1m,0.12942,0.12942,0.12942,0.12942,176.0,1
2026-01-02 12:23:00,1767356580000,1767356639999,DOGE,1m,0.12941,0.12944,0.12949,0.12941,62497.0,10
2026-01-02 12:24:00,1767356640000,1767356699999,DOGE,1m,0.12948,0.12952,0.12952,0.12948,562.0,4
2026-01-02 12:25:00,1767356700000,1767356759999,DOGE,1m,0.12955,0.12953,0.12957,0.12953,13441.0,6
2026-01-02 12:26:00,1767356760000,1767356819999,DOGE,1m,0.12964,0.12964,0.12964,0.12964,132.0,1
2026-01-02 12:27:00,1767356820000,1767356879999,DOGE,1m,0.12972,0.12981,0.12981,0.12972,16926.0,6
2026-01-02 12:28:00,1767356880000,1767356939999,DOGE,1m,0.12983,0.12975,0.12983,0.12975,912.0,2
2026-01-02 12:29:00,1767356940000,1767356999999,DOGE,1m,0.12985,0.12988,0.12988,0.12985,7265.0,3
2026-01-02 12:30:00,1767357000000,1767357059999,DOGE,1m,0.12987,0.13014,0.13014,0.12987,103771.0,23
2026-01-02 12:31:00,1767357060000,1767357119999,DOGE,1m,0.13009,0.13008,0.1301,0.13008,74217.0,7
2026-01-02 12:32:00,1767357120000,1767357179999,DOGE,1m,0.13011,0.13011,0.13011,0.13011,291.0,2
2026-01-02 12:33:00,1767357180000,1767357239999,DOGE,1m,0.13008,0.1301,0.1301,0.13008,4178.0,3
2026-01-02 12:34:00,1767357240000,1767357299999,DOGE,1m,0.13026,0.1309,0.13123,0.13026,725831.0,74
2026-01-02 12:35:00,1767357300000,1767357359999,DOGE,1m,0.13084,0.13105,0.13107,0.13084,37744.0,15
2026-01-02 12:36:00,1767357360000,1767357419999,DOGE,1m,0.1311,0.13104,0.1312,0.131,30975.0,17
2026-01-02 12:37:00,1767357420000,1767357479999,DOGE,1m,0.13102,0.131,0.13112,0.131,2181.0,7
2026-01-02 12:38:00,1767357480000,1767357539999,DOGE,1m,0.13108,0.13158,0.13176,0.13108,453822.0,55
2026-01-02 12:39:00,1767357540000,1767357599999,DOGE,1m,0.13155,0.13133,0.13157,0.13125,121360.0,33
2026-01-02 12:40:00,1767357600000,1767357659999,DOGE,1m,0.13148,0.1312,0.13158,0.1312,21506.0,12
2026-01-02 12:41:00,1767357660000,1767357719999,DOGE,1m,0.13114,0.13118,0.13121,0.13105,475104.0,18
2026-01-02 12:42:00,1767357720000,1767357779999,DOGE,1m,0.1312,0.1313,0.1313,0.13118,1261810.0,22
2026-01-02 12:43:00,1767357780000,1767357839999,DOGE,1m,0.13132,0.13142,0.13142,0.13132,100377.0,12
2026-01-02 12:44:00,1767357840000,1767357899999,DOGE,1m,0.13131,0.13128,0.13132,0.13128,303451.0,8
2026-01-02 12:45:00,1767357900000,1767357959999,DOGE,1m,0.13133,0.13127,0.13135,0.13127,17414.0,6
2026-01-02 12:46:00,1767357960000,1767358019999,DOGE,1m,0.13136,0.1314,0.13143,0.13136,13784.0,6
2026-01-02 12:47:00,1767358020000,1767358079999,DOGE,1m,0.13151,0.13171,0.13171,0.13151,42879.0,13
2026-01-02 12:48:00,1767358080000,1767358139999,DOGE,1m,0.13155,0.13145,0.13155,0.13142,15692.0,5
2026-01-02 12:49:00,1767358140000,1767358199999,DOGE,1m,0.1314,0.1314,0.1314,0.1314,300.0,1
2026-01-02 12:50:00,1767358200000,1767358259999,DOGE,1m,0.1314,0.1314,0.1314,0.1314,2688.0,2
2026-01-02 12:51:00,1767358260000,1767358319999,DOGE,1m,0.13138,0.13128,0.13138,0.13128,29891.0,5
2026-01-02 12:52:00,1767358320000,1767358379999,DOGE,1m,0.13143,0.1314,0.13143,0.13134,20427.0,3
2026-01-02 12:53:00,1767358380000,1767358439999,DOGE,1m,0.13135,0.13132,0.13136,0.13132,21375.0,4
2026-01-02 12:54:00,1767358440000,1767358499999,DOGE,1m,0.13132,0.13131,0.13132,0.13131,9578.0,3
2026-01-02 12:55:00,1767358500000,1767358559999,DOGE,1m,0.13136,0.13136,0.13138,0.13136,57792.0,7
2026-01-02 12:56:00,1767358560000,1767358619999,DOGE,1m,0.13133,0.13128,0.13133,0.13128,3020.0,3
2026-01-02 12:57:00,1767358620000,1767358679999,DOGE,1m,0.13127,0.13132,0.13134,0.13126,86842.0,11
2026-01-02 12:58:00,1767358680000,1767358739999,DOGE,1m,0.13135,0.1314,0.1314,0.13135,886.0,2
2026-01-02 12:59:00,1767358740000,1767358799999,DOGE,1m,0.13136,0.13135,0.13136,0.13135,1562.0,4
2026-01-02 13:00:00,1767358800000,1767358859999,DOGE,1m,0.13134,0.13134,0.13134,0.13134,12094.0,2
2026-01-02 13:01:00,1767358860000,1767358919999,DOGE,1m,0.13121,0.13133,0.13133,0.13116,35597.0,8
2026-01-02 13:02:00,1767358920000,1767358979999,DOGE,1m,0.13133,0.13139,0.13141,0.13133,59889.0,8
2026-01-02 13:03:00,1767358980000,1767359039999,DOGE,1m,0.13128,0.13128,0.13128,0.13128,22000.0,2
2026-01-02 13:04:00,1767359040000,1767359099999,DOGE,1m,0.13137,0.13144,0.13144,0.13137,460551.0,5
2026-01-02 13:05:00,1767359100000,1767359159999,DOGE,1m,0.13146,0.13128,0.13149,0.13128,77192.0,16
2026-01-02 13:06:00,1767359160000,1767359219999,DOGE,1m,0.13131,0.13158,0.13158,0.13131,19901.0,12
2026-01-02 13:07:00,1767359220000,1767359279999,DOGE,1m,0.1316,0.13173,0.13173,0.13147,33764.0,11
2026-01-02 13:08:00,1767359280000,1767359339999,DOGE,1m,0.13169,0.13167,0.13171,0.13167,13408.0,6
2026-01-02 13:09:00,1767359340000,1767359399999,DOGE,1m,0.13163,0.13138,0.13164,0.13138,73420.0,13
2026-01-02 13:10:00,1767359400000,1767359459999,DOGE,1m,0.13142,0.13151,0.13151,0.13142,1804.0,2
2026-01-02 13:11:00,1767359460000,1767359519999,DOGE,1m,0.1314,0.1314,0.1314,0.1314,1529.0,2
2026-01-02 13:12:00,1767359520000,1767359579999,DOGE,1m,0.13133,0.13133,0.13133,0.13133,122.0,1
2026-01-02 13:13:00,1767359580000,1767359639999,DOGE,1m,0.13132,0.13144,0.13144,0.13132,48823.0,8
2026-01-02 13:14:00,1767359640000,1767359699999,DOGE,1m,0.13144,0.13144,0.13144,0.13144,0.0,0
2026-01-02 13:15:00,1767359700000,1767359759999,DOGE,1m,0.13144,0.13176,0.13181,0.13144,74674.0,23
2026-01-02 13:16:00,1767359760000,1767359819999,DOGE,1m,0.13171,0.13165,0.13171,0.1316,52956.0,6
2026-01-02 13:17:00,1767359820000,1767359879999,DOGE,1m,0.13162,0.13161,0.13162,0.13161,21369.0,4
2026-01-02 13:18:00,1767359880000,1767359939999,DOGE,1m,0.13179,0.13179,0.13199,0.13179,11110.0,13
2026-01-02 13:19:00,1767359940000,1767359999999,DOGE,1m,0.13173,0.13177,0.13177,0.13172,2646.0,4
2026-01-02 13:20:00,1767360000000,1767360059999,DOGE,1m,0.13183,0.13185,0.13185,0.13183,8786.0,3
2026-01-02 13:21:00,1767360060000,1767360119999,DOGE,1m,0.13186,0.13211,0.13211,0.13185,442307.0,24
2026-01-02 13:22:00,1767360120000,1767360179999,DOGE,1m,0.13203,0.13233,0.13238,0.13203,23931.0,12
2026-01-02 13:23:00,1767360180000,1767360239999,DOGE,1m,0.13228,0.13205,0.13231,0.13205,8148.0,7
2026-01-02 13:24:00,1767360240000,1767360299999,DOGE,1m,0.13205,0.13184,0.13205,0.13183,88366.0,11
2026-01-02 13:25:00,1767360300000,1767360359999,DOGE,1m,0.13189,0.13189,0.13189,0.13189,9393.0,1
2026-01-02 13:26:00,1767360360000,1767360419999,DOGE,1m,0.13192,0.13192,0.13192,0.13192,248.0,1
2026-01-02 13:27:00,1767360420000,1767360479999,DOGE,1m,0.13195,0.13194,0.13195,0.13194,8781.0,4
2026-01-02 13:28:00,1767360480000,1767360539999,DOGE,1m,0.13197,0.13199,0.13201,0.13197,13448.0,3
2026-01-02 13:29:00,1767360540000,1767360599999,DOGE,1m,0.132,0.13201,0.13205,0.132,31699.0,5
2026-01-02 13:30:00,1767360600000,1767360659999,DOGE,1m,0.132,0.132,0.13209,0.132,26530.0,6
2026-01-02 13:31:00,1767360660000,1767360719999,DOGE,1m,0.13194,0.13196,0.13206,0.13194,32543.0,7
2026-01-02 13:32:00,1767360720000,1767360779999,DOGE,1m,0.132,0.13176,0.132,0.13176,216169.0,5
2026-01-02 13:33:00,1767360780000,1767360839999,DOGE,1m,0.1319,0.13197,0.13198,0.1319,27728.0,8
2026-01-02 13:34:00,1767360840000,1767360899999,DOGE,1m,0.13194,0.13192,0.13196,0.13192,35824.0,5
2026-01-02 13:35:00,1767360900000,1767360959999,DOGE,1m,0.13189,0.13191,0.13192,0.13189,26609.0,4
2026-01-02 13:36:00,1767360960000,1767361019999,DOGE,1m,0.13195,0.13196,0.13196,0.13191,27191.0,4
2026-01-02 13:37:00,1767361020000,1767361079999,DOGE,1m,0.13201,0.13206,0.13214,0.13201,452550.0,13
2026-01-02 13:38:00,1767361080000,1767361139999,DOGE,1m,0.132,0.13198,0.13205,0.13198,47109.0,11
2026-01-02 13:39:00,1767361140000,1767361199999,DOGE,1m,0.13195,0.13205,0.13205,0.13195,32050.0,6
2026-01-02 13:40:00,1767361200000,1767361259999,DOGE,1m,0.13199,0.13211,0.13211,0.13199,26467.0,4
2026-01-02 13:41:00,1767361260000,1767361319999,DOGE,1m,0.13211,0.13208,0.13213,0.13208,25710.0,7
2026-01-02 13:42:00,1767361320000,1767361379999,DOGE,1m,0.13213,0.13213,0.13213,0.1321,28736.0,6
2026-01-02 13:43:00,1767361380000,1767361439999,DOGE,1m,0.13215,0.13224,0.13224,0.13215,28776.0,5
2026-01-02 13:44:00,1767361440000,1767361499999,DOGE,1m,0.13224,0.13209,0.13224,0.13209,25787.0,3
2026-01-02 13:45:00,1767361500000,1767361559999,DOGE,1m,0.13208,0.13194,0.13208,0.13194,48505.0,5
2026-01-02 13:46:00,1767361560000,1767361619999,DOGE,1m,0.13196,0.13203,0.13203,0.13196,25710.0,4
2026-01-02 13:47:00,1767361620000,1767361679999,DOGE,1m,0.13204,0.13201,0.13205,0.13201,31567.0,9
2026-01-02 13:48:00,1767361680000,1767361739999,DOGE,1m,0.13204,0.13195,0.13204,0.13193,29498.0,4
2026-01-02 13:49:00,1767361740000,1767361799999,DOGE,1m,0.13185,0.13178,0.13185,0.13175,39907.0,8
2026-01-02 13:50:00,1767361800000,1767361859999,DOGE,1m,0.13178,0.13185,0.13187,0.13178,27614.0,3
2026-01-02 13:51:00,1767361860000,1767361919999,DOGE,1m,0.13182,0.13177,0.13182,0.13177,26642.0,6
2026-01-02 13:52:00,1767361920000,1767361979999,DOGE,1m,0.13184,0.13179,0.13184,0.13179,26812.0,7
2026-01-02 13:53:00,1767361980000,1767362039999,DOGE,1m,0.13184,0.13185,0.13185,0.13184,30552.0,4
2026-01-02 13:54:00,1767362040000,1767362099999,DOGE,1m,0.13183,0.13185,0.13185,0.13183,25710.0,2
2026-01-02 13:55:00,1767362100000,1767362159999,DOGE,1m,0.13175,0.1318,0.1318,0.13174,26003.0,5
2026-01-02 13:56:00,1767362160000,1767362219999,DOGE,1m,0.13174,0.1317,0.13178,0.13169,42862.0,6
2026-01-02 13:57:00,1767362220000,1767362279999,DOGE,1m,0.13172,0.13168,0.13172,0.13168,44420.0,3
2026-01-02 13:58:00,1767362280000,1767362339999,DOGE,1m,0.13167,0.13149,0.13167,0.13149,30478.0,6
2026-01-02 13:59:00,1767362340000,1767362399999,DOGE,1m,0.13163,0.13163,0.13163,0.13163,1409.0,1
2026-01-02 14:00:00,1767362400000,1767362459999,DOGE,1m,0.13172,0.13159,0.13172,0.13159,52641.0,14
2026-01-02 14:01:00,1767362460000,1767362519999,DOGE,1m,0.13158,0.13154,0.13159,0.13146,16329.0,9
2026-01-02 14:02:00,1767362520000,1767362579999,DOGE,1m,0.13155,0.13188,0.13189,0.13155,59535.0,8
2026-01-02 14:03:00,1767362580000,1767362639999,DOGE,1m,0.13189,0.13196,0.13202,0.13189,444902.0,15
2026-01-02 14:04:00,1767362640000,1767362699999,DOGE,1m,0.13191,0.13191,0.13191,0.13191,23988.0,1
2026-01-02 14:05:00,1767362700000,1767362759999,DOGE,1m,0.13182,0.13182,0.13182,0.13182,3223.0,1
2026-01-02 14:06:00,1767362760000,1767362819999,DOGE,1m,0.13174,0.13174,0.13174,0.13174,796.0,2
2026-01-02 14:07:00,1767362820000,1767362879999,DOGE,1m,0.13184,0.13184,0.13184,0.13184,192.0,1
2026-01-02 14:08:00,1767362880000,1767362939999,DOGE,1m,0.13182,0.13191,0.13191,0.13182,2731.0,4
2026-01-02 14:09:00,1767362940000,1767362999999,DOGE,1m,0.13188,0.13185,0.13189,0.13185,40063.0,5
2026-01-02 14:10:00,1767363000000,1767363059999,DOGE,1m,0.13179,0.13178,0.13179,0.13176,5209.0,7
2026-01-02 14:11:00,1767363060000,1767363119999,DOGE,1m,0.13172,0.13143,0.13172,0.13143,18587.0,7
2026-01-02 14:12:00,1767363120000,1767363179999,DOGE,1m,0.13144,0.13091,0.13144,0.13091,71401.0,15
2026-01-02 14:13:00,1767363180000,1767363239999,DOGE,1m,0.13111,0.13131,0.13131,0.13111,25217.0,9
2026-01-02 14:14:00,1767363240000,1767363299999,DOGE,1m,0.13143,0.13146,0.13147,0.1314,9042.0,10
2026-01-02 14:15:00,1767363300000,1767363359999,DOGE,1m,0.13143,0.13126,0.13143,0.13126,67814.0,13
2026-01-02 14:16:00,1767363360000,1767363419999,DOGE,1m,0.13132,0.13135,0.13137,0.13132,1592166.0,42
2026-01-02 14:17:00,1767363420000,1767363479999,DOGE,1m,0.13126,0.13103,0.13126,0.13103,2641.0,4
2026-01-02 14:18:00,1767363480000,1767363539999,DOGE,1m,0.13095,0.1306,0.13095,0.13028,348067.0,51
2026-01-02 14:19:00,1767363540000,1767363599999,DOGE,1m,0.13055,0.13052,0.13055,0.13028,41607.0,12
2026-01-02 14:20:00,1767363600000,1767363659999,DOGE,1m,0.13057,0.13047,0.1307,0.13047,98353.0,8
2026-01-02 14:21:00,1767363660000,1767363719999,DOGE,1m,0.13048,0.13047,0.13048,0.13022,137385.0,16
2026-01-02 14:22:00,1767363720000,1767363779999,DOGE,1m,0.13026,0.13006,0.13026,0.12994,1628523.0,32
2026-01-02 14:23:00,1767363780000,1767363839999,DOGE,1m,0.13019,0.13046,0.13056,0.13019,46454.0,17
2026-01-02 14:24:00,1767363840000,1767363899999,DOGE,1m,0.13048,0.13019,0.13052,0.13008,164903.0,18
2026-01-02 14:25:00,1767363900000,1767363959999,DOGE,1m,0.13035,0.13052,0.13052,0.13035,39822.0,12
2026-01-02 14:26:00,1767363960000,1767364019999,DOGE,1m,0.13048,0.13058,0.13058,0.13042,16890.0,10
2026-01-02 14:27:00,1767364020000,1767364079999,DOGE,1m,0.13061,0.13066,0.13079,0.13061,241945.0,34
2026-01-02 14:28:00,1767364080000,1767364139999,DOGE,1m,0.1307,0.13076,0.13076,0.1307,12971.0,6
2026-01-02 14:29:00,1767364140000,1767364199999,DOGE,1m,0.13062,0.13054,0.13068,0.13054,26419.0,8
2026-01-02 14:30:00,1767364200000,1767364259999,DOGE,1m,0.13053,0.13072,0.13072,0.13053,45416.0,17
2026-01-02 14:31:00,1767364260000,1767364319999,DOGE,1m,0.13056,0.13038,0.13056,0.13038,13695.0,9
2026-01-02 14:32:00,1767364320000,1767364379999,DOGE,1m,0.13018,0.12984,0.13018,0.12966,117042.0,35
2026-01-02 14:33:00,1767364380000,1767364439999,DOGE,1m,0.12964,0.13008,0.13008,0.12956,109810.0,24
2026-01-02 14:34:00,1767364440000,1767364499999,DOGE,1m,0.13005,0.13014,0.13014,0.13,27090.0,9
2026-01-02 14:35:00,1767364500000,1767364559999,DOGE,1m,0.12994,0.12992,0.12997,0.12992,14408.0,3
2026-01-02 14:36:00,1767364560000,1767364619999,DOGE,1m,0.12999,0.1303,0.1303,0.12995,25664.0,10
2026-01-02 14:37:00,1767364620000,1767364679999,DOGE,1m,0.13038,0.13055,0.13067,0.13038,631886.0,37
2026-01-02 14:38:00,1767364680000,1767364739999,DOGE,1m,0.13077,0.13281,0.133,0.13077,1570099.0,204
2026-01-02 14:39:00,1767364740000,1767364799999,DOGE,1m,0.13265,0.13384,0.13428,0.13263,9315056.0,365
2026-01-02 14:40:00,1767364800000,1767364859999,DOGE,1m,0.1336,0.13301,0.1336,0.13301,809632.0,70
2026-01-02 14:41:00,1767364860000,1767364919999,DOGE,1m,0.1329,0.13307,0.13307,0.13269,419389.0,29
2026-01-02 14:42:00,1767364920000,1767364979999,DOGE,1m,0.13318,0.13299,0.13326,0.1329,222049.0,22
2026-01-02 14:43:00,1767364980000,1767365039999,DOGE,1m,0.13297,0.1331,0.13337,0.13281,1733826.0,61
2026-01-02 14:44:00,1767365040000,1767365099999,DOGE,1m,0.13312,0.13307,0.13312,0.13303,48489.0,13
2026-01-02 14:45:00,1767365100000,1767365159999,DOGE,1m,0.13315,0.13265,0.13325,0.13265,45161.0,26
2026-01-02 14:46:00,1767365160000,1767365219999,DOGE,1m,0.13266,0.13274,0.13277,0.1326,47439.0,14
2026-01-02 14:47:00,1767365220000,1767365279999,DOGE,1m,0.13269,0.13326,0.1333,0.13266,183493.0,31
2026-01-02 14:48:00,1767365280000,1767365339999,DOGE,1m,0.13346,0.13383,0.13433,0.13346,1035017.0,83
2026-01-02 14:49:00,1767365340000,1767365399999,DOGE,1m,0.13371,0.1337,0.13379,0.13357,48692.0,16
2026-01-02 14:50:00,1767365400000,1767365459999,DOGE,1m,0.13382,0.13467,0.13529,0.13376,3223033.0,167
2026-01-02 14:51:00,1767365460000,1767365519999,DOGE,1m,0.13473,0.13445,0.13479,0.13434,222401.0,65
2026-01-02 14:52:00,1767365520000,1767365579999,DOGE,1m,0.13436,0.13389,0.13437,0.13389,117097.0,33
2026-01-02 14:53:00,1767365580000,1767365639999,DOGE,1m,0.13393,0.13366,0.13393,0.13341,102154.0,38
2026-01-02 14:54:00,1767365640000,1767365699999,DOGE,1m,0.1336,0.13376,0.13376,0.1335,300394.0,29
2026-01-02 14:55:00,1767365700000,1767365759999,DOGE,1m,0.13374,0.13363,0.1338,0.13362,30894.0,10
2026-01-02 14:56:00,1767365760000,1767365819999,DOGE,1m,0.13357,0.13372,0.13372,0.13356,4071.0,3
2026-01-02 14:57:00,1767365820000,1767365879999,DOGE,1m,0.13368,0.13332,0.13369,0.13326,217184.0,51
2026-01-02 14:58:00,1767365880000,1767365939999,DOGE,1m,0.13355,0.1339,0.1339,0.13354,49864.0,15
2026-01-02 14:59:00,1767365940000,1767365999999,DOGE,1m,0.13396,0.13396,0.134,0.13378,6166.0,9
2026-01-02 15:00:00,1767366000000,1767366059999,DOGE,1m,0.134,0.13433,0.1345,0.134,289987.0,35
2026-01-02 15:01:00,1767366060000,1767366119999,DOGE,1m,0.13437,0.13428,0.13448,0.13428,258633.0,24
2026-01-02 15:02:00,1767366120000,1767366179999,DOGE,1m,0.13432,0.13428,0.13448,0.13425,122991.0,16
2026-01-02 15:03:00,1767366180000,1767366239999,DOGE,1m,0.13422,0.13375,0.13422,0.13373,81672.0,17
2026-01-02 15:04:00,1767366240000,1767366299999,DOGE,1m,0.13373,0.13378,0.13388,0.13351,212295.0,32
2026-01-02 15:05:00,1767366300000,1767366359999,DOGE,1m,0.13401,0.13397,0.13407,0.13391,15950.0,7
2026-01-02 15:06:00,1767366360000,1767366419999,DOGE,1m,0.13392,0.13458,0.13458,0.13385,60683.0,18
2026-01-02 15:07:00,1767366420000,1767366479999,DOGE,1m,0.13456,0.13431,0.13456,0.13431,51176.0,7
2026-01-02 15:08:00,1767366480000,1767366539999,DOGE,1m,0.1343,0.1343,0.1344,0.13419,124671.0,35
2026-01-02 15:09:00,1767366540000,1767366599999,DOGE,1m,0.1343,0.13438,0.13447,0.13429,127402.0,20
2026-01-02 15:10:00,1767366600000,1767366659999,DOGE,1m,0.13434,0.13402,0.13437,0.13395,77428.0,15
2026-01-02 15:11:00,1767366660000,1767366719999,DOGE,1m,0.13388,0.13382,0.13388,0.1337,31923.0,10
2026-01-02 15:12:00,1767366720000,1767366779999,DOGE,1m,0.13389,0.13371,0.13397,0.13371,20424.0,8
2026-01-02 15:13:00,1767366780000,1767366839999,DOGE,1m,0.13362,0.1335,0.13362,0.1335,43618.0,13
2026-01-02 15:14:00,1767366840000,1767366899999,DOGE,1m,0.13346,0.13376,0.13376,0.13346,13357.0,6
2026-01-02 15:15:00,1767366900000,1767366959999,DOGE,1m,0.13355,0.13349,0.13355,0.13349,16076.0,5
2026-01-02 15:16:00,1767366960000,1767367019999,DOGE,1m,0.13371,0.1342,0.1342,0.13371,34564.0,11
2026-01-02 15:17:00,1767367020000,1767367079999,DOGE,1m,0.1343,0.13377,0.13432,0.13377,55761.0,14
2026-01-02 15:18:00,1767367080000,1767367139999,DOGE,1m,0.13369,0.13368,0.13381,0.13368,31170.0,5
2026-01-02 15:19:00,1767367140000,1767367199999,DOGE,1m,0.1336,0.13351,0.1336,0.13351,9554.0,3
2026-01-02 15:20:00,1767367200000,1767367259999,DOGE,1m,0.13356,0.13357,0.13373,0.13356,2132.0,4
2026-01-02 15:21:00,1767367260000,1767367319999,DOGE,1m,0.1334,0.13311,0.1334,0.13311,30094.0,7
2026-01-02 15:22:00,1767367320000,1767367379999,DOGE,1m,0.13323,0.13334,0.13334,0.1331,10545.0,6
2026-01-02 15:23:00,1767367380000,1767367439999,DOGE,1m,0.13335,0.13318,0.13353,0.13318,59197.0,12
2026-01-02 15:24:00,1767367440000,1767367499999,DOGE,1m,0.13317,0.13328,0.13328,0.13305,103473.0,12
2026-01-02 15:25:00,1767367500000,1767367559999,DOGE,1m,0.13335,0.13384,0.13386,0.13335,28796.0,17
2026-01-02 15:26:00,1767367560000,1767367619999,DOGE,1m,0.13384,0.13388,0.13408,0.13384,153270.0,19
2026-01-02 15:27:00,1767367620000,1767367679999,DOGE,1m,0.13377,0.13374,0.13377,0.13374,1327.0,2
2026-01-02 15:28:00,1767367680000,1767367739999,DOGE,1m,0.13364,0.13364,0.13364,0.13364,2479.0,1
2026-01-02 15:29:00,1767367740000,1767367799999,DOGE,1m,0.13365,0.13376,0.13376,0.13354,2235.0,5
2026-01-02 15:30:00,1767367800000,1767367859999,DOGE,1m,0.13377,0.13358,0.13377,0.13358,201295.0,18
2026-01-02 15:31:00,1767367860000,1767367919999,DOGE,1m,0.13368,0.13369,0.13381,0.13368,29911.0,7
2026-01-02 15:32:00,1767367920000,1767367979999,DOGE,1m,0.13387,0.13387,0.13387,0.13387,312.0,1
2026-01-02 15:33:00,1767367980000,1767368039999,DOGE,1m,0.13396,0.13434,0.13434,0.13395,16961.0,15
2026-01-02 15:34:00,1767368040000,1767368099999,DOGE,1m,0.13424,0.13423,0.13438,0.13423,25682.0,8
2026-01-02 15:35:00,1767368100000,1767368159999,DOGE,1m,0.1342,0.13435,0.13435,0.1342,12836.0,6
2026-01-02 15:36:00,1767368160000,1767368219999,DOGE,1m,0.13451,0.13427,0.13458,0.13427,342355.0,31
2026-01-02 15:37:00,1767368220000,1767368279999,DOGE,1m,0.13441,0.13449,0.13449,0.13438,7180.0,4
2026-01-02 15:38:00,1767368280000,1767368339999,DOGE,1m,0.13439,0.13441,0.13442,0.13439,1095.0,3
2026-01-02 15:39:00,1767368340000,1767368399999,DOGE,1m,0.13469,0.13608,0.13608,0.13469,274800.0,52
2026-01-02 15:40:00,1767368400000,1767368459999,DOGE,1m,0.13605,0.13503,0.13609,0.13503,1826658.0,174
2026-01-02 15:41:00,1767368460000,1767368519999,DOGE,1m,0.13504,0.13523,0.13523,0.13502,146576.0,50
2026-01-02 15:42:00,1767368520000,1767368579999,DOGE,1m,0.13531,0.13535,0.13546,0.13526,44305.0,15
2026-01-02 15:43:00,1767368580000,1767368639999,DOGE,1m,0.1353,0.13537,0.13544,0.1352,199228.0,33
2026-01-02 15:44:00,1767368640000,1767368699999,DOGE,1m,0.1354,0.13557,0.13557,0.1354,2776.0,3
2026-01-02 15:45:00,1767368700000,1767368759999,DOGE,1m,0.13555,0.13535,0.13563,0.13533,214277.0,23
2026-01-02 15:46:00,1767368760000,1767368819999,DOGE,1m,0.13546,0.13536,0.13549,0.13536,35848.0,12
2026-01-02 15:47:00,1767368820000,1767368879999,DOGE,1m,0.1354,0.1353,0.13541,0.13518,25338.0,10
2026-01-02 15:48:00,1767368880000,1767368939999,DOGE,1m,0.1354,0.13532,0.13554,0.13532,121444.0,24
2026-01-02 15:49:00,1767368940000,1767368999999,DOGE,1m,0.13516,0.13539,0.13539,0.1351,49998.0,12
2026-01-02 15:50:00,1767369000000,1767369059999,DOGE,1m,0.13537,0.13542,0.13542,0.1353,43751.0,7
2026-01-02 15:51:00,1767369060000,1767369119999,DOGE,1m,0.13517,0.13504,0.13519,0.13497,83912.0,12
2026-01-02 15:52:00,1767369120000,1767369179999,DOGE,1m,0.13503,0.13484,0.13503,0.13478,44560.0,9
2026-01-02 15:53:00,1767369180000,1767369239999,DOGE,1m,0.13489,0.1348,0.13496,0.1348,62470.0,8
2026-01-02 15:54:00,1767369240000,1767369299999,DOGE,1m,0.13483,0.1349,0.13492,0.13483,24380.0,4
2026-01-02 15:55:00,1767369300000,1767369359999,DOGE,1m,0.13511,0.13534,0.1354,0.13511,31646.0,15
2026-01-02 15:56:00,1767369360000,1767369419999,DOGE,1m,0.13535,0.13515,0.13535,0.13515,28659.0,18
2026-01-02 15:57:00,1767369420000,1767369479999,DOGE,1m,0.13508,0.13509,0.13509,0.13491,12046.0,8
2026-01-02 15:58:00,1767369480000,1767369539999,DOGE,1m,0.13509,0.13519,0.13519,0.13509,19442.0,4
2026-01-02 15:59:00,1767369540000,1767369599999,DOGE,1m,0.13508,0.13522,0.13522,0.13495,115342.0,17
2026-01-02 16:00:00,1767369600000,1767369659999,DOGE,1m,0.13524,0.13535,0.13535,0.1352,68470.0,17
2026-01-02 16:01:00,1767369660000,1767369719999,DOGE,1m,0.13528,0.1353,0.1353,0.13504,97044.0,31
2026-01-02 16:02:00,1767369720000,1767369779999,DOGE,1m,0.13536,0.13542,0.13559,0.13527,301368.0,49
2026-01-02 16:03:00,1767369780000,1767369839999,DOGE,1m,0.13537,0.13503,0.13537,0.13503,189039.0,19
2026-01-02 16:04:00,1767369840000,1767369899999,DOGE,1m,0.13507,0.13494,0.1352,0.13494,133754.0,18
2026-01-02 16:05:00,1767369900000,1767369959999,DOGE,1m,0.13488,0.13486,0.13489,0.13478,37635.0,8
2026-01-02 16:06:00,1767369960000,1767370019999,DOGE,1m,0.1349,0.13501,0.13511,0.13487,100741.0,10
2026-01-02 16:07:00,1767370020000,1767370079999,DOGE,1m,0.13516,0.13517,0.13517,0.13501,19165.0,8
2026-01-02 16:08:00,1767370080000,1767370139999,DOGE,1m,0.13518,0.13538,0.13538,0.13518,62847.0,14
2026-01-02 16:09:00,1767370140000,1767370199999,DOGE,1m,0.13531,0.13541,0.13541,0.13526,36279.0,10
2026-01-02 16:10:00,1767370200000,1767370259999,DOGE,1m,0.13535,0.13576,0.13576,0.13529,249701.0,30
2026-01-02 16:11:00,1767370260000,1767370319999,DOGE,1m,0.13579,0.13559,0.13584,0.13559,221492.0,38
2026-01-02 16:12:00,1767370320000,1767370379999,DOGE,1m,0.13539,0.13545,0.13545,0.13531,118553.0,22
2026-01-02 16:13:00,1767370380000,1767370439999,DOGE,1m,0.13541,0.13556,0.13556,0.13538,13319.0,6
2026-01-02 16:14:00,1767370440000,1767370499999,DOGE,1m,0.1357,0.13576,0.13586,0.13567,43424.0,12
2026-01-02 16:15:00,1767370500000,1767370559999,DOGE,1m,0.13584,0.13594,0.13643,0.13584,1026805.0,92
2026-01-02 16:16:00,1767370560000,1767370619999,DOGE,1m,0.13593,0.13599,0.13604,0.13574,96922.0,23
2026-01-02 16:17:00,1767370620000,1767370679999,DOGE,1m,0.13585,0.13608,0.13608,0.13585,34632.0,8
2026-01-02 16:18:00,1767370680000,1767370739999,DOGE,1m,0.13598,0.13585,0.136,0.13585,71211.0,18
2026-01-02 16:19:00,1767370740000,1767370799999,DOGE,1m,0.1358,0.13571,0.13586,0.1357,270368.0,28
2026-01-02 16:20:00,1767370800000,1767370859999,DOGE,1m,0.13567,0.13574,0.13588,0.13565,150148.0,28
2026-01-02 16:21:00,1767370860000,1767370919999,DOGE,1m,0.13584,0.13631,0.13641,0.13584,217610.0,46
2026-01-02 16:22:00,1767370920000,1767370979999,DOGE,1m,0.13637,0.13727,0.13775,0.13637,1181912.0,162
2026-01-02 16:23:00,1767370980000,1767371039999,DOGE,1m,0.13728,0.1373,0.13759,0.13713,2797534.0,88
2026-01-02 16:24:00,1767371040000,1767371099999,DOGE,1m,0.13727,0.13724,0.1373,0.13705,156848.0,29
2026-01-02 16:25:00,1767371100000,1767371159999,DOGE,1m,0.13702,0.1364,0.13702,0.1364,101863.0,37
2026-01-02 16:26:00,1767371160000,1767371219999,DOGE,1m,0.13642,0.13649,0.13649,0.13641,16314.0,7
2026-01-02 16:27:00,1767371220000,1767371279999,DOGE,1m,0.13666,0.13656,0.13672,0.13654,28206.0,10
2026-01-02 16:28:00,1767371280000,1767371339999,DOGE,1m,0.13673,0.13699,0.137,0.13673,17248.0,9
2026-01-02 16:29:00,1767371340000,1767371399999,DOGE,1m,0.13708,0.1371,0.13724,0.13705,30729.0,15
2026-01-02 16:30:00,1767371400000,1767371459999,DOGE,1m,0.13715,0.13726,0.13726,0.13713,113600.0,15
2026-01-02 16:31:00,1767371460000,1767371519999,DOGE,1m,0.13715,0.13761,0.13769,0.13715,521621.0,48
2026-01-02 16:32:00,1767371520000,1767371579999,DOGE,1m,0.13767,0.13755,0.13768,0.13744,157767.0,34
2026-01-02 16:33:00,1767371580000,1767371639999,DOGE,1m,0.13765,0.13805,0.13813,0.13762,302662.0,51
2026-01-02 16:34:00,1767371640000,1767371699999,DOGE,1m,0.13803,0.13814,0.1384,0.13796,1317635.0,72
2026-01-02 16:35:00,1767371700000,1767371759999,DOGE,1m,0.13817,0.13793,0.13817,0.13779,419748.0,29
2026-01-02 16:36:00,1767371760000,1767371819999,DOGE,1m,0.138,0.13836,0.13836,0.13799,36286.0,15
2026-01-02 16:37:00,1767371820000,1767371879999,DOGE,1m,0.13812,0.13789,0.13812,0.13788,168707.0,13
2026-01-02 16:38:00,1767371880000,1767371939999,DOGE,1m,0.1378,0.13748,0.1378,0.13744,94832.0,28
2026-01-02 16:39:00,1767371940000,1767371999999,DOGE,1m,0.13752,0.13759,0.13768,0.13752,31657.0,9
2026-01-02 16:40:00,1767372000000,1767372059999,DOGE,1m,0.13758,0.13757,0.13763,0.13757,2047.0,4
2026-01-02 16:41:00,1767372060000,1767372119999,DOGE,1m,0.13752,0.13752,0.13752,0.13752,1000.0,1
2026-01-02 16:42:00,1767372120000,1767372179999,DOGE,1m,0.13736,0.13691,0.13744,0.13684,112507.0,37
2026-01-02 16:43:00,1767372180000,1767372239999,DOGE,1m,0.1369,0.13713,0.13717,0.1369,99851.0,9
2026-01-02 16:44:00,1767372240000,1767372299999,DOGE,1m,0.13707,0.1372,0.1372,0.13705,40153.0,10
2026-01-02 16:45:00,1767372300000,1767372359999,DOGE,1m,0.13734,0.1371,0.13736,0.1371,33125.0,13
2026-01-02 16:46:00,1767372360000,1767372419999,DOGE,1m,0.13721,0.13734,0.13734,0.13718,24601.0,10
2026-01-02 16:47:00,1767372420000,1767372479999,DOGE,1m,0.13745,0.13818,0.13818,0.13745,320873.0,55
2026-01-02 16:48:00,1767372480000,1767372539999,DOGE,1m,0.13816,0.13789,0.1382,0.13789,39857.0,13
2026-01-02 16:49:00,1767372540000,1767372599999,DOGE,1m,0.13791,0.1382,0.1383,0.13791,39153.0,14
2026-01-02 16:50:00,1767372600000,1767372659999,DOGE,1m,0.13816,0.13805,0.13825,0.13805,28602.0,14
2026-01-02 16:51:00,1767372660000,1767372719999,DOGE,1m,0.13799,0.13805,0.13805,0.13791,37156.0,8
2026-01-02 16:52:00,1767372720000,1767372779999,DOGE,1m,0.13785,0.13799,0.13799,0.13762,43909.0,21
2026-01-02 16:53:00,1767372780000,1767372839999,DOGE,1m,0.13801,0.13819,0.13819,0.13794,24321.0,7
2026-01-02 16:54:00,1767372840000,1767372899999,DOGE,1m,0.13812,0.13806,0.13812,0.13799,30091.0,12
2026-01-02 16:55:00,1767372900000,1767372959999,DOGE,1m,0.13812,0.13808,0.13812,0.13808,4054.0,3
2026-01-02 16:56:00,1767372960000,1767373019999,DOGE,1m,0.13805,0.13804,0.13808,0.13803,66807.0,11
2026-01-02 16:57:00,1767373020000,1767373079999,DOGE,1m,0.13808,0.13832,0.13836,0.13808,2022848.0,44
2026-01-02 16:58:00,1767373080000,1767373139999,DOGE,1m,0.13804,0.13823,0.13823,0.13804,143149.0,15
2026-01-02 16:59:00,1767373140000,1767373199999,DOGE,1m,0.13824,0.1383,0.1383,0.13824,5601.0,7
2026-01-02 17:00:00,1767373200000,1767373259999,DOGE,1m,0.13828,0.13828,0.13844,0.13825,324479.0,29
2026-01-02 17:01:00,1767373260000,1767373319999,DOGE,1m,0.13824,0.1383,0.13835,0.13816,24666.0,12
2026-01-02 17:02:00,1767373320000,1767373379999,DOGE,1m,0.13834,0.1384,0.1386,0.13834,46857.0,15
2026-01-02 17:03:00,1767373380000,1767373439999,DOGE,1m,0.13834,0.13824,0.13838,0.13824,2274671.0,36
2026-01-02 17:04:00,1767373440000,1767373499999,DOGE,1m,0.13836,0.13828,0.13836,0.13817,27532.0,9
2026-01-02 17:05:00,1767373500000,1767373559999,DOGE,1m,0.13839,0.13861,0.13863,0.13836,68681.0,15
2026-01-02 17:06:00,1767373560000,1767373619999,DOGE,1m,0.13853,0.13839,0.1387,0.13837,189268.0,22
2026-01-02 17:07:00,1767373620000,1767373679999,DOGE,1m,0.13838,0.13818,0.13842,0.13818,9375.0,9
2026-01-02 17:08:00,1767373680000,1767373739999,DOGE,1m,0.13827,0.1385,0.1385,0.13827,19334.0,9
2026-01-02 17:09:00,1767373740000,1767373799999,DOGE,1m,0.13856,0.13863,0.13863,0.13815,61556.0,16
2026-01-02 17:10:00,1767373800000,1767373859999,DOGE,1m,0.1386,0.13855,0.13866,0.1382,143853.0,29
2026-01-02 17:11:00,1767373860000,1767373919999,DOGE,1m,0.13848,0.13869,0.13869,0.13848,21147.0,6
2026-01-02 17:12:00,1767373920000,1767373979999,DOGE,1m,0.13871,0.13916,0.13917,0.13867,1823350.0,93
2026-01-02 17:13:00,1767373980000,1767374039999,DOGE,1m,0.13911,0.1391,0.13935,0.1391,173392.0,42
2026-01-02 17:14:00,1767374040000,1767374099999,DOGE,1m,0.13898,0.13873,0.13898,0.13865,435646.0,24
2026-01-02 17:15:00,1767374100000,1767374159999,DOGE,1m,0.13873,0.13905,0.13912,0.13873,24181.0,13
2026-01-02 17:16:00,1767374160000,1767374219999,DOGE,1m,0.13918,0.13902,0.13918,0.13899,207951.0,14
2026-01-02 17:17:00,1767374220000,1767374279999,DOGE,1m,0.13891,0.13896,0.13896,0.13884,43695.0,9
2026-01-02 17:18:00,1767374280000,1767374339999,DOGE,1m,0.13908,0.13893,0.13908,0.13893,19302.0,5
2026-01-02 17:19:00,1767374340000,1767374399999,DOGE,1m,0.13893,0.13894,0.13896,0.13892,146431.0,11
2026-01-02 17:20:00,1767374400000,1767374459999,DOGE,1m,0.13872,0.1388,0.1388,0.13868,377071.0,26
2026-01-02 17:21:00,1767374460000,1767374519999,DOGE,1m,0.13886,0.13863,0.13886,0.13863,60957.0,9
2026-01-02 17:22:00,1767374520000,1767374579999,DOGE,1m,0.13882,0.13888,0.13888,0.13882,1274.0,2
2026-01-02 17:23:00,1767374580000,1767374639999,DOGE,1m,0.13891,0.13886,0.1391,0.13886,14988.0,6
2026-01-02 17:24:00,1767374640000,1767374699999,DOGE,1m,0.13878,0.13862,0.13884,0.13862,301977.0,37
2026-01-02 17:25:00,1767374700000,1767374759999,DOGE,1m,0.13862,0.13862,0.13862,0.13862,0.0,0
2026-01-02 17:26:00,1767374760000,1767374819999,DOGE,1m,0.1386,0.13862,0.13862,0.1386,72274.0,7
2026-01-02 17:27:00,1767374820000,1767374879999,DOGE,1m,0.13872,0.13872,0.13872,0.13869,4202.0,5
2026-01-02 17:28:00,1767374880000,1767374939999,DOGE,1m,0.13874,0.13889,0.13889,0.13874,2518.0,3
2026-01-02 17:29:00,1767374940000,1767374999999,DOGE,1m,0.13877,0.13878,0.13879,0.13877,31167.0,4
2026-01-02 17:30:00,1767375000000,1767375059999,DOGE,1m,0.13874,0.13882,0.13886,0.13874,11880.0,5
2026-01-02 17:31:00,1767375060000,1767375119999,DOGE,1m,0.13867,0.13873,0.13873,0.13837,77175.0,15
2026-01-02 17:32:00,1767375120000,1767375179999,DOGE,1m,0.13878,0.13875,0.13878,0.13871,26615.0,13
2026-01-02 17:33:00,1767375180000,1767375239999,DOGE,1m,0.13884,0.13898,0.13906,0.13884,271999.0,36
2026-01-02 17:34:00,1767375240000,1767375299999,DOGE,1m,0.13882,0.13872,0.13885,0.13872,13035.0,5
2026-01-02 17:35:00,1767375300000,1767375359999,DOGE,1m,0.13883,0.13889,0.13893,0.13882,21275.0,8
2026-01-02 17:36:00,1767375360000,1767375419999,DOGE,1m,0.13894,0.13901,0.13919,0.13894,103664.0,11
2026-01-02 17:37:00,1767375420000,1767375479999,DOGE,1m,0.13902,0.13899,0.13902,0.13895,5056.0,5
2026-01-02 17:38:00,1767375480000,1767375539999,DOGE,1m,0.13888,0.13887,0.13891,0.1388,72268.0,16
2026-01-02 17:39:00,1767375540000,1767375599999,DOGE,1m,0.13888,0.13876,0.13888,0.13876,5665.0,4
2026-01-02 17:40:00,1767375600000,1767375659999,DOGE,1m,0.13894,0.13894,0.13894,0.13894,757.0,1
2026-01-02 17:41:00,1767375660000,1767375719999,DOGE,1m,0.13897,0.13902,0.13902,0.13897,1663.0,3
2026-01-02 17:42:00,1767375720000,1767375779999,DOGE,1m,0.1391,0.13936,0.13936,0.1391,72884.0,14
2026-01-02 17:43:00,1767375780000,1767375839999,DOGE,1m,0.13928,0.13928,0.13928,0.13919,10569.0,11
2026-01-02 17:44:00,1767375840000,1767375899999,DOGE,1m,0.13928,0.13931,0.13931,0.13928,10082.0,5
2026-01-02 17:45:00,1767375900000,1767375959999,DOGE,1m,0.13937,0.13967,0.13972,0.13937,443739.0,46
2026-01-02 17:46:00,1767375960000,1767376019999,DOGE,1m,0.13964,0.13963,0.13971,0.13953,111327.0,28
2026-01-02 17:47:00,1767376020000,1767376079999,DOGE,1m,0.13956,0.13955,0.13958,0.1395,36543.0,7
2026-01-02 17:48:00,1767376080000,1767376139999,DOGE,1m,0.13947,0.13904,0.13948,0.13904,31735.0,13
2026-01-02 17:49:00,1767376140000,1767376199999,DOGE,1m,0.13911,0.13885,0.13911,0.13885,37816.0,8
2026-01-02 17:50:00,1767376200000,1767376259999,DOGE,1m,0.13875,0.13894,0.13894,0.13865,174095.0,8
2026-01-02 17:51:00,1767376260000,1767376319999,DOGE,1m,0.13896,0.13908,0.13908,0.13892,4095.0,4
2026-01-02 17:52:00,1767376320000,1767376379999,DOGE,1m,0.139,0.13907,0.13909,0.139,2432.0,5
2026-01-02 17:53:00,1767376380000,1767376439999,DOGE,1m,0.13909,0.13926,0.13935,0.13909,456044.0,18
2026-01-02 17:54:00,1767376440000,1767376499999,DOGE,1m,0.13922,0.13904,0.13922,0.13902,8816.0,6
2026-01-02 17:55:00,1767376500000,1767376559999,DOGE,1m,0.13915,0.13905,0.13915,0.13905,2882.0,5
2026-01-02 17:56:00,1767376560000,1767376619999,DOGE,1m,0.13926,0.13934,0.13941,0.13926,8000.0,5
2026-01-02 17:57:00,1767376620000,1767376679999,DOGE,1m,0.13924,0.1392,0.13926,0.1392,2745.0,4
2026-01-02 17:58:00,1767376680000,1767376739999,DOGE,1m,0.13909,0.13923,0.13923,0.13903,92443.0,11
2026-01-02 17:59:00,1767376740000,1767376799999,DOGE,1m,0.13914,0.13916,0.13916,0.13914,1081.0,2
2026-01-02 18:00:00,1767376800000,1767376859999,DOGE,1m,0.13922,0.13909,0.13922,0.139,97310.0,21
2026-01-02 18:01:00,1767376860000,1767376919999,DOGE,1m,0.13921,0.1393,0.1393,0.13921,49127.0,11
2026-01-02 18:02:00,1767376920000,1767376979999,DOGE,1m,0.13923,0.13911,0.13923,0.13907,2358.0,5
2026-01-02 18:03:00,1767376980000,1767377039999,DOGE,1m,0.13904,0.13887,0.13905,0.13887,14198.0,7
2026-01-02 18:04:00,1767377040000,1767377099999,DOGE,1m,0.13886,0.13893,0.13898,0.13886,308210.0,15
2026-01-02 18:05:00,1767377100000,1767377159999,DOGE,1m,0.13894,0.13867,0.13894,0.13867,22629.0,8
2026-01-02 18:06:00,1767377160000,1767377219999,DOGE,1m,0.13859,0.13861,0.13865,0.13853,76693.0,17
2026-01-02 18:07:00,1767377220000,1767377279999,DOGE,1m,0.13872,0.13887,0.13887,0.13872,29588.0,10
2026-01-02 18:08:00,1767377280000,1767377339999,DOGE,1m,0.13887,0.13879,0.13895,0.13879,5254.0,6
2026-01-02 18:09:00,1767377340000,1767377399999,DOGE,1m,0.13879,0.13879,0.13881,0.13879,26460.0,6
2026-01-02 18:10:00,1767377400000,1767377459999,DOGE,1m,0.13878,0.13886,0.13889,0.13878,12733.0,7
2026-01-02 18:11:00,1767377460000,1767377519999,DOGE,1m,0.13882,0.13879,0.13882,0.13877,127201.0,7
2026-01-02 18:12:00,1767377520000,1767377579999,DOGE,1m,0.13873,0.13873,0.13873,0.1387,10125.0,5
2026-01-02 18:13:00,1767377580000,1767377639999,DOGE,1m,0.13874,0.13871,0.13881,0.13871,149446.0,9
2026-01-02 18:14:00,1767377640000,1767377699999,DOGE,1m,0.13871,0.13882,0.13882,0.13871,20613.0,6
2026-01-02 18:15:00,1767377700000,1767377759999,DOGE,1m,0.13879,0.13867,0.13886,0.13867,8070.0,9
2026-01-02 18:16:00,1767377760000,1767377819999,DOGE,1m,0.13888,0.13892,0.13892,0.13888,24588.0,8
2026-01-02 18:17:00,1767377820000,1767377879999,DOGE,1m,0.139,0.13931,0.13932,0.139,13431.0,9
2026-01-02 18:18:00,1767377880000,1767377939999,DOGE,1m,0.13947,0.13968,0.13973,0.13944,16493.0,20
2026-01-02 18:19:00,1767377940000,1767377999999,DOGE,1m,0.13976,0.1397,0.13987,0.13963,44002.0,21
2026-01-02 18:20:00,1767378000000,1767378059999,DOGE,1m,0.13964,0.13936,0.13964,0.13933,15065.0,15
2026-01-02 18:21:00,1767378060000,1767378119999,DOGE,1m,0.13941,0.13948,0.13962,0.13941,18139.0,13
2026-01-02 18:22:00,1767378120000,1767378179999,DOGE,1m,0.13957,0.13957,0.13961,0.13947,97236.0,11
2026-01-02 18:23:00,1767378180000,1767378239999,DOGE,1m,0.13967,0.1395,0.13967,0.1395,14041.0,5
2026-01-02 18:24:00,1767378240000,1767378299999,DOGE,1m,0.13936,0.13939,0.13943,0.13936,19897.0,10
2026-01-02 18:25:00,1767378300000,1767378359999,DOGE,1m,0.13936,0.13938,0.13939,0.13926,6268.0,7
2026-01-02 18:26:00,1767378360000,1767378419999,DOGE,1m,0.1394,0.13933,0.1394,0.13933,9522.0,5
2026-01-02 18:27:00,1767378420000,1767378479999,DOGE,1m,0.13942,0.13936,0.13943,0.13936,2198.0,3
2026-01-02 18:28:00,1767378480000,1767378539999,DOGE,1m,0.13929,0.13932,0.13932,0.13929,2197.0,2
2026-01-02 18:29:00,1767378540000,1767378599999,DOGE,1m,0.13934,0.13943,0.13943,0.13934,2198.0,2
2026-01-02 18:30:00,1767378600000,1767378659999,DOGE,1m,0.13938,0.13929,0.13938,0.13921,9604.0,9
2026-01-02 18:31:00,1767378660000,1767378719999,DOGE,1m,0.13924,0.13901,0.13924,0.13901,8032.0,7
2026-01-02 18:32:00,1767378720000,1767378779999,DOGE,1m,0.13895,0.13877,0.13895,0.13876,5321.0,8
2026-01-02 18:33:00,1767378780000,1767378839999,DOGE,1m,0.13881,0.13888,0.13888,0.13872,28155.0,6
2026-01-02 18:34:00,1767378840000,1767378899999,DOGE,1m,0.1389,0.13888,0.13896,0.13885,12646.0,6
2026-01-02 18:35:00,1767378900000,1767378959999,DOGE,1m,0.13883,0.13862,0.13887,0.13862,39171.0,11
2026-01-02 18:36:00,1767378960000,1767379019999,DOGE,1m,0.13865,0.13852,0.13865,0.13844,27967.0,13
2026-01-02 18:37:00,1767379020000,1767379079999,DOGE,1m,0.13862,0.1387,0.1387,0.13862,2198.0,4
2026-01-02 18:38:00,1767379080000,1767379139999,DOGE,1m,0.13878,0.13888,0.13895,0.13878,57592.0,18
2026-01-02 18:39:00,1767379140000,1767379199999,DOGE,1m,0.13882,0.13871,0.13882,0.13864,32616.0,11
2026-01-02 18:40:00,1767379200000,1767379259999,DOGE,1m,0.1387,0.13849,0.13871,0.13849,2301.0,5
2026-01-02 18:41:00,1767379260000,1767379319999,DOGE,1m,0.13853,0.13848,0.13853,0.13848,22875.0,3
2026-01-02 18:42:00,1767379320000,1767379379999,DOGE,1m,0.13853,0.13855,0.13855,0.13853,352.0,2
2026-01-02 18:43:00,1767379380000,1767379439999,DOGE,1m,0.13864,0.13853,0.13864,0.13853,8961.0,3
2026-01-02 18:44:00,1767379440000,1767379499999,DOGE,1m,0.13866,0.13866,0.13866,0.1386,22816.0,6
2026-01-02 18:45:00,1767379500000,1767379559999,DOGE,1m,0.13867,0.13866,0.13872,0.13865,49779.0,12
2026-01-02 18:46:00,1767379560000,1767379619999,DOGE,1m,0.1387,0.13892,0.13892,0.1387,17699.0,5
2026-01-02 18:47:00,1767379620000,1767379679999,DOGE,1m,0.13895,0.13886,0.13895,0.13886,14496.0,5
2026-01-02 18:48:00,1767379680000,1767379739999,DOGE,1m,0.13875,0.13868,0.13875,0.13865,59945.0,11
2026-01-02 18:49:00,1767379740000,1767379799999,DOGE,1m,0.13872,0.13844,0.13872,0.13844,33125.0,9
2026-01-02 18:50:00,1767379800000,1767379859999,DOGE,1m,0.13839,0.13827,0.13839,0.13822,80605.0,15
2026-01-02 18:51:00,1767379860000,1767379919999,DOGE,1m,0.13822,0.13792,0.13831,0.13782,1092976.0,28
2026-01-02 18:52:00,1767379920000,1767379979999,DOGE,1m,0.1378,0.1379,0.13803,0.13777,219234.0,21
2026-01-02 18:53:00,1767379980000,1767380039999,DOGE,1m,0.13787,0.13749,0.13787,0.13743,138767.0,28
2026-01-02 18:54:00,1767380040000,1767380099999,DOGE,1m,0.13764,0.13805,0.13805,0.13764,144473.0,25
2026-01-02 18:55:00,1767380100000,1767380159999,DOGE,1m,0.13791,0.13787,0.13795,0.13787,31643.0,11
2026-01-02 18:56:00,1767380160000,1767380219999,DOGE,1m,0.13797,0.13822,0.13823,0.13797,84637.0,18
2026-01-02 18:57:00,1767380220000,1767380279999,DOGE,1m,0.13819,0.1383,0.1383,0.13817,30309.0,9
2026-01-02 18:58:00,1767380280000,1767380339999,DOGE,1m,0.13836,0.1383,0.13836,0.1383,19675.0,7
2026-01-02 18:59:00,1767380340000,1767380399999,DOGE,1m,0.13821,0.13819,0.13821,0.13819,7459.0,2
2026-01-02 19:00:00,1767380400000,1767380459999,DOGE,1m,0.13831,0.13832,0.1384,0.13828,170250.0,26
2026-01-02 19:01:00,1767380460000,1767380519999,DOGE,1m,0.13832,0.13836,0.13847,0.13832,22968.0,5
2026-01-02 19:02:00,1767380520000,1767380579999,DOGE,1m,0.1383,0.13831,0.13831,0.13828,21561.0,7
2026-01-02 19:03:00,1767380580000,1767380639999,DOGE,1m,0.13831,0.13835,0.13836,0.13822,10336.0,4
2026-01-02 19:04:00,1767380640000,1767380699999,DOGE,1m,0.13844,0.13833,0.13844,0.13833,21250.0,5
2026-01-02 19:05:00,1767380700000,1767380759999,DOGE,1m,0.13848,0.13854,0.13854,0.13848,6877.0,2
2026-01-02 19:06:00,1767380760000,1767380819999,DOGE,1m,0.1385,0.1385,0.1385,0.1385,760.0,1
2026-01-02 19:07:00,1767380820000,1767380879999,DOGE,1m,0.13854,0.13857,0.13868,0.13854,34174.0,13
2026-01-02 19:08:00,1767380880000,1767380939999,DOGE,1m,0.1387,0.13867,0.1387,0.13867,1401.0,5
2026-01-02 19:09:00,1767380940000,1767380999999,DOGE,1m,0.13883,0.13889,0.13889,0.13883,505.0,4
2026-01-02 19:10:00,1767381000000,1767381059999,DOGE,1m,0.13883,0.13873,0.13883,0.13873,7122.0,6
2026-01-02 19:11:00,1767381060000,1767381119999,DOGE,1m,0.13875,0.13875,0.13875,0.13875,541.0,1
2026-01-02 19:12:00,1767381120000,1767381179999,DOGE,1m,0.13881,0.1388,0.13881,0.1388,735897.0,10
2026-01-02 19:13:00,1767381180000,1767381239999,DOGE,1m,0.1389,0.13898,0.13909,0.1389,46690.0,17
2026-01-02 19:14:00,1767381240000,1767381299999,DOGE,1m,0.13902,0.13911,0.13911,0.13902,20936.0,6
2026-01-02 19:15:00,1767381300000,1767381359999,DOGE,1m,0.13911,0.13913,0.13914,0.13902,94178.0,16
2026-01-02 19:16:00,1767381360000,1767381419999,DOGE,1m,0.13908,0.13935,0.13935,0.13908,39228.0,18
2026-01-02 19:17:00,1767381420000,1767381479999,DOGE,1m,0.13927,0.13934,0.13934,0.13927,9060.0,5
2026-01-02 19:18:00,1767381480000,1767381539999,DOGE,1m,0.13936,0.13926,0.13938,0.13915,69806.0,16
2026-01-02 19:19:00,1767381540000,1767381599999,DOGE,1m,0.13929,0.13922,0.13929,0.13918,108873.0,9
2026-01-02 19:20:00,1767381600000,1767381659999,DOGE,1m,0.1392,0.13911,0.1392,0.13911,862.0,2
2026-01-02 19:21:00,1767381660000,1767381719999,DOGE,1m,0.13914,0.13921,0.13921,0.1391,107900.0,11
2026-01-02 19:22:00,1767381720000,1767381779999,DOGE,1m,0.13919,0.13931,0.13931,0.13918,13619.0,4
2026-01-02 19:23:00,1767381780000,1767381839999,DOGE,1m,0.13939,0.13928,0.13942,0.13928,117976.0,12
2026-01-02 19:24:00,1767381840000,1767381899999,DOGE,1m,0.13931,0.13925,0.13931,0.13925,6804.0,2
2026-01-02 19:25:00,1767381900000,1767381959999,DOGE,1m,0.13916,0.13912,0.13919,0.13912,8377.0,4
2026-01-02 19:26:00,1767381960000,1767382019999,DOGE,1m,0.13908,0.13898,0.13908,0.13898,16166.0,8
2026-01-02 19:27:00,1767382020000,1767382079999,DOGE,1m,0.13898,0.13887,0.13898,0.13881,141389.0,10
2026-01-02 19:28:00,1767382080000,1767382139999,DOGE,1m,0.13893,0.13903,0.13915,0.13893,158772.0,18
2026-01-02 19:29:00,1767382140000,1767382199999,DOGE,1m,0.13905,0.13905,0.13905,0.13905,125.0,1
2026-01-02 19:30:00,1767382200000,1767382259999,DOGE,1m,0.13912,0.13924,0.13924,0.13912,15874.0,3
2026-01-02 19:31:00,1767382260000,1767382319999,DOGE,1m,0.13913,0.13904,0.13913,0.13895,15368.0,10
2026-01-02 19:32:00,1767382320000,1767382379999,DOGE,1m,0.13899,0.13897,0.13899,0.13896,379.0,3
2026-01-02 19:33:00,1767382380000,1767382439999,DOGE,1m,0.13891,0.13898,0.13898,0.13891,863.0,2
2026-01-02 19:34:00,1767382440000,1767382499999,DOGE,1m,0.13895,0.13889,0.13895,0.13889,313184.0,7
2026-01-02 19:35:00,1767382500000,1767382559999,DOGE,1m,0.13897,0.13893,0.13897,0.13893,15088.0,5
2026-01-02 19:36:00,1767382560000,1767382619999,DOGE,1m,0.13897,0.13897,0.13897,0.13897,108.0,1
2026-01-02 19:37:00,1767382620000,1767382679999,DOGE,1m,0.13902,0.13902,0.13902,0.13902,278.0,2
2026-01-02 19:38:00,1767382680000,1767382739999,DOGE,1m,0.13902,0.13906,0.13906,0.13902,12671.0,6
2026-01-02 19:39:00,1767382740000,1767382799999,DOGE,1m,0.13907,0.13908,0.1391,0.13907,1157.0,3
2026-01-02 19:40:00,1767382800000,1767382859999,DOGE,1m,0.13912,0.13907,0.13913,0.13907,3253.0,5
2026-01-02 19:41:00,1767382860000,1767382919999,DOGE,1m,0.13908,0.13914,0.13915,0.13908,29585.0,5
2026-01-02 19:42:00,1767382920000,1767382979999,DOGE,1m,0.13915,0.13919,0.13919,0.13915,16318.0,4
2026-01-02 19:43:00,1767382980000,1767383039999,DOGE,1m,0.13916,0.13926,0.13926,0.13916,1507.0,3
2026-01-02 19:44:00,1767383040000,1767383099999,DOGE,1m,0.13914,0.13914,0.13914,0.13914,108.0,1
2026-01-02 19:45:00,1767383100000,1767383159999,DOGE,1m,0.13912,0.13912,0.13912,0.13912,3543.0,2
2026-01-02 19:46:00,1767383160000,1767383219999,DOGE,1m,0.13914,0.13916,0.13916,0.13914,931.0,2
2026-01-02 19:47:00,1767383220000,1767383279999,DOGE,1m,0.13913,0.13918,0.13918,0.13912,3350.0,7
2026-01-02 19:48:00,1767383280000,1767383339999,DOGE,1m,0.13907,0.13908,0.13908,0.13907,265.0,2
2026-01-02 19:49:00,1767383340000,1767383399999,DOGE,1m,0.13911,0.13918,0.13918,0.13911,23948.0,4
2026-01-02 19:50:00,1767383400000,1767383459999,DOGE,1m,0.13912,0.13907,0.13912,0.13907,1912.0,3
2026-01-02 19:51:00,1767383460000,1767383519999,DOGE,1m,0.13912,0.13912,0.13912,0.13912,51665.0,4
2026-01-02 19:52:00,1767383520000,1767383579999,DOGE,1m,0.13912,0.13912,0.13912,0.13912,0.0,0
2026-01-02 19:53:00,1767383580000,1767383639999,DOGE,1m,0.13922,0.13931,0.13931,0.13921,1301.0,4
2026-01-02 19:54:00,1767383640000,1767383699999,DOGE,1m,0.13918,0.13929,0.13929,0.13918,496.0,3
2026-01-02 19:55:00,1767383700000,1767383759999,DOGE,1m,0.13929,0.13939,0.13939,0.13929,301.0,4
2026-01-02 19:56:00,1767383760000,1767383819999,DOGE,1m,0.13944,0.13941,0.13944,0.13941,4642.0,2
2026-01-02 19:57:00,1767383820000,1767383879999,DOGE,1m,0.13935,0.13932,0.13935,0.13932,20023.0,6
2026-01-02 19:58:00,1767383880000,1767383939999,DOGE,1m,0.13938,0.13933,0.13938,0.13933,2310.0,2
2026-01-02 19:59:00,1767383940000,1767383999999,DOGE,1m,0.13931,0.1394,0.1394,0.13931,17936.0,7
2026-01-02 20:00:00,1767384000000,1767384059999,DOGE,1m,0.13944,0.1395,0.13965,0.13944,222958.0,41
2026-01-02 20:01:00,1767384060000,1767384119999,DOGE,1m,0.13943,0.13956,0.13957,0.13943,4453.0,3
2026-01-02 20:02:00,1767384120000,1767384179999,DOGE,1m,0.13961,0.13961,0.13961,0.13961,891.0,1
2026-01-02 20:03:00,1767384180000,1767384239999,DOGE,1m,0.1396,0.14012,0.14031,0.13959,204189.0,114
2026-01-02 20:04:00,1767384240000,1767384299999,DOGE,1m,0.13995,0.1398,0.13995,0.13976,26182.0,13
2026-01-02 20:05:00,1767384300000,1767384359999,DOGE,1m,0.13978,0.13989,0.13989,0.13975,48966.0,14
2026-01-02 20:06:00,1767384360000,1767384419999,DOGE,1m,0.13984,0.13976,0.13984,0.13976,104802.0,14
2026-01-02 20:07:00,1767384420000,1767384479999,DOGE,1m,0.13982,0.13962,0.13985,0.13962,58461.0,10
2026-01-02 20:08:00,1767384480000,1767384539999,DOGE,1m,0.13956,0.13974,0.13974,0.13956,30757.0,10
2026-01-02 20:09:00,1767384540000,1767384599999,DOGE,1m,0.13959,0.13958,0.1396,0.13956,7621.0,5
2026-01-02 20:10:00,1767384600000,1767384659999,DOGE,1m,0.13964,0.13975,0.13976,0.13964,62170.0,8
2026-01-02 20:11:00,1767384660000,1767384719999,DOGE,1m,0.13981,0.13987,0.13994,0.13981,46161.0,17
2026-01-02 20:12:00,1767384720000,1767384779999,DOGE,1m,0.1399,0.13975,0.1399,0.13975,77634.0,20
2026-01-02 20:13:00,1767384780000,1767384839999,DOGE,1m,0.13969,0.1396,0.13972,0.13958,50427.0,13
2026-01-02 20:14:00,1767384840000,1767384899999,DOGE,1m,0.13964,0.13982,0.13982,0.13964,54070.0,9
2026-01-02 20:15:00,1767384900000,1767384959999,DOGE,1m,0.13975,0.13974,0.13978,0.13967,88273.0,24
2026-01-02 20:16:00,1767384960000,1767385019999,DOGE,1m,0.13964,0.1396,0.13974,0.13949,70469.0,22
2026-01-02 20:17:00,1767385020000,1767385079999,DOGE,1m,0.13968,0.13962,0.13971,0.13962,43150.0,9
2026-01-02 20:18:00,1767385080000,1767385139999,DOGE,1m,0.13963,0.13971,0.13971,0.1396,21880.0,5
2026-01-02 20:19:00,1767385140000,1767385199999,DOGE,1m,0.13979,0.13971,0.13987,0.13971,34133.0,11
2026-01-02 20:20:00,1767385200000,1767385259999,DOGE,1m,0.13968,0.13968,0.13968,0.13968,213.0,1
2026-01-02 20:21:00,1767385260000,1767385319999,DOGE,1m,0.13964,0.13966,0.13968,0.13963,6102.0,7
2026-01-02 20:22:00,1767385320000,1767385379999,DOGE,1m,0.13962,0.1394,0.13962,0.13937,7702.0,8
2026-01-02 20:23:00,1767385380000,1767385439999,DOGE,1m,0.13934,0.13932,0.13941,0.13931,25859.0,12
2026-01-02 20:24:00,1767385440000,1767385499999,DOGE,1m,0.13934,0.13942,0.13942,0.1393,7914.0,10
2026-01-02 20:25:00,1767385500000,1767385559999,DOGE,1m,0.13936,0.13935,0.13936,0.13935,936.0,3
2026-01-02 20:26:00,1767385560000,1767385619999,DOGE,1m,0.1394,0.13928,0.13942,0.13928,59929.0,20
2026-01-02 20:27:00,1767385620000,1767385679999,DOGE,1m,0.13937,0.13932,0.13937,0.1393,26731.0,6
2026-01-02 20:28:00,1767385680000,1767385739999,DOGE,1m,0.13937,0.13938,0.13938,0.13937,2136.0,2
2026-01-02 20:29:00,1767385740000,1767385799999,DOGE,1m,0.13932,0.13934,0.13934,0.13932,4260.0,2
2026-01-02 20:30:00,1767385800000,1767385859999,DOGE,1m,0.13943,0.13943,0.13943,0.13943,411.0,1
2026-01-02 20:31:00,1767385860000,1767385919999,DOGE,1m,0.13937,0.13936,0.13937,0.13936,6268.0,4
2026-01-02 20:32:00,1767385920000,1767385979999,DOGE,1m,0.13941,0.13919,0.13941,0.13919,15341.0,3
2026-01-02 20:33:00,1767385980000,1767386039999,DOGE,1m,0.13919,0.13912,0.13922,0.13912,62890.0,8
2026-01-02 20:34:00,1767386040000,1767386099999,DOGE,1m,0.13925,0.13928,0.13928,0.13925,2292.0,2
2026-01-02 20:35:00,1767386100000,1767386159999,DOGE,1m,0.13935,0.13953,0.13953,0.13935,20064.0,6
2026-01-02 20:36:00,1767386160000,1767386219999,DOGE,1m,0.13959,0.13959,0.13959,0.13959,753.0,1
2026-01-02 20:37:00,1767386220000,1767386279999,DOGE,1m,0.13955,0.13959,0.13959,0.13955,14289.0,7
2026-01-02 20:38:00,1767386280000,1767386339999,DOGE,1m,0.1396,0.13955,0.1396,0.13955,41536.0,6
2026-01-02 20:39:00,1767386340000,1767386399999,DOGE,1m,0.13949,0.13953,0.13953,0.13943,49148.0,11
2026-01-02 20:40:00,1767386400000,1767386459999,DOGE,1m,0.13944,0.13945,0.13945,0.13944,3356.0,4
2026-01-02 20:41:00,1767386460000,1767386519999,DOGE,1m,0.13962,0.13963,0.13963,0.13962,1969.0,2
2026-01-02 20:42:00,1767386520000,1767386579999,DOGE,1m,0.13962,0.13962,0.13962,0.13962,703.0,2
2026-01-02 20:43:00,1767386580000,1767386639999,DOGE,1m,0.13965,0.13968,0.13968,0.13965,9576.0,4
2026-01-02 20:44:00,1767386640000,1767386699999,DOGE,1m,0.13968,0.13968,0.13968,0.13968,0.0,0
2026-01-02 20:45:00,1767386700000,1767386759999,DOGE,1m,0.13957,0.13951,0.13957,0.13951,8076.0,4
2026-01-02 20:46:00,1767386760000,1767386819999,DOGE,1m,0.13945,0.13947,0.13947,0.13945,243.0,2
2026-01-02 20:47:00,1767386820000,1767386879999,DOGE,1m,0.1394,0.1394,0.1394,0.1394,752.0,1
2026-01-02 20:48:00,1767386880000,1767386939999,DOGE,1m,0.13919,0.13931,0.13931,0.13918,14755.0,9
2026-01-02 20:49:00,1767386940000,1767386999999,DOGE,1m,0.13923,0.13923,0.13923,0.13923,127.0,1
2026-01-02 20:50:00,1767387000000,1767387059999,DOGE,1m,0.13922,0.13922,0.13922,0.13922,120.0,1
2026-01-02 20:51:00,1767387060000,1767387119999,DOGE,1m,0.13921,0.13917,0.13921,0.13914,93556.0,14
2026-01-02 20:52:00,1767387120000,1767387179999,DOGE,1m,0.13917,0.13917,0.13917,0.13917,0.0,0
2026-01-02 20:53:00,1767387180000,1767387239999,DOGE,1m,0.139,0.13903,0.13909,0.139,1703.0,4
2026-01-02 20:54:00,1767387240000,1767387299999,DOGE,1m,0.13902,0.139,0.13902,0.139,2874.0,3
2026-01-02 20:55:00,1767387300000,1767387359999,DOGE,1m,0.13895,0.13894,0.13895,0.13889,19993.0,9
2026-01-02 20:56:00,1767387360000,1767387419999,DOGE,1m,0.13909,0.13933,0.13933,0.13909,158139.0,15
2026-01-02 20:57:00,1767387420000,1767387479999,DOGE,1m,0.13941,0.13951,0.13951,0.13941,867.0,2
2026-01-02 20:58:00,1767387480000,1767387539999,DOGE,1m,0.13963,0.1397,0.13975,0.13963,9588.0,8
2026-01-02 20:59:00,1767387540000,1767387599999,DOGE,1m,0.13974,0.13974,0.13974,0.13974,510.0,1
2026-01-02 21:00:00,1767387600000,1767387659999,DOGE,1m,0.13954,0.13974,0.13976,0.13954,101244.0,22
2026-01-02 21:01:00,1767387660000,1767387719999,DOGE,1m,0.13971,0.13963,0.13973,0.13963,80849.0,19
2026-01-02 21:02:00,1767387720000,1767387779999,DOGE,1m,0.13958,0.13969,0.1397,0.13957,21403.0,6
2026-01-02 21:03:00,1767387780000,1767387839999,DOGE,1m,0.13969,0.13969,0.13973,0.13969,18939.0,6
2026-01-02 21:04:00,1767387840000,1767387899999,DOGE,1m,0.13955,0.13955,0.13955,0.13955,304.0,1
2026-01-02 21:05:00,1767387900000,1767387959999,DOGE,1m,0.13958,0.13952,0.13958,0.13949,2825.0,8
2026-01-02 21:06:00,1767387960000,1767388019999,DOGE,1m,0.13961,0.13963,0.13963,0.13957,23138.0,5
2026-01-02 21:07:00,1767388020000,1767388079999,DOGE,1m,0.13961,0.13961,0.13961,0.13961,95.0,1
2026-01-02 21:08:00,1767388080000,1767388139999,DOGE,1m,0.13964,0.13964,0.13964,0.13964,276.0,1
2026-01-02 21:09:00,1767388140000,1767388199999,DOGE,1m,0.13962,0.13962,0.13962,0.13962,498.0,2
2026-01-02 21:10:00,1767388200000,1767388259999,DOGE,1m,0.13958,0.13965,0.13965,0.13958,638.0,4
2026-01-02 21:11:00,1767388260000,1767388319999,DOGE,1m,0.13965,0.13965,0.13965,0.13965,0.0,0
2026-01-02 21:12:00,1767388320000,1767388379999,DOGE,1m,0.13968,0.13971,0.13971,0.13967,2152.0,6
2026-01-02 21:13:00,1767388380000,1767388439999,DOGE,1m,0.1397,0.1397,0.1397,0.1397,182.0,1
2026-01-02 21:14:00,1767388440000,1767388499999,DOGE,1m,0.13966,0.13961,0.13966,0.13957,71376.0,8
2026-01-02 21:15:00,1767388500000,1767388559999,DOGE,1m,0.13954,0.13953,0.13954,0.13953,2561.0,4
2026-01-02 21:16:00,1767388560000,1767388619999,DOGE,1m,0.13953,0.13953,0.13953,0.13953,191.0,1
2026-01-02 21:17:00,1767388620000,1767388679999,DOGE,1m,0.13947,0.13947,0.13947,0.13947,12510.0,1
2026-01-02 21:18:00,1767388680000,1767388739999,DOGE,1m,0.13946,0.13948,0.1395,0.13939,186585.0,27
2026-01-02 21:19:00,1767388740000,1767388799999,DOGE,1m,0.13948,0.13948,0.13948,0.13948,0.0,0
2026-01-02 21:20:00,1767388800000,1767388859999,DOGE,1m,0.13945,0.13951,0.13953,0.13945,8079.0,6
2026-01-02 21:21:00,1767388860000,1767388919999,DOGE,1m,0.13953,0.13953,0.13953,0.13953,10120.0,2
2026-01-02 21:22:00,1767388920000,1767388979999,DOGE,1m,0.1397,0.13968,0.1397,0.13968,6715.0,2
2026-01-02 21:23:00,1767388980000,1767389039999,DOGE,1m,0.13971,0.13973,0.13978,0.13969,38390.0,6
2026-01-02 21:24:00,1767389040000,1767389099999,DOGE,1m,0.13975,0.13969,0.13975,0.13969,9887.0,3
2026-01-02 21:25:00,1767389100000,1767389159999,DOGE,1m,0.13979,0.13992,0.13992,0.13979,500489.0,20
2026-01-02 21:26:00,1767389160000,1767389219999,DOGE,1m,0.13982,0.14004,0.14004,0.13982,3177.0,6
2026-01-02 21:27:00,1767389220000,1767389279999,DOGE,1m,0.14004,0.14017,0.14032,0.14004,198222.0,21
2026-01-02 21:28:00,1767389280000,1767389339999,DOGE,1m,0.1402,0.1402,0.14033,0.14015,44445.0,24
2026-01-02 21:29:00,1767389340000,1767389399999,DOGE,1m,0.1402,0.14017,0.14021,0.14017,11750.0,8
2026-01-02 21:30:00,1767389400000,1767389459999,DOGE,1m,0.14022,0.14039,0.14039,0.14021,2113.0,6
2026-01-02 21:31:00,1767389460000,1767389519999,DOGE,1m,0.14039,0.14045,0.14049,0.14039,32529.0,25
2026-01-02 21:32:00,1767389520000,1767389579999,DOGE,1m,0.14043,0.14035,0.14043,0.14032,66200.0,12
2026-01-02 21:33:00,1767389580000,1767389639999,DOGE,1m,0.14038,0.14027,0.14038,0.14027,27853.0,8
2026-01-02 21:34:00,1767389640000,1767389699999,DOGE,1m,0.14029,0.14025,0.14029,0.14023,10246.0,6
2026-01-02 21:35:00,1767389700000,1767389759999,DOGE,1m,0.14008,0.14006,0.14008,0.14006,23864.0,8
2026-01-02 21:36:00,1767389760000,1767389819999,DOGE,1m,0.14009,0.14003,0.14009,0.14002,8977.0,10
2026-01-02 21:37:00,1767389820000,1767389879999,DOGE,1m,0.14001,0.14,0.14001,0.14,1157.0,3
2026-01-02 21:38:00,1767389880000,1767389939999,DOGE,1m,0.13996,0.13996,0.13996,0.13996,406.0,2
2026-01-02 21:39:00,1767389940000,1767389999999,DOGE,1m,0.13999,0.13988,0.14002,0.13988,17046.0,7
2026-01-02 21:40:00,1767390000000,1767390059999,DOGE,1m,0.13986,0.14006,0.14006,0.13986,18714.0,3
2026-01-02 21:41:00,1767390060000,1767390119999,DOGE,1m,0.14006,0.14002,0.14006,0.13998,2455.0,7
2026-01-02 21:42:00,1767390120000,1767390179999,DOGE,1m,0.14007,0.14014,0.14017,0.14007,15472.0,7
2026-01-02 21:43:00,1767390180000,1767390239999,DOGE,1m,0.14012,0.14016,0.14016,0.14009,23612.0,10
2026-01-02 21:44:00,1767390240000,1767390299999,DOGE,1m,0.14018,0.14025,0.14026,0.14013,151219.0,23
2026-01-02 21:45:00,1767390300000,1767390359999,DOGE,1m,0.14025,0.14025,0.14025,0.14023,1368.0,5
2026-01-02 21:46:00,1767390360000,1767390419999,DOGE,1m,0.14025,0.14023,0.14025,0.14022,2078.0,9
2026-01-02 21:47:00,1767390420000,1767390479999,DOGE,1m,0.14027,0.14024,0.14027,0.14024,10477.0,5
2026-01-02 21:48:00,1767390480000,1767390539999,DOGE,1m,0.14029,0.14033,0.14033,0.14026,3157.0,4
2026-01-02 21:49:00,1767390540000,1767390599999,DOGE,1m,0.14037,0.14035,0.14037,0.14034,7309.0,4
2026-01-02 21:50:00,1767390600000,1767390659999,DOGE,1m,0.14033,0.14033,0.14033,0.14033,225.0,1
2026-01-02 21:51:00,1767390660000,1767390719999,DOGE,1m,0.14032,0.14036,0.14036,0.14032,2993.0,8
2026-01-02 21:52:00,1767390720000,1767390779999,DOGE,1m,0.14041,0.14144,0.14216,0.1404,1526737.0,198
2026-01-02 21:53:00,1767390780000,1767390839999,DOGE,1m,0.14144,0.14134,0.14144,0.14119,101559.0,40
2026-01-02 21:54:00,1767390840000,1767390899999,DOGE,1m,0.14135,0.14125,0.14142,0.14122,58950.0,22
2026-01-02 21:55:00,1767390900000,1767390959999,DOGE,1m,0.14128,0.14114,0.14128,0.14108,55526.0,19
2026-01-02 21:56:00,1767390960000,1767391019999,DOGE,1m,0.14118,0.1413,0.14131,0.14113,1751.0,4
2026-01-02 21:57:00,1767391020000,1767391079999,DOGE,1m,0.14119,0.1412,0.14122,0.14119,2968.0,6
2026-01-02 21:58:00,1767391080000,1767391139999,DOGE,1m,0.14123,0.14119,0.14135,0.14119,14539.0,9
2026-01-02 21:59:00,1767391140000,1767391199999,DOGE,1m,0.14121,0.14132,0.14133,0.14121,2654.0,8
2026-01-02 22:00:00,1767391200000,1767391259999,DOGE,1m,0.1413,0.14118,0.1413,0.14118,32039.0,15
2026-01-02 22:01:00,1767391260000,1767391319999,DOGE,1m,0.14138,0.14147,0.1415,0.14138,80220.0,16
2026-01-02 22:02:00,1767391320000,1767391379999,DOGE,1m,0.1415,0.14176,0.14179,0.1415,828792.0,49
2026-01-02 22:03:00,1767391380000,1767391439999,DOGE,1m,0.14175,0.1415,0.14175,0.14146,23189.0,13
2026-01-02 22:04:00,1767391440000,1767391499999,DOGE,1m,0.14148,0.14191,0.14191,0.14148,175007.0,21
2026-01-02 22:05:00,1767391500000,1767391559999,DOGE,1m,0.14193,0.14304,0.14357,0.14193,1428957.0,206
2026-01-02 22:06:00,1767391560000,1767391619999,DOGE,1m,0.14299,0.14238,0.14299,0.14226,253678.0,60
2026-01-02 22:07:00,1767391620000,1767391679999,DOGE,1m,0.14234,0.14248,0.14255,0.14234,108708.0,25
2026-01-02 22:08:00,1767391680000,1767391739999,DOGE,1m,0.14258,0.14303,0.14326,0.14258,150836.0,33
2026-01-02 22:09:00,1767391740000,1767391799999,DOGE,1m,0.14309,0.14295,0.14312,0.14284,68030.0,30
2026-01-02 22:10:00,1767391800000,1767391859999,DOGE,1m,0.14294,0.14351,0.14351,0.14294,209947.0,29
2026-01-02 22:11:00,1767391860000,1767391919999,DOGE,1m,0.14364,0.14415,0.14435,0.14364,3229290.0,158
2026-01-02 22:12:00,1767391920000,1767391979999,DOGE,1m,0.14392,0.14347,0.14392,0.14341,206329.0,52
2026-01-02 22:13:00,1767391980000,1767392039999,DOGE,1m,0.14352,0.14299,0.14352,0.14295,87207.0,23
2026-01-02 22:14:00,1767392040000,1767392099999,DOGE,1m,0.14304,0.14305,0.14305,0.14304,6205.0,4
2026-01-02 22:15:00,1767392100000,1767392159999,DOGE,1m,0.14296,0.14324,0.1433,0.14296,24399.0,13
2026-01-02 22:16:00,1767392160000,1767392219999,DOGE,1m,0.14328,0.14348,0.14348,0.1432,112424.0,25
2026-01-02 22:17:00,1767392220000,1767392279999,DOGE,1m,0.14322,0.1435,0.1435,0.14295,135747.0,35
2026-01-02 22:18:00,1767392280000,1767392339999,DOGE,1m,0.14339,0.14332,0.14339,0.14331,4249.0,3
2026-01-02 22:19:00,1767392340000,1767392399999,DOGE,1m,0.14318,0.14294,0.14318,0.14294,54574.0,8
2026-01-02 22:20:00,1767392400000,1767392459999,DOGE,1m,0.14307,0.14367,0.14381,0.14307,98849.0,18
2026-01-02 22:21:00,1767392460000,1767392519999,DOGE,1m,0.14369,0.14419,0.14419,0.14364,263677.0,30
2026-01-02 22:22:00,1767392520000,1767392579999,DOGE,1m,0.14409,0.1436,0.14409,0.1436,92262.0,23
2026-01-02 22:23:00,1767392580000,1767392639999,DOGE,1m,0.14368,0.14388,0.14388,0.14368,25457.0,11
2026-01-02 22:24:00,1767392640000,1767392699999,DOGE,1m,0.1437,0.14374,0.14387,0.1437,80943.0,10
2026-01-02 22:25:00,1767392700000,1767392759999,DOGE,1m,0.14363,0.14363,0.14363,0.14349,30451.0,9
2026-01-02 22:26:00,1767392760000,1767392819999,DOGE,1m,0.14347,0.14355,0.14361,0.14347,88285.0,12
2026-01-02 22:27:00,1767392820000,1767392879999,DOGE,1m,0.14353,0.14356,0.14356,0.14351,20469.0,5
2026-01-02 22:28:00,1767392880000,1767392939999,DOGE,1m,0.14348,0.14348,0.14356,0.14346,43082.0,9
2026-01-02 22:29:00,1767392940000,1767392999999,DOGE,1m,0.14348,0.14341,0.14348,0.14341,1133.0,4
2026-01-02 22:30:00,1767393000000,1767393059999,DOGE,1m,0.14328,0.14328,0.14329,0.14318,35560.0,16
2026-01-02 22:31:00,1767393060000,1767393119999,DOGE,1m,0.14324,0.14309,0.14324,0.14307,7610.0,7
2026-01-02 22:32:00,1767393120000,1767393179999,DOGE,1m,0.14308,0.14342,0.14342,0.143,78422.0,20
2026-01-02 22:33:00,1767393180000,1767393239999,DOGE,1m,0.14336,0.14318,0.14336,0.14318,1009.0,3
2026-01-02 22:34:00,1767393240000,1767393299999,DOGE,1m,0.14308,0.14311,0.14311,0.14306,9840.0,10
2026-01-02 22:35:00,1767393300000,1767393359999,DOGE,1m,0.14307,0.14305,0.14307,0.14305,8547.0,10
2026-01-02 22:36:00,1767393360000,1767393419999,DOGE,1m,0.1431,0.14336,0.14336,0.1431,9100.0,5
2026-01-02 22:37:00,1767393420000,1767393479999,DOGE,1m,0.14331,0.1439,0.14404,0.14331,574981.0,40
2026-01-02 22:38:00,1767393480000,1767393539999,DOGE,1m,0.1438,0.14354,0.1438,0.14349,26205.0,11
2026-01-02 22:39:00,1767393540000,1767393599999,DOGE,1m,0.14384,0.14366,0.14384,0.14357,30654.0,7
2026-01-02 22:40:00,1767393600000,1767393659999,DOGE,1m,0.1436,0.14356,0.14377,0.14321,77301.0,13
2026-01-02 22:41:00,1767393660000,1767393719999,DOGE,1m,0.14364,0.14391,0.14395,0.14354,710701.0,23
2026-01-02 22:42:00,1767393720000,1767393779999,DOGE,1m,0.14391,0.144,0.14416,0.14384,194226.0,41
2026-01-02 22:43:00,1767393780000,1767393839999,DOGE,1m,0.14391,0.14434,0.14434,0.14391,89154.0,12
2026-01-02 22:44:00,1767393840000,1767393899999,DOGE,1m,0.14442,0.14394,0.14442,0.14392,778582.0,60
2026-01-02 22:45:00,1767393900000,1767393959999,DOGE,1m,0.14401,0.14413,0.14414,0.14401,34233.0,10
2026-01-02 22:46:00,1767393960000,1767394019999,DOGE,1m,0.14422,0.14393,0.14423,0.14393,79156.0,17
2026-01-02 22:47:00,1767394020000,1767394079999,DOGE,1m,0.1442,0.14437,0.14473,0.1442,367512.0,57
2026-01-02 22:48:00,1767394080000,1767394139999,DOGE,1m,0.14443,0.14453,0.14453,0.1444,67209.0,20
2026-01-02 22:49:00,1767394140000,1767394199999,DOGE,1m,0.14464,0.14424,0.14474,0.14411,542084.0,69
2026-01-02 22:50:00,1767394200000,1767394259999,DOGE,1m,0.14426,0.1442,0.14426,0.14417,4506.0,7
2026-01-02 22:51:00,1767394260000,1767394319999,DOGE,1m,0.14418,0.14463,0.14468,0.14418,48810.0,15
2026-01-02 22:52:00,1767394320000,1767394379999,DOGE,1m,0.14478,0.14441,0.14478,0.14441,75503.0,27
2026-01-02 22:53:00,1767394380000,1767394439999,DOGE,1m,0.14438,0.14401,0.14455,0.14395,71094.0,26
2026-01-02 22:54:00,1767394440000,1767394499999,DOGE,1m,0.14418,0.14432,0.14432,0.14418,13809.0,6
2026-01-02 22:55:00,1767394500000,1767394559999,DOGE,1m,0.14429,0.14445,0.14447,0.14416,81790.0,19
2026-01-02 22:56:00,1767394560000,1767394619999,DOGE,1m,0.14462,0.14462,0.14478,0.14462,18415.0,8
2026-01-02 22:57:00,1767394620000,1767394679999,DOGE,1m,0.14468,0.14442,0.1447,0.14434,870626.0,58
2026-01-02 22:58:00,1767394680000,1767394739999,DOGE,1m,0.14448,0.14411,0.14469,0.14411,46245.0,16
2026-01-02 22:59:00,1767394740000,1767394799999,DOGE,1m,0.14407,0.14422,0.14422,0.14407,442956.0,13
2026-01-02 23:00:00,1767394800000,1767394859999,DOGE,1m,0.14423,0.14419,0.14423,0.144,182048.0,17
2026-01-02 23:01:00,1767394860000,1767394919999,DOGE,1m,0.14425,0.14341,0.14425,0.1434,59607.0,20
2026-01-02 23:02:00,1767394920000,1767394979999,DOGE,1m,0.1432,0.14327,0.14339,0.14311,558986.0,49
2026-01-02 23:03:00,1767394980000,1767395039999,DOGE,1m,0.14337,0.14322,0.14337,0.14322,102333.0,16
2026-01-02 23:04:00,1767395040000,1767395099999,DOGE,1m,0.1433,0.14353,0.14361,0.1433,323680.0,24
2026-01-02 23:05:00,1767395100000,1767395159999,DOGE,1m,0.14353,0.14363,0.14363,0.14336,135221.0,16
2026-01-02 23:06:00,1767395160000,1767395219999,DOGE,1m,0.14355,0.14343,0.14355,0.14343,76779.0,14
2026-01-02 23:07:00,1767395220000,1767395279999,DOGE,1m,0.14343,0.14307,0.14343,0.14307,26668.0,10
2026-01-02 23:08:00,1767395280000,1767395339999,DOGE,1m,0.14306,0.14307,0.14314,0.14306,50154.0,9
2026-01-02 23:09:00,1767395340000,1767395399999,DOGE,1m,0.14309,0.14299,0.14309,0.14294,43728.0,13
2026-01-02 23:10:00,1767395400000,1767395459999,DOGE,1m,0.14312,0.1431,0.14312,0.14307,6639.0,3
2026-01-02 23:11:00,1767395460000,1767395519999,DOGE,1m,0.14289,0.14295,0.14295,0.14287,29314.0,8
2026-01-02 23:12:00,1767395520000,1767395579999,DOGE,1m,0.14295,0.1429,0.14295,0.14287,12651.0,8
2026-01-02 23:13:00,1767395580000,1767395639999,DOGE,1m,0.14285,0.14284,0.14287,0.14283,9958.0,6
2026-01-02 23:14:00,1767395640000,1767395699999,DOGE,1m,0.14283,0.14281,0.14284,0.14277,25487.0,8
2026-01-02 23:15:00,1767395700000,1767395759999,DOGE,1m,0.14283,0.14292,0.14292,0.14281,118015.0,10
2026-01-02 23:16:00,1767395760000,1767395819999,DOGE,1m,0.14292,0.14294,0.14294,0.14287,595686.0,17
2026-01-02 23:17:00,1767395820000,1767395879999,DOGE,1m,0.14294,0.14319,0.14325,0.14294,57538.0,18
2026-01-02 23:18:00,1767395880000,1767395939999,DOGE,1m,0.14319,0.14307,0.14319,0.14307,25178.0,4
2026-01-02 23:19:00,1767395940000,1767395999999,DOGE,1m,0.14303,0.14302,0.14303,0.14301,35430.0,8
2026-01-02 23:20:00,1767396000000,1767396059999,DOGE,1m,0.14305,0.14303,0.14305,0.14302,9283.0,4
2026-01-02 23:21:00,1767396060000,1767396119999,DOGE,1m,0.14297,0.14283,0.143,0.14283,1645.0,4
2026-01-02 23:22:00,1767396120000,1767396179999,DOGE,1m,0.14277,0.14263,0.14277,0.14263,89621.0,21
2026-01-02 23:23:00,1767396180000,1767396239999,DOGE,1m,0.14253,0.14245,0.14256,0.14242,60231.0,16
2026-01-02 23:24:00,1767396240000,1767396299999,DOGE,1m,0.14253,0.14223,0.14253,0.14223,34370.0,9
2026-01-02 23:25:00,1767396300000,1767396359999,DOGE,1m,0.14212,0.14239,0.14239,0.14195,132479.0,18
2026-01-02 23:26:00,1767396360000,1767396419999,DOGE,1m,0.14234,0.14237,0.14237,0.14233,97004.0,7
2026-01-02 23:27:00,1767396420000,1767396479999,DOGE,1m,0.14235,0.14235,0.14235,0.14235,108.0,1
2026-01-02 23:28:00,1767396480000,1767396539999,DOGE,1m,0.14237,0.14231,0.14237,0.14231,19084.0,2
2026-01-02 23:29:00,1767396540000,1767396599999,DOGE,1m,0.14231,0.14231,0.14231,0.14231,128.0,1
2026-01-02 23:30:00,1767396600000,1767396659999,DOGE,1m,0.14236,0.14233,0.14245,0.14233,47816.0,13
2026-01-02 23:31:00,1767396660000,1767396719999,DOGE,1m,0.14233,0.14233,0.14233,0.14233,0.0,0
2026-01-02 23:32:00,1767396720000,1767396779999,DOGE,1m,0.14251,0.14252,0.14256,0.14251,89146.0,12
2026-01-02 23:33:00,1767396780000,1767396839999,DOGE,1m,0.14254,0.14251,0.14255,0.14251,1536.0,7
2026-01-02 23:34:00,1767396840000,1767396899999,DOGE,1m,0.14253,0.14251,0.14253,0.14251,83094.0,10
2026-01-02 23:35:00,1767396900000,1767396959999,DOGE,1m,0.14246,0.1424,0.14246,0.1424,1433.0,2
2026-01-02 23:36:00,1767396960000,1767397019999,DOGE,1m,0.14233,0.14232,0.14236,0.14232,38316.0,5
2026-01-02 23:37:00,1767397020000,1767397079999,DOGE,1m,0.14236,0.14235,0.14236,0.14234,51233.0,6
2026-01-02 23:38:00,1767397080000,1767397139999,DOGE,1m,0.14243,0.14244,0.14254,0.14243,22002.0,5
2026-01-02 23:39:00,1767397140000,1767397199999,DOGE,1m,0.14236,0.14243,0.14244,0.14236,116095.0,9
2026-01-02 23:40:00,1767397200000,1767397259999,DOGE,1m,0.14235,0.14217,0.14235,0.14217,14674.0,8
2026-01-02 23:41:00,1767397260000,1767397319999,DOGE,1m,0.14227,0.14205,0.14227,0.14205,114993.0,29
2026-01-02 23:42:00,1767397320000,1767397379999,DOGE,1m,0.14212,0.14205,0.14212,0.14205,847.0,4
2026-01-02 23:43:00,1767397380000,1767397439999,DOGE,1m,0.14205,0.14181,0.14205,0.14181,45446.0,18
2026-01-02 23:44:00,1767397440000,1767397499999,DOGE,1m,0.14185,0.14187,0.14194,0.14185,5589.0,6
2026-01-02 23:45:00,1767397500000,1767397559999,DOGE,1m,0.14184,0.14154,0.14184,0.14154,14607.0,12
2026-01-02 23:46:00,1767397560000,1767397619999,DOGE,1m,0.1416,0.14161,0.14161,0.1416,2262.0,2
2026-01-02 23:47:00,1767397620000,1767397679999,DOGE,1m,0.14167,0.14167,0.14167,0.14167,169.0,2
2026-01-02 23:48:00,1767397680000,1767397739999,DOGE,1m,0.14163,0.14163,0.14163,0.14161,8330.0,4
2026-01-02 23:49:00,1767397740000,1767397799999,DOGE,1m,0.14161,0.14163,0.14163,0.14151,24331.0,6
2026-01-02 23:50:00,1767397800000,1767397859999,DOGE,1m,0.1416,0.14151,0.14161,0.14151,8337.0,3
2026-01-02 23:51:00,1767397860000,1767397919999,DOGE,1m,0.14156,0.14149,0.14156,0.14149,543.0,4
2026-01-02 23:52:00,1767397920000,1767397979999,DOGE,1m,0.14148,0.14149,0.14152,0.14148,137464.0,13
2026-01-02 23:53:00,1767397980000,1767398039999,DOGE,1m,0.1415,0.14139,0.14158,0.14139,237486.0,25
2026-01-02 23:54:00,1767398040000,1767398099999,DOGE,1m,0.14139,0.14151,0.14151,0.14139,30099.0,7
2026-01-02 23:55:00,1767398100000,1767398159999,DOGE,1m,0.14157,0.14165,0.14169,0.14157,13928.0,6
2026-01-02 23:56:00,1767398160000,1767398219999,DOGE,1m,0.14161,0.14163,0.14165,0.14161,77203.0,11
2026-01-02 23:57:00,1767398220000,1767398279999,DOGE,1m,0.14164,0.14166,0.14166,0.14164,636.0,2
2026-01-02 23:58:00,1767398280000,1767398339999,DOGE,1m,0.14172,0.14169,0.14173,0.14169,9560.0,3
2026-01-02 23:59:00,1767398340000,1767398399999,DOGE,1m,0.1417,0.14181,0.14181,0.1417,42535.0,17
2026-01-03 00:00:00,1767398400000,1767398459999,DOGE,1m,0.1418,0.14211,0.14211,0.1418,290959.0,37
2026-01-03 00:01:00,1767398460000,1767398519999,DOGE,1m,0.14212,0.14224,0.14224,0.14208,1754120.0,39
2026-01-03 00:02:00,1767398520000,1767398579999,DOGE,1m,0.1423,0.1424,0.14243,0.1423,51916.0,11
2026-01-03 00:03:00,1767398580000,1767398639999,DOGE,1m,0.14244,0.14254,0.14256,0.14244,225718.0,19
2026-01-03 00:04:00,1767398640000,1767398699999,DOGE,1m,0.14245,0.14248,0.14251,0.14245,50134.0,9
2026-01-03 00:05:00,1767398700000,1767398759999,DOGE,1m,0.14253,0.14258,0.14258,0.14251,542.0,3
2026-01-03 00:06:00,1767398760000,1767398819999,DOGE,1m,0.14252,0.14253,0.14253,0.14247,887.0,3
2026-01-03 00:07:00,1767398820000,1767398879999,DOGE,1m,0.14246,0.14254,0.14254,0.14244,42416.0,13
2026-01-03 00:08:00,1767398880000,1767398939999,DOGE,1m,0.1426,0.14273,0.14275,0.1426,79879.0,13
2026-01-03 00:09:00,1767398940000,1767398999999,DOGE,1m,0.14274,0.14268,0.14274,0.14263,7110.0,6
2026-01-03 00:10:00,1767399000000,1767399059999,DOGE,1m,0.14263,0.14274,0.14275,0.14258,115018.0,26
2026-01-03 00:11:00,1767399060000,1767399119999,DOGE,1m,0.14283,0.14303,0.14303,0.14283,18448.0,9
2026-01-03 00:12:00,1767399120000,1767399179999,DOGE,1m,0.14309,0.14319,0.1432,0.14309,66587.0,14
2026-01-03 00:13:00,1767399180000,1767399239999,DOGE,1m,0.14308,0.14284,0.14308,0.14284,43991.0,14
2026-01-03 00:14:00,1767399240000,1767399299999,DOGE,1m,0.1429,0.14292,0.14292,0.1429,383.0,2
2026-01-03 00:15:00,1767399300000,1767399359999,DOGE,1m,0.14291,0.14266,0.14291,0.14266,114862.0,20
2026-01-03 00:16:00,1767399360000,1767399419999,DOGE,1m,0.14259,0.1425,0.14259,0.1425,17795.0,13
2026-01-03 00:17:00,1767399420000,1767399479999,DOGE,1m,0.14247,0.1423,0.14247,0.1423,9649.0,9
2026-01-03 00:18:00,1767399480000,1767399539999,DOGE,1m,0.14243,0.14243,0.14243,0.14238,43862.0,8
2026-01-03 00:19:00,1767399540000,1767399599999,DOGE,1m,0.1424,0.14229,0.1424,0.14229,3177.0,4
2026-01-03 00:20:00,1767399600000,1767399659999,DOGE,1m,0.14231,0.14236,0.14236,0.14231,65653.0,8
2026-01-03 00:21:00,1767399660000,1767399719999,DOGE,1m,0.14246,0.1424,0.14246,0.14237,40465.0,9
2026-01-03 00:22:00,1767399720000,1767399779999,DOGE,1m,0.14251,0.14273,0.14273,0.14251,1585.0,3
2026-01-03 00:23:00,1767399780000,1767399839999,DOGE,1m,0.1428,0.14275,0.14282,0.14274,115256.0,19
2026-01-03 00:24:00,1767399840000,1767399899999,DOGE,1m,0.14274,0.14283,0.14285,0.14274,9843.0,6
2026-01-03 00:25:00,1767399900000,1767399959999,DOGE,1m,0.14295,0.14283,0.14295,0.14283,101458.0,13
2026-01-03 00:26:00,1767399960000,1767400019999,DOGE,1m,0.14278,0.14269,0.14278,0.14269,39050.0,3
2026-01-03 00:27:00,1767400020000,1767400079999,DOGE,1m,0.1426,0.14263,0.14263,0.1426,2173.0,3
2026-01-03 00:28:00,1767400080000,1767400139999,DOGE,1m,0.1426,0.14259,0.14261,0.14258,133503.0,24
2026-01-03 00:29:00,1767400140000,1767400199999,DOGE,1m,0.1426,0.14265,0.14265,0.14255,23899.0,8
2026-01-03 00:30:00,1767400200000,1767400259999,DOGE,1m,0.14255,0.1425,0.14255,0.14246,10257.0,7
2026-01-03 00:31:00,1767400260000,1767400319999,DOGE,1m,0.14248,0.1425,0.1425,0.14248,941.0,2
2026-01-03 00:32:00,1767400320000,1767400379999,DOGE,1m,0.14245,0.14245,0.14245,0.14245,589.0,1
2026-01-03 00:33:00,1767400380000,1767400439999,DOGE,1m,0.14261,0.14253,0.14261,0.14253,19339.0,5
2026-01-03 00:34:00,1767400440000,1767400499999,DOGE,1m,0.14248,0.14242,0.14248,0.14241,8867.0,4
2026-01-03 00:35:00,1767400500000,1767400559999,DOGE,1m,0.14247,0.14243,0.14247,0.14243,4818.0,3
2026-01-03 00:36:00,1767400560000,1767400619999,DOGE,1m,0.14241,0.14225,0.14241,0.14225,4648.0,5
2026-01-03 00:37:00,1767400620000,1767400679999,DOGE,1m,0.14231,0.14223,0.14231,0.14219,2937.0,5
2026-01-03 00:38:00,1767400680000,1767400739999,DOGE,1m,0.14219,0.14224,0.14224,0.14219,1177.0,3
2026-01-03 00:39:00,1767400740000,1767400799999,DOGE,1m,0.14223,0.1422,0.14223,0.1422,40945.0,7
2026-01-03 00:40:00,1767400800000,1767400859999,DOGE,1m,0.14217,0.14218,0.14218,0.14217,6918.0,3
2026-01-03 00:41:00,1767400860000,1767400919999,DOGE,1m,0.14216,0.1422,0.1422,0.14214,5897.0,4
2026-01-03 00:42:00,1767400920000,1767400979999,DOGE,1m,0.1422,0.14245,0.14247,0.1422,401394.0,13
2026-01-03 00:43:00,1767400980000,1767401039999,DOGE,1m,0.14246,0.14251,0.14251,0.14246,4119.0,8
2026-01-03 00:44:00,1767401040000,1767401099999,DOGE,1m,0.14235,0.14228,0.14235,0.14228,20951.0,5
2026-01-03 00:45:00,1767401100000,1767401159999,DOGE,1m,0.14228,0.14228,0.14228,0.14228,0.0,0
2026-01-03 00:46:00,1767401160000,1767401219999,DOGE,1m,0.14225,0.14224,0.14234,0.14222,47801.0,10
2026-01-03 00:47:00,1767401220000,1767401279999,DOGE,1m,0.14224,0.14223,0.14224,0.14223,9202.0,6
2026-01-03 00:48:00,1767401280000,1767401339999,DOGE,1m,0.14216,0.14213,0.14216,0.14213,6916.0,2
2026-01-03 00:49:00,1767401340000,1767401399999,DOGE,1m,0.14212,0.14212,0.14212,0.14202,101114.0,9
2026-01-03 00:50:00,1767401400000,1767401459999,DOGE,1m,0.14211,0.14219,0.14219,0.14211,7109.0,4
2026-01-03 00:51:00,1767401460000,1767401519999,DOGE,1m,0.14215,0.14214,0.1422,0.14212,7074.0,4
2026-01-03 00:52:00,1767401520000,1767401579999,DOGE,1m,0.14221,0.14244,0.14244,0.14221,22915.0,16
2026-01-03 00:53:00,1767401580000,1767401639999,DOGE,1m,0.14241,0.14239,0.14241,0.14235,9699.0,14
2026-01-03 00:54:00,1767401640000,1767401699999,DOGE,1m,0.14237,0.14244,0.14248,0.14237,13945.0,4
2026-01-03 00:55:00,1767401700000,1767401759999,DOGE,1m,0.14244,0.14235,0.14244,0.14235,12350.0,8
2026-01-03 00:56:00,1767401760000,1767401819999,DOGE,1m,0.14218,0.14231,0.14231,0.14218,9473.0,5
2026-01-03 00:57:00,1767401820000,1767401879999,DOGE,1m,0.14229,0.14212,0.14229,0.14212,11885.0,7
2026-01-03 00:58:00,1767401880000,1767401939999,DOGE,1m,0.14211,0.14204,0.14211,0.14204,24544.0,12
2026-01-03 00:59:00,1767401940000,1767401999999,DOGE,1m,0.14201,0.14188,0.14201,0.14187,12742.0,14
2026-01-03 01:00:00,1767402000000,1767402059999,DOGE,1m,0.14187,0.14178,0.14187,0.14177,43624.0,17
2026-01-03 01:01:00,1767402060000,1767402119999,DOGE,1m,0.14179,0.14177,0.14179,0.14177,20177.0,8
2026-01-03 01:02:00,1767402120000,1767402179999,DOGE,1m,0.14173,0.14176,0.14176,0.14165,14093.0,7
2026-01-03 01:03:00,1767402180000,1767402239999,DOGE,1m,0.14178,0.14185,0.14185,0.14177,7266.0,3
2026-01-03 01:04:00,1767402240000,1767402299999,DOGE,1m,0.14189,0.14195,0.14195,0.14189,9067.0,5
2026-01-03 01:05:00,1767402300000,1767402359999,DOGE,1m,0.14194,0.14204,0.14204,0.14194,10469.0,4
2026-01-03 01:06:00,1767402360000,1767402419999,DOGE,1m,0.1421,0.14197,0.14211,0.14197,7959.0,4
2026-01-03 01:07:00,1767402420000,1767402479999,DOGE,1m,0.1419,0.14192,0.14192,0.1419,7771.0,4
2026-01-03 01:08:00,1767402480000,1767402539999,DOGE,1m,0.14189,0.14189,0.14193,0.14186,49141.0,21
2026-01-03 01:09:00,1767402540000,1767402599999,DOGE,1m,0.14203,0.14225,0.14225,0.14203,25666.0,7
2026-01-03 01:10:00,1767402600000,1767402659999,DOGE,1m,0.14217,0.1422,0.14221,0.14217,14236.0,8
2026-01-03 01:11:00,1767402660000,1767402719999,DOGE,1m,0.1423,0.14222,0.1424,0.14222,11154.0,5
2026-01-03 01:12:00,1767402720000,1767402779999,DOGE,1m,0.14216,0.14225,0.14225,0.14216,7417.0,5
2026-01-03 01:13:00,1767402780000,1767402839999,DOGE,1m,0.14228,0.14222,0.14228,0.14222,17595.0,5
2026-01-03 01:14:00,1767402840000,1767402899999,DOGE,1m,0.1422,0.14226,0.14226,0.1422,6917.0,2
2026-01-03 01:15:00,1767402900000,1767402959999,DOGE,1m,0.14243,0.1423,0.14244,0.1423,9018.0,6
2026-01-03 01:16:00,1767402960000,1767403019999,DOGE,1m,0.1423,0.14238,0.14238,0.1423,3544.0,2
2026-01-03 01:17:00,1767403020000,1767403079999,DOGE,1m,0.14231,0.14222,0.14231,0.14222,5680.0,2
2026-01-03 01:18:00,1767403080000,1767403139999,DOGE,1m,0.14212,0.14215,0.14215,0.14212,14811.0,4
2026-01-03 01:19:00,1767403140000,1767403199999,DOGE,1m,0.14212,0.14189,0.14212,0.14189,39022.0,8
2026-01-03 01:20:00,1767403200000,1767403259999,DOGE,1m,0.14192,0.14197,0.14198,0.1418,61243.0,13
2026-01-03 01:21:00,1767403260000,1767403319999,DOGE,1m,0.14197,0.14197,0.14197,0.14197,7617.0,1
2026-01-03 01:22:00,1767403320000,1767403379999,DOGE,1m,0.14184,0.14199,0.14199,0.14184,1057.0,2
2026-01-03 01:23:00,1767403380000,1767403439999,DOGE,1m,0.14194,0.14201,0.14201,0.14194,556.0,4
2026-01-03 01:24:00,1767403440000,1767403499999,DOGE,1m,0.14208,0.14205,0.14208,0.14205,2899.0,3
2026-01-03 01:25:00,1767403500000,1767403559999,DOGE,1m,0.14204,0.14227,0.14227,0.14204,8869.0,4
2026-01-03 01:26:00,1767403560000,1767403619999,DOGE,1m,0.14219,0.14236,0.14248,0.14219,13074.0,7
2026-01-03 01:27:00,1767403620000,1767403679999,DOGE,1m,0.14256,0.14267,0.14267,0.14253,3215.0,7
2026-01-03 01:28:00,1767403680000,1767403739999,DOGE,1m,0.14267,0.14251,0.14267,0.14251,30347.0,8
2026-01-03 01:29:00,1767403740000,1767403799999,DOGE,1m,0.14254,0.14256,0.14257,0.14252,15072.0,6
2026-01-03 01:30:00,1767403800000,1767403859999,DOGE,1m,0.14262,0.1426,0.14268,0.14256,58687.0,20
2026-01-03 01:31:00,1767403860000,1767403919999,DOGE,1m,0.1426,0.14267,0.14269,0.1426,1601.0,6
2026-01-03 01:32:00,1767403920000,1767403979999,DOGE,1m,0.14269,0.14282,0.14282,0.14263,27923.0,12
2026-01-03 01:33:00,1767403980000,1767404039999,DOGE,1m,0.14281,0.14247,0.14281,0.14247,9555.0,6
2026-01-03 01:34:00,1767404040000,1767404099999,DOGE,1m,0.14227,0.14209,0.14227,0.14209,74395.0,15
2026-01-03 01:35:00,1767404100000,1767404159999,DOGE,1m,0.14214,0.14212,0.14214,0.14212,2463.0,2
2026-01-03 01:36:00,1767404160000,1767404219999,DOGE,1m,0.14227,0.14227,0.14227,0.14227,136.0,1
2026-01-03 01:37:00,1767404220000,1767404279999,DOGE,1m,0.1422,0.14225,0.14225,0.1422,22241.0,3
2026-01-03 01:38:00,1767404280000,1767404339999,DOGE,1m,0.14231,0.14237,0.14237,0.14231,17107.0,4
2026-01-03 01:39:00,1767404340000,1767404399999,DOGE,1m,0.14243,0.14246,0.14246,0.14243,3988.0,2
2026-01-03 01:40:00,1767404400000,1767404459999,DOGE,1m,0.14247,0.14238,0.14247,0.14238,927.0,2
2026-01-03 01:41:00,1767404460000,1767404519999,DOGE,1m,0.14238,0.14228,0.14238,0.14228,852.0,2
2026-01-03 01:42:00,1767404520000,1767404579999,DOGE,1m,0.14228,0.14228,0.14228,0.14228,0.0,0
2026-01-03 01:43:00,1767404580000,1767404639999,DOGE,1m,0.14231,0.14235,0.14235,0.14231,434.0,2
2026-01-03 01:44:00,1767404640000,1767404699999,DOGE,1m,0.14236,0.14225,0.14236,0.14225,7240.0,5
2026-01-03 01:45:00,1767404700000,1767404759999,DOGE,1m,0.14224,0.14224,0.14224,0.14224,125.0,1
2026-01-03 01:46:00,1767404760000,1767404819999,DOGE,1m,0.14221,0.1422,0.14221,0.1422,2827.0,3
2026-01-03 01:47:00,1767404820000,1767404879999,DOGE,1m,0.14224,0.14229,0.14234,0.14224,203458.0,22
2026-01-03 01:48:00,1767404880000,1767404939999,DOGE,1m,0.14229,0.14219,0.14229,0.14219,10116.0,5
2026-01-03 01:49:00,1767404940000,1767404999999,DOGE,1m,0.14213,0.14213,0.14213,0.14213,11843.0,3
2026-01-03 01:50:00,1767405000000,1767405059999,DOGE,1m,0.14211,0.14216,0.14216,0.14211,1695.0,6
2026-01-03 01:51:00,1767405060000,1767405119999,DOGE,1m,0.14226,0.14226,0.14244,0.14226,19231.0,7
2026-01-03 01:52:00,1767405120000,1767405179999,DOGE,1m,0.14228,0.1422,0.14228,0.1422,908.0,4
2026-01-03 01:53:00,1767405180000,1767405239999,DOGE,1m,0.14223,0.1422,0.14229,0.1422,2082.0,6
2026-01-03 01:54:00,1767405240000,1767405299999,DOGE,1m,0.14224,0.14208,0.14224,0.14208,14260.0,10
2026-01-03 01:55:00,1767405300000,1767405359999,DOGE,1m,0.1422,0.14216,0.1422,0.14216,2379.0,4
2026-01-03 01:56:00,1767405360000,1767405419999,DOGE,1m,0.14215,0.14215,0.14215,0.14215,2139.0,2
2026-01-03 01:57:00,1767405420000,1767405479999,DOGE,1m,0.1421,0.14209,0.1421,0.14209,535.0,3
2026-01-03 01:58:00,1767405480000,1767405539999,DOGE,1m,0.14216,0.14222,0.14222,0.14216,13089.0,5
2026-01-03 01:59:00,1767405540000,1767405599999,DOGE,1m,0.14219,0.14208,0.14219,0.14208,9121.0,5
2026-01-03 02:00:00,1767405600000,1767405659999,DOGE,1m,0.14207,0.14197,0.14208,0.14195,12014.0,7
2026-01-03 02:01:00,1767405660000,1767405719999,DOGE,1m,0.14191,0.14129,0.14191,0.14124,587268.0,35
2026-01-03 02:02:00,1767405720000,1767405779999,DOGE,1m,0.14135,0.14133,0.14138,0.14123,125428.0,17
2026-01-03 02:03:00,1767405780000,1767405839999,DOGE,1m,0.14152,0.14154,0.14154,0.14152,397.0,2
2026-01-03 02:04:00,1767405840000,1767405899999,DOGE,1m,0.14156,0.14156,0.14156,0.14156,107.0,1
2026-01-03 02:05:00,1767405900000,1767405959999,DOGE,1m,0.1414,0.14129,0.1414,0.14129,15623.0,10
2026-01-03 02:06:00,1767405960000,1767406019999,DOGE,1m,0.14133,0.14141,0.14145,0.14133,19437.0,11
2026-01-03 02:07:00,1767406020000,1767406079999,DOGE,1m,0.14135,0.14135,0.14135,0.14135,707.0,1
2026-01-03 02:08:00,1767406080000,1767406139999,DOGE,1m,0.14133,0.14133,0.14133,0.14133,300.0,1
2026-01-03 02:09:00,1767406140000,1767406199999,DOGE,1m,0.14131,0.14142,0.14142,0.14131,6410.0,3
2026-01-03 02:10:00,1767406200000,1767406259999,DOGE,1m,0.14142,0.14143,0.14144,0.14142,7605.0,4
2026-01-03 02:11:00,1767406260000,1767406319999,DOGE,1m,0.14157,0.14157,0.14157,0.14157,709.0,1
2026-01-03 02:12:00,1767406320000,1767406379999,DOGE,1m,0.14156,0.14148,0.14156,0.14148,5263.0,3
2026-01-03 02:13:00,1767406380000,1767406439999,DOGE,1m,0.14153,0.14172,0.14172,0.14153,10029.0,9
2026-01-03 02:14:00,1767406440000,1767406499999,DOGE,1m,0.14172,0.14172,0.14172,0.14172,0.0,0
2026-01-03 02:15:00,1767406500000,1767406559999,DOGE,1m,0.14161,0.14166,0.14166,0.14161,1337.0,2
2026-01-03 02:16:00,1767406560000,1767406619999,DOGE,1m,0.14163,0.1416,0.14163,0.1416,605000.0,5
2026-01-03 02:17:00,1767406620000,1767406679999,DOGE,1m,0.14174,0.14171,0.14175,0.14171,53938.0,8
2026-01-03 02:18:00,1767406680000,1767406739999,DOGE,1m,0.1416,0.1417,0.1417,0.1416,52353.0,5
2026-01-03 02:19:00,1767406740000,1767406799999,DOGE,1m,0.14172,0.14166,0.14172,0.14166,177081.0,15
2026-01-03 02:20:00,1767406800000,1767406859999,DOGE,1m,0.14167,0.14164,0.14167,0.14159,390657.0,10
2026-01-03 02:21:00,1767406860000,1767406919999,DOGE,1m,0.14169,0.14169,0.14169,0.14169,2117.0,1
2026-01-03 02:22:00,1767406920000,1767406979999,DOGE,1m,0.14182,0.14203,0.14207,0.14182,11049.0,11
2026-01-03 02:23:00,1767406980000,1767407039999,DOGE,1m,0.14207,0.14209,0.14209,0.14207,12715.0,4
2026-01-03 02:24:00,1767407040000,1767407099999,DOGE,1m,0.1422,0.14258,0.14258,0.1422,5031.0,11
2026-01-03 02:25:00,1767407100000,1767407159999,DOGE,1m,0.14252,0.14243,0.14252,0.14243,3664.0,4
2026-01-03 02:26:00,1767407160000,1767407219999,DOGE,1m,0.14256,0.14268,0.14287,0.14256,72284.0,11
2026-01-03 02:27:00,1767407220000,1767407279999,DOGE,1m,0.14253,0.14256,0.14257,0.1425,39845.0,8
2026-01-03 02:28:00,1767407280000,1767407339999,DOGE,1m,0.14258,0.14263,0.14264,0.14258,12291.0,5
2026-01-03 02:29:00,1767407340000,1767407399999,DOGE,1m,0.14261,0.14261,0.14261,0.14261,5701.0,5
2026-01-03 02:30:00,1767407400000,1767407459999,DOGE,1m,0.14262,0.14246,0.14262,0.14246,2937.0,3
2026-01-03 02:31:00,1767407460000,1767407519999,DOGE,1m,0.14248,0.14267,0.14267,0.14248,21550.0,6
2026-01-03 02:32:00,1767407520000,1767407579999,DOGE,1m,0.14269,0.14269,0.14269,0.14269,2500.0,1
2026-01-03 02:33:00,1767407580000,1767407639999,DOGE,1m,0.1425,0.14236,0.1425,0.14236,19363.0,9
2026-01-03 02:34:00,1767407640000,1767407699999,DOGE,1m,0.14236,0.14236,0.14236,0.14236,0.0,0
2026-01-03 02:35:00,1767407700000,1767407759999,DOGE,1m,0.1424,0.1424,0.1424,0.1424,127.0,1
2026-01-03 02:36:00,1767407760000,1767407819999,DOGE,1m,0.14238,0.14239,0.14239,0.14238,4641.0,2
2026-01-03 02:37:00,1767407820000,1767407879999,DOGE,1m,0.14236,0.14236,0.14236,0.14236,180.0,1
2026-01-03 02:38:00,1767407880000,1767407939999,DOGE,1m,0.14233,0.14233,0.14233,0.14233,6028.0,2
2026-01-03 02:39:00,1767407940000,1767407999999,DOGE,1m,0.14246,0.14247,0.14247,0.14246,54809.0,5
2026-01-03 02:40:00,1767408000000,1767408059999,DOGE,1m,0.14248,0.14253,0.14253,0.14248,2128.0,5
2026-01-03 02:41:00,1767408060000,1767408119999,DOGE,1m,0.1425,0.14255,0.14255,0.1425,60204.0,7
2026-01-03 02:42:00,1767408120000,1767408179999,DOGE,1m,0.14259,0.14274,0.14274,0.14259,9513.0,8
2026-01-03 02:43:00,1767408180000,1767408239999,DOGE,1m,0.14268,0.14265,0.14268,0.14265,1152.0,3
2026-01-03 02:44:00,1767408240000,1767408299999,DOGE,1m,0.14281,0.14312,0.14319,0.14279,22048.0,11
2026-01-03 02:45:00,1767408300000,1767408359999,DOGE,1m,0.14317,0.14305,0.14323,0.14302,35966.0,8
2026-01-03 02:46:00,1767408360000,1767408419999,DOGE,1m,0.14304,0.14301,0.14304,0.14301,883.0,2
2026-01-03 02:47:00,1767408420000,1767408479999,DOGE,1m,0.14303,0.14304,0.14304,0.14303,17131.0,2
2026-01-03 02:48:00,1767408480000,1767408539999,DOGE,1m,0.1431,0.14348,0.14355,0.1431,42200.0,17
2026-01-03 02:49:00,1767408540000,1767408599999,DOGE,1m,0.14342,0.1434,0.14363,0.14336,23245.0,12
2026-01-03 02:50:00,1767408600000,1767408659999,DOGE,1m,0.14333,0.14324,0.14333,0.14324,25241.0,7
2026-01-03 02:51:00,1767408660000,1767408719999,DOGE,1m,0.14338,0.14329,0.14338,0.14329,12966.0,13
2026-01-03 02:52:00,1767408720000,1767408779999,DOGE,1m,0.14343,0.14338,0.14343,0.14338,5246.0,4
2026-01-03 02:53:00,1767408780000,1767408839999,DOGE,1m,0.14345,0.14362,0.14362,0.14345,5361.0,6
2026-01-03 02:54:00,1767408840000,1767408899999,DOGE,1m,0.14357,0.14349,0.14357,0.14348,13584.0,8
2026-01-03 02:55:00,1767408900000,1767408959999,DOGE,1m,0.14359,0.14349,0.1436,0.14349,27057.0,9
2026-01-03 02:56:00,1767408960000,1767409019999,DOGE,1m,0.1435,0.1435,0.1435,0.1435,466.0,2
2026-01-03 02:57:00,1767409020000,1767409079999,DOGE,1m,0.14346,0.14346,0.14346,0.14346,3204.0,1
2026-01-03 02:58:00,1767409080000,1767409139999,DOGE,1m,0.14347,0.14346,0.14347,0.14345,22493.0,7
2026-01-03 02:59:00,1767409140000,1767409199999,DOGE,1m,0.14342,0.14343,0.14343,0.14342,14485.0,2
2026-01-03 03:00:00,1767409200000,1767409259999,DOGE,1m,0.14345,0.1436,0.14361,0.14345,28808.0,13
2026-01-03 03:01:00,1767409260000,1767409319999,DOGE,1m,0.14364,0.14358,0.1439,0.14358,87808.0,19
2026-01-03 03:02:00,1767409320000,1767409379999,DOGE,1m,0.14358,0.14343,0.14358,0.14334,28069.0,12
2026-01-03 03:03:00,1767409380000,1767409439999,DOGE,1m,0.14349,0.14338,0.14349,0.14338,2989.0,4
2026-01-03 03:04:00,1767409440000,1767409499999,DOGE,1m,0.1434,0.14354,0.14354,0.1434,883.0,3
2026-01-03 03:05:00,1767409500000,1767409559999,DOGE,1m,0.14356,0.14346,0.14356,0.14346,8303.0,9
2026-01-03 03:06:00,1767409560000,1767409619999,DOGE,1m,0.14349,0.14364,0.14364,0.14349,9592.0,6
2026-01-03 03:07:00,1767409620000,1767409679999,DOGE,1m,0.14367,0.14371,0.14371,0.14358,10886.0,5
2026-01-03 03:08:00,1767409680000,1767409739999,DOGE,1m,0.14371,0.14355,0.14372,0.14355,39161.0,8
2026-01-03 03:09:00,1767409740000,1767409799999,DOGE,1m,0.14352,0.14352,0.14352,0.14352,1.0,1
2026-01-03 03:10:00,1767409800000,1767409859999,DOGE,1m,0.14351,0.14351,0.14351,0.14351,2090.0,2
2026-01-03 03:11:00,1767409860000,1767409919999,DOGE,1m,0.14336,0.14335,0.14336,0.14335,2821.0,2
2026-01-03 03:12:00,1767409920000,1767409979999,DOGE,1m,0.14338,0.14338,0.14338,0.14338,2621.0,1
2026-01-03 03:13:00,1767409980000,1767410039999,DOGE,1m,0.14336,0.14328,0.14336,0.14328,22010.0,6
2026-01-03 03:14:00,1767410040000,1767410099999,DOGE,1m,0.14328,0.14327,0.14331,0.14327,42598.0,8
2026-01-03 03:15:00,1767410100000,1767410159999,DOGE,1m,0.1433,0.14348,0.14348,0.1433,6321.0,4
2026-01-03 03:16:00,1767410160000,1767410219999,DOGE,1m,0.14342,0.14343,0.14345,0.14341,6704.0,7
2026-01-03 03:17:00,1767410220000,1767410279999,DOGE,1m,0.14347,0.14347,0.14347,0.14347,2002.0,1
2026-01-03 03:18:00,1767410280000,1767410339999,DOGE,1m,0.1433,0.14346,0.14346,0.1433,5238.0,4
2026-01-03 03:19:00,1767410340000,1767410399999,DOGE,1m,0.14342,0.14342,0.14344,0.14341,35686.0,9
2026-01-03 03:20:00,1767410400000,1767410459999,DOGE,1m,0.14337,0.14338,0.14338,0.14337,11603.0,4
2026-01-03 03:21:00,1767410460000,1767410519999,DOGE,1m,0.14333,0.14342,0.14342,0.14333,10522.0,4
2026-01-03 03:22:00,1767410520000,1767410579999,DOGE,1m,0.14338,0.14331,0.14338,0.14331,1395.0,2
2026-01-03 03:23:00,1767410580000,1767410639999,DOGE,1m,0.14328,0.14313,0.14328,0.14311,69916.0,17
2026-01-03 03:24:00,1767410640000,1767410699999,DOGE,1m,0.14305,0.14305,0.14305,0.14303,2984.0,5
2026-01-03 03:25:00,1767410700000,1767410759999,DOGE,1m,0.14306,0.14305,0.14306,0.14303,56789.0,5
2026-01-03 03:26:00,1767410760000,1767410819999,DOGE,1m,0.14308,0.14308,0.14308,0.14308,4266.0,1
2026-01-03 03:27:00,1767410820000,1767410879999,DOGE,1m,0.14301,0.14306,0.14306,0.14301,7383.0,3
2026-01-03 03:28:00,1767410880000,1767410939999,DOGE,1m,0.14298,0.14305,0.14305,0.14298,1006.0,3
2026-01-03 03:29:00,1767410940000,1767410999999,DOGE,1m,0.14314,0.14323,0.14323,0.14314,12698.0,5
2026-01-03 03:30:00,1767411000000,1767411059999,DOGE,1m,0.14325,0.14352,0.14352,0.14325,4703.0,9
2026-01-03 03:31:00,1767411060000,1767411119999,DOGE,1m,0.1436,0.14349,0.1436,0.14345,100669.0,20
2026-01-03 03:32:00,1767411120000,1767411179999,DOGE,1m,0.14345,0.14345,0.14345,0.14345,3003.0,1
2026-01-03 03:33:00,1767411180000,1767411239999,DOGE,1m,0.14345,0.14345,0.14345,0.14345,1198.0,2
2026-01-03 03:34:00,1767411240000,1767411299999,DOGE,1m,0.14337,0.14338,0.14338,0.14337,1891.0,4
2026-01-03 03:35:00,1767411300000,1767411359999,DOGE,1m,0.14333,0.14334,0.14334,0.14333,3511.0,2
2026-01-03 03:36:00,1767411360000,1767411419999,DOGE,1m,0.14351,0.14351,0.14351,0.14351,122.0,1
2026-01-03 03:37:00,1767411420000,1767411479999,DOGE,1m,0.14361,0.14359,0.14361,0.14358,84965.0,12
2026-01-03 03:38:00,1767411480000,1767411539999,DOGE,1m,0.14365,0.14348,0.14365,0.14348,22280.0,9
2026-01-03 03:39:00,1767411540000,1767411599999,DOGE,1m,0.14354,0.14354,0.14354,0.14354,78.0,1
2026-01-03 03:40:00,1767411600000,1767411659999,DOGE,1m,0.14366,0.14371,0.14371,0.14365,15434.0,6
2026-01-03 03:41:00,1767411660000,1767411719999,DOGE,1m,0.14387,0.14388,0.14388,0.14387,1148.0,2
2026-01-03 03:42:00,1767411720000,1767411779999,DOGE,1m,0.14387,0.14398,0.14408,0.14383,59957.0,23
2026-01-03 03:43:00,1767411780000,1767411839999,DOGE,1m,0.14401,0.14393,0.14401,0.14388,44132.0,8
2026-01-03 03:44:00,1767411840000,1767411899999,DOGE,1m,0.14389,0.14388,0.14389,0.14384,17210.0,9
2026-01-03 03:45:00,1767411900000,1767411959999,DOGE,1m,0.14387,0.14387,0.14387,0.14383,10599.0,4
2026-01-03 03:46:00,1767411960000,1767412019999,DOGE,1m,0.14396,0.14396,0.14396,0.14396,296.0,1
2026-01-03 03:47:00,1767412020000,1767412079999,DOGE,1m,0.14391,0.14389,0.14391,0.14389,7647.0,3
2026-01-03 03:48:00,1767412080000,1767412139999,DOGE,1m,0.14404,0.14414,0.14416,0.14403,39340.0,17
2026-01-03 03:49:00,1767412140000,1767412199999,DOGE,1m,0.14414,0.14394,0.14414,0.14394,60089.0,17
2026-01-03 03:50:00,1767412200000,1767412259999,DOGE,1m,0.14394,0.14378,0.14394,0.14373,77814.0,17
2026-01-03 03:51:00,1767412260000,1767412319999,DOGE,1m,0.14378,0.14378,0.14378,0.14378,0.0,0
2026-01-03 03:52:00,1767412320000,1767412379999,DOGE,1m,0.14393,0.14392,0.14394,0.14392,18090.0,7
2026-01-03 03:53:00,1767412380000,1767412439999,DOGE,1m,0.14391,0.14394,0.14394,0.1439,179497.0,11
2026-01-03 03:54:00,1767412440000,1767412499999,DOGE,1m,0.144,0.14399,0.144,0.14399,10010.0,2
2026-01-03 03:55:00,1767412500000,1767412559999,DOGE,1m,0.14405,0.14394,0.14405,0.14394,23077.0,5
2026-01-03 03:56:00,1767412560000,1767412619999,DOGE,1m,0.14402,0.14404,0.14408,0.14402,57335.0,11
2026-01-03 03:57:00,1767412620000,1767412679999,DOGE,1m,0.14417,0.14411,0.14443,0.14411,86352.0,29
2026-01-03 03:58:00,1767412680000,1767412739999,DOGE,1m,0.14409,0.14397,0.14409,0.14394,10399.0,6
2026-01-03 03:59:00,1767412740000,1767412799999,DOGE,1m,0.14397,0.14397,0.14397,0.14397,0.0,0
2026-01-03 04:00:00,1767412800000,1767412859999,DOGE,1m,0.14401,0.14401,0.14406,0.14399,21759.0,9
2026-01-03 04:01:00,1767412860000,1767412919999,DOGE,1m,0.14399,0.14403,0.14403,0.14391,31679.0,16
2026-01-03 04:02:00,1767412920000,1767412979999,DOGE,1m,0.14406,0.14417,0.14419,0.14406,25675.0,4
2026-01-03 04:03:00,1767412980000,1767413039999,DOGE,1m,0.14412,0.14391,0.14412,0.14391,30449.0,13
2026-01-03 04:04:00,1767413040000,1767413099999,DOGE,1m,0.14387,0.14371,0.14387,0.14371,24705.0,11
2026-01-03 04:05:00,1767413100000,1767413159999,DOGE,1m,0.1437,0.1434,0.1437,0.1434,19177.0,7
2026-01-03 04:06:00,1767413160000,1767413219999,DOGE,1m,0.14341,0.14323,0.14341,0.14323,113560.0,14
2026-01-03 04:07:00,1767413220000,1767413279999,DOGE,1m,0.14321,0.14326,0.14326,0.14321,261.0,2
2026-01-03 04:08:00,1767413280000,1767413339999,DOGE,1m,0.14327,0.14331,0.14332,0.14325,4985.0,7
2026-01-03 04:09:00,1767413340000,1767413399999,DOGE,1m,0.14344,0.14342,0.14344,0.14342,4324.0,2
2026-01-03 04:10:00,1767413400000,1767413459999,DOGE,1m,0.14343,0.1435,0.1435,0.14343,5810.0,5
2026-01-03 04:11:00,1767413460000,1767413519999,DOGE,1m,0.14333,0.14333,0.14333,0.14333,288.0,1
2026-01-03 04:12:00,1767413520000,1767413579999,DOGE,1m,0.14336,0.14337,0.14337,0.14336,386.0,2
2026-01-03 04:13:00,1767413580000,1767413639999,DOGE,1m,0.1433,0.14328,0.1433,0.14328,4825.0,3
2026-01-03 04:14:00,1767413640000,1767413699999,DOGE,1m,0.14331,0.14331,0.14331,0.14331,106.0,1
2026-01-03 04:15:00,1767413700000,1767413759999,DOGE,1m,0.14333,0.14325,0.14333,0.14325,1001112.0,40
2026-01-03 04:16:00,1767413760000,1767413819999,DOGE,1m,0.14327,0.14327,0.14327,0.14327,698.0,1
2026-01-03 04:17:00,1767413820000,1767413879999,DOGE,1m,0.14324,0.14326,0.14326,0.14324,3252.0,3
2026-01-03 04:18:00,1767413880000,1767413939999,DOGE,1m,0.1433,0.1433,0.1433,0.1433,444.0,1
2026-01-03 04:19:00,1767413940000,1767413999999,DOGE,1m,0.14331,0.14335,0.14335,0.14331,255.0,2
2026-01-03 04:20:00,1767414000000,1767414059999,DOGE,1m,0.14328,0.14336,0.14336,0.14328,7570.0,2
2026-01-03 04:21:00,1767414060000,1767414119999,DOGE,1m,0.14339,0.14344,0.14344,0.14338,32988.0,5
2026-01-03 04:22:00,1767414120000,1767414179999,DOGE,1m,0.14349,0.14364,0.14364,0.14349,28594.0,4
2026-01-03 04:23:00,1767414180000,1767414239999,DOGE,1m,0.14367,0.14385,0.14385,0.14367,66445.0,17
2026-01-03 04:24:00,1767414240000,1767414299999,DOGE,1m,0.14391,0.14378,0.14391,0.14378,3524.0,2
2026-01-03 04:25:00,1767414300000,1767414359999,DOGE,1m,0.14373,0.14369,0.14373,0.14368,1514.0,4
2026-01-03 04:26:00,1767414360000,1767414419999,DOGE,1m,0.14369,0.14369,0.14369,0.14369,0.0,0
2026-01-03 04:27:00,1767414420000,1767414479999,DOGE,1m,0.14368,0.14365,0.14368,0.14365,1738.0,4
2026-01-03 04:28:00,1767414480000,1767414539999,DOGE,1m,0.14364,0.14353,0.14364,0.14353,1471.0,3
2026-01-03 04:29:00,1767414540000,1767414599999,DOGE,1m,0.14355,0.14361,0.14361,0.14355,74657.0,4
2026-01-03 04:30:00,1767414600000,1767414659999,DOGE,1m,0.14353,0.14349,0.14353,0.14349,119990.0,7
2026-01-03 04:31:00,1767414660000,1767414719999,DOGE,1m,0.14356,0.14356,0.14356,0.14356,333.0,1
2026-01-03 04:32:00,1767414720000,1767414779999,DOGE,1m,0.1435,0.14358,0.14358,0.1435,73402.0,2
2026-01-03 04:33:00,1767414780000,1767414839999,DOGE,1m,0.1436,0.14354,0.14361,0.14354,5515.0,4
2026-01-03 04:34:00,1767414840000,1767414899999,DOGE,1m,0.14342,0.14342,0.14342,0.14342,452.0,2
2026-01-03 04:35:00,1767414900000,1767414959999,DOGE,1m,0.14344,0.14342,0.14344,0.14339,31201.0,10
2026-01-03 04:36:00,1767414960000,1767415019999,DOGE,1m,0.14338,0.14331,0.14338,0.14331,5790.0,3
2026-01-03 04:37:00,1767415020000,1767415079999,DOGE,1m,0.14329,0.14328,0.14329,0.14328,1139.0,2
2026-01-03 04:38:00,1767415080000,1767415139999,DOGE,1m,0.14326,0.14313,0.14326,0.14313,57451.0,7
2026-01-03 04:39:00,1767415140000,1767415199999,DOGE,1m,0.14314,0.14311,0.14314,0.14311,380.0,2
2026-01-03 04:40:00,1767415200000,1767415259999,DOGE,1m,0.14311,0.14311,0.14311,0.14311,0.0,0
2026-01-03 04:41:00,1767415260000,1767415319999,DOGE,1m,0.14324,0.14322,0.14327,0.14322,513.0,4
2026-01-03 04:42:00,1767415320000,1767415379999,DOGE,1m,0.14322,0.1433,0.14331,0.14322,78368.0,7
2026-01-03 04:43:00,1767415380000,1767415439999,DOGE,1m,0.14321,0.14317,0.14321,0.14317,1157.0,3
2026-01-03 04:44:00,1767415440000,1767415499999,DOGE,1m,0.14315,0.14302,0.14322,0.14302,193875.0,14
2026-01-03 04:45:00,1767415500000,1767415559999,DOGE,1m,0.14304,0.14318,0.14318,0.14304,110454.0,11
2026-01-03 04:46:00,1767415560000,1767415619999,DOGE,1m,0.14318,0.14318,0.14318,0.14318,1233.0,1
2026-01-03 04:47:00,1767415620000,1767415679999,DOGE,1m,0.14321,0.14321,0.14321,0.14321,254.0,2
2026-01-03 04:48:00,1767415680000,1767415739999,DOGE,1m,0.14319,0.14317,0.14319,0.14317,524.0,2
2026-01-03 04:49:00,1767415740000,1767415799999,DOGE,1m,0.143,0.14281,0.143,0.14281,11869.0,5
2026-01-03 04:50:00,1767415800000,1767415859999,DOGE,1m,0.14274,0.14274,0.14274,0.14274,129.0,1
2026-01-03 04:51:00,1767415860000,1767415919999,DOGE,1m,0.14272,0.1427,0.14272,0.1427,2570.0,4
2026-01-03 04:52:00,1767415920000,1767415979999,DOGE,1m,0.14283,0.14281,0.14284,0.14278,1825.0,5
2026-01-03 04:53:00,1767415980000,1767416039999,DOGE,1m,0.14279,0.14279,0.14279,0.14279,279.0,1
2026-01-03 04:54:00,1767416040000,1767416099999,DOGE,1m,0.14282,0.14282,0.14282,0.14282,1389.0,2
2026-01-03 04:55:00,1767416100000,1767416159999,DOGE,1m,0.14286,0.14277,0.14286,0.14277,9599.0,2
2026-01-03 04:56:00,1767416160000,1767416219999,DOGE,1m,0.14265,0.14265,0.14265,0.14265,735.0,1
2026-01-03 04:57:00,1767416220000,1767416279999,DOGE,1m,0.14273,0.14273,0.14273,0.14273,1190.0,1
2026-01-03 04:58:00,1767416280000,1767416339999,DOGE,1m,0.14272,0.14272,0.14272,0.14272,71.0,1
2026-01-03 04:59:00,1767416340000,1767416399999,DOGE,1m,0.14277,0.14279,0.14279,0.14277,244.0,2
2026-01-03 05:00:00,1767416400000,1767416459999,DOGE,1m,0.14283,0.14281,0.14287,0.14281,19900.0,21
2026-01-03 05:01:00,1767416460000,1767416519999,DOGE,1m,0.14283,0.14283,0.14283,0.14283,509.0,1
2026-01-03 05:02:00,1767416520000,1767416579999,DOGE,1m,0.1429,0.14291,0.14291,0.1429,4019.0,3
2026-01-03 05:03:00,1767416580000,1767416639999,DOGE,1m,0.143,0.14305,0.14305,0.143,9930.0,3
2026-01-03 05:04:00,1767416640000,1767416699999,DOGE,1m,0.14314,0.14312,0.14314,0.14312,2849.0,2
2026-01-03 05:05:00,1767416700000,1767416759999,DOGE,1m,0.14301,0.14306,0.14306,0.143,118012.0,10
2026-01-03 05:06:00,1767416760000,1767416819999,DOGE,1m,0.14318,0.14319,0.14319,0.14317,188725.0,11
2026-01-03 05:07:00,1767416820000,1767416879999,DOGE,1m,0.14318,0.14318,0.14318,0.14318,5083.0,2
2026-01-03 05:08:00,1767416880000,1767416939999,DOGE,1m,0.14322,0.14322,0.14322,0.14322,290.0,1
2026-01-03 05:09:00,1767416940000,1767416999999,DOGE,1m,0.14322,0.14319,0.14322,0.14319,7333.0,6
2026-01-03 05:10:00,1767417000000,1767417059999,DOGE,1m,0.14308,0.14308,0.14308,0.14308,2280.0,3
2026-01-03 05:11:00,1767417060000,1767417119999,DOGE,1m,0.14325,0.14325,0.14325,0.14325,243.0,2
2026-01-03 05:12:00,1767417120000,1767417179999,DOGE,1m,0.14326,0.14325,0.14326,0.14325,7721.0,2
2026-01-03 05:13:00,1767417180000,1767417239999,DOGE,1m,0.14326,0.14323,0.14327,0.14323,1449.0,4
2026-01-03 05:14:00,1767417240000,1767417299999,DOGE,1m,0.14322,0.14312,0.14322,0.14312,18927.0,4
2026-01-03 05:15:00,1767417300000,1767417359999,DOGE,1m,0.14312,0.14309,0.14312,0.14309,758.0,4
2026-01-03 05:16:00,1767417360000,1767417419999,DOGE,1m,0.14307,0.14307,0.14307,0.14307,8736.0,3
2026-01-03 05:17:00,1767417420000,1767417479999,DOGE,1m,0.14306,0.14306,0.14306,0.14306,733.0,2
2026-01-03 05:18:00,1767417480000,1767417539999,DOGE,1m,0.14321,0.14321,0.14321,0.14321,147.0,1
2026-01-03 05:19:00,1767417540000,1767417599999,DOGE,1m,0.14321,0.14321,0.14321,0.14321,0.0,0
2026-01-03 05:20:00,1767417600000,1767417659999,DOGE,1m,0.14305,0.14307,0.14307,0.14305,263.0,2
2026-01-03 05:21:00,1767417660000,1767417719999,DOGE,1m,0.14306,0.14306,0.14306,0.14306,169.0,1
2026-01-03 05:22:00,1767417720000,1767417779999,DOGE,1m,0.14309,0.14308,0.14309,0.14308,232.0,2
2026-01-03 05:23:00,1767417780000,1767417839999,DOGE,1m,0.14308,0.14302,0.14309,0.14302,790.0,4
2026-01-03 05:24:00,1767417840000,1767417899999,DOGE,1m,0.14302,0.14302,0.14302,0.14302,133135.0,4
2026-01-03 05:25:00,1767417900000,1767417959999,DOGE,1m,0.14286,0.14285,0.14286,0.14285,32072.0,4
2026-01-03 05:26:00,1767417960000,1767418019999,DOGE,1m,0.14286,0.14274,0.14286,0.14273,28859.0,5
2026-01-03 05:27:00,1767418020000,1767418079999,DOGE,1m,0.14277,0.14277,0.14277,0.14277,9.0,1
2026-01-03 05:28:00,1767418080000,1767418139999,DOGE,1m,0.14268,0.1427,0.1427,0.14267,36006.0,7
2026-01-03 05:29:00,1767418140000,1767418199999,DOGE,1m,0.1427,0.1427,0.1427,0.1427,0.0,0
2026-01-03 05:30:00,1767418200000,1767418259999,DOGE,1m,0.14265,0.14261,0.14265,0.14261,2651.0,8
2026-01-03 05:31:00,1767418260000,1767418319999,DOGE,1m,0.14261,0.14252,0.14261,0.1425,326179.0,18
2026-01-03 05:32:00,1767418320000,1767418379999,DOGE,1m,0.14251,0.14275,0.14282,0.14251,67194.0,14
2026-01-03 05:33:00,1767418380000,1767418439999,DOGE,1m,0.14275,0.14275,0.14275,0.14275,0.0,0
2026-01-03 05:34:00,1767418440000,1767418499999,DOGE,1m,0.14257,0.14258,0.14259,0.14253,15523.0,5
2026-01-03 05:35:00,1767418500000,1767418559999,DOGE,1m,0.14244,0.14234,0.14244,0.14234,3283.0,2
2026-01-03 05:36:00,1767418560000,1767418619999,DOGE,1m,0.14226,0.14224,0.14226,0.1422,16771.0,11
2026-01-03 05:37:00,1767418620000,1767418679999,DOGE,1m,0.14218,0.14214,0.14218,0.14214,2559.0,2
2026-01-03 05:38:00,1767418680000,1767418739999,DOGE,1m,0.14227,0.14227,0.14228,0.14224,43174.0,11
2026-01-03 05:39:00,1767418740000,1767418799999,DOGE,1m,0.14227,0.14212,0.14227,0.14212,8473.0,5
2026-01-03 05:40:00,1767418800000,1767418859999,DOGE,1m,0.1422,0.14213,0.1422,0.14213,1140.0,2
2026-01-03 05:41:00,1767418860000,1767418919999,DOGE,1m,0.14229,0.14229,0.14229,0.14229,967.0,1
2026-01-03 05:42:00,1767418920000,1767418979999,DOGE,1m,0.14231,0.14249,0.14253,0.14231,13837.0,12
2026-01-03 05:43:00,1767418980000,1767419039999,DOGE,1m,0.14249,0.14241,0.14249,0.14241,1763.0,4
2026-01-03 05:44:00,1767419040000,1767419099999,DOGE,1m,0.14249,0.14249,0.14249,0.14249,4370.0,1
2026-01-03 05:45:00,1767419100000,1767419159999,DOGE,1m,0.14263,0.14265,0.14268,0.14263,1869.0,4
2026-01-03 05:46:00,1767419160000,1767419219999,DOGE,1m,0.1426,0.1426,0.1426,0.1426,719.0,1
2026-01-03 05:47:00,1767419220000,1767419279999,DOGE,1m,0.14266,0.14278,0.14278,0.14266,29183.0,9
2026-01-03 05:48:00,1767419280000,1767419339999,DOGE,1m,0.14284,0.14283,0.14285,0.14283,4892.0,8
2026-01-03 05:49:00,1767419340000,1767419399999,DOGE,1m,0.14289,0.14283,0.14289,0.14283,17801.0,5
2026-01-03 05:50:00,1767419400000,1767419459999,DOGE,1m,0.14283,0.14283,0.14283,0.14283,989.0,1
2026-01-03 05:51:00,1767419460000,1767419519999,DOGE,1m,0.14271,0.14271,0.14271,0.14271,800.0,2
2026-01-03 05:52:00,1767419520000,1767419579999,DOGE,1m,0.14275,0.14275,0.14275,0.14275,136.0,1
2026-01-03 05:53:00,1767419580000,1767419639999,DOGE,1m,0.14278,0.1428,0.1428,0.14278,362.0,2
2026-01-03 05:54:00,1767419640000,1767419699999,DOGE,1m,0.14279,0.14285,0.14285,0.14279,21265.0,3
2026-01-03 05:55:00,1767419700000,1767419759999,DOGE,1m,0.14279,0.14281,0.14281,0.14279,357.0,2
2026-01-03 05:56:00,1767419760000,1767419819999,DOGE,1m,0.14281,0.14281,0.14281,0.14281,203.0,1
2026-01-03 05:57:00,1767419820000,1767419879999,DOGE,1m,0.14288,0.14281,0.14289,0.14281,1537.0,4
2026-01-03 05:58:00,1767419880000,1767419939999,DOGE,1m,0.14283,0.14283,0.14283,0.14283,83.0,1
2026-01-03 05:59:00,1767419940000,1767419999999,DOGE,1m,0.14286,0.14287,0.14288,0.14286,4247.0,7
2026-01-03 06:00:00,1767420000000,1767420059999,DOGE,1m,0.14282,0.1428,0.14282,0.14279,3073.0,3
2026-01-03 06:01:00,1767420060000,1767420119999,DOGE,1m,0.14278,0.14289,0.14289,0.14273,39674.0,6
2026-01-03 06:02:00,1767420120000,1767420179999,DOGE,1m,0.14297,0.14295,0.14297,0.14295,2014.0,3
2026-01-03 06:03:00,1767420180000,1767420239999,DOGE,1m,0.14298,0.14298,0.14298,0.14298,963.0,1
2026-01-03 06:04:00,1767420240000,1767420299999,DOGE,1m,0.14292,0.14292,0.14292,0.14292,187.0,1
2026-01-03 06:05:00,1767420300000,1767420359999,DOGE,1m,0.1429,0.1429,0.1429,0.1429,112.0,1
2026-01-03 06:06:00,1767420360000,1767420419999,DOGE,1m,0.14302,0.14317,0.14317,0.14302,295113.0,6
2026-01-03 06:07:00,1767420420000,1767420479999,DOGE,1m,0.1432,0.14319,0.1432,0.14319,4209.0,2
2026-01-03 06:08:00,1767420480000,1767420539999,DOGE,1m,0.14327,0.14331,0.14336,0.14326,569443.0,28
2026-01-03 06:09:00,1767420540000,1767420599999,DOGE,1m,0.14332,0.14332,0.14332,0.14332,106.0,1
2026-01-03 06:10:00,1767420600000,1767420659999,DOGE,1m,0.14334,0.14358,0.14358,0.14334,4197.0,7
2026-01-03 06:11:00,1767420660000,1767420719999,DOGE,1m,0.14365,0.14366,0.14366,0.14365,581.0,2
2026-01-03 06:12:00,1767420720000,1767420779999,DOGE,1m,0.14364,0.14364,0.14364,0.14364,696.0,1
2026-01-03 06:13:00,1767420780000,1767420839999,DOGE,1m,0.14371,0.14371,0.14371,0.14371,359.0,1
2026-01-03 06:14:00,1767420840000,1767420899999,DOGE,1m,0.14371,0.14377,0.14377,0.14371,76707.0,15
2026-01-03 06:15:00,1767420900000,1767420959999,DOGE,1m,0.14378,0.14378,0.14378,0.14378,1008.0,1
2026-01-03 06:16:00,1767420960000,1767421019999,DOGE,1m,0.14373,0.14359,0.14373,0.14359,85780.0,10
2026-01-03 06:17:00,1767421020000,1767421079999,DOGE,1m,0.14354,0.14347,0.14355,0.14347,98078.0,17
2026-01-03 06:18:00,1767421080000,1767421139999,DOGE,1m,0.14353,0.14353,0.14353,0.14353,145.0,1
2026-01-03 06:19:00,1767421140000,1767421199999,DOGE,1m,0.14346,0.14346,0.14346,0.14346,1241.0,1
2026-01-03 06:20:00,1767421200000,1767421259999,DOGE,1m,0.14339,0.14334,0.14339,0.14334,999.0,2
2026-01-03 06:21:00,1767421260000,1767421319999,DOGE,1m,0.14335,0.14335,0.14335,0.14335,58338.0,7
2026-01-03 06:22:00,1767421320000,1767421379999,DOGE,1m,0.14335,0.14335,0.14335,0.14335,0.0,0
2026-01-03 06:23:00,1767421380000,1767421439999,DOGE,1m,0.14329,0.14328,0.14329,0.14327,715.0,4
2026-01-03 06:24:00,1767421440000,1767421499999,DOGE,1m,0.1433,0.14328,0.1433,0.14327,478.0,4
2026-01-03 06:25:00,1767421500000,1767421559999,DOGE,1m,0.14328,0.14313,0.14328,0.14313,2409.0,8
2026-01-03 06:26:00,1767421560000,1767421619999,DOGE,1m,0.14327,0.14327,0.14327,0.14327,135.0,1
2026-01-03 06:27:00,1767421620000,1767421679999,DOGE,1m,0.14328,0.14328,0.14328,0.14328,135.0,1
2026-01-03 06:28:00,1767421680000,1767421739999,DOGE,1m,0.14324,0.14322,0.14324,0.14322,447.0,3
2026-01-03 06:29:00,1767421740000,1767421799999,DOGE,1m,0.14316,0.14317,0.14317,0.14316,243.0,2
2026-01-03 06:30:00,1767421800000,1767421859999,DOGE,1m,0.14309,0.14306,0.14309,0.14306,505.0,3
2026-01-03 06:31:00,1767421860000,1767421919999,DOGE,1m,0.14305,0.14305,0.14305,0.14305,252.0,2
2026-01-03 06:32:00,1767421920000,1767421979999,DOGE,1m,0.14305,0.14305,0.14305,0.14305,0.0,0
2026-01-03 06:33:00,1767421980000,1767422039999,DOGE,1m,0.14309,0.14326,0.14326,0.14309,11938.0,9
2026-01-03 06:34:00,1767422040000,1767422099999,DOGE,1m,0.14326,0.14326,0.14326,0.14326,498.0,2
2026-01-03 06:35:00,1767422100000,1767422159999,DOGE,1m,0.14317,0.14317,0.14317,0.14317,109.0,1
2026-01-03 06:36:00,1767422160000,1767422219999,DOGE,1m,0.14311,0.14303,0.14311,0.14303,1563.0,6
2026-01-03 06:37:00,1767422220000,1767422279999,DOGE,1m,0.14298,0.14283,0.14298,0.14283,2299.0,3
2026-01-03 06:38:00,1767422280000,1767422339999,DOGE,1m,0.14283,0.14293,0.14293,0.14283,1080.0,3
2026-01-03 06:39:00,1767422340000,1767422399999,DOGE,1m,0.14279,0.1426,0.1428,0.14257,36356.0,11
2026-01-03 06:40:00,1767422400000,1767422459999,DOGE,1m,0.14251,0.14252,0.14252,0.1425,26601.0,4
2026-01-03 06:41:00,1767422460000,1767422519999,DOGE,1m,0.14252,0.14214,0.14252,0.14203,86702.0,18
2026-01-03 06:42:00,1767422520000,1767422579999,DOGE,1m,0.1422,0.1422,0.1422,0.1422,270.0,1
2026-01-03 06:43:00,1767422580000,1767422639999,DOGE,1m,0.14211,0.14211,0.14211,0.14211,966.0,2
2026-01-03 06:44:00,1767422640000,1767422699999,DOGE,1m,0.1422,0.14174,0.1422,0.14173,68716.0,14
2026-01-03 06:45:00,1767422700000,1767422759999,DOGE,1m,0.1418,0.14188,0.142,0.1418,27672.0,11
2026-01-03 06:46:00,1767422760000,1767422819999,DOGE,1m,0.14193,0.14174,0.14193,0.14174,119361.0,13
2026-01-03 06:47:00,1767422820000,1767422879999,DOGE,1m,0.14188,0.14165,0.14188,0.14165,10846.0,3
2026-01-03 06:48:00,1767422880000,1767422939999,DOGE,1m,0.1416,0.14153,0.1416,0.14142,29688.0,4
2026-01-03 06:49:00,1767422940000,1767422999999,DOGE,1m,0.14147,0.1413,0.14155,0.1413,15390.0,7
2026-01-03 06:50:00,1767423000000,1767423059999,DOGE,1m,0.14138,0.14155,0.14156,0.14138,26764.0,7
2026-01-03 06:51:00,1767423060000,1767423119999,DOGE,1m,0.14158,0.14181,0.14185,0.14157,275040.0,23
2026-01-03 06:52:00,1767423120000,1767423179999,DOGE,1m,0.14177,0.14178,0.1418,0.14177,247205.0,14
2026-01-03 06:53:00,1767423180000,1767423239999,DOGE,1m,0.14185,0.14187,0.14192,0.14185,811366.0,31
2026-01-03 06:54:00,1767423240000,1767423299999,DOGE,1m,0.14183,0.14183,0.14183,0.14183,2500.0,1
2026-01-03 06:55:00,1767423300000,1767423359999,DOGE,1m,0.14187,0.14187,0.14187,0.14187,705.0,1
2026-01-03 06:56:00,1767423360000,1767423419999,DOGE,1m,0.14187,0.14193,0.14197,0.14187,43081.0,5
2026-01-03 06:57:00,1767423420000,1767423479999,DOGE,1m,0.14187,0.14187,0.14187,0.14187,705.0,1
2026-01-03 06:58:00,1767423480000,1767423539999,DOGE,1m,0.14195,0.14199,0.142,0.14195,19830.0,4
2026-01-03 06:59:00,1767423540000,1767423599999,DOGE,1m,0.14201,0.14198,0.14202,0.14198,18558.0,3
2026-01-03 07:00:00,1767423600000,1767423659999,DOGE,1m,0.14196,0.142,0.14204,0.14196,6196.0,8
2026-01-03 07:01:00,1767423660000,1767423719999,DOGE,1m,0.14201,0.14208,0.14208,0.14201,6123.0,5
2026-01-03 07:02:00,1767423720000,1767423779999,DOGE,1m,0.14207,0.14212,0.14212,0.14204,30580.0,7
2026-01-03 07:03:00,1767423780000,1767423839999,DOGE,1m,0.14205,0.14196,0.14205,0.14196,5563.0,3
2026-01-03 07:04:00,1767423840000,1767423899999,DOGE,1m,0.14185,0.14182,0.14185,0.14179,22765.0,13
2026-01-03 07:05:00,1767423900000,1767423959999,DOGE,1m,0.14182,0.14182,0.14182,0.14182,0.0,0
2026-01-03 07:06:00,1767423960000,1767424019999,DOGE,1m,0.14182,0.14182,0.14182,0.14182,0.0,0
2026-01-03 07:07:00,1767424020000,1767424079999,DOGE,1m,0.14182,0.14182,0.14182,0.14182,0.0,0
2026-01-03 07:08:00,1767424080000,1767424139999,DOGE,1m,0.14173,0.14162,0.14174,0.14162,153987.0,7
2026-01-03 07:09:00,1767424140000,1767424199999,DOGE,1m,0.1417,0.14168,0.1417,0.14166,14983.0,4
2026-01-03 07:10:00,1767424200000,1767424259999,DOGE,1m,0.14176,0.14171,0.14176,0.14171,99604.0,19
2026-01-03 07:11:00,1767424260000,1767424319999,DOGE,1m,0.14167,0.14162,0.14167,0.14162,5000.0,3
2026-01-03 07:12:00,1767424320000,1767424379999,DOGE,1m,0.14153,0.14118,0.14153,0.14118,37912.0,10
2026-01-03 07:13:00,1767424380000,1767424439999,DOGE,1m,0.14118,0.14115,0.14118,0.14107,22479.0,10
2026-01-03 07:14:00,1767424440000,1767424499999,DOGE,1m,0.14116,0.14104,0.14116,0.14104,10861.0,5
2026-01-03 07:15:00,1767424500000,1767424559999,DOGE,1m,0.14101,0.14118,0.14118,0.14101,38046.0,18
2026-01-03 07:16:00,1767424560000,1767424619999,DOGE,1m,0.14107,0.14091,0.14107,0.14081,90959.0,23
2026-01-03 07:17:00,1767424620000,1767424679999,DOGE,1m,0.1409,0.14071,0.14091,0.1406,138576.0,31
2026-01-03 07:18:00,1767424680000,1767424739999,DOGE,1m,0.14071,0.14078,0.14078,0.14063,675.0,5
2026-01-03 07:19:00,1767424740000,1767424799999,DOGE,1m,0.14065,0.14044,0.14065,0.14025,78938.0,25
2026-01-03 07:20:00,1767424800000,1767424859999,DOGE,1m,0.14039,0.14008,0.14039,0.13999,79264.0,27
2026-01-03 07:21:00,1767424860000,1767424919999,DOGE,1m,0.14009,0.13981,0.14014,0.13918,1062364.0,82
2026-01-03 07:22:00,1767424920000,1767424979999,DOGE,1m,0.13971,0.13964,0.13971,0.13941,129841.0,40
2026-01-03 07:23:00,1767424980000,1767425039999,DOGE,1m,0.13965,0.13996,0.14019,0.13965,165454.0,40
2026-01-03 07:24:00,1767425040000,1767425099999,DOGE,1m,0.13997,0.14018,0.1403,0.13993,123839.0,26
2026-01-03 07:25:00,1767425100000,1767425159999,DOGE,1m,0.14007,0.1401,0.14016,0.14007,123125.0,20
2026-01-03 07:26:00,1767425160000,1767425219999,DOGE,1m,0.14015,0.14012,0.14015,0.1401,9476.0,5
2026-01-03 07:27:00,1767425220000,1767425279999,DOGE,1m,0.14003,0.1398,0.14003,0.1398,23247.0,10
2026-01-03 07:28:00,1767425280000,1767425339999,DOGE,1m,0.13977,0.13956,0.13977,0.13952,50179.0,19
2026-01-03 07:29:00,1767425340000,1767425399999,DOGE,1m,0.13975,0.13975,0.13975,0.13975,752.0,1
2026-01-03 07:30:00,1767425400000,1767425459999,DOGE,1m,0.13958,0.13961,0.13961,0.13908,317448.0,42
2026-01-03 07:31:00,1767425460000,1767425519999,DOGE,1m,0.13965,0.14004,0.14004,0.13965,7729.0,7
2026-01-03 07:32:00,1767425520000,1767425579999,DOGE,1m,0.13985,0.13968,0.13985,0.13961,513523.0,17
2026-01-03 07:33:00,1767425580000,1767425639999,DOGE,1m,0.13967,0.13958,0.13967,0.13958,187248.0,9
2026-01-03 07:34:00,1767425640000,1767425699999,DOGE,1m,0.13968,0.13977,0.13977,0.13968,88155.0,13
2026-01-03 07:35:00,1767425700000,1767425759999,DOGE,1m,0.13948,0.13993,0.13993,0.13948,17593.0,11
2026-01-03 07:36:00,1767425760000,1767425819999,DOGE,1m,0.13977,0.13998,0.14002,0.13977,35276.0,10
2026-01-03 07:37:00,1767425820000,1767425879999,DOGE,1m,0.13996,0.13992,0.13996,0.1399,31532.0,10
2026-01-03 07:38:00,1767425880000,1767425939999,DOGE,1m,0.13987,0.13982,0.13996,0.13982,58528.0,13
2026-01-03 07:39:00,1767425940000,1767425999999,DOGE,1m,0.13977,0.13987,0.1399,0.13977,2889.0,5
2026-01-03 07:40:00,1767426000000,1767426059999,DOGE,1m,0.14001,0.14028,0.14028,0.14001,10548.0,8
2026-01-03 07:41:00,1767426060000,1767426119999,DOGE,1m,0.1403,0.14033,0.14034,0.14026,19342.0,7
2026-01-03 07:42:00,1767426120000,1767426179999,DOGE,1m,0.14025,0.14024,0.14025,0.14012,4650.0,6
2026-01-03 07:43:00,1767426180000,1767426239999,DOGE,1m,0.14025,0.14024,0.1403,0.14023,25071.0,11
2026-01-03 07:44:00,1767426240000,1767426299999,DOGE,1m,0.14012,0.14019,0.14019,0.14008,13753.0,10
2026-01-03 07:45:00,1767426300000,1767426359999,DOGE,1m,0.14022,0.14036,0.14041,0.14022,36905.0,18
2026-01-03 07:46:00,1767426360000,1767426419999,DOGE,1m,0.14004,0.13985,0.14004,0.13985,2123.0,4
2026-01-03 07:47:00,1767426420000,1767426479999,DOGE,1m,0.1398,0.13993,0.13993,0.1398,32926.0,7
2026-01-03 07:48:00,1767426480000,1767426539999,DOGE,1m,0.13998,0.13999,0.13999,0.13995,2874.0,3
2026-01-03 07:49:00,1767426540000,1767426599999,DOGE,1m,0.13994,0.13998,0.14,0.13994,8519.0,5
2026-01-03 07:50:00,1767426600000,1767426659999,DOGE,1m,0.14006,0.14006,0.14006,0.14006,820.0,2
2026-01-03 07:51:00,1767426660000,1767426719999,DOGE,1m,0.14007,0.14,0.14007,0.13999,1306.0,4
2026-01-03 07:52:00,1767426720000,1767426779999,DOGE,1m,0.13992,0.13994,0.14001,0.1399,65170.0,10
2026-01-03 07:53:00,1767426780000,1767426839999,DOGE,1m,0.13989,0.13991,0.13991,0.13989,6053.0,3
2026-01-03 07:54:00,1767426840000,1767426899999,DOGE,1m,0.13997,0.14,0.14001,0.13997,8460.0,6
2026-01-03 07:55:00,1767426900000,1767426959999,DOGE,1m,0.13986,0.13986,0.13986,0.13986,1680.0,1
2026-01-03 07:56:00,1767426960000,1767427019999,DOGE,1m,0.13981,0.13986,0.13986,0.13981,622.0,4
2026-01-03 07:57:00,1767427020000,1767427079999,DOGE,1m,0.13987,0.13987,0.13987,0.13987,212.0,1
2026-01-03 07:58:00,1767427080000,1767427139999,DOGE,1m,0.13992,0.13992,0.13992,0.13992,154.0,1
2026-01-03 07:59:00,1767427140000,1767427199999,DOGE,1m,0.13994,0.13993,0.13994,0.13993,227.0,2
2026-01-03 08:00:00,1767427200000,1767427259999,DOGE,1m,0.13987,0.13981,0.13994,0.13978,19336.0,13
2026-01-03 08:01:00,1767427260000,1767427319999,DOGE,1m,0.13997,0.13998,0.13998,0.13997,55206.0,4
2026-01-03 08:02:00,1767427320000,1767427379999,DOGE,1m,0.13999,0.14001,0.14003,0.13994,21929.0,8
2026-01-03 08:03:00,1767427380000,1767427439999,DOGE,1m,0.14006,0.14027,0.14034,0.14004,59607.0,11
2026-01-03 08:04:00,1767427440000,1767427499999,DOGE,1m,0.14012,0.1398,0.14014,0.13979,25003.0,12
2026-01-03 08:05:00,1767427500000,1767427559999,DOGE,1m,0.13982,0.13978,0.13982,0.13978,10344.0,3
2026-01-03 08:06:00,1767427560000,1767427619999,DOGE,1m,0.13968,0.13963,0.13968,0.13963,5931.0,4
2026-01-03 08:07:00,1767427620000,1767427679999,DOGE,1m,0.13957,0.13937,0.13957,0.13937,34513.0,13
2026-01-03 08:08:00,1767427680000,1767427739999,DOGE,1m,0.13943,0.13948,0.13949,0.13936,39805.0,14
2026-01-03 08:09:00,1767427740000,1767427799999,DOGE,1m,0.13959,0.14,0.14,0.13958,13125.0,8
2026-01-03 08:10:00,1767427800000,1767427859999,DOGE,1m,0.14007,0.14008,0.14021,0.14006,14793.0,8
2026-01-03 08:11:00,1767427860000,1767427919999,DOGE,1m,0.14013,0.14013,0.14016,0.14013,5424.0,6
2026-01-03 08:12:00,1767427920000,1767427979999,DOGE,1m,0.14007,0.14029,0.14029,0.14007,5310.0,4
2026-01-03 08:13:00,1767427980000,1767428039999,DOGE,1m,0.14026,0.14019,0.14026,0.14018,10388.0,7
2026-01-03 08:14:00,1767428040000,1767428099999,DOGE,1m,0.14023,0.14022,0.14027,0.14021,9975.0,5
2026-01-03 08:15:00,1767428100000,1767428159999,DOGE,1m,0.14011,0.14014,0.14016,0.14003,11810.0,5
2026-01-03 08:16:00,1767428160000,1767428219999,DOGE,1m,0.14011,0.14021,0.14021,0.14011,1178.0,3
2026-01-03 08:17:00,1767428220000,1767428279999,DOGE,1m,0.14026,0.1403,0.1403,0.14025,1523.0,3
2026-01-03 08:18:00,1767428280000,1767428339999,DOGE,1m,0.14033,0.14055,0.14072,0.14033,746218.0,27
2026-01-03 08:19:00,1767428340000,1767428399999,DOGE,1m,0.14051,0.14051,0.14051,0.14051,10620.0,1
2026-01-03 08:20:00,1767428400000,1767428459999,DOGE,1m,0.14034,0.14019,0.14034,0.14013,31024.0,17
2026-01-03 08:21:00,1767428460000,1767428519999,DOGE,1m,0.14029,0.14029,0.14029,0.14029,7162.0,2
2026-01-03 08:22:00,1767428520000,1767428579999,DOGE,1m,0.14006,0.14,0.14006,0.14,17550.0,5
2026-01-03 08:23:00,1767428580000,1767428639999,DOGE,1m,0.14004,0.14003,0.14005,0.14003,74074.0,4
2026-01-03 08:24:00,1767428640000,1767428699999,DOGE,1m,0.14017,0.14013,0.14018,0.14013,25751.0,8
2026-01-03 08:25:00,1767428700000,1767428759999,DOGE,1m,0.14015,0.14018,0.14018,0.14014,3407.0,3
2026-01-03 08:26:00,1767428760000,1767428819999,DOGE,1m,0.1402,0.1402,0.1402,0.1402,2651.0,3
2026-01-03 08:27:00,1767428820000,1767428879999,DOGE,1m,0.14033,0.14035,0.14044,0.14033,29393.0,14
2026-01-03 08:28:00,1767428880000,1767428939999,DOGE,1m,0.14045,0.14032,0.14045,0.14024,21927.0,20
2026-01-03 08:29:00,1767428940000,1767428999999,DOGE,1m,0.14054,0.1405,0.14054,0.1405,1304.0,2
2026-01-03 08:30:00,1767429000000,1767429059999,DOGE,1m,0.14047,0.1403,0.14047,0.1403,65171.0,14
2026-01-03 08:31:00,1767429060000,1767429119999,DOGE,1m,0.14029,0.14055,0.14055,0.14029,8071.0,7
2026-01-03 08:32:00,1767429120000,1767429179999,DOGE,1m,0.14051,0.14047,0.14051,0.14039,31265.0,13
2026-01-03 08:33:00,1767429180000,1767429239999,DOGE,1m,0.14054,0.14096,0.14103,0.14051,26804.0,19
2026-01-03 08:34:00,1767429240000,1767429299999,DOGE,1m,0.14093,0.14088,0.14093,0.14075,94487.0,111
2026-01-03 08:35:00,1767429300000,1767429359999,DOGE,1m,0.14088,0.14067,0.14088,0.14063,282603.0,203
2026-01-03 08:36:00,1767429360000,1767429419999,DOGE,1m,0.14075,0.14069,0.14075,0.14065,36059.0,48
2026-01-03 08:37:00,1767429420000,1767429479999,DOGE,1m,0.14075,0.14081,0.14104,0.14071,126598.0,75
2026-01-03 08:38:00,1767429480000,1767429539999,DOGE,1m,0.14098,0.14096,0.1411,0.14094,37241.0,27
2026-01-03 08:39:00,1767429540000,1767429599999,DOGE,1m,0.14101,0.14114,0.14121,0.14101,42521.0,40
2026-01-03 08:40:00,1767429600000,1767429659999,DOGE,1m,0.14114,0.14119,0.14129,0.14109,24556.0,48
2026-01-03 08:41:00,1767429660000,1767429719999,DOGE,1m,0.14121,0.14113,0.14121,0.14111,102120.0,51
2026-01-03 08:42:00,1767429720000,1767429779999,DOGE,1m,0.14118,0.14122,0.14133,0.14117,43193.0,40
2026-01-03 08:43:00,1767429780000,1767429839999,DOGE,1m,0.14137,0.14123,0.14137,0.14123,51940.0,38
2026-01-03 08:44:00,1767429840000,1767429899999,DOGE,1m,0.14127,0.14128,0.14131,0.14127,18508.0,15
2026-01-03 08:45:00,1767429900000,1767429959999,DOGE,1m,0.14125,0.14124,0.14132,0.14124,17321.0,10
2026-01-03 08:46:00,1767429960000,1767430019999,DOGE,1m,0.14123,0.14116,0.14123,0.14114,24998.0,34
2026-01-03 08:47:00,1767430020000,1767430079999,DOGE,1m,0.14116,0.14116,0.14116,0.14116,0.0,0
2026-01-03 08:48:00,1767430080000,1767430139999,DOGE,1m,0.14112,0.14105,0.14112,0.14105,70715.0,71
2026-01-03 08:49:00,1767430140000,1767430199999,DOGE,1m,0.14102,0.14101,0.14102,0.14094,22423.0,15
2026-01-03 08:50:00,1767430200000,1767430259999,DOGE,1m,0.14103,0.14103,0.14103,0.14103,106.0,1
2026-01-03 08:51:00,1767430260000,1767430319999,DOGE,1m,0.14103,0.14103,0.14103,0.14103,0.0,0
2026-01-03 08:52:00,1767430320000,1767430379999,DOGE,1m,0.14099,0.14095,0.14099,0.14095,6141.0,2
2026-01-03 08:53:00,1767430380000,1767430439999,DOGE,1m,0.14097,0.14105,0.14105,0.14097,7162.0,3
2026-01-03 08:54:00,1767430440000,1767430499999,DOGE,1m,0.14106,0.14105,0.14106,0.14105,215.0,2
2026-01-03 08:55:00,1767430500000,1767430559999,DOGE,1m,0.14105,0.14105,0.14105,0.14105,0.0,0
2026-01-03 08:56:00,1767430560000,1767430619999,DOGE,1m,0.14093,0.1409,0.14093,0.1409,932.0,3
2026-01-03 08:57:00,1767430620000,1767430679999,DOGE,1m,0.14093,0.14092,0.14094,0.14092,24149.0,5
2026-01-03 08:58:00,1767430680000,1767430739999,DOGE,1m,0.1409,0.14078,0.1409,0.14078,4745.0,9
2026-01-03 08:59:00,1767430740000,1767430799999,DOGE,1m,0.14078,0.14078,0.14078,0.14078,0.0,0
2026-01-03 09:00:00,1767430800000,1767430859999,DOGE,1m,0.14082,0.14087,0.14087,0.14082,26174.0,10
2026-01-03 09:01:00,1767430860000,1767430919999,DOGE,1m,0.14078,0.14064,0.14078,0.14064,55931.0,68
2026-01-03 09:02:00,1767430920000,1767430979999,DOGE,1m,0.14072,0.14093,0.14093,0.14072,3409.0,5
2026-01-03 09:03:00,1767430980000,1767431039999,DOGE,1m,0.14091,0.14086,0.14091,0.14086,15366.0,4
2026-01-03 09:04:00,1767431040000,1767431099999,DOGE,1m,0.14082,0.14084,0.14084,0.14082,10844.0,2
2026-01-03 09:05:00,1767431100000,1767431159999,DOGE,1m,0.14089,0.14079,0.14089,0.14079,709880.0,25
2026-01-03 09:06:00,1767431160000,1767431219999,DOGE,1m,0.14067,0.14067,0.14072,0.14067,77963.0,6
2026-01-03 09:07:00,1767431220000,1767431279999,DOGE,1m,0.14064,0.14066,0.14072,0.14056,51164.0,30
2026-01-03 09:08:00,1767431280000,1767431339999,DOGE,1m,0.14065,0.14059,0.14065,0.14058,14196.0,10
2026-01-03 09:09:00,1767431340000,1767431399999,DOGE,1m,0.14057,0.14057,0.14057,0.14057,580.0,2
2026-01-03 09:10:00,1767431400000,1767431459999,DOGE,1m,0.14052,0.14058,0.14058,0.14052,12946.0,4
2026-01-03 09:11:00,1767431460000,1767431519999,DOGE,1m,0.14058,0.14058,0.14058,0.14058,0.0,0
2026-01-03 09:12:00,1767431520000,1767431579999,DOGE,1m,0.14053,0.14041,0.14053,0.1404,177917.0,49
2026-01-03 09:13:00,1767431580000,1767431639999,DOGE,1m,0.1404,0.14037,0.14043,0.14037,6498.0,6
2026-01-03 09:14:00,1767431640000,1767431699999,DOGE,1m,0.14036,0.14037,0.14042,0.14036,1621.0,3
2026-01-03 09:15:00,1767431700000,1767431759999,DOGE,1m,0.14046,0.14037,0.14049,0.14037,493828.0,27
2026-01-03 09:16:00,1767431760000,1767431819999,DOGE,1m,0.14036,0.14036,0.14036,0.14036,6247.0,1
2026-01-03 09:17:00,1767431820000,1767431879999,DOGE,1m,0.1405,0.14049,0.1405,0.14049,12672.0,4
2026-01-03 09:18:00,1767431880000,1767431939999,DOGE,1m,0.14052,0.14052,0.14052,0.14052,6183.0,2
2026-01-03 09:19:00,1767431940000,1767431999999,DOGE,1m,0.14056,0.14059,0.1406,0.14056,24186.0,9
2026-01-03 09:20:00,1767432000000,1767432059999,DOGE,1m,0.14055,0.14055,0.14055,0.14055,8950.0,1
2026-01-03 09:21:00,1767432060000,1767432119999,DOGE,1m,0.14074,0.14065,0.14074,0.14065,10236.0,3
2026-01-03 09:22:00,1767432120000,1767432179999,DOGE,1m,0.14064,0.14107,0.14107,0.14064,114477.0,16
2026-01-03 09:23:00,1767432180000,1767432239999,DOGE,1m,0.14101,0.14088,0.14101,0.14088,12197.0,6
2026-01-03 09:24:00,1767432240000,1767432299999,DOGE,1m,0.14088,0.14086,0.14089,0.14082,23654.0,7
2026-01-03 09:25:00,1767432300000,1767432359999,DOGE,1m,0.14086,0.14106,0.14106,0.14086,5529.0,5
2026-01-03 09:26:00,1767432360000,1767432419999,DOGE,1m,0.1411,0.14134,0.14134,0.1411,221590.0,10
2026-01-03 09:27:00,1767432420000,1767432479999,DOGE,1m,0.14128,0.14132,0.14132,0.14128,679.0,3
2026-01-03 09:28:00,1767432480000,1767432539999,DOGE,1m,0.14133,0.14129,0.14135,0.14129,6812.0,6
