timestamp,open,high,low,close,volume
2025-11-11 15:30:00,0.17652,0.1766,0.17532,0.17605,4502192.0
2025-11-11 15:45:00,0.17606,0.17634,0.17556,0.1763,639140.0
2025-11-11 16:00:00,0.17619,0.17708,0.17605,0.17664,1507487.0
2025-11-11 16:15:00,0.17664,0.17699,0.17579,0.17585,337454.0
2025-11-11 16:30:00,0.17586,0.17639,0.17549,0.17612,517454.0
2025-11-11 16:45:00,0.176,0.17667,0.17587,0.17597,508169.0
2025-11-11 17:00:00,0.17599,0.1769,0.17575,0.17658,119517.0
2025-11-11 17:15:00,0.17651,0.17657,0.17581,0.17585,98670.0
2025-11-11 17:30:00,0.176,0.17602,0.17434,0.1751,1198718.0
2025-11-11 17:45:00,0.17517,0.17593,0.17496,0.17571,705704.0
2025-11-11 18:00:00,0.17572,0.17628,0.17499,0.17562,1251047.0
2025-11-11 18:15:00,0.17547,0.17564,0.17472,0.17504,421303.0
2025-11-11 18:30:00,0.17522,0.17557,0.17467,0.17471,249743.0
2025-11-11 18:45:00,0.17467,0.17545,0.17467,0.17492,74091.0
2025-11-11 19:00:00,0.17489,0.17489,0.17347,0.17447,959220.0
2025-11-11 19:15:00,0.17457,0.17505,0.17457,0.17494,141949.0
2025-11-11 19:30:00,0.17505,0.17521,0.17437,0.1746,111511.0
2025-11-11 19:45:00,0.17445,0.17493,0.1742,0.17431,149626.0
2025-11-11 20:00:00,0.1743,0.17444,0.17379,0.17415,1449567.0
2025-11-11 20:15:00,0.1743,0.17458,0.17383,0.17383,278770.0
2025-11-11 20:30:00,0.17383,0.17383,0.17291,0.17313,2616327.0
2025-11-11 20:45:00,0.17314,0.17333,0.17258,0.17294,1619729.0
2025-11-11 21:00:00,0.17305,0.17373,0.1729,0.17351,360518.0
2025-11-11 21:15:00,0.17353,0.17363,0.17322,0.17329,126488.0
2025-11-11 21:30:00,0.17329,0.17329,0.17172,0.17195,1010627.0
2025-11-11 21:45:00,0.17207,0.17275,0.17197,0.17238,516048.0
2025-11-11 22:00:00,0.17234,0.1728,0.17172,0.17277,319999.0
2025-11-11 22:15:00,0.17285,0.17342,0.17234,0.17335,606236.0
2025-11-11 22:30:00,0.17331,0.17372,0.17312,0.17346,156961.0
2025-11-11 22:45:00,0.17346,0.17365,0.17307,0.1732,465593.0
2025-11-11 23:00:00,0.17323,0.17323,0.17271,0.17298,1248095.0
2025-11-11 23:15:00,0.17302,0.17329,0.17257,0.17269,653618.0
2025-11-11 23:30:00,0.17269,0.17269,0.17194,0.17235,760312.0
2025-11-11 23:45:00,0.17238,0.17247,0.17159,0.17203,2041517.0
2025-11-12 00:00:00,0.17207,0.17284,0.17138,0.1721,2167377.0
2025-11-12 00:15:00,0.172,0.17291,0.17199,0.17243,3383374.0
2025-11-12 00:30:00,0.17238,0.17247,0.17183,0.17235,1421616.0
2025-11-12 00:45:00,0.17246,0.1725,0.17157,0.17164,701486.0
2025-11-12 01:00:00,0.17159,0.17277,0.17142,0.17272,502414.0
2025-11-12 01:15:00,0.17268,0.17304,0.1721,0.17242,523622.0
2025-11-12 01:30:00,0.17251,0.17293,0.17234,0.17277,549462.0
2025-11-12 01:45:00,0.17286,0.17297,0.17259,0.17269,807038.0
2025-11-12 02:00:00,0.17268,0.17298,0.17251,0.17273,529853.0
2025-11-12 02:15:00,0.17276,0.17292,0.17207,0.17208,2047426.0
2025-11-12 02:30:00,0.17211,0.17214,0.17096,0.17132,929158.0
2025-11-12 02:45:00,0.17139,0.17203,0.17108,0.17182,914217.0
2025-11-12 03:00:00,0.17177,0.17204,0.17156,0.17166,252660.0
2025-11-12 03:15:00,0.17169,0.17214,0.1716,0.17193,636401.0
2025-11-12 03:30:00,0.17202,0.17202,0.17166,0.17195,428104.0
2025-11-12 03:45:00,0.17191,0.17192,0.1715,0.17153,67387.0
2025-11-12 04:00:00,0.17158,0.1721,0.17127,0.17207,2204898.0
2025-11-12 04:15:00,0.17212,0.17212,0.17154,0.17163,76071.0
2025-11-12 04:30:00,0.17159,0.17164,0.17118,0.17121,68842.0
2025-11-12 04:45:00,0.17124,0.17156,0.17108,0.17152,290131.0
2025-11-12 05:00:00,0.17163,0.17178,0.17124,0.17142,57271.0
2025-11-12 05:15:00,0.17134,0.17234,0.1713,0.172,252514.0
2025-11-12 05:30:00,0.17197,0.17211,0.17164,0.17211,153600.0
2025-11-12 05:45:00,0.17216,0.17218,0.17175,0.17199,41620.0
2025-11-12 06:00:00,0.172,0.17272,0.17193,0.17252,165202.0
2025-11-12 06:15:00,0.17252,0.17291,0.17244,0.17264,265497.0
2025-11-12 06:30:00,0.1726,0.17278,0.17242,0.17246,162837.0
2025-11-12 06:45:00,0.17249,0.17265,0.1722,0.1722,166437.0
2025-11-12 07:00:00,0.17217,0.17238,0.17182,0.17228,305925.0
2025-11-12 07:15:00,0.17233,0.17233,0.17195,0.17228,139611.0
2025-11-12 07:30:00,0.17227,0.17243,0.17191,0.17225,48500.0
2025-11-12 07:45:00,0.17224,0.17226,0.17122,0.17138,345918.0
2025-11-12 08:00:00,0.17141,0.17199,0.1714,0.17187,173812.0
2025-11-12 08:15:00,0.17197,0.17329,0.17197,0.17322,302963.0
2025-11-12 08:30:00,0.17323,0.17447,0.1732,0.17402,2091091.0
2025-11-12 08:45:00,0.17403,0.17439,0.17389,0.17409,648081.0
2025-11-12 09:00:00,0.17405,0.1752,0.17398,0.17516,1598208.0
2025-11-12 09:15:00,0.17519,0.1755,0.17489,0.17496,970713.0
2025-11-12 09:30:00,0.17496,0.17498,0.17423,0.17493,382306.0
2025-11-12 09:45:00,0.17493,0.17524,0.1747,0.17515,243215.0
2025-11-12 10:00:00,0.17511,0.17588,0.1751,0.17588,262137.0
2025-11-12 10:15:00,0.17594,0.17597,0.17564,0.17579,1887530.0
2025-11-12 10:30:00,0.17578,0.17649,0.17565,0.17597,6165576.0
2025-11-12 10:45:00,0.17602,0.1765,0.17602,0.17641,1642876.0
2025-11-12 11:00:00,0.17636,0.17704,0.17625,0.17669,1875657.0
2025-11-12 11:15:00,0.17669,0.17686,0.17629,0.17629,366690.0
2025-11-12 11:30:00,0.17627,0.17649,0.1759,0.17614,269603.0
2025-11-12 11:45:00,0.17621,0.17644,0.17596,0.17615,434189.0
2025-11-12 12:00:00,0.17619,0.17658,0.17583,0.17658,621345.0
2025-11-12 12:15:00,0.17657,0.17705,0.17617,0.17644,1344242.0
2025-11-12 12:30:00,0.17644,0.17646,0.1758,0.17618,461958.0
2025-11-12 12:45:00,0.17614,0.17672,0.17614,0.17645,52304.0
2025-11-12 13:00:00,0.17646,0.17649,0.17601,0.17615,136187.0
2025-11-12 13:15:00,0.17611,0.17683,0.17574,0.17683,274064.0
2025-11-12 13:30:00,0.17677,0.17773,0.17646,0.17771,579158.0
2025-11-12 13:45:00,0.17762,0.17805,0.17751,0.178,348328.0
2025-11-12 14:00:00,0.178,0.1785,0.17728,0.17842,319709.0
2025-11-12 14:15:00,0.17844,0.17856,0.17765,0.17786,232825.0
2025-11-12 14:30:00,0.17784,0.17784,0.17687,0.17716,275122.0
2025-11-12 14:45:00,0.17716,0.17744,0.17351,0.17536,9819370.0
2025-11-12 15:00:00,0.1753,0.17663,0.17496,0.17521,1717118.0
2025-11-12 15:15:00,0.1752,0.17559,0.17412,0.17468,4757745.0
2025-11-12 15:30:00,0.17473,0.17527,0.17282,0.17332,2963798.0
2025-11-12 15:45:00,0.17333,0.17349,0.17084,0.17135,4483520.0
2025-11-12 16:00:00,0.17135,0.17174,0.16791,0.16876,11268244.0
2025-11-12 16:15:00,0.16884,0.17012,0.16869,0.16939,5507864.0
2025-11-12 16:30:00,0.1694,0.17072,0.16874,0.16984,3576333.0
2025-11-12 16:45:00,0.16988,0.1703,0.1688,0.16917,2949569.0
2025-11-12 17:00:00,0.16918,0.16956,0.16848,0.16866,2780378.0
2025-11-12 17:15:00,0.1688,0.16908,0.1681,0.16898,1335613.0
2025-11-12 17:30:00,0.16895,0.17064,0.16863,0.1694,1402522.0
2025-11-12 17:45:00,0.16938,0.16973,0.16894,0.16944,537886.0
2025-11-12 18:00:00,0.16944,0.16982,0.16886,0.16906,1260608.0
2025-11-12 18:15:00,0.16905,0.16998,0.16893,0.16926,2019353.0
2025-11-12 18:30:00,0.16918,0.16971,0.16895,0.16899,984286.0
2025-11-12 18:45:00,0.16901,0.16904,0.16834,0.16855,563675.0
2025-11-12 19:00:00,0.16853,0.16853,0.16742,0.16755,3305500.0
2025-11-12 19:15:00,0.16748,0.16813,0.16737,0.16779,876329.0
2025-11-12 19:30:00,0.16777,0.16921,0.16719,0.16844,2410632.0
2025-11-12 19:45:00,0.16845,0.16919,0.16822,0.16902,467939.0
2025-11-12 20:00:00,0.16892,0.16946,0.16847,0.16915,980783.0
2025-11-12 20:15:00,0.1691,0.17043,0.16907,0.17035,1337387.0
2025-11-12 20:30:00,0.17033,0.17089,0.17023,0.17049,525562.0
2025-11-12 20:45:00,0.17046,0.17068,0.17027,0.17036,140039.0
2025-11-12 21:00:00,0.17043,0.17134,0.17041,0.17128,697861.0
2025-11-12 21:15:00,0.17128,0.17128,0.1703,0.17034,1009328.0
2025-11-12 21:30:00,0.17039,0.17077,0.17033,0.17066,370200.0
2025-11-12 21:45:00,0.17066,0.17067,0.1703,0.17062,222303.0
2025-11-12 22:00:00,0.1705,0.17059,0.16953,0.16966,318496.0
2025-11-12 22:15:00,0.16965,0.17018,0.16954,0.1696,163963.0
2025-11-12 22:30:00,0.16966,0.17049,0.16951,0.17049,227664.0
2025-11-12 22:45:00,0.17048,0.17116,0.17048,0.171,290139.0
2025-11-12 23:00:00,0.17088,0.17097,0.16983,0.17012,227273.0
2025-11-12 23:15:00,0.1702,0.1706,0.17012,0.17028,47908.0
2025-11-12 23:30:00,0.17028,0.17035,0.16978,0.16981,195374.0
2025-11-12 23:45:00,0.16979,0.17016,0.1695,0.17015,198458.0
2025-11-13 00:00:00,0.17008,0.17077,0.17,0.17065,458119.0
2025-11-13 00:15:00,0.17064,0.17102,0.17009,0.17032,857062.0
2025-11-13 00:30:00,0.17036,0.17165,0.17036,0.17084,652975.0
2025-11-13 00:45:00,0.17086,0.17094,0.17035,0.17046,1471469.0
2025-11-13 01:00:00,0.17046,0.17209,0.17042,0.17174,885839.0
2025-11-13 01:15:00,0.17166,0.17184,0.17063,0.171,463833.0
2025-11-13 01:30:00,0.17099,0.17214,0.1709,0.17204,532346.0
2025-11-13 01:45:00,0.17196,0.17203,0.17086,0.17099,93553.0
2025-11-13 02:00:00,0.17103,0.17137,0.17082,0.17095,253787.0
2025-11-13 02:15:00,0.17098,0.17131,0.17049,0.17049,163084.0
2025-11-13 02:30:00,0.17052,0.17174,0.17051,0.17159,296138.0
2025-11-13 02:45:00,0.17158,0.17186,0.17116,0.17116,119069.0
2025-11-13 03:00:00,0.1712,0.1713,0.16989,0.1699,2439700.0
2025-11-13 03:15:00,0.16995,0.17259,0.16916,0.1725,2378827.0
2025-11-13 03:30:00,0.17256,0.17488,0.17256,0.17435,1556852.0
2025-11-13 03:45:00,0.17428,0.17554,0.17398,0.17398,1291236.0
2025-11-13 04:00:00,0.17398,0.17439,0.17318,0.17438,931767.0
2025-11-13 04:15:00,0.17453,0.17522,0.17354,0.1749,829660.0
2025-11-13 04:30:00,0.17462,0.17516,0.17434,0.17478,348720.0
2025-11-13 04:45:00,0.17478,0.175,0.17404,0.17473,1227312.0
2025-11-13 05:00:00,0.17461,0.17486,0.17364,0.17364,610880.0
2025-11-13 05:15:00,0.17366,0.17448,0.17346,0.17448,264283.0
2025-11-13 05:30:00,0.17442,0.17546,0.17411,0.17542,179731.0
2025-11-13 05:45:00,0.17552,0.17654,0.17538,0.17596,839559.0
2025-11-13 06:00:00,0.17605,0.17639,0.17552,0.17597,302146.0
2025-11-13 06:15:00,0.17592,0.17651,0.17579,0.17651,260076.0
2025-11-13 06:30:00,0.1766,0.17661,0.17598,0.17618,246264.0
2025-11-13 06:45:00,0.17624,0.17671,0.17617,0.17618,123082.0
2025-11-13 07:00:00,0.17616,0.1766,0.17594,0.1766,268076.0
2025-11-13 07:15:00,0.17653,0.17691,0.17627,0.17661,266233.0
2025-11-13 07:30:00,0.17662,0.17675,0.17558,0.17578,393262.0
2025-11-13 07:45:00,0.17577,0.17583,0.17531,0.17566,2037261.0
2025-11-13 08:00:00,0.17573,0.17623,0.17537,0.17583,404864.0
2025-11-13 08:15:00,0.17589,0.17624,0.17588,0.17614,280403.0
2025-11-13 08:30:00,0.17619,0.17635,0.17603,0.17607,242950.0
2025-11-13 08:45:00,0.17607,0.17612,0.17539,0.17549,94167.0
2025-11-13 09:00:00,0.17549,0.1757,0.1742,0.17446,1370262.0
2025-11-13 09:15:00,0.17462,0.17518,0.17431,0.17478,205611.0
2025-11-13 09:30:00,0.17484,0.17496,0.17446,0.17482,381809.0
2025-11-13 09:45:00,0.1749,0.17497,0.17456,0.17477,180145.0
2025-11-13 10:00:00,0.17491,0.17572,0.17491,0.1756,204754.0
2025-11-13 10:15:00,0.17558,0.17679,0.17558,0.17617,261657.0
2025-11-13 10:30:00,0.17609,0.17609,0.17538,0.17568,1596044.0
2025-11-13 10:45:00,0.17567,0.17594,0.17552,0.17591,119009.0
2025-11-13 11:00:00,0.17602,0.17629,0.17601,0.17616,186958.0
2025-11-13 11:15:00,0.17613,0.17618,0.17553,0.1756,171143.0
2025-11-13 11:30:00,0.17557,0.17591,0.17525,0.17591,199567.0
2025-11-13 11:45:00,0.17591,0.17605,0.17567,0.17586,102825.0
2025-11-13 12:00:00,0.17586,0.17612,0.17538,0.17564,1064524.0
2025-11-13 12:15:00,0.17576,0.17602,0.17566,0.17574,151392.0
2025-11-13 12:30:00,0.17573,0.17616,0.17552,0.17568,189290.0
2025-11-13 12:45:00,0.17569,0.17593,0.17519,0.17551,290513.0
2025-11-13 13:00:00,0.17559,0.17559,0.17516,0.17553,189181.0
2025-11-13 13:15:00,0.17549,0.17585,0.17468,0.17502,374865.0
2025-11-13 13:30:00,0.17505,0.17515,0.17371,0.17465,3707396.0
2025-11-13 13:45:00,0.17467,0.17514,0.17437,0.17443,654749.0
2025-11-13 14:00:00,0.17445,0.17482,0.17415,0.17439,2646235.0
2025-11-13 14:15:00,0.17436,0.17511,0.17398,0.17481,445854.0
2025-11-13 14:30:00,0.1748,0.17525,0.17301,0.17329,5894133.0
2025-11-13 14:45:00,0.17321,0.1776,0.17316,0.17632,16867371.0
2025-11-13 15:00:00,0.17621,0.1766,0.17465,0.1765,8597171.0
2025-11-13 15:15:00,0.17662,0.17682,0.1742,0.17451,1542829.0
2025-11-13 15:30:00,0.17464,0.17464,0.17323,0.17331,2137005.0
2025-11-13 15:45:00,0.1733,0.1733,0.17209,0.17268,1407886.0
2025-11-13 16:00:00,0.17272,0.17312,0.17224,0.173,295021.0
2025-11-13 16:15:00,0.17305,0.1731,0.17108,0.17172,2169239.0
2025-11-13 16:30:00,0.17174,0.17243,0.17047,0.17089,2065778.0
2025-11-13 16:45:00,0.17093,0.17112,0.1695,0.16971,3097427.0
2025-11-13 17:00:00,0.1698,0.16989,0.16841,0.16856,1381561.0
2025-11-13 17:15:00,0.1687,0.16903,0.16806,0.16891,2085021.0
2025-11-13 17:30:00,0.16891,0.16922,0.16624,0.16658,5029092.0
2025-11-13 17:45:00,0.16658,0.16684,0.16532,0.16556,4280883.0
2025-11-13 18:00:00,0.16559,0.16591,0.16409,0.16458,2617697.0
2025-11-13 18:15:00,0.16459,0.16506,0.16318,0.16383,3702284.0
2025-11-13 18:30:00,0.16384,0.16386,0.1622,0.16356,4904795.0
2025-11-13 18:45:00,0.16361,0.16396,0.16197,0.1626,6199879.0
2025-11-13 19:00:00,0.16261,0.16351,0.16184,0.16184,2791248.0
2025-11-13 19:15:00,0.16184,0.16346,0.16109,0.16292,2926588.0
2025-11-13 19:30:00,0.16292,0.16306,0.16055,0.16158,2837367.0
2025-11-13 19:45:00,0.1616,0.16166,0.1602,0.16116,1906942.0
2025-11-13 20:00:00,0.16121,0.16137,0.16015,0.16092,2219465.0
2025-11-13 20:15:00,0.16096,0.16118,0.15996,0.16087,3930850.0
2025-11-13 20:30:00,0.16088,0.16253,0.16074,0.16159,3395428.0
2025-11-13 20:45:00,0.16147,0.1617,0.16068,0.16114,1183017.0
2025-11-13 21:00:00,0.16115,0.16176,0.161,0.16135,995533.0
2025-11-13 21:15:00,0.16141,0.16146,0.16012,0.16027,1353706.0
2025-11-13 21:30:00,0.16027,0.16121,0.16015,0.16118,404181.0
2025-11-13 21:45:00,0.16116,0.16159,0.16073,0.16138,240543.0
2025-11-13 22:00:00,0.16134,0.16256,0.16099,0.16231,526911.0
2025-11-13 22:15:00,0.16234,0.16301,0.1619,0.1628,3823853.0
2025-11-13 22:30:00,0.16281,0.16365,0.16254,0.16332,512036.0
2025-11-13 22:45:00,0.1633,0.16377,0.16299,0.16377,1236641.0
2025-11-13 23:00:00,0.16376,0.16383,0.16284,0.16382,442776.0
2025-11-13 23:15:00,0.16381,0.16455,0.16375,0.16444,2180615.0
2025-11-13 23:30:00,0.1645,0.1653,0.16426,0.16519,486911.0
2025-11-13 23:45:00,0.16519,0.16519,0.16353,0.1638,1179410.0
2025-11-14 00:00:00,0.16377,0.16412,0.16316,0.16382,1649316.0
2025-11-14 00:15:00,0.16376,0.16416,0.16263,0.16396,1099216.0
2025-11-14 00:30:00,0.16395,0.16492,0.16332,0.16377,522188.0
2025-11-14 00:45:00,0.16374,0.1638,0.16256,0.163,294540.0
2025-11-14 01:00:00,0.16304,0.16349,0.16251,0.16313,830810.0
2025-11-14 01:15:00,0.1632,0.16428,0.16298,0.16311,409002.0
2025-11-14 01:30:00,0.16344,0.16412,0.16304,0.16332,1155723.0
2025-11-14 01:45:00,0.16334,0.16382,0.16304,0.16314,374890.0
2025-11-14 02:00:00,0.16319,0.1644,0.16313,0.16401,901591.0
2025-11-14 02:15:00,0.16413,0.16495,0.16413,0.16495,187570.0
2025-11-14 02:30:00,0.16496,0.1655,0.16481,0.16541,1063888.0
2025-11-14 02:45:00,0.16541,0.1656,0.16466,0.16495,411320.0
2025-11-14 03:00:00,0.1649,0.16503,0.16434,0.16475,280409.0
2025-11-14 03:15:00,0.16471,0.16471,0.16415,0.16459,180576.0
2025-11-14 03:30:00,0.16457,0.16467,0.16377,0.1638,535308.0
2025-11-14 03:45:00,0.16381,0.16416,0.16355,0.16393,236946.0
2025-11-14 04:00:00,0.16402,0.16409,0.16314,0.16346,346094.0
2025-11-14 04:15:00,0.16347,0.16398,0.16342,0.16393,119609.0
2025-11-14 04:30:00,0.16383,0.16383,0.15913,0.16175,17082406.0
2025-11-14 04:45:00,0.16173,0.16296,0.16116,0.1625,5992155.0
2025-11-14 05:00:00,0.16249,0.16368,0.16241,0.16258,3579389.0
2025-11-14 05:15:00,0.16259,0.16391,0.1625,0.16329,1871199.0
2025-11-14 05:30:00,0.16324,0.1638,0.16244,0.16355,2150792.0
2025-11-14 05:45:00,0.16349,0.16455,0.16329,0.16414,1974910.0
2025-11-14 06:00:00,0.16425,0.16425,0.16342,0.16375,810641.0
2025-11-14 06:15:00,0.16374,0.16374,0.16254,0.16297,790295.0
2025-11-14 06:30:00,0.16297,0.1632,0.16218,0.16252,1149926.0
2025-11-14 06:45:00,0.16253,0.16563,0.16126,0.16547,5317033.0
2025-11-14 07:00:00,0.16545,0.16581,0.16411,0.16501,3672178.0
2025-11-14 07:15:00,0.16499,0.1655,0.16475,0.16542,914883.0
2025-11-14 07:30:00,0.16536,0.16556,0.16416,0.16469,953901.0
2025-11-14 07:45:00,0.16482,0.16613,0.16472,0.16505,1175636.0
2025-11-14 08:00:00,0.16505,0.16523,0.16435,0.16435,297849.0
2025-11-14 08:15:00,0.16422,0.16504,0.16383,0.16407,501285.0
2025-11-14 08:30:00,0.1639,0.16467,0.16372,0.16407,643598.0
2025-11-14 08:45:00,0.16396,0.1641,0.16317,0.16398,1658752.0
2025-11-14 09:00:00,0.16393,0.16453,0.16372,0.16387,449418.0
2025-11-14 09:15:00,0.16385,0.16385,0.16279,0.16293,478101.0
2025-11-14 09:30:00,0.16296,0.16302,0.16192,0.16268,1393272.0
2025-11-14 09:45:00,0.16266,0.16273,0.16187,0.16203,267923.0
2025-11-14 10:00:00,0.16204,0.16286,0.16202,0.16268,398649.0
2025-11-14 10:15:00,0.1628,0.1635,0.16272,0.16339,1248091.0
2025-11-14 10:30:00,0.16328,0.16411,0.16316,0.16355,900049.0
2025-11-14 10:45:00,0.16339,0.16352,0.16295,0.16325,680704.0
2025-11-14 11:00:00,0.16321,0.1634,0.16171,0.16197,759614.0
2025-11-14 11:15:00,0.16186,0.16256,0.16154,0.16183,273271.0
2025-11-14 11:30:00,0.16184,0.16198,0.16071,0.16163,840894.0
2025-11-14 11:45:00,0.16154,0.16205,0.16108,0.16205,1315167.0
2025-11-14 12:00:00,0.16201,0.16201,0.16018,0.16024,1413262.0
2025-11-14 12:15:00,0.16032,0.16071,0.15965,0.16027,1017159.0
2025-11-14 12:30:00,0.16034,0.16067,0.15769,0.1582,8982704.0
2025-11-14 12:45:00,0.15824,0.16124,0.15815,0.16093,11174905.0
2025-11-14 13:00:00,0.16099,0.16191,0.15967,0.15984,5886219.0
2025-11-14 13:15:00,0.1599,0.16016,0.15903,0.15953,1754274.0
2025-11-14 13:30:00,0.15956,0.15992,0.15831,0.15864,2348674.0
2025-11-14 13:45:00,0.15856,0.16036,0.1582,0.15961,4316944.0
2025-11-14 14:00:00,0.15968,0.16102,0.15934,0.15949,3116011.0
2025-11-14 14:15:00,0.15968,0.16024,0.15904,0.15912,3154309.0
2025-11-14 14:30:00,0.15909,0.16356,0.15801,0.16307,16983013.0
2025-11-14 14:45:00,0.16307,0.16393,0.16228,0.16259,5604777.0
2025-11-14 15:00:00,0.1626,0.1626,0.1611,0.16124,2811367.0
2025-11-14 15:15:00,0.16139,0.16322,0.16119,0.16279,2557612.0
2025-11-14 15:30:00,0.1628,0.1634,0.16248,0.16328,1331988.0
2025-11-14 15:45:00,0.16331,0.16463,0.16265,0.16279,1126013.0
2025-11-14 16:00:00,0.1628,0.16287,0.16218,0.16253,691002.0
2025-11-14 16:15:00,0.16252,0.16446,0.16216,0.16388,1255766.0
2025-11-14 16:30:00,0.16375,0.16464,0.1633,0.16371,1202364.0
2025-11-14 16:45:00,0.16376,0.1642,0.16349,0.16398,371247.0
2025-11-14 17:00:00,0.16395,0.16443,0.16382,0.16402,309119.0
2025-11-14 17:15:00,0.16404,0.16404,0.16292,0.16304,466896.0
2025-11-14 17:30:00,0.16318,0.16338,0.16279,0.16287,227148.0
2025-11-14 17:45:00,0.16285,0.16285,0.16095,0.16158,1930044.0
2025-11-14 18:00:00,0.16158,0.16317,0.1611,0.16305,586859.0
2025-11-14 18:15:00,0.16315,0.16322,0.16196,0.16258,640341.0
2025-11-14 18:30:00,0.16254,0.16277,0.16147,0.16165,316957.0
2025-11-14 18:45:00,0.16159,0.16177,0.16116,0.16148,432501.0
2025-11-14 19:00:00,0.16148,0.16253,0.16112,0.16239,369897.0
2025-11-14 19:15:00,0.16235,0.16376,0.16235,0.16317,507826.0
2025-11-14 19:30:00,0.16315,0.16315,0.16247,0.16262,184437.0
2025-11-14 19:45:00,0.16248,0.16344,0.16248,0.16325,2024350.0
2025-11-14 20:00:00,0.16328,0.16328,0.1622,0.1622,491607.0
2025-11-14 20:15:00,0.16226,0.16237,0.16127,0.16133,321217.0
2025-11-14 20:30:00,0.16134,0.16154,0.15786,0.15824,1371641.0
2025-11-14 20:45:00,0.15805,0.15897,0.15771,0.15881,1585179.0
2025-11-14 21:00:00,0.15882,0.1606,0.15805,0.16006,867984.0
2025-11-14 21:15:00,0.16001,0.16042,0.15949,0.15959,520723.0
2025-11-14 21:30:00,0.15961,0.16021,0.15958,0.16021,172810.0
2025-11-14 21:45:00,0.16005,0.16016,0.1597,0.16007,176646.0
2025-11-14 22:00:00,0.16005,0.16086,0.15915,0.15915,279590.0
2025-11-14 22:15:00,0.15911,0.16029,0.1589,0.16021,1246396.0
2025-11-14 22:30:00,0.16016,0.16105,0.16,0.1604,369460.0
2025-11-14 22:45:00,0.16035,0.16053,0.15863,0.15922,4455419.0
2025-11-14 23:00:00,0.15918,0.1592,0.15474,0.15702,9077007.0
2025-11-14 23:15:00,0.15689,0.15781,0.15623,0.15703,1179833.0
2025-11-14 23:30:00,0.15695,0.15776,0.1565,0.15768,997575.0
2025-11-14 23:45:00,0.15773,0.15843,0.15723,0.15758,1740080.0
2025-11-15 00:00:00,0.15757,0.15932,0.15717,0.15898,2629081.0
2025-11-15 00:15:00,0.15907,0.15994,0.15892,0.15968,724749.0
2025-11-15 00:30:00,0.1596,0.1596,0.15871,0.15943,4007615.0
2025-11-15 00:45:00,0.15947,0.1602,0.15883,0.16009,6147275.0
2025-11-15 01:00:00,0.1601,0.16026,0.15935,0.16008,2257019.0
2025-11-15 01:15:00,0.16014,0.16068,0.16008,0.16042,151867.0
2025-11-15 01:30:00,0.16063,0.16113,0.16062,0.16084,523987.0
2025-11-15 01:45:00,0.16084,0.16163,0.16079,0.16136,355595.0
2025-11-15 02:00:00,0.16131,0.16138,0.16095,0.16114,399750.0
2025-11-15 02:15:00,0.16114,0.16204,0.16095,0.16195,871985.0
2025-11-15 02:30:00,0.16193,0.16199,0.16133,0.16185,900564.0
2025-11-15 02:45:00,0.16196,0.16233,0.1618,0.16232,2331237.0
2025-11-15 03:00:00,0.16229,0.16253,0.16175,0.1621,9025114.0
2025-11-15 03:15:00,0.16211,0.16289,0.16205,0.16261,994153.0
2025-11-15 03:30:00,0.16256,0.16291,0.16233,0.16286,514392.0
2025-11-15 03:45:00,0.16287,0.16299,0.1625,0.16283,475051.0
2025-11-15 04:00:00,0.16283,0.16299,0.16241,0.16267,510446.0
2025-11-15 04:15:00,0.1626,0.16332,0.16238,0.16246,723534.0
2025-11-15 04:30:00,0.16247,0.16276,0.16225,0.16227,523086.0
2025-11-15 04:45:00,0.16227,0.16262,0.16227,0.16242,443339.0
2025-11-15 05:00:00,0.16243,0.16275,0.16224,0.16229,250155.0
2025-11-15 05:15:00,0.1623,0.16306,0.16225,0.16283,441107.0
2025-11-15 05:30:00,0.16276,0.16296,0.16259,0.16296,656094.0
2025-11-15 05:45:00,0.16289,0.16329,0.16289,0.16327,984441.0
2025-11-15 06:00:00,0.16319,0.16324,0.16293,0.16313,2249587.0
2025-11-15 06:15:00,0.16305,0.16359,0.16305,0.16344,835344.0
2025-11-15 06:30:00,0.16337,0.16413,0.16321,0.16321,323121.0
2025-11-15 06:45:00,0.16322,0.16356,0.16301,0.16331,348666.0
2025-11-15 07:00:00,0.16321,0.16342,0.16287,0.1634,366502.0
2025-11-15 07:15:00,0.16326,0.16355,0.16294,0.16351,265495.0
2025-11-15 07:30:00,0.16354,0.16354,0.16269,0.16278,1038774.0
2025-11-15 07:45:00,0.16272,0.16305,0.16269,0.16297,582706.0
2025-11-15 08:00:00,0.16297,0.16304,0.16234,0.16263,836868.0
2025-11-15 08:15:00,0.16257,0.16267,0.1618,0.16209,791909.0
2025-11-15 08:30:00,0.16208,0.16251,0.16164,0.1617,466042.0
2025-11-15 08:45:00,0.16179,0.16179,0.1607,0.16114,1206345.0
2025-11-15 09:00:00,0.16103,0.16217,0.1608,0.16217,498233.0
2025-11-15 09:15:00,0.16213,0.16255,0.16183,0.16225,1126958.0
2025-11-15 09:30:00,0.16226,0.1623,0.16206,0.16213,595761.0
2025-11-15 09:45:00,0.16202,0.16203,0.16113,0.16142,486544.0
2025-11-15 10:00:00,0.16123,0.16153,0.16096,0.1613,137324.0
2025-11-15 10:15:00,0.16123,0.16176,0.16113,0.16135,182915.0
2025-11-15 10:30:00,0.16149,0.1618,0.16099,0.1618,211261.0
2025-11-15 10:45:00,0.16184,0.1621,0.1618,0.16194,41742.0
2025-11-15 11:00:00,0.1619,0.16213,0.16152,0.1618,636362.0
2025-11-15 11:15:00,0.1619,0.16196,0.16151,0.16195,91278.0
2025-11-15 11:30:00,0.16196,0.1622,0.16172,0.16199,183475.0
2025-11-15 11:45:00,0.16161,0.16176,0.16128,0.16176,105459.0
2025-11-15 12:00:00,0.16176,0.16227,0.16155,0.16227,281462.0
2025-11-15 12:15:00,0.16225,0.16297,0.16202,0.16297,1472022.0
2025-11-15 12:30:00,0.16298,0.16318,0.16249,0.1626,4769814.0
2025-11-15 12:45:00,0.16265,0.16304,0.16251,0.16298,373369.0
2025-11-15 13:00:00,0.163,0.16324,0.16278,0.16278,1027600.0
2025-11-15 13:15:00,0.16278,0.16375,0.16274,0.16346,3658557.0
2025-11-15 13:30:00,0.16341,0.16349,0.16277,0.16277,1334660.0
2025-11-15 13:45:00,0.16274,0.16376,0.16274,0.16336,565644.0
2025-11-15 14:00:00,0.1634,0.16355,0.16319,0.16351,125350.0
2025-11-15 14:15:00,0.1636,0.16372,0.16326,0.16344,245107.0
2025-11-15 14:30:00,0.16341,0.16369,0.16322,0.16353,5409015.0
2025-11-15 14:45:00,0.1635,0.16375,0.16323,0.16368,864463.0
2025-11-15 15:00:00,0.16371,0.16381,0.16346,0.16372,86406.0
2025-11-15 15:15:00,0.16361,0.16402,0.16335,0.16367,136833.0
2025-11-15 15:30:00,0.16367,0.16367,0.1631,0.16323,87023.0
2025-11-15 15:45:00,0.16322,0.16353,0.1629,0.16303,2581786.0
2025-11-15 16:00:00,0.16303,0.16335,0.16231,0.16276,6476673.0
2025-11-15 16:15:00,0.1626,0.16283,0.16208,0.16208,837071.0
2025-11-15 16:30:00,0.16207,0.16311,0.16207,0.16286,384502.0
2025-11-15 16:45:00,0.16285,0.16324,0.16273,0.16317,608665.0
2025-11-15 17:00:00,0.16326,0.16391,0.16323,0.16332,6637696.0
2025-11-15 17:15:00,0.16336,0.16472,0.16313,0.16351,502717.0
2025-11-15 17:30:00,0.16357,0.16397,0.16355,0.16384,239148.0
2025-11-15 17:45:00,0.16396,0.16444,0.16396,0.16439,549465.0
2025-11-15 18:00:00,0.16439,0.16439,0.16409,0.16432,1686215.0
2025-11-15 18:15:00,0.16426,0.16436,0.16367,0.1637,1591543.0
2025-11-15 18:30:00,0.16371,0.16409,0.16357,0.16393,1923165.0
2025-11-15 18:45:00,0.1639,0.16404,0.16366,0.1638,37165.0
2025-11-15 19:00:00,0.16382,0.16407,0.16372,0.16378,3013901.0
2025-11-15 19:15:00,0.1638,0.16385,0.16338,0.16351,626292.0
2025-11-15 19:30:00,0.16352,0.16358,0.1633,0.16357,111442.0
2025-11-15 19:45:00,0.16348,0.16374,0.16333,0.1637,96056.0
2025-11-15 20:00:00,0.16374,0.16394,0.16355,0.16394,1088070.0
2025-11-15 20:15:00,0.16388,0.16388,0.16308,0.16335,179236.0
2025-11-15 20:30:00,0.16318,0.16331,0.16284,0.16288,159502.0
2025-11-15 20:45:00,0.16289,0.16304,0.1624,0.16255,5492261.0
2025-11-15 21:00:00,0.16256,0.16346,0.16251,0.16339,214535.0
2025-11-15 21:15:00,0.16354,0.16377,0.16318,0.16329,115447.0
2025-11-15 21:30:00,0.16324,0.16331,0.16217,0.16236,246925.0
2025-11-15 21:45:00,0.16255,0.16255,0.1619,0.16226,155877.0
2025-11-15 22:00:00,0.16223,0.16316,0.16215,0.16316,155345.0
2025-11-15 22:15:00,0.16307,0.1632,0.16271,0.16308,144704.0
2025-11-15 22:30:00,0.16306,0.16327,0.16279,0.16327,74206.0
2025-11-15 22:45:00,0.16322,0.16361,0.16318,0.16356,246813.0
2025-11-15 23:00:00,0.16361,0.16361,0.16331,0.16338,192545.0
2025-11-15 23:15:00,0.16339,0.16388,0.16339,0.16372,478375.0
2025-11-15 23:30:00,0.16375,0.16389,0.16341,0.16341,71485.0
2025-11-15 23:45:00,0.16331,0.16338,0.16305,0.1631,451369.0
2025-11-16 00:00:00,0.16311,0.16321,0.16242,0.16265,1223020.0
2025-11-16 00:15:00,0.16262,0.16262,0.16174,0.16181,526138.0
2025-11-16 00:30:00,0.16184,0.16233,0.16154,0.16229,2391883.0
2025-11-16 00:45:00,0.16232,0.16263,0.16205,0.16205,5487328.0
2025-11-16 01:00:00,0.16203,0.16213,0.16102,0.16213,13121497.0
2025-11-16 01:15:00,0.16212,0.16212,0.16153,0.16197,2430317.0
2025-11-16 01:30:00,0.16175,0.16182,0.16029,0.16078,1341847.0
2025-11-16 01:45:00,0.16065,0.16189,0.16004,0.16176,661098.0
2025-11-16 02:00:00,0.16164,0.16234,0.16109,0.16183,468601.0
2025-11-16 02:15:00,0.16197,0.16299,0.16197,0.16276,421502.0
2025-11-16 02:30:00,0.16282,0.16326,0.16259,0.16326,8112971.0
2025-11-16 02:45:00,0.16323,0.16369,0.16305,0.16362,1121958.0
2025-11-16 03:00:00,0.16367,0.16367,0.16317,0.16326,355833.0
2025-11-16 03:15:00,0.16334,0.16439,0.1633,0.16403,693243.0
2025-11-16 03:30:00,0.16416,0.16416,0.16371,0.16381,195876.0
2025-11-16 03:45:00,0.16379,0.16385,0.16358,0.16383,205491.0
2025-11-16 04:00:00,0.16383,0.1641,0.16347,0.16357,412772.0
2025-11-16 04:15:00,0.16361,0.1638,0.16336,0.16341,116949.0
2025-11-16 04:30:00,0.16326,0.16329,0.1627,0.16281,408890.0
2025-11-16 04:45:00,0.16275,0.16314,0.16275,0.16314,497164.0
2025-11-16 05:00:00,0.16315,0.16408,0.16315,0.16403,480438.0
2025-11-16 05:15:00,0.164,0.16425,0.16363,0.16365,521323.0
2025-11-16 05:30:00,0.16355,0.16378,0.16344,0.16363,40022.0
2025-11-16 05:45:00,0.1637,0.1637,0.1633,0.1633,35893.0
2025-11-16 06:00:00,0.16337,0.16388,0.1632,0.16369,1655360.0
2025-11-16 06:15:00,0.1637,0.16379,0.16361,0.16372,742393.0
2025-11-16 06:30:00,0.16361,0.16383,0.16359,0.16359,80123.0
2025-11-16 06:45:00,0.16358,0.16358,0.16306,0.16306,189965.0
2025-11-16 07:00:00,0.16313,0.16351,0.16307,0.16323,862281.0
2025-11-16 07:15:00,0.16316,0.16342,0.16294,0.16318,50785.0
2025-11-16 07:30:00,0.16325,0.16358,0.16325,0.16346,51523.0
2025-11-16 07:45:00,0.16356,0.16405,0.16356,0.164,342740.0
2025-11-16 08:00:00,0.16406,0.16437,0.16357,0.16357,292055.0
2025-11-16 08:15:00,0.16358,0.16371,0.16331,0.16346,377878.0
2025-11-16 08:30:00,0.16346,0.16364,0.16339,0.16361,146449.0
2025-11-16 08:45:00,0.16369,0.1641,0.16343,0.16384,2133035.0
2025-11-16 09:00:00,0.16385,0.16385,0.16348,0.16373,680516.0
2025-11-16 09:15:00,0.16364,0.16411,0.1635,0.16407,569120.0
2025-11-16 09:30:00,0.16412,0.16416,0.16392,0.16411,209259.0
2025-11-16 09:45:00,0.16408,0.16554,0.16407,0.16554,2429343.0
2025-11-16 10:00:00,0.16546,0.16546,0.16479,0.16502,393413.0
2025-11-16 10:15:00,0.1649,0.16533,0.16486,0.16513,806011.0
2025-11-16 10:30:00,0.16512,0.16524,0.16499,0.16502,422746.0
2025-11-16 10:45:00,0.16506,0.16512,0.16463,0.16464,209405.0
2025-11-16 11:00:00,0.16473,0.16495,0.16321,0.16332,1465165.0
2025-11-16 11:15:00,0.1634,0.16371,0.16186,0.16204,1448685.0
2025-11-16 11:30:00,0.16183,0.16213,0.16099,0.161,1474391.0
2025-11-16 11:45:00,0.16122,0.16164,0.16122,0.16137,591389.0
2025-11-16 12:00:00,0.16136,0.16207,0.16126,0.16174,75447.0
2025-11-16 12:15:00,0.16168,0.1622,0.16146,0.16169,123282.0
2025-11-16 12:30:00,0.16169,0.16169,0.1604,0.16131,1398316.0
2025-11-16 12:45:00,0.16132,0.16155,0.16091,0.16107,533844.0
2025-11-16 13:00:00,0.16109,0.16155,0.16064,0.16148,1850289.0
2025-11-16 13:15:00,0.16152,0.16172,0.16081,0.16081,110054.0
2025-11-16 13:30:00,0.1606,0.1611,0.16056,0.16076,234478.0
2025-11-16 13:45:00,0.16054,0.16085,0.16006,0.16073,828801.0
2025-11-16 14:00:00,0.16074,0.16116,0.16065,0.16091,326698.0
2025-11-16 14:15:00,0.16086,0.16114,0.16064,0.1611,78898.0
2025-11-16 14:30:00,0.16101,0.16203,0.16101,0.16197,900973.0
2025-11-16 14:45:00,0.16197,0.16204,0.16158,0.16158,154486.0
2025-11-16 15:00:00,0.16154,0.16162,0.16111,0.16111,760622.0
2025-11-16 15:15:00,0.16091,0.16124,0.16064,0.16098,98695.0
2025-11-16 15:30:00,0.16093,0.16093,0.16051,0.16056,152374.0
2025-11-16 15:45:00,0.16052,0.16056,0.15829,0.1585,9468067.0
2025-11-16 16:00:00,0.15854,0.15949,0.15805,0.15829,3688089.0
2025-11-16 16:15:00,0.15832,0.1585,0.15777,0.15792,1714743.0
2025-11-16 16:30:00,0.15789,0.158,0.1572,0.15764,910897.0
2025-11-16 16:45:00,0.15756,0.15771,0.1557,0.15625,3374915.0
2025-11-16 17:00:00,0.15623,0.15655,0.15589,0.15613,847832.0
2025-11-16 17:15:00,0.15612,0.15698,0.15549,0.15627,2566941.0
2025-11-16 17:30:00,0.15623,0.15656,0.15482,0.15489,1251582.0
2025-11-16 17:45:00,0.15494,0.15569,0.15363,0.15553,7527265.0
2025-11-16 18:00:00,0.1554,0.15785,0.15517,0.15744,5234870.0
2025-11-16 18:15:00,0.1575,0.15775,0.15619,0.15639,1374849.0
2025-11-16 18:30:00,0.15639,0.15642,0.15485,0.15499,2075038.0
2025-11-16 18:45:00,0.15504,0.15504,0.15419,0.15479,802701.0
2025-11-16 19:00:00,0.15476,0.15688,0.15474,0.15672,4373327.0
2025-11-16 19:15:00,0.15675,0.15721,0.1559,0.1562,3389629.0
2025-11-16 19:30:00,0.15622,0.15689,0.15595,0.15642,520088.0
2025-11-16 19:45:00,0.15635,0.15652,0.15571,0.1558,214713.0
2025-11-16 20:00:00,0.15581,0.15684,0.15564,0.15662,253570.0
2025-11-16 20:15:00,0.15674,0.1575,0.15637,0.15745,207525.0
2025-11-16 20:30:00,0.15743,0.15752,0.15688,0.15691,46947.0
2025-11-16 20:45:00,0.15692,0.15693,0.15644,0.15644,115660.0
2025-11-16 21:00:00,0.15638,0.15646,0.15515,0.15549,1019059.0
2025-11-16 21:15:00,0.15556,0.15564,0.15505,0.15514,280701.0
2025-11-16 21:30:00,0.15511,0.1558,0.15511,0.15576,233519.0
2025-11-16 21:45:00,0.15573,0.15627,0.15573,0.15627,369017.0
2025-11-16 22:00:00,0.15628,0.15684,0.15507,0.15653,1216176.0
2025-11-16 22:15:00,0.15639,0.15723,0.15603,0.15695,489014.0
2025-11-16 22:30:00,0.15667,0.15715,0.15608,0.15609,279185.0
2025-11-16 22:45:00,0.15612,0.15849,0.15612,0.15789,713569.0
2025-11-16 23:00:00,0.15797,0.15844,0.15502,0.15794,8197816.0
2025-11-16 23:15:00,0.15792,0.15936,0.15773,0.1588,806109.0
2025-11-16 23:30:00,0.1588,0.15962,0.15851,0.15907,1346361.0
2025-11-16 23:45:00,0.15897,0.15927,0.15851,0.15853,539348.0
2025-11-17 00:00:00,0.15852,0.15878,0.15801,0.15812,1031420.0
2025-11-17 00:15:00,0.15817,0.15959,0.15695,0.15955,3014179.0
2025-11-17 00:30:00,0.15956,0.1606,0.15884,0.1596,1069718.0
2025-11-17 00:45:00,0.15955,0.16013,0.15934,0.15972,1040738.0
2025-11-17 01:00:00,0.1599,0.16012,0.15924,0.15952,858501.0
2025-11-17 01:15:00,0.15958,0.1599,0.15923,0.1598,543253.0
2025-11-17 01:30:00,0.15973,0.16004,0.15931,0.15931,601478.0
2025-11-17 01:45:00,0.15946,0.15967,0.15891,0.15895,632902.0
2025-11-17 02:00:00,0.15899,0.16017,0.15834,0.16004,1831218.0
2025-11-17 02:15:00,0.16009,0.16031,0.15947,0.15979,588191.0
2025-11-17 02:30:00,0.15993,0.15999,0.15949,0.15962,140849.0
2025-11-17 02:45:00,0.15964,0.16009,0.15954,0.15981,249019.0
2025-11-17 03:00:00,0.15999,0.16092,0.15996,0.1609,459112.0
2025-11-17 03:15:00,0.16091,0.16159,0.16078,0.16122,872567.0
2025-11-17 03:30:00,0.16128,0.16128,0.16089,0.16104,234039.0
2025-11-17 03:45:00,0.16096,0.1614,0.16091,0.1614,135910.0
2025-11-17 04:00:00,0.16145,0.16163,0.1611,0.1612,565144.0
2025-11-17 04:15:00,0.16121,0.16211,0.161,0.16207,426008.0
2025-11-17 04:30:00,0.16197,0.16197,0.16131,0.16172,509267.0
2025-11-17 04:45:00,0.16166,0.16166,0.161,0.161,212006.0
2025-11-17 05:00:00,0.16106,0.16122,0.16081,0.16097,455395.0
2025-11-17 05:15:00,0.16101,0.16136,0.16079,0.16136,366818.0
2025-11-17 05:30:00,0.16147,0.16148,0.16083,0.16117,1103685.0
2025-11-17 05:45:00,0.16118,0.16146,0.16112,0.16112,75064.0
2025-11-17 06:00:00,0.16121,0.16144,0.16067,0.16089,153067.0
2025-11-17 06:15:00,0.16091,0.16152,0.16088,0.16144,92396.0
2025-11-17 06:30:00,0.16133,0.16134,0.16087,0.16093,287924.0
2025-11-17 06:45:00,0.16086,0.1617,0.16084,0.16162,48450.0
2025-11-17 07:00:00,0.16161,0.1619,0.16139,0.16173,224966.0
2025-11-17 07:15:00,0.1617,0.16234,0.16166,0.1619,648091.0
2025-11-17 07:30:00,0.16187,0.16205,0.16181,0.16196,248401.0
2025-11-17 07:45:00,0.162,0.16209,0.16155,0.16183,152507.0
2025-11-17 08:00:00,0.16183,0.162,0.16164,0.16164,367943.0
2025-11-17 08:15:00,0.16156,0.16212,0.16151,0.16187,158581.0
2025-11-17 08:30:00,0.16187,0.16191,0.16133,0.16135,116264.0
2025-11-17 08:45:00,0.16137,0.16161,0.16134,0.16152,190113.0
2025-11-17 09:00:00,0.16153,0.16191,0.16115,0.16185,381918.0
2025-11-17 09:15:00,0.16186,0.16275,0.16182,0.16229,3905619.0
2025-11-17 09:30:00,0.16226,0.16246,0.16192,0.16218,138903.0
2025-11-17 09:45:00,0.16232,0.16235,0.1621,0.16219,113835.0
2025-11-17 10:00:00,0.1622,0.16264,0.16213,0.16263,491145.0
2025-11-17 10:15:00,0.16268,0.1628,0.16217,0.1623,174963.0
2025-11-17 10:30:00,0.16225,0.16264,0.16208,0.16244,132045.0
2025-11-17 10:45:00,0.1625,0.16267,0.16221,0.16236,45755.0
2025-11-17 11:00:00,0.16235,0.16255,0.16217,0.16239,215564.0
2025-11-17 11:15:00,0.16242,0.16257,0.16226,0.16253,181979.0
2025-11-17 11:30:00,0.16259,0.16295,0.16216,0.16219,1691781.0
2025-11-17 11:45:00,0.1622,0.1622,0.16193,0.16202,115789.0
2025-11-17 12:00:00,0.16214,0.16234,0.1619,0.1623,629516.0
2025-11-17 12:15:00,0.1623,0.16262,0.16223,0.16236,1990186.0
2025-11-17 12:30:00,0.16237,0.16237,0.16155,0.16194,2144453.0
2025-11-17 12:45:00,0.16194,0.16196,0.16165,0.16178,250143.0
2025-11-17 13:00:00,0.16193,0.16209,0.16072,0.16085,1856828.0
2025-11-17 13:15:00,0.16098,0.16126,0.16051,0.16073,964488.0
2025-11-17 13:30:00,0.16069,0.16098,0.15912,0.15912,988570.0
2025-11-17 13:45:00,0.15918,0.1594,0.15755,0.15883,2828226.0
2025-11-17 14:00:00,0.15878,0.15949,0.15786,0.15884,4199769.0
2025-11-17 14:15:00,0.1588,0.15995,0.15829,0.15867,1693860.0
2025-11-17 14:30:00,0.15866,0.16496,0.15823,0.16235,17381865.0
2025-11-17 14:45:00,0.16232,0.16423,0.16155,0.16223,7636458.0
2025-11-17 15:00:00,0.16234,0.16351,0.1607,0.1612,9412665.0
2025-11-17 15:15:00,0.16125,0.1618,0.15897,0.16149,6369086.0
2025-11-17 15:30:00,0.16154,0.1617,0.15841,0.15912,5250287.0
2025-11-17 15:45:00,0.15918,0.15956,0.15795,0.15841,1875187.0
2025-11-17 16:00:00,0.1584,0.15841,0.15622,0.15666,4675641.0
2025-11-17 16:15:00,0.15665,0.15807,0.15562,0.1578,3380168.0
2025-11-17 16:30:00,0.15777,0.15911,0.15746,0.1583,3943280.0
2025-11-17 16:45:00,0.15826,0.16068,0.15799,0.16052,4877884.0
2025-11-17 17:00:00,0.1605,0.16075,0.15937,0.15959,2805497.0
2025-11-17 17:15:00,0.15958,0.15968,0.15858,0.15864,514113.0
2025-11-17 17:30:00,0.15868,0.1587,0.15636,0.15652,2482609.0
2025-11-17 17:45:00,0.15648,0.15675,0.15564,0.15609,1507803.0
2025-11-17 18:00:00,0.15605,0.15681,0.15499,0.15535,3780445.0
2025-11-17 18:15:00,0.15536,0.1554,0.15397,0.15409,5822116.0
2025-11-17 18:30:00,0.15409,0.15483,0.15368,0.15483,1116085.0
2025-11-17 18:45:00,0.15484,0.15623,0.15437,0.15442,6346618.0
2025-11-17 19:00:00,0.15438,0.15477,0.15359,0.15375,1593549.0
2025-11-17 19:15:00,0.1538,0.15399,0.15314,0.1536,5787879.0
2025-11-17 19:30:00,0.15352,0.15444,0.15239,0.15266,6182664.0
2025-11-17 19:45:00,0.15259,0.15284,0.15181,0.15226,4380993.0
2025-11-17 20:00:00,0.15222,0.15309,0.15136,0.15218,3949993.0
2025-11-17 20:15:00,0.15216,0.15318,0.15208,0.15224,4875905.0
2025-11-17 20:30:00,0.15229,0.15244,0.15102,0.15137,2155759.0
2025-11-17 20:45:00,0.15138,0.15332,0.15132,0.15259,8474239.0
2025-11-17 21:00:00,0.15251,0.15322,0.1522,0.15242,3901203.0
2025-11-17 21:15:00,0.15247,0.15247,0.15117,0.15131,1273640.0
2025-11-17 21:30:00,0.15136,0.1519,0.15062,0.15133,1546167.0
2025-11-17 21:45:00,0.15131,0.15204,0.1507,0.15204,897032.0
2025-11-17 22:00:00,0.15208,0.15251,0.15151,0.15215,1399202.0
2025-11-17 22:15:00,0.15225,0.15278,0.15185,0.15266,802626.0
2025-11-17 22:30:00,0.15265,0.15292,0.15232,0.15277,894291.0
2025-11-17 22:45:00,0.1528,0.15286,0.15241,0.15246,402554.0
2025-11-17 23:00:00,0.15255,0.1528,0.15188,0.15225,2762688.0
2025-11-17 23:15:00,0.15218,0.15229,0.15153,0.15158,2706153.0
2025-11-17 23:30:00,0.15153,0.15194,0.15141,0.15175,2584459.0
2025-11-17 23:45:00,0.1517,0.15218,0.15152,0.15201,2719125.0
2025-11-18 00:00:00,0.15207,0.15243,0.15167,0.15198,4108339.0
2025-11-18 00:15:00,0.152,0.15227,0.15108,0.15121,5270397.0
2025-11-18 00:30:00,0.1512,0.15129,0.14977,0.15002,11015579.0
2025-11-18 00:45:00,0.15,0.15256,0.14943,0.15243,6034902.0
2025-11-18 01:00:00,0.15235,0.15317,0.15208,0.15253,3268752.0
2025-11-18 01:15:00,0.15257,0.15323,0.15193,0.15231,2927356.0
2025-11-18 01:30:00,0.15232,0.15305,0.15224,0.15256,3579661.0
2025-11-18 01:45:00,0.15254,0.15271,0.15199,0.15254,3516570.0
2025-11-18 02:00:00,0.1525,0.1525,0.15133,0.15194,2049698.0
2025-11-18 02:15:00,0.15204,0.15385,0.15043,0.15372,2627951.0
2025-11-18 02:30:00,0.15384,0.15449,0.15286,0.15329,2919550.0
2025-11-18 02:45:00,0.15323,0.15374,0.15144,0.1519,3616811.0
2025-11-18 03:00:00,0.15187,0.15192,0.15024,0.15192,4316843.0
2025-11-18 03:15:00,0.15191,0.15274,0.15159,0.15169,1799471.0
2025-11-18 03:30:00,0.15162,0.15459,0.15108,0.15427,4905767.0
2025-11-18 03:45:00,0.15428,0.15479,0.15403,0.15448,999730.0
2025-11-18 04:00:00,0.15452,0.15468,0.1534,0.1534,936867.0
2025-11-18 04:15:00,0.15341,0.15403,0.15291,0.15291,1139303.0
2025-11-18 04:30:00,0.15291,0.15362,0.15281,0.15292,727438.0
2025-11-18 04:45:00,0.15288,0.15535,0.1522,0.15514,2331585.0
2025-11-18 05:00:00,0.15512,0.15547,0.15399,0.15534,1272623.0
2025-11-18 05:15:00,0.15534,0.15613,0.15512,0.15522,903147.0
2025-11-18 05:30:00,0.1552,0.15531,0.15445,0.15463,347988.0
2025-11-18 05:45:00,0.15463,0.15532,0.15442,0.15465,526547.0
2025-11-18 06:00:00,0.15461,0.155,0.15407,0.1549,461890.0
2025-11-18 06:15:00,0.15493,0.15507,0.15438,0.15454,519667.0
2025-11-18 06:30:00,0.1545,0.15463,0.15361,0.15376,365697.0
2025-11-18 06:45:00,0.15376,0.15434,0.15339,0.15359,490838.0
2025-11-18 07:00:00,0.15355,0.15437,0.15294,0.15419,718209.0
2025-11-18 07:15:00,0.15418,0.15488,0.15351,0.15449,356891.0
2025-11-18 07:30:00,0.15448,0.15558,0.15436,0.15537,754299.0
2025-11-18 07:45:00,0.15534,0.15545,0.15495,0.15503,564557.0
2025-11-18 08:00:00,0.15503,0.1561,0.15499,0.15551,1499440.0
2025-11-18 08:15:00,0.15548,0.1563,0.1553,0.15549,858066.0
2025-11-18 08:30:00,0.15548,0.15736,0.15541,0.1571,2311665.0
2025-11-18 08:45:00,0.15712,0.15734,0.15692,0.15728,1032478.0
2025-11-18 09:00:00,0.15728,0.15748,0.1567,0.15696,835267.0
2025-11-18 09:15:00,0.15691,0.15733,0.15626,0.15641,977453.0
2025-11-18 09:30:00,0.15639,0.15711,0.15636,0.15709,736648.0
2025-11-18 09:45:00,0.15712,0.1575,0.15703,0.15738,1705618.0
2025-11-18 10:00:00,0.15736,0.15754,0.15689,0.15706,465101.0
2025-11-18 10:15:00,0.15706,0.15727,0.15658,0.15726,581326.0
2025-11-18 10:30:00,0.15728,0.1578,0.15727,0.15743,314769.0
2025-11-18 10:45:00,0.15742,0.15747,0.15693,0.15722,227424.0
2025-11-18 11:00:00,0.15713,0.15731,0.15673,0.15688,2074157.0
2025-11-18 11:15:00,0.15687,0.15742,0.15654,0.15725,461027.0
2025-11-18 11:30:00,0.15719,0.1574,0.1567,0.15734,360836.0
2025-11-18 11:45:00,0.15734,0.15749,0.15682,0.15694,413891.0
2025-11-18 12:00:00,0.15693,0.15694,0.15625,0.15625,2366087.0
2025-11-18 12:15:00,0.15632,0.15712,0.15629,0.15662,566535.0
2025-11-18 12:30:00,0.15666,0.1578,0.15666,0.15774,819558.0
2025-11-18 12:45:00,0.15776,0.15776,0.15695,0.15741,603955.0
2025-11-18 13:00:00,0.15735,0.15749,0.15686,0.15702,587761.0
2025-11-18 13:15:00,0.157,0.15715,0.15648,0.15671,848382.0
2025-11-18 13:30:00,0.15671,0.15706,0.15585,0.15624,1733371.0
2025-11-18 13:45:00,0.1563,0.15663,0.15606,0.15643,522613.0
2025-11-18 14:00:00,0.15639,0.15707,0.15614,0.15684,931070.0
2025-11-18 14:15:00,0.15691,0.15799,0.15672,0.15746,2281063.0
2025-11-18 14:30:00,0.15734,0.15869,0.15668,0.15726,4400524.0
2025-11-18 14:45:00,0.15731,0.15802,0.15661,0.15664,2109970.0
2025-11-18 15:00:00,0.1566,0.15867,0.15604,0.1583,4200360.0
2025-11-18 15:15:00,0.15829,0.16034,0.15819,0.15985,6699798.0
2025-11-18 15:30:00,0.15998,0.16041,0.15924,0.15958,2710138.0
2025-11-18 15:45:00,0.15955,0.1599,0.15888,0.15924,5784049.0
2025-11-18 16:00:00,0.15918,0.15985,0.15868,0.1595,1268095.0
2025-11-18 16:15:00,0.15949,0.1609,0.15928,0.16072,4081968.0
2025-11-18 16:30:00,0.16069,0.16137,0.16038,0.16055,3996941.0
2025-11-18 16:45:00,0.1607,0.16114,0.1605,0.16091,3767336.0
2025-11-18 17:00:00,0.16091,0.16091,0.16045,0.16045,721582.0
2025-11-18 17:15:00,0.16046,0.16096,0.15971,0.15982,2831483.0
2025-11-18 17:30:00,0.15984,0.16059,0.1597,0.16053,256948.0
2025-11-18 17:45:00,0.16034,0.16075,0.16034,0.16047,98753.0
2025-11-18 18:00:00,0.16052,0.16161,0.16052,0.16132,584969.0
2025-11-18 18:15:00,0.16143,0.16146,0.16089,0.16112,129935.0
2025-11-18 18:30:00,0.1611,0.16126,0.16083,0.16108,416104.0
2025-11-18 18:45:00,0.16111,0.16166,0.16111,0.1612,51157.0
2025-11-18 19:00:00,0.16115,0.1615,0.16095,0.16139,596401.0
2025-11-18 19:15:00,0.16136,0.16236,0.16122,0.16208,937595.0
2025-11-18 19:30:00,0.16207,0.16288,0.16185,0.16185,414632.0
2025-11-18 19:45:00,0.1618,0.16221,0.16162,0.16221,235245.0
2025-11-18 20:00:00,0.16219,0.16252,0.1616,0.16175,497001.0
2025-11-18 20:15:00,0.16173,0.16215,0.16162,0.16213,575577.0
2025-11-18 20:30:00,0.16218,0.16218,0.16153,0.16165,361158.0
2025-11-18 20:45:00,0.16164,0.16177,0.16137,0.16137,396008.0
2025-11-18 21:00:00,0.16133,0.16174,0.16081,0.16174,1215714.0
2025-11-18 21:15:00,0.16171,0.16177,0.16127,0.16162,418677.0
2025-11-18 21:30:00,0.1614,0.16143,0.1608,0.16086,99011.0
2025-11-18 21:45:00,0.16074,0.161,0.16055,0.16081,246314.0
2025-11-18 22:00:00,0.16082,0.16215,0.1608,0.16215,329333.0
2025-11-18 22:15:00,0.1622,0.16263,0.16201,0.16253,132132.0
2025-11-18 22:30:00,0.16248,0.16266,0.16231,0.16241,162887.0
2025-11-18 22:45:00,0.16239,0.16242,0.1621,0.16218,87255.0
2025-11-18 23:00:00,0.16225,0.16226,0.1615,0.16154,1096534.0
2025-11-18 23:15:00,0.16163,0.16168,0.16134,0.16151,131638.0
2025-11-18 23:30:00,0.16156,0.16171,0.16136,0.16169,512375.0
2025-11-18 23:45:00,0.16181,0.16182,0.16143,0.16169,411305.0
2025-11-19 00:00:00,0.16171,0.16171,0.1607,0.16103,16015206.0
2025-11-19 00:15:00,0.16109,0.16109,0.15981,0.16042,3779419.0
2025-11-19 00:30:00,0.16052,0.16125,0.16003,0.16099,6527343.0
2025-11-19 00:45:00,0.16099,0.16122,0.16074,0.16087,2893842.0
2025-11-19 01:00:00,0.16087,0.16087,0.15997,0.16024,2510776.0
2025-11-19 01:15:00,0.16028,0.16174,0.16004,0.16131,4120200.0
2025-11-19 01:30:00,0.16139,0.16139,0.16082,0.16133,107777.0
2025-11-19 01:45:00,0.1613,0.1613,0.16064,0.16114,227150.0
2025-11-19 02:00:00,0.16119,0.16207,0.16085,0.16206,336076.0
2025-11-19 02:15:00,0.16207,0.1624,0.1611,0.16138,1156818.0
2025-11-19 02:30:00,0.16138,0.16186,0.16124,0.16124,488889.0
2025-11-19 02:45:00,0.16126,0.16174,0.16113,0.16116,110190.0
2025-11-19 03:00:00,0.16113,0.16133,0.16079,0.16097,412979.0
2025-11-19 03:15:00,0.16092,0.16092,0.16046,0.16064,1438473.0
2025-11-19 03:30:00,0.16062,0.16062,0.15953,0.15974,301643.0
2025-11-19 03:45:00,0.15975,0.15984,0.15924,0.1595,669447.0
2025-11-19 04:00:00,0.15947,0.15984,0.15939,0.15963,322364.0
2025-11-19 04:15:00,0.1597,0.16007,0.15934,0.15949,733108.0
2025-11-19 04:30:00,0.15942,0.15942,0.15873,0.15906,985437.0
2025-11-19 04:45:00,0.15899,0.15924,0.15855,0.15855,1344775.0
2025-11-19 05:00:00,0.15869,0.15892,0.15809,0.15812,1316687.0
2025-11-19 05:15:00,0.15807,0.15838,0.15735,0.15739,974876.0
2025-11-19 05:30:00,0.15736,0.15736,0.15556,0.15562,958530.0
2025-11-19 05:45:00,0.1556,0.15638,0.15537,0.15637,903197.0
2025-11-19 06:00:00,0.15638,0.15677,0.15589,0.15654,455497.0
2025-11-19 06:15:00,0.15656,0.15681,0.1558,0.15623,1744318.0
2025-11-19 06:30:00,0.15625,0.15714,0.15624,0.15688,545776.0
2025-11-19 06:45:00,0.15685,0.15734,0.15658,0.15702,2591515.0
2025-11-19 07:00:00,0.15693,0.15779,0.15686,0.15767,1061342.0
2025-11-19 07:15:00,0.15754,0.15776,0.15716,0.15751,346571.0
2025-11-19 07:30:00,0.15746,0.15841,0.15722,0.15839,542385.0
2025-11-19 07:45:00,0.15833,0.15901,0.15833,0.15885,314506.0
2025-11-19 08:00:00,0.15882,0.1589,0.15853,0.15867,454991.0
2025-11-19 08:15:00,0.15869,0.1593,0.15822,0.15923,1053696.0
2025-11-19 08:30:00,0.15926,0.15935,0.15828,0.1585,301732.0
2025-11-19 08:45:00,0.15852,0.15852,0.15786,0.15798,146877.0
2025-11-19 09:00:00,0.15797,0.15797,0.15721,0.15783,1566732.0
2025-11-19 09:15:00,0.15784,0.15791,0.15729,0.15766,697762.0
2025-11-19 09:30:00,0.15772,0.15818,0.15772,0.15805,560626.0
2025-11-19 09:45:00,0.15797,0.15828,0.15758,0.15807,1396482.0
2025-11-19 10:00:00,0.15814,0.15881,0.15794,0.1585,278309.0
2025-11-19 10:15:00,0.15843,0.15857,0.15792,0.15838,2699702.0
2025-11-19 10:30:00,0.15831,0.15859,0.15792,0.15854,725214.0
2025-11-19 10:45:00,0.15857,0.1586,0.15827,0.15843,425555.0
2025-11-19 11:00:00,0.15843,0.15873,0.15821,0.15873,122998.0
2025-11-19 11:15:00,0.15877,0.15886,0.15837,0.15842,366011.0
2025-11-19 11:30:00,0.15838,0.15896,0.15829,0.15892,273905.0
2025-11-19 11:45:00,0.15887,0.15892,0.15808,0.15813,306705.0
2025-11-19 12:00:00,0.15811,0.15883,0.15774,0.15847,493003.0
2025-11-19 12:15:00,0.15842,0.15866,0.15799,0.15853,269406.0
2025-11-19 12:30:00,0.15868,0.15878,0.15824,0.1586,346295.0
2025-11-19 12:45:00,0.15865,0.15917,0.15865,0.15893,118507.0
2025-11-19 13:00:00,0.15893,0.15895,0.15821,0.15834,155672.0
2025-11-19 13:15:00,0.15834,0.15856,0.15783,0.15827,238486.0
2025-11-19 13:30:00,0.15832,0.15864,0.1577,0.15781,310573.0
2025-11-19 13:45:00,0.15782,0.15796,0.1572,0.15724,1239835.0
2025-11-19 14:00:00,0.15728,0.15736,0.15629,0.15721,716762.0
2025-11-19 14:15:00,0.15722,0.1574,0.15584,0.15603,900019.0
2025-11-19 14:30:00,0.15602,0.15756,0.15602,0.15732,2836297.0
2025-11-19 14:45:00,0.15741,0.1577,0.15678,0.15745,1256480.0
2025-11-19 15:00:00,0.1575,0.1596,0.15742,0.15863,2549152.0
2025-11-19 15:15:00,0.15862,0.15941,0.15645,0.1569,3790044.0
2025-11-19 15:30:00,0.15688,0.1569,0.1557,0.15594,2490910.0
2025-11-19 15:45:00,0.15583,0.15583,0.15414,0.15441,3831392.0
2025-11-19 16:00:00,0.1544,0.15529,0.15405,0.1547,4019767.0
2025-11-19 16:15:00,0.15469,0.15498,0.15306,0.15329,1386781.0
2025-11-19 16:30:00,0.15329,0.15363,0.15241,0.15283,2426373.0
2025-11-19 16:45:00,0.1527,0.15295,0.1517,0.15216,1500213.0
2025-11-19 17:00:00,0.15218,0.15277,0.15058,0.15092,1608456.0
2025-11-19 17:15:00,0.15102,0.15143,0.15046,0.1514,619692.0
2025-11-19 17:30:00,0.15123,0.15123,0.14854,0.14994,5809340.0
2025-11-19 17:45:00,0.14994,0.14994,0.1486,0.14938,3278246.0
2025-11-19 18:00:00,0.14931,0.14987,0.14855,0.14976,2428272.0
2025-11-19 18:15:00,0.14968,0.14968,0.14726,0.14758,2437561.0
2025-11-19 18:30:00,0.14748,0.14838,0.14717,0.1475,3440094.0
2025-11-19 18:45:00,0.14751,0.1479,0.14708,0.14788,1243395.0
2025-11-19 19:00:00,0.14795,0.14875,0.1474,0.14782,3100700.0
2025-11-19 19:15:00,0.14778,0.14803,0.14726,0.14747,2720455.0
2025-11-19 19:30:00,0.1474,0.14813,0.1474,0.14812,2989425.0
2025-11-19 19:45:00,0.14815,0.14913,0.14798,0.1487,388735.0
2025-11-19 20:00:00,0.14873,0.14885,0.14804,0.1488,933376.0
2025-11-19 20:15:00,0.14891,0.14939,0.14853,0.14913,687674.0
2025-11-19 20:30:00,0.14924,0.15013,0.14867,0.1494,18493930.0
2025-11-19 20:45:00,0.14931,0.1508,0.14909,0.1503,2041761.0
2025-11-19 21:00:00,0.15036,0.15139,0.15004,0.15053,1392776.0
2025-11-19 21:15:00,0.15061,0.15373,0.15061,0.15234,9577300.0
2025-11-19 21:30:00,0.15249,0.15363,0.15232,0.15358,31602260.0
2025-11-19 21:45:00,0.15362,0.1544,0.15362,0.15409,706881.0
2025-11-19 22:00:00,0.15405,0.15405,0.15309,0.15315,1278311.0
2025-11-19 22:15:00,0.15313,0.15355,0.15262,0.15355,1184978.0
2025-11-19 22:30:00,0.15354,0.15356,0.15284,0.15313,167823.0
2025-11-19 22:45:00,0.15312,0.15318,0.1527,0.15311,160017.0
2025-11-19 23:00:00,0.15315,0.15499,0.15303,0.15498,765436.0
2025-11-19 23:15:00,0.155,0.15506,0.15447,0.1545,636761.0
2025-11-19 23:30:00,0.15446,0.15474,0.154,0.15402,406826.0
2025-11-19 23:45:00,0.15406,0.15453,0.15402,0.15448,397070.0
2025-11-20 00:00:00,0.15453,0.15453,0.15372,0.15397,745225.0
2025-11-20 00:15:00,0.15406,0.15477,0.15397,0.15462,1559944.0
2025-11-20 00:30:00,0.15464,0.15529,0.15444,0.15472,2022438.0
2025-11-20 00:45:00,0.1547,0.15478,0.15408,0.15431,372392.0
2025-11-20 01:00:00,0.1544,0.15541,0.15417,0.15526,2119588.0
2025-11-20 01:15:00,0.15515,0.15573,0.15502,0.1553,314957.0
2025-11-20 01:30:00,0.15535,0.1562,0.15529,0.1562,384127.0
2025-11-20 01:45:00,0.15617,0.15632,0.15589,0.1562,109470.0
2025-11-20 02:00:00,0.1562,0.15786,0.15612,0.15755,1513651.0
2025-11-20 02:15:00,0.15764,0.15764,0.15704,0.15714,499782.0
2025-11-20 02:30:00,0.15721,0.15783,0.15705,0.15749,754098.0
2025-11-20 02:45:00,0.15748,0.15826,0.15733,0.15804,644487.0
2025-11-20 03:00:00,0.15814,0.15814,0.15766,0.15777,387095.0
2025-11-20 03:15:00,0.15773,0.15813,0.15737,0.15737,314987.0
2025-11-20 03:30:00,0.15747,0.15787,0.15731,0.15752,604006.0
2025-11-20 03:45:00,0.15749,0.15773,0.15733,0.15759,235432.0
2025-11-20 04:00:00,0.1576,0.15789,0.15726,0.15761,321337.0
2025-11-20 04:15:00,0.15751,0.15751,0.15681,0.15694,2110760.0
2025-11-20 04:30:00,0.157,0.15717,0.15687,0.15701,441185.0
2025-11-20 04:45:00,0.15708,0.1585,0.157,0.1585,1461054.0
2025-11-20 05:00:00,0.15845,0.15878,0.15805,0.15823,597123.0
2025-11-20 05:15:00,0.1582,0.15824,0.15764,0.15764,1464629.0
2025-11-20 05:30:00,0.15772,0.15784,0.15752,0.15772,2012619.0
2025-11-20 05:45:00,0.15774,0.15804,0.15769,0.15774,350433.0
2025-11-20 06:00:00,0.15781,0.15792,0.15763,0.15774,63108.0
2025-11-20 06:15:00,0.15767,0.15774,0.15745,0.15747,108308.0
2025-11-20 06:30:00,0.15746,0.15747,0.15669,0.15669,251701.0
2025-11-20 06:45:00,0.15688,0.15703,0.15636,0.15703,1131571.0
2025-11-20 07:00:00,0.15701,0.15746,0.15682,0.15732,1020177.0
2025-11-20 07:15:00,0.15741,0.1576,0.15717,0.15749,785972.0
2025-11-20 07:30:00,0.15759,0.15805,0.15756,0.15788,333434.0
2025-11-20 07:45:00,0.15794,0.15825,0.15794,0.15814,344731.0
2025-11-20 08:00:00,0.15819,0.15837,0.15758,0.15758,314158.0
2025-11-20 08:15:00,0.15766,0.15812,0.15744,0.1579,491912.0
2025-11-20 08:30:00,0.15798,0.15802,0.15765,0.15773,289664.0
2025-11-20 08:45:00,0.15776,0.15788,0.15756,0.15772,116982.0
2025-11-20 09:00:00,0.15774,0.15774,0.1574,0.15761,163588.0
2025-11-20 09:15:00,0.15758,0.15768,0.15697,0.15697,269653.0
2025-11-20 09:30:00,0.15712,0.15744,0.15704,0.15726,71083.0
2025-11-20 09:45:00,0.15725,0.15729,0.15669,0.15724,374886.0
2025-11-20 10:00:00,0.15725,0.15732,0.15642,0.15658,100055.0
2025-11-20 10:15:00,0.15656,0.15742,0.15651,0.1574,412363.0
2025-11-20 10:30:00,0.1575,0.1575,0.15706,0.1573,155396.0
2025-11-20 10:45:00,0.15731,0.15783,0.15719,0.15775,36260.0
2025-11-20 11:00:00,0.15774,0.15791,0.15756,0.15763,114946.0
2025-11-20 11:15:00,0.15763,0.15789,0.15722,0.15732,233791.0
2025-11-20 11:30:00,0.15736,0.15789,0.15731,0.15787,419657.0
2025-11-20 11:45:00,0.15788,0.15824,0.15788,0.15796,282187.0
2025-11-20 12:00:00,0.15798,0.1583,0.15744,0.1575,370517.0
2025-11-20 12:15:00,0.15759,0.15829,0.15757,0.15823,122160.0
2025-11-20 12:30:00,0.15821,0.15853,0.1581,0.15813,227903.0
2025-11-20 12:45:00,0.15814,0.15922,0.15811,0.15874,288919.0
2025-11-20 13:00:00,0.15877,0.15877,0.15831,0.15861,286528.0
2025-11-20 13:15:00,0.15844,0.15861,0.15763,0.15841,541096.0
2025-11-20 13:30:00,0.15841,0.15962,0.15769,0.15774,6120114.0
2025-11-20 13:45:00,0.15771,0.15882,0.15755,0.15785,728376.0
2025-11-20 14:00:00,0.15779,0.15785,0.15625,0.15664,2319468.0
2025-11-20 14:15:00,0.15664,0.15893,0.15659,0.15886,2310254.0
2025-11-20 14:30:00,0.15895,0.15949,0.15817,0.15863,3301529.0
2025-11-20 14:45:00,0.15865,0.1594,0.15826,0.15907,1175479.0
2025-11-20 15:00:00,0.15907,0.15908,0.15721,0.15751,2577945.0
2025-11-20 15:15:00,0.15738,0.1589,0.1571,0.15849,1163469.0
2025-11-20 15:30:00,0.15847,0.15864,0.15774,0.15836,11543254.0
2025-11-20 15:45:00,0.15831,0.15843,0.15717,0.15738,1130325.0
2025-11-20 16:00:00,0.15734,0.15754,0.15271,0.15311,13753124.0
2025-11-20 16:15:00,0.15316,0.15393,0.15083,0.15255,30464889.0
2025-11-20 16:30:00,0.15248,0.15309,0.15096,0.15096,3650563.0
2025-11-20 16:45:00,0.15095,0.1515,0.14991,0.15057,11616564.0
2025-11-20 17:00:00,0.15065,0.15124,0.14821,0.14887,6082682.0
2025-11-20 17:15:00,0.14878,0.14944,0.14797,0.14849,7081038.0
2025-11-20 17:30:00,0.14853,0.14953,0.14796,0.14809,5488968.0
2025-11-20 17:45:00,0.1481,0.14857,0.14745,0.14844,1649272.0
2025-11-20 18:00:00,0.14839,0.14954,0.14758,0.14954,2185692.0
2025-11-20 18:15:00,0.14955,0.14962,0.14779,0.14803,2353091.0
2025-11-20 18:30:00,0.14796,0.1484,0.14728,0.14754,727931.0
2025-11-20 18:45:00,0.14751,0.14751,0.14665,0.14729,1502475.0
2025-11-20 19:00:00,0.14722,0.14736,0.14627,0.14685,1722467.0
2025-11-20 19:15:00,0.14681,0.14887,0.14655,0.14866,1258988.0
2025-11-20 19:30:00,0.14866,0.14866,0.14775,0.1483,1474595.0
2025-11-20 19:45:00,0.14839,0.1498,0.14815,0.14949,817719.0
2025-11-20 20:00:00,0.14944,0.14944,0.14821,0.14829,396587.0
2025-11-20 20:15:00,0.1482,0.14986,0.14819,0.14982,784139.0
2025-11-20 20:30:00,0.14992,0.15006,0.14899,0.14939,965539.0
2025-11-20 20:45:00,0.14942,0.1498,0.14921,0.14926,684455.0
2025-11-20 21:00:00,0.14927,0.15014,0.14923,0.15011,145575.0
2025-11-20 21:15:00,0.15009,0.15198,0.14999,0.15114,760435.0
2025-11-20 21:30:00,0.15107,0.15194,0.15081,0.15194,768569.0
2025-11-20 21:45:00,0.15186,0.15222,0.15087,0.15093,399259.0
2025-11-20 22:00:00,0.15096,0.15241,0.15075,0.15224,689031.0
2025-11-20 22:15:00,0.15224,0.1529,0.15211,0.15282,1528645.0
2025-11-20 22:30:00,0.15265,0.15303,0.15201,0.15241,323827.0
2025-11-20 22:45:00,0.15236,0.1528,0.15218,0.15274,123022.0
2025-11-20 23:00:00,0.15263,0.15279,0.15091,0.15129,1243480.0
2025-11-20 23:15:00,0.15126,0.15138,0.15062,0.15087,354411.0
2025-11-20 23:30:00,0.15073,0.15084,0.14956,0.15015,482336.0
2025-11-20 23:45:00,0.15004,0.15027,0.14869,0.14877,851425.0
2025-11-21 00:00:00,0.14888,0.15024,0.1487,0.15007,1174759.0
2025-11-21 00:15:00,0.15019,0.15053,0.14961,0.14971,390683.0
2025-11-21 00:30:00,0.14965,0.15025,0.14912,0.14953,434109.0
2025-11-21 00:45:00,0.14977,0.15021,0.1496,0.15003,109120.0
2025-11-21 01:00:00,0.15003,0.15054,0.14974,0.1501,453479.0
2025-11-21 01:15:00,0.15028,0.15101,0.14921,0.1507,141466.0
2025-11-21 01:30:00,0.15075,0.15075,0.14966,0.15013,92603.0
2025-11-21 01:45:00,0.15017,0.1503,0.14969,0.14971,61356.0
2025-11-21 02:00:00,0.14973,0.14984,0.14854,0.14865,635482.0
2025-11-21 02:15:00,0.1487,0.14957,0.14795,0.14886,761073.0
2025-11-21 02:30:00,0.14879,0.14897,0.14742,0.14744,865337.0
2025-11-21 02:45:00,0.14745,0.14807,0.14505,0.1455,2605046.0
2025-11-21 03:00:00,0.14536,0.14815,0.14534,0.14719,2359558.0
2025-11-21 03:15:00,0.14729,0.14747,0.14618,0.14722,3295709.0
2025-11-21 03:30:00,0.14715,0.14797,0.14649,0.14785,521124.0
2025-11-21 03:45:00,0.14791,0.14799,0.14693,0.14695,692756.0
2025-11-21 04:00:00,0.14688,0.14722,0.14637,0.14689,559722.0
2025-11-21 04:15:00,0.14671,0.14699,0.14597,0.14652,549187.0
2025-11-21 04:30:00,0.14641,0.14715,0.14494,0.14683,1081193.0
2025-11-21 04:45:00,0.14687,0.1476,0.14615,0.14753,481504.0
2025-11-21 05:00:00,0.14754,0.14804,0.14715,0.14743,878937.0
2025-11-21 05:15:00,0.14774,0.14777,0.14721,0.14728,548043.0
2025-11-21 05:30:00,0.14732,0.14761,0.14618,0.14644,246614.0
2025-11-21 05:45:00,0.14632,0.14665,0.14614,0.14651,68015.0
2025-11-21 06:00:00,0.14653,0.1468,0.14558,0.14666,724636.0
2025-11-21 06:15:00,0.14661,0.14669,0.14538,0.14542,140704.0
2025-11-21 06:30:00,0.14532,0.14616,0.14516,0.14605,305023.0
2025-11-21 06:45:00,0.14597,0.14638,0.14583,0.14608,67959.0
2025-11-21 07:00:00,0.14605,0.14652,0.14551,0.14576,306718.0
2025-11-21 07:15:00,0.14576,0.14576,0.14471,0.14492,1044158.0
2025-11-21 07:30:00,0.14499,0.14499,0.13381,0.14042,58778029.0
2025-11-21 07:45:00,0.14044,0.14067,0.13948,0.14023,6718526.0
2025-11-21 08:00:00,0.14027,0.14223,0.13966,0.1416,5186485.0
2025-11-21 08:15:00,0.14164,0.14219,0.1411,0.1411,2423550.0
2025-11-21 08:30:00,0.14116,0.14175,0.14058,0.14069,637807.0
2025-11-21 08:45:00,0.14071,0.14149,0.14052,0.14099,1138019.0
2025-11-21 09:00:00,0.14102,0.1418,0.14102,0.14127,2216612.0
2025-11-21 09:15:00,0.14128,0.14132,0.13979,0.14002,553044.0
2025-11-21 09:30:00,0.13998,0.14011,0.1388,0.13906,2409329.0
2025-11-21 09:45:00,0.13906,0.13915,0.13796,0.13796,1189274.0
2025-11-21 10:00:00,0.13799,0.13904,0.13701,0.1382,7332866.0
2025-11-21 10:15:00,0.13825,0.13898,0.13764,0.13782,2318146.0
2025-11-21 10:30:00,0.13781,0.13905,0.1378,0.13837,1269143.0
2025-11-21 10:45:00,0.13847,0.13853,0.13767,0.13781,437615.0
2025-11-21 11:00:00,0.13774,0.1391,0.13758,0.13878,1846014.0
2025-11-21 11:15:00,0.13888,0.13906,0.13821,0.13823,450818.0
2025-11-21 11:30:00,0.13824,0.13856,0.13698,0.13732,523148.0
2025-11-21 11:45:00,0.13733,0.13734,0.13636,0.13671,933954.0
2025-11-21 12:00:00,0.13671,0.13686,0.13608,0.13666,2594451.0
2025-11-21 12:15:00,0.13669,0.13669,0.13318,0.13377,16057002.0
2025-11-21 12:30:00,0.13376,0.13927,0.13376,0.13899,29158483.0
2025-11-21 12:45:00,0.13903,0.13971,0.13854,0.13872,11214084.0
2025-11-21 13:00:00,0.13885,0.13968,0.13833,0.13901,3309968.0
2025-11-21 13:15:00,0.13918,0.14028,0.13882,0.13911,2667717.0
2025-11-21 13:30:00,0.13905,0.14033,0.13888,0.14021,831806.0
2025-11-21 13:45:00,0.14026,0.14083,0.14005,0.14005,900312.0
2025-11-21 14:00:00,0.14005,0.1403,0.13941,0.13942,456147.0
2025-11-21 14:15:00,0.13935,0.13935,0.13878,0.13895,417452.0
2025-11-21 14:30:00,0.13885,0.14176,0.13877,0.14078,13878185.0
2025-11-21 14:45:00,0.14089,0.14198,0.14022,0.1413,2673396.0
2025-11-21 15:00:00,0.14132,0.14154,0.13994,0.14018,3203259.0
2025-11-21 15:15:00,0.14011,0.14041,0.13925,0.13945,1874432.0
2025-11-21 15:30:00,0.13939,0.13966,0.13806,0.13869,1581257.0
2025-11-21 15:45:00,0.13848,0.139,0.13742,0.13786,2325142.0
2025-11-21 16:00:00,0.13792,0.13815,0.13617,0.13713,15475148.0
2025-11-21 16:15:00,0.13717,0.13777,0.13572,0.13736,7993998.0
2025-11-21 16:30:00,0.13736,0.1388,0.13683,0.13753,3423532.0
2025-11-21 16:45:00,0.13761,0.14142,0.13701,0.14134,11479343.0
2025-11-21 17:00:00,0.14139,0.14316,0.14114,0.14237,6262766.0
2025-11-21 17:15:00,0.1425,0.14343,0.14222,0.14288,2569176.0
2025-11-21 17:30:00,0.14291,0.14332,0.14244,0.14274,1975875.0
2025-11-21 17:45:00,0.14286,0.14299,0.14141,0.14154,1416491.0
2025-11-21 18:00:00,0.1416,0.1417,0.13879,0.1391,2082199.0
2025-11-21 18:15:00,0.13905,0.13944,0.13837,0.13944,2583048.0
2025-11-21 18:30:00,0.13927,0.14088,0.13923,0.14082,1159676.0
2025-11-21 18:45:00,0.14092,0.14227,0.14059,0.14111,2486292.0
2025-11-21 19:00:00,0.14103,0.14134,0.14031,0.1405,648071.0
2025-11-21 19:15:00,0.14041,0.14159,0.14026,0.1413,213998.0
2025-11-21 19:30:00,0.14135,0.14141,0.13999,0.13999,375377.0
2025-11-21 19:45:00,0.14006,0.14006,0.13932,0.13988,359256.0
2025-11-21 20:00:00,0.13988,0.14008,0.13868,0.13944,872919.0
2025-11-21 20:15:00,0.1395,0.1395,0.13754,0.1376,398842.0
2025-11-21 20:30:00,0.13763,0.13866,0.13748,0.1384,1669990.0
2025-11-21 20:45:00,0.13848,0.13939,0.13846,0.1388,1538408.0
2025-11-21 21:00:00,0.13885,0.13924,0.13803,0.13884,1263813.0
2025-11-21 21:15:00,0.13888,0.14096,0.13847,0.1408,1730347.0
2025-11-21 21:30:00,0.14074,0.14147,0.14024,0.14117,1005602.0
2025-11-21 21:45:00,0.14121,0.14161,0.14076,0.14091,1758072.0
2025-11-21 22:00:00,0.1409,0.14148,0.1409,0.14111,223636.0
2025-11-21 22:15:00,0.14112,0.14128,0.13958,0.13964,670810.0
2025-11-21 22:30:00,0.13956,0.13956,0.13828,0.13892,558719.0
2025-11-21 22:45:00,0.13893,0.13932,0.13648,0.13652,1755525.0
2025-11-21 23:00:00,0.1365,0.13693,0.1357,0.13692,5390873.0
2025-11-21 23:15:00,0.13701,0.13993,0.13701,0.13993,971885.0
2025-11-21 23:30:00,0.13992,0.14045,0.13968,0.14036,254174.0
2025-11-21 23:45:00,0.14055,0.14079,0.13999,0.14025,576511.0
2025-11-22 00:00:00,0.14022,0.14099,0.14008,0.14099,1046060.0
2025-11-22 00:15:00,0.14087,0.14096,0.13948,0.13966,520586.0
2025-11-22 00:30:00,0.13972,0.14058,0.13968,0.14039,263012.0
2025-11-22 00:45:00,0.14036,0.14051,0.13991,0.14003,160748.0
2025-11-22 01:00:00,0.14022,0.14078,0.13987,0.14041,263087.0
2025-11-22 01:15:00,0.14035,0.14075,0.14009,0.14067,363179.0
2025-11-22 01:30:00,0.14076,0.14141,0.14052,0.14054,285897.0
2025-11-22 01:45:00,0.14057,0.14125,0.14057,0.14113,361098.0
2025-11-22 02:00:00,0.14132,0.14135,0.14013,0.14013,655855.0
2025-11-22 02:15:00,0.14015,0.14035,0.13974,0.14005,181117.0
2025-11-22 02:30:00,0.14008,0.14008,0.13884,0.13888,244216.0
2025-11-22 02:45:00,0.13904,0.13938,0.13846,0.13932,413960.0
2025-11-22 03:00:00,0.13935,0.14002,0.1391,0.13992,486496.0
2025-11-22 03:15:00,0.13996,0.13998,0.13905,0.13932,141467.0
2025-11-22 03:30:00,0.1393,0.13956,0.13879,0.13932,1879618.0
2025-11-22 03:45:00,0.13934,0.13949,0.13898,0.13923,1542813.0
2025-11-22 04:00:00,0.13928,0.1393,0.13684,0.13705,1890655.0
2025-11-22 04:15:00,0.13697,0.13742,0.13646,0.13695,981369.0
2025-11-22 04:30:00,0.13692,0.13716,0.13562,0.13605,1025009.0
2025-11-22 04:45:00,0.13593,0.13774,0.13589,0.13751,643091.0
2025-11-22 05:00:00,0.13755,0.138,0.13713,0.13732,411497.0
2025-11-22 05:15:00,0.13723,0.13723,0.13603,0.13674,234721.0
2025-11-22 05:30:00,0.1367,0.13683,0.13571,0.136,1188649.0
2025-11-22 05:45:00,0.136,0.13717,0.13592,0.13692,1570832.0
2025-11-22 06:00:00,0.1369,0.13729,0.13603,0.13694,309696.0
2025-11-22 06:15:00,0.13696,0.1383,0.13672,0.13797,326376.0
2025-11-22 06:30:00,0.13807,0.13934,0.13807,0.1388,423436.0
2025-11-22 06:45:00,0.13892,0.13925,0.13867,0.13899,179344.0
2025-11-22 07:00:00,0.13899,0.1391,0.13875,0.13885,342234.0
2025-11-22 07:15:00,0.13895,0.14005,0.13862,0.13939,292596.0
2025-11-22 07:30:00,0.13935,0.13948,0.13884,0.13946,120101.0
2025-11-22 07:45:00,0.13935,0.13975,0.13935,0.13961,153007.0
2025-11-22 08:00:00,0.13963,0.13963,0.139,0.13933,378629.0
2025-11-22 08:15:00,0.13932,0.13932,0.13745,0.13755,527932.0
2025-11-22 08:30:00,0.13745,0.13753,0.13542,0.13638,1651207.0
2025-11-22 08:45:00,0.13621,0.13683,0.13611,0.13616,201195.0
2025-11-22 09:00:00,0.13635,0.13733,0.13633,0.13719,584800.0
2025-11-22 09:15:00,0.13694,0.13715,0.13623,0.13649,507020.0
2025-11-22 09:30:00,0.13655,0.13996,0.13639,0.1386,2271237.0
2025-11-22 09:45:00,0.13838,0.13864,0.13781,0.138,1591897.0
2025-11-22 10:00:00,0.13799,0.13865,0.13799,0.13833,221414.0
2025-11-22 10:15:00,0.13815,0.13815,0.13602,0.13656,1264181.0
2025-11-22 10:30:00,0.13657,0.13691,0.13648,0.13666,205360.0
2025-11-22 10:45:00,0.1368,0.13702,0.13605,0.1367,238843.0
2025-11-22 11:00:00,0.13671,0.13776,0.13636,0.13776,903361.0
2025-11-22 11:15:00,0.13772,0.13899,0.13729,0.1385,459537.0
2025-11-22 11:30:00,0.13845,0.13879,0.1382,0.13841,609009.0
2025-11-22 11:45:00,0.13836,0.13853,0.13815,0.13815,207875.0
2025-11-22 12:00:00,0.13805,0.13818,0.13666,0.13682,919715.0
2025-11-22 12:15:00,0.13702,0.13724,0.13672,0.13688,235273.0
2025-11-22 12:30:00,0.13687,0.13734,0.13665,0.13674,529115.0
2025-11-22 12:45:00,0.13673,0.13713,0.13632,0.13695,358031.0
2025-11-22 13:00:00,0.13692,0.13745,0.13603,0.1369,1653024.0
2025-11-22 13:15:00,0.13691,0.13691,0.13607,0.13631,450178.0
2025-11-22 13:30:00,0.13634,0.13653,0.13557,0.13616,641834.0
2025-11-22 13:45:00,0.13614,0.13654,0.13603,0.13625,401032.0
2025-11-22 14:00:00,0.13633,0.13762,0.13626,0.13752,449722.0
2025-11-22 14:15:00,0.13764,0.13931,0.13758,0.13839,2835017.0
2025-11-22 14:30:00,0.13833,0.13883,0.13813,0.13825,1125005.0
2025-11-22 14:45:00,0.13824,0.13925,0.13778,0.13905,943724.0
2025-11-22 15:00:00,0.13907,0.13919,0.13836,0.13852,2171660.0
2025-11-22 15:15:00,0.13874,0.1394,0.13856,0.13899,240619.0
2025-11-22 15:30:00,0.13891,0.13903,0.13785,0.13789,1482118.0
2025-11-22 15:45:00,0.1377,0.13829,0.13724,0.13806,1249849.0
2025-11-22 16:00:00,0.1381,0.13957,0.13808,0.13918,1155135.0
2025-11-22 16:15:00,0.13916,0.13922,0.1387,0.13882,2222314.0
2025-11-22 16:30:00,0.13895,0.13947,0.13877,0.13939,533303.0
2025-11-22 16:45:00,0.13948,0.13965,0.13911,0.13944,757032.0
2025-11-22 17:00:00,0.13945,0.13946,0.13892,0.13904,478620.0
2025-11-22 17:15:00,0.13913,0.13945,0.13889,0.13939,97110.0
2025-11-22 17:30:00,0.13944,0.13944,0.13892,0.13902,163909.0
2025-11-22 17:45:00,0.13892,0.1391,0.13865,0.13894,413619.0
2025-11-22 18:00:00,0.13893,0.13923,0.13869,0.13907,159851.0
2025-11-22 18:15:00,0.13908,0.13927,0.13893,0.13917,205142.0
2025-11-22 18:30:00,0.13919,0.13924,0.13867,0.13899,138147.0
2025-11-22 18:45:00,0.13908,0.13984,0.13907,0.13962,361133.0
2025-11-22 19:00:00,0.13963,0.14005,0.13942,0.13978,1401531.0
2025-11-22 19:15:00,0.13982,0.13992,0.13929,0.13935,161026.0
2025-11-22 19:30:00,0.13928,0.13946,0.13908,0.13921,67797.0
2025-11-22 19:45:00,0.13924,0.13975,0.13922,0.13936,116931.0
2025-11-22 20:00:00,0.13939,0.1399,0.13938,0.1399,139241.0
2025-11-22 20:15:00,0.13992,0.14006,0.13957,0.13978,139838.0
2025-11-22 20:30:00,0.13978,0.13978,0.13881,0.13885,449319.0
2025-11-22 20:45:00,0.13882,0.13917,0.13867,0.13908,530085.0
2025-11-22 21:00:00,0.13901,0.13966,0.13896,0.13931,169238.0
2025-11-22 21:15:00,0.1393,0.13984,0.1393,0.1398,79072.0
2025-11-22 21:30:00,0.13977,0.13989,0.13945,0.13979,82239.0
2025-11-22 21:45:00,0.1398,0.14006,0.13961,0.14006,138070.0
2025-11-22 22:00:00,0.14011,0.14023,0.13938,0.14023,79229.0
2025-11-22 22:15:00,0.1401,0.14065,0.13981,0.13989,506223.0
2025-11-22 22:30:00,0.1398,0.14049,0.1398,0.14038,124767.0
2025-11-22 22:45:00,0.14046,0.14226,0.14033,0.1415,803805.0
2025-11-22 23:00:00,0.1414,0.14153,0.14038,0.14054,873370.0
2025-11-22 23:15:00,0.14062,0.14067,0.13989,0.14031,1318188.0
2025-11-22 23:30:00,0.14031,0.14084,0.14009,0.14047,131336.0
2025-11-22 23:45:00,0.14045,0.1405,0.14022,0.14027,108831.0
2025-11-23 00:00:00,0.14021,0.14061,0.1402,0.14052,330881.0
2025-11-23 00:15:00,0.1405,0.14097,0.1403,0.1405,203241.0
2025-11-23 00:30:00,0.14046,0.14046,0.13973,0.13988,49462.0
2025-11-23 00:45:00,0.1399,0.14018,0.13959,0.14008,66100.0
2025-11-23 01:00:00,0.14016,0.1409,0.14014,0.14088,115311.0
2025-11-23 01:15:00,0.14077,0.14128,0.14052,0.14091,123829.0
2025-11-23 01:30:00,0.14089,0.14192,0.14075,0.14169,509559.0
2025-11-23 01:45:00,0.14176,0.14213,0.14138,0.14164,715324.0
2025-11-23 02:00:00,0.14164,0.14209,0.14119,0.14137,301471.0
2025-11-23 02:15:00,0.14149,0.14232,0.14138,0.1421,81765.0
2025-11-23 02:30:00,0.1422,0.14328,0.14208,0.14308,870082.0
2025-11-23 02:45:00,0.14287,0.14314,0.14247,0.14257,168862.0
2025-11-23 03:00:00,0.14257,0.1428,0.14213,0.14232,302737.0
2025-11-23 03:15:00,0.14229,0.14252,0.14184,0.14211,250774.0
2025-11-23 03:30:00,0.14211,0.14247,0.14197,0.14236,244208.0
2025-11-23 03:45:00,0.14241,0.14278,0.14227,0.14276,195571.0
2025-11-23 04:00:00,0.14277,0.14337,0.14273,0.14335,372593.0
2025-11-23 04:15:00,0.14331,0.14465,0.14324,0.14359,1163376.0
2025-11-23 04:30:00,0.1436,0.14416,0.14354,0.14372,226721.0
2025-11-23 04:45:00,0.14375,0.14409,0.14355,0.14366,387196.0
2025-11-23 05:00:00,0.14366,0.14368,0.14326,0.14351,556536.0
2025-11-23 05:15:00,0.14347,0.1436,0.14313,0.14319,1048078.0
2025-11-23 05:30:00,0.1432,0.14323,0.1429,0.14314,874581.0
2025-11-23 05:45:00,0.14311,0.14372,0.14311,0.14365,178010.0
2025-11-23 06:00:00,0.14357,0.14391,0.14348,0.1435,236226.0
2025-11-23 06:15:00,0.14346,0.14357,0.14295,0.14322,815117.0
2025-11-23 06:30:00,0.14323,0.14352,0.14295,0.14298,372793.0
2025-11-23 06:45:00,0.14298,0.1431,0.14268,0.14279,218009.0
2025-11-23 07:00:00,0.14277,0.14313,0.14218,0.14304,355609.0
2025-11-23 07:15:00,0.14303,0.14303,0.1419,0.14203,1673466.0
2025-11-23 07:30:00,0.14204,0.14273,0.14193,0.1427,578951.0
2025-11-23 07:45:00,0.14268,0.14282,0.14252,0.14282,352999.0
2025-11-23 08:00:00,0.14284,0.14332,0.14284,0.14315,226415.0
2025-11-23 08:15:00,0.14309,0.14317,0.14283,0.1429,118104.0
2025-11-23 08:30:00,0.14289,0.14322,0.14277,0.14279,281555.0
2025-11-23 08:45:00,0.1428,0.14347,0.1428,0.14331,282509.0
2025-11-23 09:00:00,0.1433,0.14363,0.14322,0.14356,398805.0
2025-11-23 09:15:00,0.14356,0.14373,0.14331,0.14336,518623.0
2025-11-23 09:30:00,0.14337,0.14399,0.1433,0.1439,268416.0
2025-11-23 09:45:00,0.14393,0.14394,0.14323,0.1434,340911.0
2025-11-23 10:00:00,0.1434,0.14352,0.14304,0.14309,341909.0
2025-11-23 10:15:00,0.14308,0.14335,0.14283,0.14308,215237.0
2025-11-23 10:30:00,0.14309,0.14341,0.14298,0.1434,299185.0
2025-11-23 10:45:00,0.1434,0.14385,0.14331,0.14379,339312.0
2025-11-23 11:00:00,0.14379,0.144,0.14344,0.14357,868430.0
2025-11-23 11:15:00,0.1436,0.14383,0.14319,0.1436,202633.0
2025-11-23 11:30:00,0.14358,0.14386,0.14353,0.14381,332950.0
2025-11-23 11:45:00,0.14379,0.14422,0.14359,0.14365,526587.0
2025-11-23 12:00:00,0.14374,0.14434,0.14358,0.14427,703382.0
2025-11-23 12:15:00,0.14426,0.14465,0.14419,0.14442,835361.0
2025-11-23 12:30:00,0.14443,0.14514,0.14435,0.14457,1417114.0
2025-11-23 12:45:00,0.14457,0.14522,0.1445,0.14515,205888.0
2025-11-23 13:00:00,0.14513,0.14529,0.14434,0.14442,362543.0
2025-11-23 13:15:00,0.14446,0.14465,0.14431,0.14457,349573.0
2025-11-23 13:30:00,0.14462,0.14501,0.14439,0.14487,176345.0
2025-11-23 13:45:00,0.1449,0.14547,0.1448,0.14535,138464.0
2025-11-23 14:00:00,0.14537,0.1463,0.14481,0.14499,2717153.0
2025-11-23 14:15:00,0.14496,0.14514,0.14457,0.1449,346539.0
2025-11-23 14:30:00,0.14477,0.14511,0.14448,0.14455,173863.0
2025-11-23 14:45:00,0.14454,0.14507,0.14448,0.14482,565763.0
2025-11-23 15:00:00,0.14482,0.14553,0.14457,0.14534,609151.0
2025-11-23 15:15:00,0.14537,0.14583,0.14521,0.1456,732426.0
2025-11-23 15:30:00,0.14568,0.14715,0.14545,0.14699,1568419.0
2025-11-23 15:45:00,0.14707,0.14765,0.14667,0.14719,808881.0
2025-11-23 16:00:00,0.14719,0.14751,0.14651,0.14665,623051.0
2025-11-23 16:15:00,0.14666,0.14671,0.14606,0.14628,201480.0
2025-11-23 16:30:00,0.14627,0.14733,0.14621,0.14705,388700.0
2025-11-23 16:45:00,0.14695,0.14695,0.14537,0.14541,252752.0
2025-11-23 17:00:00,0.14549,0.14559,0.14492,0.14545,1505099.0
2025-11-23 17:15:00,0.14533,0.14542,0.14463,0.14542,440233.0
2025-11-23 17:30:00,0.14538,0.14557,0.14499,0.1455,165624.0
2025-11-23 17:45:00,0.1455,0.1455,0.14459,0.14487,389645.0
2025-11-23 18:00:00,0.14484,0.14548,0.14484,0.14534,232173.0
2025-11-23 18:15:00,0.14543,0.14606,0.14539,0.14561,432933.0
2025-11-23 18:30:00,0.14558,0.14645,0.14553,0.1463,146926.0
2025-11-23 18:45:00,0.14626,0.14626,0.14583,0.14604,74729.0
2025-11-23 19:00:00,0.14604,0.14638,0.14585,0.14638,156240.0
2025-11-23 19:15:00,0.14632,0.14693,0.14632,0.14668,207802.0
2025-11-23 19:30:00,0.14664,0.14731,0.14664,0.14689,1001077.0
2025-11-23 19:45:00,0.14681,0.14693,0.14642,0.14654,180794.0
2025-11-23 20:00:00,0.14658,0.147,0.14635,0.147,507663.0
2025-11-23 20:15:00,0.14696,0.14709,0.14663,0.14676,206165.0
2025-11-23 20:30:00,0.14671,0.14674,0.14621,0.14636,103179.0
2025-11-23 20:45:00,0.14632,0.14658,0.14628,0.14641,322762.0
2025-11-23 21:00:00,0.1464,0.1464,0.14572,0.14599,218538.0
2025-11-23 21:15:00,0.14595,0.14705,0.14595,0.14696,300456.0
2025-11-23 21:30:00,0.14692,0.147,0.14655,0.1468,68850.0
2025-11-23 21:45:00,0.1467,0.14728,0.14664,0.147,212613.0
2025-11-23 22:00:00,0.14703,0.14721,0.14633,0.14652,400605.0
2025-11-23 22:15:00,0.14662,0.14712,0.14632,0.14707,306941.0
2025-11-23 22:30:00,0.14694,0.14705,0.14671,0.14684,509989.0
2025-11-23 22:45:00,0.14683,0.14743,0.14683,0.14736,297427.0
2025-11-23 23:00:00,0.14735,0.14748,0.14602,0.14602,312792.0
2025-11-23 23:15:00,0.1461,0.14622,0.14516,0.14556,392556.0
2025-11-23 23:30:00,0.14548,0.14557,0.14492,0.1453,243290.0
2025-11-23 23:45:00,0.14513,0.14548,0.1445,0.14492,1084266.0
2025-11-24 00:00:00,0.14492,0.14496,0.14387,0.14418,669516.0
2025-11-24 00:15:00,0.14409,0.145,0.14351,0.14482,1586780.0
2025-11-24 00:30:00,0.14478,0.14575,0.1445,0.1454,1751971.0
2025-11-24 00:45:00,0.14538,0.14576,0.14474,0.145,14252629.0
2025-11-24 01:00:00,0.14494,0.14524,0.14462,0.14491,4041219.0
2025-11-24 01:15:00,0.14492,0.14516,0.1446,0.14489,980280.0
2025-11-24 01:30:00,0.14478,0.14481,0.14395,0.14428,387864.0
2025-11-24 01:45:00,0.14425,0.1458,0.14404,0.14574,1128050.0
2025-11-24 02:00:00,0.14583,0.14843,0.14577,0.14817,4050862.0
2025-11-24 02:15:00,0.1483,0.14921,0.14807,0.14816,3027402.0
2025-11-24 02:30:00,0.14829,0.14836,0.1468,0.1469,1738198.0
2025-11-24 02:45:00,0.14694,0.14714,0.1465,0.14707,1311378.0
2025-11-24 03:00:00,0.14711,0.14724,0.14656,0.14682,2016909.0
2025-11-24 03:15:00,0.14686,0.14838,0.14667,0.14782,1335962.0
2025-11-24 03:30:00,0.14775,0.14806,0.14735,0.14742,78472.0
2025-11-24 03:45:00,0.14756,0.14772,0.14709,0.14725,212817.0
2025-11-24 04:00:00,0.14729,0.14763,0.147,0.147,3369881.0
2025-11-24 04:15:00,0.14689,0.14689,0.1445,0.14493,1033489.0
2025-11-24 04:30:00,0.1448,0.14564,0.1448,0.14558,1127538.0
2025-11-24 04:45:00,0.14546,0.14558,0.14504,0.14526,228387.0
2025-11-24 05:00:00,0.14527,0.14804,0.1451,0.14791,2470441.0
2025-11-24 05:15:00,0.14801,0.14874,0.14754,0.14822,539554.0
2025-11-24 05:30:00,0.14813,0.14813,0.1475,0.14763,141523.0
2025-11-24 05:45:00,0.14756,0.14801,0.14738,0.14776,598464.0
2025-11-24 06:00:00,0.1479,0.14794,0.1462,0.14631,553350.0
2025-11-24 06:15:00,0.14632,0.14688,0.14618,0.14642,405946.0
2025-11-24 06:30:00,0.1464,0.14665,0.14606,0.14617,355769.0
2025-11-24 06:45:00,0.14623,0.1468,0.14596,0.1468,334903.0
2025-11-24 07:00:00,0.14679,0.14679,0.14617,0.14619,116724.0
2025-11-24 07:15:00,0.14618,0.1466,0.14594,0.14594,89025.0
2025-11-24 07:30:00,0.14594,0.14694,0.1459,0.14687,129073.0
2025-11-24 07:45:00,0.14681,0.14683,0.14603,0.14612,128010.0
2025-11-24 08:00:00,0.14607,0.14638,0.14574,0.14638,976379.0
2025-11-24 08:15:00,0.14634,0.14659,0.14602,0.14617,207070.0
2025-11-24 08:30:00,0.14612,0.14628,0.14597,0.14611,234886.0
2025-11-24 08:45:00,0.1461,0.14688,0.14594,0.14664,204632.0
2025-11-24 09:00:00,0.14664,0.14676,0.1456,0.1458,470786.0
2025-11-24 09:15:00,0.14578,0.14578,0.14387,0.14426,1548315.0
2025-11-24 09:30:00,0.14419,0.14524,0.14414,0.14459,396477.0
2025-11-24 09:45:00,0.14454,0.14472,0.14435,0.14457,196121.0
2025-11-24 10:00:00,0.14458,0.14533,0.14448,0.14478,267755.0
2025-11-24 10:15:00,0.14481,0.14522,0.14477,0.14519,172613.0
2025-11-24 10:30:00,0.1452,0.14583,0.14476,0.1455,224087.0
2025-11-24 10:45:00,0.14542,0.14569,0.14526,0.14554,80628.0
2025-11-24 11:00:00,0.14554,0.14556,0.14474,0.14539,117478.0
2025-11-24 11:15:00,0.14539,0.14539,0.14491,0.14504,171284.0
2025-11-24 11:30:00,0.14511,0.14562,0.145,0.14554,556420.0
2025-11-24 11:45:00,0.14559,0.14575,0.14527,0.14541,428329.0
2025-11-24 12:00:00,0.14541,0.14541,0.14468,0.14479,646672.0
2025-11-24 12:15:00,0.14481,0.1452,0.14478,0.14512,540312.0
2025-11-24 12:30:00,0.14523,0.14543,0.14469,0.14477,202362.0
2025-11-24 12:45:00,0.14486,0.1451,0.14444,0.1449,438555.0
2025-11-24 13:00:00,0.1449,0.14642,0.14475,0.14618,603822.0
2025-11-24 13:15:00,0.14615,0.14654,0.14584,0.1464,538111.0
2025-11-24 13:30:00,0.14632,0.14684,0.14619,0.14668,728685.0
2025-11-24 13:45:00,0.14669,0.14669,0.14565,0.14572,350942.0
2025-11-24 14:00:00,0.14571,0.14571,0.14508,0.1451,660515.0
2025-11-24 14:15:00,0.14507,0.14519,0.14458,0.14458,374992.0
2025-11-24 14:30:00,0.14458,0.14701,0.14408,0.14433,6435991.0
2025-11-24 14:45:00,0.14426,0.14513,0.14273,0.14513,7573809.0
2025-11-24 15:00:00,0.14516,0.14601,0.1449,0.14563,5375531.0
2025-11-24 15:15:00,0.14567,0.14586,0.14461,0.14525,2222188.0
2025-11-24 15:30:00,0.14526,0.14702,0.14496,0.14698,2332238.0
2025-11-24 15:45:00,0.14695,0.14754,0.14649,0.14673,1588993.0
2025-11-24 16:00:00,0.14673,0.14784,0.14666,0.14678,1153459.0
2025-11-24 16:15:00,0.14687,0.14783,0.14687,0.14723,443654.0
2025-11-24 16:30:00,0.14727,0.14806,0.14708,0.14798,592114.0
2025-11-24 16:45:00,0.14801,0.14844,0.14733,0.1475,1270170.0
2025-11-24 17:00:00,0.14757,0.14799,0.1475,0.14765,722225.0
2025-11-24 17:15:00,0.14769,0.15038,0.14761,0.15024,2447761.0
2025-11-24 17:30:00,0.15025,0.15134,0.1501,0.15083,4283749.0
2025-11-24 17:45:00,0.15083,0.15226,0.15067,0.15202,724918.0
2025-11-24 18:00:00,0.15204,0.15275,0.15183,0.15215,3055165.0
2025-11-24 18:15:00,0.15198,0.15255,0.15171,0.15199,660191.0
2025-11-24 18:30:00,0.1519,0.15289,0.15172,0.15244,1156292.0
2025-11-24 18:45:00,0.1526,0.15291,0.15218,0.15247,2029033.0
2025-11-24 19:00:00,0.15245,0.15318,0.15226,0.15282,798697.0
2025-11-24 19:15:00,0.15276,0.15315,0.15252,0.15295,245618.0
2025-11-24 19:30:00,0.15299,0.15299,0.15217,0.15231,231831.0
2025-11-24 19:45:00,0.15227,0.15265,0.15205,0.15241,133484.0
2025-11-24 20:00:00,0.15245,0.15388,0.1522,0.15333,797796.0
2025-11-24 20:15:00,0.15341,0.1536,0.15309,0.15355,307156.0
2025-11-24 20:30:00,0.15344,0.15369,0.15327,0.15336,331223.0
2025-11-24 20:45:00,0.15339,0.15362,0.15319,0.15328,458731.0
2025-11-24 21:00:00,0.15315,0.15315,0.15274,0.15298,370115.0
2025-11-24 21:15:00,0.15296,0.15299,0.15258,0.15263,155065.0
2025-11-24 21:30:00,0.15268,0.15289,0.15197,0.15206,756763.0
2025-11-24 21:45:00,0.15185,0.15218,0.1517,0.15218,249319.0
2025-11-24 22:00:00,0.15211,0.153,0.15211,0.15254,502217.0
2025-11-24 22:15:00,0.15256,0.15257,0.15208,0.15245,411634.0
2025-11-24 22:30:00,0.15244,0.15273,0.15231,0.15236,27420.0
2025-11-24 22:45:00,0.15236,0.15271,0.15197,0.15271,92146.0
2025-11-24 23:00:00,0.15266,0.15272,0.15226,0.15252,524694.0
2025-11-24 23:15:00,0.15261,0.15266,0.15235,0.15252,81174.0
2025-11-24 23:30:00,0.15242,0.15242,0.15201,0.15213,58628.0
2025-11-24 23:45:00,0.15211,0.15211,0.15167,0.15181,425048.0
2025-11-25 00:00:00,0.15171,0.15206,0.15123,0.15161,1030623.0
2025-11-25 00:15:00,0.15148,0.15169,0.15092,0.15097,358968.0
2025-11-25 00:30:00,0.15104,0.15189,0.15075,0.15162,984031.0
2025-11-25 00:45:00,0.15159,0.15206,0.15137,0.15177,81339.0
2025-11-25 01:00:00,0.1518,0.15219,0.15145,0.15216,271248.0
2025-11-25 01:15:00,0.15213,0.15213,0.15154,0.15164,162305.0
2025-11-25 01:30:00,0.1516,0.15205,0.15152,0.15183,76782.0
2025-11-25 01:45:00,0.15178,0.15185,0.15114,0.15114,427408.0
2025-11-25 02:00:00,0.1512,0.15151,0.15079,0.15109,229302.0
2025-11-25 02:15:00,0.15118,0.15118,0.15033,0.15044,183600.0
2025-11-25 02:30:00,0.15046,0.15093,0.15018,0.15093,273848.0
2025-11-25 02:45:00,0.15083,0.15163,0.15083,0.15153,75624.0
2025-11-25 03:00:00,0.15157,0.15177,0.15118,0.15126,211157.0
2025-11-25 03:15:00,0.15125,0.15165,0.15105,0.15158,254520.0
2025-11-25 03:30:00,0.15159,0.15159,0.15077,0.15084,186049.0
2025-11-25 03:45:00,0.15085,0.1512,0.15066,0.15113,11130045.0
2025-11-25 04:00:00,0.15109,0.15162,0.15101,0.15158,124498.0
2025-11-25 04:15:00,0.15157,0.15164,0.15092,0.15118,512164.0
2025-11-25 04:30:00,0.15118,0.15171,0.15117,0.15133,532471.0
2025-11-25 04:45:00,0.1513,0.1519,0.15129,0.15179,427918.0
2025-11-25 05:00:00,0.15172,0.15173,0.15132,0.15149,50116.0
2025-11-25 05:15:00,0.15155,0.15156,0.15084,0.15092,214495.0
2025-11-25 05:30:00,0.1509,0.15159,0.1509,0.15159,209490.0
2025-11-25 05:45:00,0.15164,0.15176,0.15136,0.15136,53597.0
2025-11-25 06:00:00,0.15136,0.15141,0.15108,0.15114,87166.0
2025-11-25 06:15:00,0.15112,0.15127,0.15078,0.15082,75980.0
2025-11-25 06:30:00,0.15075,0.15096,0.15055,0.15072,139256.0
2025-11-25 06:45:00,0.15072,0.15103,0.15053,0.15082,1183260.0
2025-11-25 07:00:00,0.15087,0.15087,0.15019,0.15076,748606.0
2025-11-25 07:15:00,0.15074,0.15074,0.14986,0.15004,373620.0
2025-11-25 07:30:00,0.15001,0.15028,0.14992,0.15008,149852.0
2025-11-25 07:45:00,0.15013,0.15014,0.14913,0.14922,1087301.0
2025-11-25 08:00:00,0.1493,0.14954,0.14915,0.14918,749927.0
2025-11-25 08:15:00,0.14921,0.14968,0.14921,0.1495,345383.0
2025-11-25 08:30:00,0.14949,0.14949,0.14888,0.14918,408453.0
2025-11-25 08:45:00,0.14917,0.14925,0.14819,0.14828,426068.0
2025-11-25 09:00:00,0.14833,0.14855,0.14806,0.14807,337014.0
2025-11-25 09:15:00,0.14807,0.14817,0.14748,0.14749,1551350.0
2025-11-25 09:30:00,0.14749,0.14852,0.14749,0.14852,1214476.0
2025-11-25 09:45:00,0.14841,0.14862,0.14808,0.14857,684342.0
2025-11-25 10:00:00,0.14849,0.14849,0.14807,0.14813,192521.0
2025-11-25 10:15:00,0.14812,0.1486,0.1479,0.1485,412774.0
2025-11-25 10:30:00,0.14846,0.14875,0.14833,0.14852,355980.0
2025-11-25 10:45:00,0.14859,0.149,0.14843,0.14893,319448.0
2025-11-25 11:00:00,0.1489,0.14895,0.14861,0.14866,313113.0
2025-11-25 11:15:00,0.14865,0.1489,0.14834,0.14861,149910.0
2025-11-25 11:30:00,0.1486,0.14893,0.14844,0.14888,140834.0
2025-11-25 11:45:00,0.14886,0.14897,0.14857,0.14861,74385.0
2025-11-25 12:00:00,0.14864,0.14952,0.14826,0.1495,781488.0
2025-11-25 12:15:00,0.14945,0.1498,0.14881,0.14966,415452.0
2025-11-25 12:30:00,0.1495,0.15002,0.14909,0.14978,201594.0
2025-11-25 12:45:00,0.14963,0.14967,0.14929,0.14939,157398.0
2025-11-25 13:00:00,0.1494,0.14948,0.14891,0.14931,642736.0
2025-11-25 13:15:00,0.14933,0.14961,0.14923,0.14938,4127488.0
2025-11-25 13:30:00,0.14941,0.14969,0.14788,0.14801,4049418.0
2025-11-25 13:45:00,0.14796,0.14824,0.14762,0.14792,1144299.0
2025-11-25 14:00:00,0.14799,0.14859,0.14787,0.1483,633477.0
2025-11-25 14:15:00,0.14828,0.14888,0.14819,0.14874,1659100.0
2025-11-25 14:30:00,0.14877,0.14884,0.1469,0.14721,6189936.0
2025-11-25 14:45:00,0.14722,0.14745,0.14577,0.14734,5875703.0
2025-11-25 15:00:00,0.14736,0.14761,0.14604,0.14683,2203789.0
2025-11-25 15:15:00,0.14686,0.14716,0.14621,0.14702,1274551.0
2025-11-25 15:30:00,0.14724,0.14833,0.14724,0.14823,3108774.0
2025-11-25 15:45:00,0.14826,0.14865,0.14756,0.14782,935510.0
2025-11-25 16:00:00,0.14791,0.14852,0.14786,0.14818,891906.0
2025-11-25 16:15:00,0.14809,0.15005,0.14808,0.15004,1379010.0
2025-11-25 16:30:00,0.15013,0.15042,0.14935,0.14989,414706.0
2025-11-25 16:45:00,0.14988,0.14998,0.14945,0.14964,653336.0
2025-11-25 17:00:00,0.14965,0.15054,0.1491,0.1504,1418500.0
2025-11-25 17:15:00,0.15051,0.15075,0.14988,0.15044,714678.0
2025-11-25 17:30:00,0.15045,0.15159,0.15028,0.15129,783247.0
2025-11-25 17:45:00,0.15141,0.1519,0.15093,0.15093,788676.0
2025-11-25 18:00:00,0.15098,0.15132,0.15075,0.15108,426159.0
2025-11-25 18:15:00,0.15121,0.15188,0.15121,0.15152,695514.0
2025-11-25 18:30:00,0.1516,0.15213,0.15147,0.15151,863983.0
2025-11-25 18:45:00,0.15163,0.15189,0.15091,0.15097,124143.0
2025-11-25 19:00:00,0.15097,0.15123,0.14928,0.14971,1717596.0
2025-11-25 19:15:00,0.14973,0.14974,0.14841,0.14856,609942.0
2025-11-25 19:30:00,0.14857,0.1498,0.14852,0.14971,428487.0
2025-11-25 19:45:00,0.14966,0.15108,0.14961,0.151,235706.0
2025-11-25 20:00:00,0.15104,0.15149,0.15075,0.15114,677887.0
2025-11-25 20:15:00,0.15115,0.15249,0.15106,0.1524,212418.0
2025-11-25 20:30:00,0.15229,0.15355,0.15214,0.15304,537277.0
2025-11-25 20:45:00,0.15298,0.15344,0.15285,0.15288,1428030.0
2025-11-25 21:00:00,0.15285,0.15287,0.15241,0.15264,920613.0
2025-11-25 21:15:00,0.15292,0.15332,0.15269,0.15287,2620017.0
2025-11-25 21:30:00,0.15291,0.15293,0.15231,0.15262,2237017.0
2025-11-25 21:45:00,0.15263,0.15317,0.15254,0.15272,2896919.0
2025-11-25 22:00:00,0.15255,0.15256,0.15112,0.1513,5445822.0
2025-11-25 22:15:00,0.15121,0.15256,0.15121,0.15226,2788031.0
2025-11-25 22:30:00,0.15239,0.15344,0.15215,0.15275,139994.0
2025-11-25 22:45:00,0.15278,0.15372,0.15231,0.15332,273129.0
2025-11-25 23:00:00,0.15334,0.15483,0.15292,0.15483,825026.0
2025-11-25 23:15:00,0.1547,0.15497,0.15393,0.15395,1480123.0
2025-11-25 23:30:00,0.15395,0.15422,0.15369,0.15374,102735.0
2025-11-25 23:45:00,0.15372,0.15375,0.15289,0.15297,222820.0
2025-11-26 00:00:00,0.15298,0.15334,0.15287,0.15334,821827.0
2025-11-26 00:15:00,0.15337,0.15349,0.15264,0.15284,1440986.0
2025-11-26 00:30:00,0.15287,0.15322,0.1526,0.15291,448413.0
2025-11-26 00:45:00,0.15292,0.15329,0.15259,0.15269,341875.0
2025-11-26 01:00:00,0.15269,0.15273,0.15215,0.15241,286373.0
2025-11-26 01:15:00,0.15238,0.15283,0.15195,0.15277,254766.0
2025-11-26 01:30:00,0.15274,0.15396,0.1526,0.15351,2206108.0
2025-11-26 01:45:00,0.15352,0.1536,0.15264,0.15294,717427.0
2025-11-26 02:00:00,0.15298,0.15314,0.15261,0.15275,707446.0
2025-11-26 02:15:00,0.1528,0.1529,0.15242,0.15248,113898.0
2025-11-26 02:30:00,0.15239,0.15258,0.15216,0.15232,83946.0
2025-11-26 02:45:00,0.15238,0.15238,0.1517,0.15171,2354492.0
2025-11-26 03:00:00,0.1517,0.15184,0.15156,0.15176,207124.0
2025-11-26 03:15:00,0.1518,0.15207,0.15156,0.1517,1372076.0
2025-11-26 03:30:00,0.15155,0.15155,0.15084,0.15084,486341.0
2025-11-26 03:45:00,0.15085,0.15089,0.1503,0.15051,263380.0
2025-11-26 04:00:00,0.15063,0.15077,0.14998,0.15003,425620.0
2025-11-26 04:15:00,0.15006,0.15063,0.15004,0.15045,171551.0
2025-11-26 04:30:00,0.1505,0.15063,0.15041,0.15046,64619.0
2025-11-26 04:45:00,0.1505,0.15052,0.15028,0.15033,34095.0
2025-11-26 05:00:00,0.1503,0.15085,0.15029,0.15069,796752.0
2025-11-26 05:15:00,0.15072,0.15141,0.15065,0.15076,194905.0
2025-11-26 05:30:00,0.15077,0.15137,0.15077,0.15129,1542180.0
2025-11-26 05:45:00,0.15124,0.15163,0.15118,0.15161,126390.0
2025-11-26 06:00:00,0.15162,0.15175,0.15136,0.15151,88551.0
2025-11-26 06:15:00,0.15149,0.15149,0.15095,0.15125,130057.0
2025-11-26 06:30:00,0.15123,0.15168,0.15103,0.15168,25896.0
2025-11-26 06:45:00,0.15164,0.15219,0.15144,0.15205,185339.0
2025-11-26 07:00:00,0.15206,0.15223,0.15183,0.15198,83906.0
2025-11-26 07:15:00,0.15202,0.15218,0.15181,0.15213,72505.0
2025-11-26 07:30:00,0.15205,0.15228,0.15186,0.15191,418695.0
2025-11-26 07:45:00,0.15187,0.15241,0.15178,0.15236,294035.0
2025-11-26 08:00:00,0.15229,0.15231,0.15189,0.15189,406293.0
2025-11-26 08:15:00,0.15192,0.15192,0.15122,0.15125,1592210.0
2025-11-26 08:30:00,0.1513,0.15141,0.15115,0.15135,265523.0
2025-11-26 08:45:00,0.1513,0.15152,0.15103,0.15103,125424.0
2025-11-26 09:00:00,0.15104,0.15135,0.1509,0.15097,614527.0
2025-11-26 09:15:00,0.15085,0.15085,0.15035,0.15036,183879.0
2025-11-26 09:30:00,0.15037,0.15053,0.15015,0.15036,490535.0
2025-11-26 09:45:00,0.15033,0.15033,0.14987,0.15003,694517.0
2025-11-26 10:00:00,0.15002,0.1506,0.15002,0.1504,95472.0
2025-11-26 10:15:00,0.15023,0.15027,0.14982,0.15009,171374.0
2025-11-26 10:30:00,0.15011,0.15021,0.14959,0.15007,168432.0
2025-11-26 10:45:00,0.15008,0.15048,0.15,0.15039,290651.0
2025-11-26 11:00:00,0.15032,0.1504,0.15013,0.15019,309969.0
2025-11-26 11:15:00,0.15027,0.15032,0.14993,0.14995,289863.0
2025-11-26 11:30:00,0.14996,0.15021,0.14983,0.15013,212374.0
2025-11-26 11:45:00,0.15017,0.15017,0.14965,0.14981,217449.0
2025-11-26 12:00:00,0.14981,0.15002,0.14894,0.14898,1236273.0
2025-11-26 12:15:00,0.14894,0.1492,0.1486,0.14917,323983.0
2025-11-26 12:30:00,0.14915,0.14947,0.14893,0.14941,462192.0
2025-11-26 12:45:00,0.14932,0.14961,0.14932,0.14942,326967.0
2025-11-26 13:00:00,0.14937,0.1496,0.14923,0.14951,216657.0
2025-11-26 13:15:00,0.14953,0.15025,0.14951,0.15021,1378275.0
2025-11-26 13:30:00,0.1502,0.15099,0.1497,0.15066,17563361.0
2025-11-26 13:45:00,0.15069,0.15083,0.15044,0.15069,727989.0
2025-11-26 14:00:00,0.15064,0.15064,0.15004,0.15055,273697.0
2025-11-26 14:15:00,0.15039,0.15056,0.15019,0.15047,51482.0
2025-11-26 14:30:00,0.15042,0.15099,0.14971,0.1507,601922.0
2025-11-26 14:45:00,0.15074,0.15182,0.14979,0.14992,3329527.0
2025-11-26 15:00:00,0.15002,0.15094,0.15,0.15038,2288686.0
2025-11-26 15:15:00,0.15039,0.15144,0.14974,0.15119,1090044.0
2025-11-26 15:30:00,0.15122,0.1513,0.1503,0.1503,625574.0
2025-11-26 15:45:00,0.15016,0.1506,0.14985,0.15056,1504676.0
2025-11-26 16:00:00,0.15064,0.1521,0.15064,0.15206,1155139.0
2025-11-26 16:15:00,0.15213,0.15274,0.1518,0.1518,328386.0
2025-11-26 16:30:00,0.1518,0.15246,0.15169,0.15195,395106.0
2025-11-26 16:45:00,0.15199,0.15213,0.15154,0.15212,198846.0
2025-11-26 17:00:00,0.15211,0.15279,0.15202,0.15215,1249208.0
2025-11-26 17:15:00,0.15205,0.15466,0.15199,0.15445,6149797.0
2025-11-26 17:30:00,0.15464,0.15558,0.15399,0.15555,1389175.0
2025-11-26 17:45:00,0.15559,0.15596,0.15534,0.15578,767799.0
2025-11-26 18:00:00,0.15573,0.1564,0.15536,0.1563,7984554.0
2025-11-26 18:15:00,0.15638,0.15676,0.15614,0.15638,2665225.0
2025-11-26 18:30:00,0.1565,0.1565,0.15541,0.15543,198043.0
2025-11-26 18:45:00,0.15549,0.15662,0.15539,0.1566,537591.0
2025-11-26 19:00:00,0.15661,0.1567,0.15561,0.15569,321127.0
2025-11-26 19:15:00,0.15582,0.15598,0.15557,0.15568,2907498.0
2025-11-26 19:30:00,0.15592,0.15619,0.15581,0.15588,584545.0
2025-11-26 19:45:00,0.15578,0.15604,0.15568,0.15588,146759.0
2025-11-26 20:00:00,0.15581,0.1561,0.15519,0.15606,420933.0
2025-11-26 20:15:00,0.15607,0.15625,0.15568,0.15578,161977.0
2025-11-26 20:30:00,0.15569,0.15585,0.15512,0.15512,167512.0
2025-11-26 20:45:00,0.15518,0.15546,0.15502,0.15539,271935.0
2025-11-26 21:00:00,0.15537,0.1554,0.1549,0.1549,1514417.0
2025-11-26 21:15:00,0.15487,0.15579,0.15465,0.15575,618127.0
2025-11-26 21:30:00,0.15568,0.15595,0.15536,0.15554,336272.0
2025-11-26 21:45:00,0.15558,0.15609,0.15555,0.15561,183430.0
2025-11-26 22:00:00,0.1557,0.15615,0.15533,0.1556,283113.0
2025-11-26 22:15:00,0.15561,0.15617,0.15535,0.1556,272931.0
2025-11-26 22:30:00,0.15551,0.15579,0.15509,0.15509,80216.0
2025-11-26 22:45:00,0.15525,0.15549,0.15508,0.15518,234982.0
2025-11-26 23:00:00,0.15522,0.15565,0.15507,0.15541,739492.0
2025-11-26 23:15:00,0.15537,0.15537,0.15443,0.15443,868088.0
2025-11-26 23:30:00,0.15446,0.15457,0.15422,0.15448,191688.0
2025-11-26 23:45:00,0.15454,0.15482,0.15454,0.15471,59050.0
2025-11-27 00:00:00,0.15465,0.15474,0.15396,0.1541,1490590.0
2025-11-27 00:15:00,0.15405,0.15425,0.15397,0.15423,559358.0
2025-11-27 00:30:00,0.15417,0.15449,0.15415,0.15434,235131.0
2025-11-27 00:45:00,0.15438,0.15486,0.15429,0.15439,683537.0
2025-11-27 01:00:00,0.15443,0.15529,0.15426,0.15454,404393.0
2025-11-27 01:15:00,0.15458,0.15477,0.15414,0.15425,361683.0
2025-11-27 01:30:00,0.1542,0.15476,0.15404,0.15475,273745.0
2025-11-27 01:45:00,0.15465,0.15519,0.15459,0.15507,738292.0
2025-11-27 02:00:00,0.15505,0.15512,0.15461,0.15487,602370.0
2025-11-27 02:15:00,0.1548,0.1555,0.1548,0.1555,432149.0
2025-11-27 02:30:00,0.15547,0.15552,0.15485,0.1554,266200.0
2025-11-27 02:45:00,0.15547,0.15554,0.15444,0.15469,549486.0
2025-11-27 03:00:00,0.1546,0.15484,0.1544,0.15469,302096.0
2025-11-27 03:15:00,0.15467,0.155,0.15465,0.15465,38697.0
2025-11-27 03:30:00,0.1544,0.15442,0.15374,0.1538,393260.0
2025-11-27 03:45:00,0.15393,0.15403,0.15369,0.15393,418591.0
2025-11-27 04:00:00,0.15387,0.15458,0.15384,0.15451,162444.0
2025-11-27 04:15:00,0.15451,0.15471,0.15446,0.15449,348586.0
2025-11-27 04:30:00,0.15444,0.15458,0.15427,0.15445,36188.0
2025-11-27 04:45:00,0.15446,0.15466,0.15432,0.15466,19494.0
2025-11-27 05:00:00,0.15452,0.15459,0.1543,0.15456,103587.0
2025-11-27 05:15:00,0.1545,0.15474,0.15421,0.15464,30494.0
2025-11-27 05:30:00,0.15443,0.15451,0.15371,0.15394,373631.0
2025-11-27 05:45:00,0.154,0.154,0.1537,0.15387,79373.0
2025-11-27 06:00:00,0.15389,0.15412,0.15376,0.15408,79327.0
2025-11-27 06:15:00,0.15409,0.15443,0.15388,0.15443,61216.0
2025-11-27 06:30:00,0.15435,0.15449,0.15419,0.15419,16640.0
2025-11-27 06:45:00,0.15424,0.15424,0.154,0.15414,51799.0
2025-11-27 07:00:00,0.15419,0.15419,0.1539,0.15406,2919931.0
2025-11-27 07:15:00,0.15404,0.15455,0.15399,0.15432,1634706.0
2025-11-27 07:30:00,0.15434,0.15434,0.15398,0.15398,143462.0
2025-11-27 07:45:00,0.15398,0.15421,0.15383,0.15421,63803.0
2025-11-27 08:00:00,0.15413,0.15419,0.1534,0.1534,191918.0
2025-11-27 08:15:00,0.15341,0.15348,0.153,0.1533,1584320.0
2025-11-27 08:30:00,0.15323,0.15364,0.15313,0.15341,355161.0
2025-11-27 08:45:00,0.15336,0.15368,0.15336,0.15367,438223.0
2025-11-27 09:00:00,0.15361,0.15364,0.15343,0.15343,134726.0
2025-11-27 09:15:00,0.15345,0.15414,0.15345,0.15381,242649.0
2025-11-27 09:30:00,0.15396,0.15444,0.15396,0.15415,145985.0
2025-11-27 09:45:00,0.15416,0.15416,0.15374,0.15374,2183215.0
2025-11-27 10:00:00,0.15374,0.15374,0.15328,0.15341,220315.0
2025-11-27 10:15:00,0.15345,0.15361,0.15335,0.15335,401264.0
2025-11-27 10:30:00,0.15327,0.15333,0.15263,0.15305,452066.0
2025-11-27 10:45:00,0.15305,0.15318,0.15296,0.15315,82284.0
2025-11-27 11:00:00,0.15314,0.15325,0.15266,0.15266,2228324.0
2025-11-27 11:15:00,0.15272,0.15276,0.15237,0.15249,310149.0
2025-11-27 11:30:00,0.15249,0.15281,0.15232,0.15276,85317.0
2025-11-27 11:45:00,0.15273,0.15288,0.15271,0.15278,48134.0
2025-11-27 12:00:00,0.15278,0.15291,0.15261,0.15265,89694.0
2025-11-27 12:15:00,0.15256,0.15266,0.15221,0.15263,315727.0
2025-11-27 12:30:00,0.15264,0.15289,0.15256,0.1527,177636.0
2025-11-27 12:45:00,0.15269,0.15279,0.15216,0.15233,201477.0
2025-11-27 13:00:00,0.15228,0.15272,0.15228,0.15254,216892.0
2025-11-27 13:15:00,0.15276,0.15297,0.15225,0.15294,282202.0
2025-11-27 13:30:00,0.1529,0.15308,0.15253,0.1528,307877.0
2025-11-27 13:45:00,0.15272,0.15295,0.15255,0.15256,1823305.0
2025-11-27 14:00:00,0.1526,0.15269,0.15233,0.15245,456442.0
2025-11-27 14:15:00,0.1524,0.15283,0.1522,0.15283,165208.0
2025-11-27 14:30:00,0.15281,0.15301,0.15243,0.15261,310461.0
2025-11-27 14:45:00,0.15255,0.15285,0.15246,0.15279,328725.0
2025-11-27 15:00:00,0.15273,0.15318,0.15248,0.15254,496731.0
2025-11-27 15:15:00,0.15257,0.15311,0.15257,0.15305,192233.0
2025-11-27 15:30:00,0.15307,0.15332,0.1529,0.15332,117665.0
2025-11-27 15:45:00,0.15326,0.15396,0.15326,0.15388,60583.0
2025-11-27 16:00:00,0.15389,0.15392,0.15304,0.15378,498905.0
2025-11-27 16:15:00,0.15384,0.1539,0.15306,0.15306,1504291.0
2025-11-27 16:30:00,0.15311,0.15355,0.15294,0.15327,92646.0
2025-11-27 16:45:00,0.15326,0.15336,0.15288,0.15321,178348.0
2025-11-27 17:00:00,0.15321,0.15325,0.15299,0.15317,104232.0
2025-11-27 17:15:00,0.1531,0.15324,0.15276,0.15279,441651.0
2025-11-27 17:30:00,0.15276,0.15297,0.15263,0.15278,283260.0
2025-11-27 17:45:00,0.1528,0.15324,0.15278,0.15313,96307.0
2025-11-27 18:00:00,0.1531,0.15319,0.15291,0.15296,110049.0
2025-11-27 18:15:00,0.15303,0.15343,0.15303,0.15334,65994.0
2025-11-27 18:30:00,0.15331,0.15422,0.1533,0.15413,858717.0
2025-11-27 18:45:00,0.15409,0.15433,0.15401,0.15405,712781.0
2025-11-27 19:00:00,0.15405,0.15405,0.15371,0.15386,502524.0
2025-11-27 19:15:00,0.15382,0.15408,0.1537,0.15382,23828.0
2025-11-27 19:30:00,0.15381,0.15403,0.15362,0.15397,117023.0
2025-11-27 19:45:00,0.15399,0.15399,0.15373,0.15383,89598.0
2025-11-27 20:00:00,0.15387,0.15427,0.15386,0.15417,158244.0
2025-11-27 20:15:00,0.15415,0.15434,0.15406,0.15414,93436.0
2025-11-27 20:30:00,0.15414,0.1544,0.15403,0.1544,19102.0
2025-11-27 20:45:00,0.15441,0.15451,0.15417,0.15423,107353.0
2025-11-27 21:00:00,0.15423,0.15433,0.15391,0.15426,115489.0
2025-11-27 21:15:00,0.15426,0.15472,0.15421,0.15437,85919.0
2025-11-27 21:30:00,0.15437,0.15447,0.15418,0.15429,42953.0
2025-11-27 21:45:00,0.15428,0.1544,0.15367,0.15371,78652.0
2025-11-27 22:00:00,0.15365,0.15378,0.15351,0.15366,151089.0
2025-11-27 22:15:00,0.15366,0.1538,0.15358,0.15377,67312.0
2025-11-27 22:30:00,0.15383,0.15386,0.15254,0.15267,393310.0
2025-11-27 22:45:00,0.15261,0.15287,0.15216,0.15249,1173541.0
2025-11-27 23:00:00,0.1524,0.15286,0.15239,0.15275,188902.0
2025-11-27 23:15:00,0.15289,0.15308,0.15259,0.15274,32896.0
2025-11-27 23:30:00,0.15275,0.15279,0.15224,0.15274,54457.0
2025-11-27 23:45:00,0.15285,0.15285,0.15256,0.15265,21607.0
2025-11-28 00:00:00,0.15257,0.15286,0.15245,0.15247,3331868.0
2025-11-28 00:15:00,0.15247,0.15258,0.15205,0.15248,420219.0
2025-11-28 00:30:00,0.15254,0.1528,0.15218,0.15221,79350.0
2025-11-28 00:45:00,0.15218,0.15223,0.15179,0.15196,519799.0
2025-11-28 01:00:00,0.15196,0.15196,0.15115,0.15123,1972692.0
2025-11-28 01:15:00,0.15121,0.15138,0.15099,0.15115,311679.0
2025-11-28 01:30:00,0.15116,0.15136,0.15071,0.15098,175997.0
2025-11-28 01:45:00,0.15095,0.151,0.15,0.15023,936976.0
2025-11-28 02:00:00,0.15026,0.15034,0.14974,0.15026,920557.0
2025-11-28 02:15:00,0.15017,0.15045,0.14961,0.14983,458190.0
2025-11-28 02:30:00,0.14976,0.15024,0.1497,0.15021,267681.0
2025-11-28 02:45:00,0.15025,0.15096,0.1502,0.15088,235405.0
2025-11-28 03:00:00,0.15091,0.1511,0.15065,0.15069,380507.0
2025-11-28 03:15:00,0.15067,0.15069,0.15043,0.15065,241350.0
2025-11-28 03:30:00,0.15068,0.15076,0.15045,0.15059,107815.0
2025-11-28 03:45:00,0.15065,0.15099,0.15065,0.1509,111043.0
2025-11-28 04:00:00,0.15089,0.15101,0.15064,0.15097,206290.0
2025-11-28 04:15:00,0.15099,0.15109,0.15086,0.15091,362739.0
2025-11-28 04:30:00,0.1509,0.15104,0.15052,0.15052,125494.0
2025-11-28 04:45:00,0.15049,0.15053,0.15029,0.15039,63855.0
2025-11-28 05:00:00,0.1504,0.15089,0.15019,0.15089,86534.0
2025-11-28 05:15:00,0.15084,0.15084,0.15063,0.15076,50357.0
2025-11-28 05:30:00,0.15067,0.15083,0.15047,0.15083,540846.0
2025-11-28 05:45:00,0.15087,0.15112,0.15084,0.15094,93440.0
2025-11-28 06:00:00,0.15095,0.15095,0.15031,0.15035,392063.0
2025-11-28 06:15:00,0.1504,0.1504,0.14987,0.14994,220041.0
2025-11-28 06:30:00,0.1499,0.15007,0.14959,0.15007,200430.0
2025-11-28 06:45:00,0.15001,0.15024,0.14991,0.14991,70744.0
2025-11-28 07:00:00,0.14988,0.15017,0.14978,0.1501,113524.0
2025-11-28 07:15:00,0.15008,0.15051,0.14997,0.15038,128305.0
2025-11-28 07:30:00,0.15039,0.15042,0.14997,0.15007,290720.0
2025-11-28 07:45:00,0.14997,0.14997,0.14973,0.14983,516395.0
2025-11-28 08:00:00,0.14975,0.15079,0.14975,0.15071,335920.0
2025-11-28 08:15:00,0.15064,0.15107,0.15053,0.15079,3493043.0
2025-11-28 08:30:00,0.15079,0.15118,0.15052,0.15086,5213926.0
2025-11-28 08:45:00,0.15082,0.15306,0.15082,0.15306,2522577.0
2025-11-28 09:00:00,0.15309,0.15342,0.15253,0.15278,880631.0
2025-11-28 09:15:00,0.1527,0.15275,0.15226,0.15242,716363.0
2025-11-28 09:30:00,0.15233,0.15238,0.15189,0.15207,523504.0
2025-11-28 09:45:00,0.15213,0.15229,0.15201,0.15215,121423.0
2025-11-28 10:00:00,0.15215,0.15223,0.15193,0.15205,132652.0
2025-11-28 10:15:00,0.15204,0.15216,0.15185,0.15208,76670.0
2025-11-28 10:30:00,0.15203,0.1523,0.15203,0.15228,130130.0
2025-11-28 10:45:00,0.15227,0.15239,0.15203,0.15216,94561.0
2025-11-28 11:00:00,0.15211,0.15217,0.15085,0.15085,485538.0
2025-11-28 11:15:00,0.15071,0.15071,0.14971,0.15032,1948577.0
2025-11-28 11:30:00,0.15031,0.15043,0.15006,0.15028,268939.0
2025-11-28 11:45:00,0.15015,0.15045,0.14987,0.15039,146421.0
2025-11-28 12:00:00,0.15033,0.15076,0.1503,0.1505,295591.0
2025-11-28 12:15:00,0.15044,0.15067,0.15013,0.15055,304726.0
2025-11-28 12:30:00,0.15056,0.15087,0.15045,0.15069,123349.0
2025-11-28 12:45:00,0.15068,0.15093,0.15063,0.15089,192147.0
2025-11-28 13:00:00,0.15087,0.15089,0.15015,0.15042,167599.0
2025-11-28 13:15:00,0.15048,0.15064,0.15034,0.15062,237027.0
2025-11-28 13:30:00,0.1506,0.1516,0.1506,0.15135,7306128.0
2025-11-28 13:45:00,0.15139,0.15292,0.15139,0.15245,1607251.0
2025-11-28 14:00:00,0.15234,0.15273,0.15215,0.15236,1092251.0
2025-11-28 14:15:00,0.15239,0.1538,0.15239,0.1536,1212963.0
2025-11-28 14:30:00,0.1537,0.15376,0.15204,0.15204,3522481.0
2025-11-28 14:45:00,0.152,0.1526,0.15174,0.15238,906335.0
2025-11-28 15:00:00,0.15259,0.15311,0.15236,0.15307,255514.0
2025-11-28 15:15:00,0.1531,0.15547,0.15303,0.15503,1456534.0
2025-11-28 15:30:00,0.15494,0.15535,0.15383,0.15383,991362.0
2025-11-28 15:45:00,0.15382,0.15392,0.15318,0.1536,388969.0
2025-11-28 16:00:00,0.15366,0.15366,0.15269,0.15302,785061.0
2025-11-28 16:15:00,0.15297,0.15318,0.15107,0.15117,917097.0
2025-11-28 16:30:00,0.15107,0.15161,0.15066,0.15138,804407.0
2025-11-28 16:45:00,0.1514,0.15155,0.15035,0.15037,1721037.0
2025-11-28 17:00:00,0.15041,0.15094,0.14982,0.14989,385546.0
2025-11-28 17:15:00,0.1498,0.14998,0.14921,0.14944,1774211.0
2025-11-28 17:30:00,0.1493,0.14954,0.14862,0.14887,6300683.0
2025-11-28 17:45:00,0.14885,0.14999,0.14885,0.14916,6086218.0
2025-11-28 18:00:00,0.14932,0.14979,0.14818,0.14969,7239258.0
2025-11-28 18:15:00,0.14969,0.1498,0.14897,0.14924,773575.0
2025-11-28 18:30:00,0.14936,0.14962,0.14901,0.14949,158753.0
2025-11-28 18:45:00,0.14947,0.14987,0.14934,0.14963,235434.0
2025-11-28 19:00:00,0.14967,0.14989,0.14959,0.14976,595858.0
2025-11-28 19:15:00,0.14981,0.15042,0.14967,0.15042,983542.0
2025-11-28 19:30:00,0.15037,0.15086,0.15029,0.15084,214912.0
2025-11-28 19:45:00,0.15081,0.1511,0.15047,0.15089,229182.0
2025-11-28 20:00:00,0.15088,0.15088,0.15,0.15019,255483.0
2025-11-28 20:15:00,0.15018,0.15112,0.15007,0.15108,544185.0
2025-11-28 20:30:00,0.15108,0.15125,0.15086,0.15092,328180.0
2025-11-28 20:45:00,0.15087,0.15117,0.15069,0.15094,220700.0
2025-11-28 21:00:00,0.15091,0.15099,0.15045,0.15056,539533.0
2025-11-28 21:15:00,0.15059,0.15059,0.15017,0.15035,262334.0
2025-11-28 21:30:00,0.15035,0.15053,0.1502,0.15048,497065.0
2025-11-28 21:45:00,0.15041,0.15041,0.14974,0.14974,779153.0
2025-11-28 22:00:00,0.14977,0.15044,0.14947,0.15019,310129.0
2025-11-28 22:15:00,0.14999,0.15024,0.14975,0.14999,372980.0
2025-11-28 22:30:00,0.1501,0.15062,0.14998,0.15059,460219.0
2025-11-28 22:45:00,0.15059,0.15109,0.15057,0.1508,242236.0
2025-11-28 23:00:00,0.1509,0.15114,0.15052,0.1507,492346.0
2025-11-28 23:15:00,0.15066,0.15066,0.15035,0.15035,115462.0
2025-11-28 23:30:00,0.15037,0.15041,0.15017,0.15027,134899.0
2025-11-28 23:45:00,0.15025,0.1503,0.15008,0.15009,118751.0
2025-11-29 00:00:00,0.15012,0.15024,0.15005,0.15017,275728.0
2025-11-29 00:15:00,0.1502,0.15032,0.15002,0.15022,104674.0
2025-11-29 00:30:00,0.15023,0.15043,0.14993,0.15032,69919.0
2025-11-29 00:45:00,0.15031,0.15038,0.15012,0.15021,76344.0
2025-11-29 01:00:00,0.15031,0.1506,0.15023,0.15056,799684.0
2025-11-29 01:15:00,0.15055,0.15082,0.15033,0.15033,25215.0
2025-11-29 01:30:00,0.15035,0.15041,0.15005,0.15015,14535.0
2025-11-29 01:45:00,0.1501,0.15022,0.15007,0.15015,72882.0
2025-11-29 02:00:00,0.15013,0.1502,0.1499,0.15006,196878.0
2025-11-29 02:15:00,0.15006,0.15016,0.14998,0.14998,116692.0
2025-11-29 02:30:00,0.14995,0.14995,0.14954,0.1496,101119.0
2025-11-29 02:45:00,0.14954,0.14999,0.14943,0.14999,434216.0
2025-11-29 03:00:00,0.14997,0.15019,0.14997,0.15006,47430.0
2025-11-29 03:15:00,0.15003,0.1503,0.14992,0.14992,75724.0
2025-11-29 03:30:00,0.14983,0.14986,0.14961,0.14976,67159.0
2025-11-29 03:45:00,0.14976,0.14995,0.14975,0.14981,235050.0
2025-11-29 04:00:00,0.14975,0.14992,0.14958,0.14962,31486.0
2025-11-29 04:15:00,0.14964,0.14987,0.14948,0.14987,158469.0
2025-11-29 04:30:00,0.14992,0.15024,0.14992,0.15007,28955.0
2025-11-29 04:45:00,0.15007,0.15061,0.15007,0.15061,112595.0
2025-11-29 05:00:00,0.1505,0.1505,0.14997,0.14997,153791.0
2025-11-29 05:15:00,0.14992,0.15013,0.14989,0.14998,642684.0
2025-11-29 05:30:00,0.14994,0.15013,0.14982,0.14982,618420.0
2025-11-29 05:45:00,0.14982,0.14982,0.14951,0.14954,123429.0
2025-11-29 06:00:00,0.14957,0.14997,0.14957,0.14993,30313.0
2025-11-29 06:15:00,0.14996,0.14996,0.14907,0.14926,828007.0
2025-11-29 06:30:00,0.14923,0.14927,0.14846,0.14916,1868478.0
2025-11-29 06:45:00,0.14916,0.1494,0.14908,0.1492,25797.0
2025-11-29 07:00:00,0.14918,0.14925,0.14895,0.14911,22600.0
2025-11-29 07:15:00,0.14922,0.14924,0.149,0.14907,177826.0
2025-11-29 07:30:00,0.1491,0.1491,0.1487,0.14889,426943.0
2025-11-29 07:45:00,0.14885,0.14902,0.14872,0.14897,458411.0
2025-11-29 08:00:00,0.14889,0.14927,0.14885,0.14927,181651.0
2025-11-29 08:15:00,0.14925,0.14947,0.14918,0.14918,82257.0
2025-11-29 08:30:00,0.14914,0.14938,0.14907,0.14926,110881.0
2025-11-29 08:45:00,0.14928,0.14935,0.14922,0.14925,1885852.0
2025-11-29 09:00:00,0.14926,0.14947,0.14912,0.14929,87897.0
2025-11-29 09:15:00,0.14929,0.14935,0.1491,0.14917,151359.0
2025-11-29 09:30:00,0.14912,0.14929,0.14893,0.14928,2740326.0
2025-11-29 09:45:00,0.14929,0.14937,0.14925,0.14934,22153.0
2025-11-29 10:00:00,0.14931,0.14931,0.14901,0.14906,177830.0
2025-11-29 10:15:00,0.14908,0.14919,0.14842,0.14919,256838.0
2025-11-29 10:30:00,0.14917,0.1492,0.14901,0.14905,44617.0
2025-11-29 10:45:00,0.14904,0.14905,0.14892,0.14897,62869.0
2025-11-29 11:00:00,0.14898,0.14921,0.14885,0.14919,61429.0
2025-11-29 11:15:00,0.1492,0.14925,0.14899,0.14906,76680.0
2025-11-29 11:30:00,0.1491,0.1495,0.14903,0.14948,82125.0
2025-11-29 11:45:00,0.14943,0.1495,0.14931,0.14947,23354.0
2025-11-29 12:00:00,0.14943,0.14998,0.14943,0.14955,273881.0
2025-11-29 12:15:00,0.14952,0.14957,0.14909,0.14912,42578.0
2025-11-29 12:30:00,0.14911,0.14935,0.14908,0.14935,29105.0
2025-11-29 12:45:00,0.14943,0.14947,0.14925,0.14926,17391.0
2025-11-29 13:00:00,0.14915,0.1493,0.14903,0.14903,277288.0
2025-11-29 13:15:00,0.14897,0.1493,0.14889,0.14922,323693.0
2025-11-29 13:30:00,0.14923,0.14927,0.14884,0.1489,25205.0
2025-11-29 13:45:00,0.14891,0.14913,0.14883,0.14885,35734.0
2025-11-29 14:00:00,0.14889,0.14889,0.14846,0.14864,192980.0
2025-11-29 14:15:00,0.14873,0.14873,0.1485,0.14866,217452.0
2025-11-29 14:30:00,0.14865,0.14873,0.14834,0.14852,15270.0
2025-11-29 14:45:00,0.14848,0.14867,0.14831,0.14833,68284.0
2025-11-29 15:00:00,0.14836,0.14872,0.14833,0.1486,424778.0
2025-11-29 15:15:00,0.14871,0.14959,0.14871,0.14929,1384312.0
2025-11-29 15:30:00,0.14919,0.14942,0.14915,0.14927,118065.0
2025-11-29 15:45:00,0.14948,0.14958,0.14937,0.14937,522309.0
2025-11-29 16:00:00,0.1494,0.14945,0.14904,0.14905,272935.0
2025-11-29 16:15:00,0.14902,0.1493,0.14857,0.14862,2837647.0
2025-11-29 16:30:00,0.14867,0.14889,0.14867,0.14885,133966.0
2025-11-29 16:45:00,0.14882,0.14905,0.14867,0.1488,142097.0
2025-11-29 17:00:00,0.14896,0.14902,0.14845,0.14851,149404.0
2025-11-29 17:15:00,0.14854,0.14858,0.14834,0.14834,90572.0
2025-11-29 17:30:00,0.14833,0.14833,0.14739,0.14804,1320980.0
2025-11-29 17:45:00,0.148,0.14815,0.14757,0.1477,147166.0
2025-11-29 18:00:00,0.14769,0.1479,0.1472,0.14777,631422.0
2025-11-29 18:15:00,0.14782,0.14802,0.14745,0.14757,685463.0
2025-11-29 18:30:00,0.1476,0.14803,0.14732,0.14802,515610.0
2025-11-29 18:45:00,0.14807,0.14818,0.14786,0.1481,57706.0
2025-11-29 19:00:00,0.14809,0.14845,0.14804,0.14823,122338.0
2025-11-29 19:15:00,0.1482,0.14827,0.14811,0.14827,26547.0
2025-11-29 19:30:00,0.14828,0.14828,0.14796,0.14798,39299.0
2025-11-29 19:45:00,0.14797,0.14815,0.14793,0.14814,374625.0
2025-11-29 20:00:00,0.14814,0.1483,0.14795,0.14808,222751.0
2025-11-29 20:15:00,0.14807,0.14814,0.14799,0.1481,83028.0
2025-11-29 20:30:00,0.14804,0.1482,0.14799,0.1482,22871.0
2025-11-29 20:45:00,0.1482,0.1488,0.14812,0.14878,141098.0
2025-11-29 21:00:00,0.14881,0.14886,0.14824,0.14824,72762.0
2025-11-29 21:15:00,0.14821,0.14877,0.1482,0.14877,69427.0
2025-11-29 21:30:00,0.14877,0.14888,0.14872,0.14878,46160.0
2025-11-29 21:45:00,0.14878,0.1489,0.14877,0.14883,48246.0
2025-11-29 22:00:00,0.14881,0.14881,0.14778,0.14792,182693.0
2025-11-29 22:15:00,0.14793,0.14819,0.14793,0.14802,276297.0
2025-11-29 22:30:00,0.1481,0.14829,0.14784,0.14828,27968.0
2025-11-29 22:45:00,0.14831,0.14831,0.14787,0.14797,143159.0
2025-11-29 23:00:00,0.148,0.14809,0.14783,0.148,51901.0
2025-11-29 23:15:00,0.148,0.14879,0.14794,0.14861,85316.0
2025-11-29 23:30:00,0.14857,0.1486,0.14835,0.14845,49253.0
2025-11-29 23:45:00,0.14839,0.14872,0.14829,0.14829,159695.0
2025-11-30 00:00:00,0.14832,0.14871,0.1483,0.1487,180957.0
2025-11-30 00:15:00,0.14867,0.1488,0.14854,0.14864,286924.0
2025-11-30 00:30:00,0.1486,0.14862,0.14834,0.14852,38987.0
2025-11-30 00:45:00,0.14845,0.14862,0.14845,0.1486,100178.0
2025-11-30 01:00:00,0.14861,0.14912,0.14851,0.14902,672443.0
2025-11-30 01:15:00,0.14903,0.14911,0.14857,0.14864,85754.0
2025-11-30 01:30:00,0.14868,0.1489,0.14868,0.14881,105136.0
2025-11-30 01:45:00,0.14885,0.14889,0.14877,0.14887,343061.0
2025-11-30 02:00:00,0.1489,0.14933,0.14889,0.14926,487265.0
2025-11-30 02:15:00,0.14929,0.14932,0.14898,0.14902,160933.0
2025-11-30 02:30:00,0.14903,0.14903,0.14856,0.1486,111761.0
2025-11-30 02:45:00,0.1486,0.14868,0.1485,0.14852,1648560.0
2025-11-30 03:00:00,0.14851,0.14871,0.14848,0.14853,1506757.0
2025-11-30 03:15:00,0.14853,0.14858,0.14794,0.14842,490515.0
2025-11-30 03:30:00,0.14836,0.14941,0.14836,0.14941,48948.0
2025-11-30 03:45:00,0.14948,0.14948,0.14897,0.14919,69283.0
2025-11-30 04:00:00,0.14933,0.14943,0.14919,0.14932,108317.0
2025-11-30 04:15:00,0.14928,0.14928,0.149,0.14907,40918.0
2025-11-30 04:30:00,0.14912,0.14913,0.14891,0.14894,240904.0
2025-11-30 04:45:00,0.14894,0.14921,0.14882,0.14916,206499.0
2025-11-30 05:00:00,0.14912,0.14912,0.14876,0.14886,136349.0
2025-11-30 05:15:00,0.14883,0.1489,0.14835,0.14845,200085.0
2025-11-30 05:30:00,0.14847,0.14869,0.14837,0.1486,137837.0
2025-11-30 05:45:00,0.14855,0.14889,0.14852,0.14868,145673.0
2025-11-30 06:00:00,0.1487,0.14888,0.1485,0.14862,165106.0
2025-11-30 06:15:00,0.1486,0.14915,0.14857,0.14915,13526.0
2025-11-30 06:30:00,0.14919,0.14938,0.14913,0.14913,116872.0
2025-11-30 06:45:00,0.14915,0.14915,0.1487,0.14884,42414.0
2025-11-30 07:00:00,0.14882,0.14903,0.14878,0.14899,115916.0
2025-11-30 07:15:00,0.14894,0.14899,0.1488,0.14895,29509.0
2025-11-30 07:30:00,0.14893,0.1491,0.14891,0.14902,12194.0
2025-11-30 07:45:00,0.14899,0.1493,0.14899,0.14915,40624.0
2025-11-30 08:00:00,0.14917,0.14917,0.14895,0.14907,119538.0
2025-11-30 08:15:00,0.14902,0.14973,0.14896,0.14916,367494.0
2025-11-30 08:30:00,0.14916,0.14927,0.14867,0.14912,252840.0
2025-11-30 08:45:00,0.14909,0.14932,0.14892,0.14914,59534.0
2025-11-30 09:00:00,0.14914,0.1496,0.14904,0.14949,131515.0
2025-11-30 09:15:00,0.14943,0.14967,0.14929,0.14952,135074.0
2025-11-30 09:30:00,0.14953,0.14956,0.1492,0.14956,114906.0
2025-11-30 09:45:00,0.14958,0.14961,0.1492,0.14955,52272.0
2025-11-30 10:00:00,0.14953,0.14962,0.14916,0.14925,146764.0
2025-11-30 10:15:00,0.14924,0.14936,0.14919,0.14936,325812.0
2025-11-30 10:30:00,0.14942,0.14942,0.149,0.149,66081.0
2025-11-30 10:45:00,0.14901,0.14905,0.14889,0.14892,49714.0
2025-11-30 11:00:00,0.14892,0.14923,0.14884,0.14891,460258.0
2025-11-30 11:15:00,0.1489,0.14896,0.14877,0.14881,46653.0
2025-11-30 11:30:00,0.14887,0.14889,0.14868,0.14886,45999.0
2025-11-30 11:45:00,0.14882,0.14895,0.14855,0.14879,673948.0
2025-11-30 12:00:00,0.14876,0.14923,0.14849,0.14922,540202.0
2025-11-30 12:15:00,0.14921,0.14941,0.14921,0.14936,212764.0
2025-11-30 12:30:00,0.14931,0.1497,0.14922,0.14967,510760.0
2025-11-30 12:45:00,0.14968,0.15003,0.14937,0.14949,591237.0
2025-11-30 13:00:00,0.14949,0.14965,0.14943,0.14949,833187.0
2025-11-30 13:15:00,0.14949,0.15041,0.14949,0.15029,1038955.0
2025-11-30 13:30:00,0.15028,0.15049,0.15013,0.15026,463281.0
2025-11-30 13:45:00,0.15033,0.15042,0.15015,0.15042,154873.0
2025-11-30 14:00:00,0.15047,0.15047,0.14986,0.14992,735565.0
2025-11-30 14:15:00,0.14985,0.14985,0.14966,0.14983,54328.0
2025-11-30 14:30:00,0.14983,0.14989,0.14932,0.14939,5952468.0
2025-11-30 14:45:00,0.14939,0.14944,0.14923,0.14944,224687.0
2025-11-30 15:00:00,0.14953,0.14953,0.14886,0.14903,242782.0
2025-11-30 15:15:00,0.14911,0.1497,0.149,0.1496,59920.0
2025-11-30 15:30:00,0.14963,0.14963,0.14907,0.14927,181618.0
2025-11-30 15:45:00,0.14922,0.14941,0.14908,0.14931,255714.0
2025-11-30 16:00:00,0.14934,0.14969,0.14923,0.14967,512584.0
2025-11-30 16:15:00,0.14969,0.15046,0.14947,0.15038,1034062.0
2025-11-30 16:30:00,0.15037,0.15041,0.14997,0.1502,201062.0
2025-11-30 16:45:00,0.15022,0.1505,0.15018,0.15029,258336.0
2025-11-30 17:00:00,0.15028,0.15028,0.14965,0.14975,491528.0
2025-11-30 17:15:00,0.14979,0.14992,0.14957,0.1496,90895.0
2025-11-30 17:30:00,0.14966,0.15019,0.14947,0.15018,182831.0
2025-11-30 17:45:00,0.15017,0.15023,0.14994,0.14997,43021.0
2025-11-30 18:00:00,0.14997,0.15001,0.14966,0.14972,291555.0
2025-11-30 18:15:00,0.14972,0.14998,0.14955,0.1496,214154.0
2025-11-30 18:30:00,0.14954,0.14957,0.14922,0.14929,183060.0
2025-11-30 18:45:00,0.14922,0.14999,0.14917,0.14992,143066.0
2025-11-30 19:00:00,0.14986,0.15015,0.14986,0.14991,240476.0
2025-11-30 19:15:00,0.14994,0.14994,0.14963,0.14973,298398.0
2025-11-30 19:30:00,0.14968,0.14985,0.14959,0.14974,218196.0
2025-11-30 19:45:00,0.14977,0.14984,0.14951,0.14966,13415.0
2025-11-30 20:00:00,0.14967,0.15027,0.14967,0.15027,107071.0
2025-11-30 20:15:00,0.15028,0.15034,0.14955,0.1496,124374.0
2025-11-30 20:30:00,0.1496,0.1496,0.14917,0.14927,52187.0
2025-11-30 20:45:00,0.14926,0.14959,0.14926,0.14956,203284.0
2025-11-30 21:00:00,0.14958,0.14958,0.14901,0.14921,88786.0
2025-11-30 21:15:00,0.14922,0.14922,0.14826,0.14861,6470692.0
2025-11-30 21:30:00,0.14863,0.14872,0.14844,0.14856,128311.0
2025-11-30 21:45:00,0.14859,0.14894,0.14852,0.14873,35621.0
2025-11-30 22:00:00,0.14884,0.14972,0.14884,0.14971,82972.0
2025-11-30 22:15:00,0.14961,0.14976,0.14938,0.14938,298231.0
2025-11-30 22:30:00,0.14922,0.14923,0.14874,0.14908,628843.0
2025-11-30 22:45:00,0.14899,0.14947,0.14873,0.14947,204358.0
2025-11-30 23:00:00,0.14937,0.14937,0.14813,0.14825,1838635.0
2025-11-30 23:15:00,0.14822,0.14824,0.14674,0.14687,1007805.0
2025-11-30 23:30:00,0.14681,0.14705,0.14636,0.14684,547502.0
2025-11-30 23:45:00,0.14677,0.14703,0.14584,0.14589,1207082.0
2025-12-01 00:00:00,0.14589,0.14629,0.14157,0.1428,30227666.0
2025-12-01 00:15:00,0.1428,0.14322,0.14107,0.14114,14106376.0
2025-12-01 00:30:00,0.14125,0.14158,0.13988,0.14023,5143658.0
2025-12-01 00:45:00,0.14025,0.1403,0.13875,0.13885,1207522.0
2025-12-01 01:00:00,0.13885,0.14056,0.13869,0.13961,3616656.0
2025-12-01 01:15:00,0.13951,0.14043,0.13924,0.13924,2199644.0
2025-12-01 01:30:00,0.1392,0.13999,0.13915,0.13974,651158.0
2025-12-01 01:45:00,0.13968,0.13979,0.13915,0.13915,164328.0
2025-12-01 02:00:00,0.13912,0.13969,0.13874,0.13912,934197.0
2025-12-01 02:15:00,0.1391,0.13921,0.13873,0.13873,242722.0
2025-12-01 02:30:00,0.13876,0.13902,0.1382,0.13896,974456.0
2025-12-01 02:45:00,0.13894,0.13894,0.13836,0.13838,399961.0
2025-12-01 03:00:00,0.13842,0.13861,0.13762,0.13797,737649.0
2025-12-01 03:15:00,0.13793,0.13805,0.13748,0.13755,504456.0
2025-12-01 03:30:00,0.13753,0.13772,0.13686,0.13772,907057.0
2025-12-01 03:45:00,0.13775,0.1378,0.13702,0.13709,684967.0
2025-12-01 04:00:00,0.13706,0.13757,0.13696,0.13732,780512.0
2025-12-01 04:15:00,0.13709,0.13753,0.13683,0.13692,990988.0
2025-12-01 04:30:00,0.13692,0.1376,0.13677,0.13724,667357.0
2025-12-01 04:45:00,0.13726,0.13728,0.13661,0.13674,207246.0
2025-12-01 05:00:00,0.13675,0.13721,0.1367,0.13695,743111.0
2025-12-01 05:15:00,0.13693,0.13723,0.13665,0.1372,239835.0
2025-12-01 05:30:00,0.13715,0.13715,0.13667,0.13683,244725.0
2025-12-01 05:45:00,0.13697,0.13722,0.13697,0.13702,344246.0
2025-12-01 06:00:00,0.13704,0.13737,0.13694,0.13705,306372.0
2025-12-01 06:15:00,0.1371,0.13713,0.13665,0.13671,664179.0
2025-12-01 06:30:00,0.13671,0.1371,0.13664,0.13702,206393.0
2025-12-01 06:45:00,0.13709,0.13721,0.1368,0.13694,606297.0
2025-12-01 07:00:00,0.13696,0.137,0.1367,0.13683,789855.0
2025-12-01 07:15:00,0.13673,0.13707,0.1365,0.13703,99260.0
2025-12-01 07:30:00,0.137,0.13755,0.1369,0.13744,350959.0
2025-12-01 07:45:00,0.13758,0.13766,0.13732,0.13762,509866.0
2025-12-01 08:00:00,0.13762,0.13796,0.13742,0.13755,868229.0
2025-12-01 08:15:00,0.13759,0.13777,0.13751,0.13777,689900.0
2025-12-01 08:30:00,0.13777,0.13797,0.13743,0.13795,289442.0
2025-12-01 08:45:00,0.13792,0.13814,0.13792,0.13806,827728.0
2025-12-01 09:00:00,0.13806,0.13836,0.13725,0.13733,999573.0
2025-12-01 09:15:00,0.13735,0.13737,0.13694,0.13714,314609.0
2025-12-01 09:30:00,0.13709,0.13727,0.13707,0.13727,332657.0
2025-12-01 09:45:00,0.1373,0.1373,0.13697,0.13703,659860.0
2025-12-01 10:00:00,0.13706,0.13749,0.13706,0.13732,303523.0
2025-12-01 10:15:00,0.13736,0.13741,0.13718,0.13719,147410.0
2025-12-01 10:30:00,0.13711,0.13726,0.13707,0.13709,108269.0
2025-12-01 10:45:00,0.1371,0.13721,0.13705,0.13721,73653.0
2025-12-01 11:00:00,0.13717,0.13725,0.13661,0.13665,427518.0
2025-12-01 11:15:00,0.13667,0.137,0.13667,0.13688,334783.0
2025-12-01 11:30:00,0.13672,0.13686,0.13656,0.13675,97736.0
2025-12-01 11:45:00,0.13679,0.13695,0.13671,0.13682,71895.0
2025-12-01 12:00:00,0.13697,0.13701,0.13637,0.13652,603691.0
2025-12-01 12:15:00,0.13655,0.13672,0.13637,0.13642,286179.0
2025-12-01 12:30:00,0.13642,0.13643,0.13554,0.13572,665276.0
2025-12-01 12:45:00,0.13574,0.13627,0.13427,0.13604,2817036.0
2025-12-01 13:00:00,0.13596,0.13677,0.13578,0.13591,1502938.0
2025-12-01 13:15:00,0.13597,0.13604,0.13555,0.13565,792089.0
2025-12-01 13:30:00,0.13556,0.13556,0.13499,0.13504,529981.0
2025-12-01 13:45:00,0.13505,0.1354,0.13471,0.13518,1204426.0
2025-12-01 14:00:00,0.13516,0.13559,0.13496,0.13525,1970077.0
2025-12-01 14:15:00,0.13524,0.13537,0.13487,0.13537,2474755.0
2025-12-01 14:30:00,0.13535,0.13625,0.13485,0.13513,3949750.0
2025-12-01 14:45:00,0.13513,0.13551,0.1347,0.13502,1609743.0
2025-12-01 15:00:00,0.13501,0.13512,0.13428,0.13429,801172.0
2025-12-01 15:15:00,0.13432,0.13467,0.13359,0.13368,4236426.0
2025-12-01 15:30:00,0.13368,0.13373,0.13177,0.13236,12177117.0
2025-12-01 15:45:00,0.1324,0.13433,0.13189,0.13379,7490882.0
2025-12-01 16:00:00,0.1338,0.13387,0.13304,0.13317,1341097.0
2025-12-01 16:15:00,0.1332,0.13328,0.13256,0.13282,1066093.0
2025-12-01 16:30:00,0.13286,0.13376,0.13242,0.13329,988286.0
2025-12-01 16:45:00,0.13322,0.13336,0.13213,0.13226,611782.0
2025-12-01 17:00:00,0.13225,0.13325,0.13224,0.13269,1372213.0
2025-12-01 17:15:00,0.13271,0.13293,0.13234,0.13283,1441652.0
2025-12-01 17:30:00,0.13284,0.13309,0.13207,0.13309,627271.0
2025-12-01 17:45:00,0.13319,0.13335,0.13283,0.13288,118857.0
2025-12-01 18:00:00,0.13286,0.13376,0.13263,0.13365,881651.0
2025-12-01 18:15:00,0.13358,0.13381,0.13324,0.13335,1381296.0
2025-12-01 18:30:00,0.13337,0.13337,0.13273,0.13276,8086060.0
2025-12-01 18:45:00,0.13278,0.13364,0.13264,0.13339,1396882.0
2025-12-01 19:00:00,0.13343,0.13352,0.1327,0.13313,961406.0
2025-12-01 19:15:00,0.13316,0.13328,0.13263,0.13265,795432.0
2025-12-01 19:30:00,0.13265,0.13324,0.13259,0.13282,735590.0
2025-12-01 19:45:00,0.13287,0.13328,0.13282,0.13319,604157.0
2025-12-01 20:00:00,0.13328,0.13486,0.13324,0.1342,1896005.0
2025-12-01 20:15:00,0.13422,0.13422,0.13342,0.13355,814741.0
2025-12-01 20:30:00,0.13357,0.13391,0.13342,0.13385,1163991.0
2025-12-01 20:45:00,0.13392,0.13394,0.13357,0.13366,971419.0
2025-12-01 21:00:00,0.1337,0.1346,0.1337,0.13403,2056030.0
2025-12-01 21:15:00,0.13403,0.13517,0.13395,0.13483,621903.0
2025-12-01 21:30:00,0.13482,0.13539,0.13478,0.13517,656327.0
2025-12-01 21:45:00,0.13522,0.13522,0.13477,0.13501,4576938.0
2025-12-01 22:00:00,0.13507,0.13578,0.13503,0.13539,1174916.0
2025-12-01 22:15:00,0.13544,0.13567,0.13538,0.13557,565359.0
2025-12-01 22:30:00,0.13552,0.13585,0.13525,0.13582,197143.0
2025-12-01 22:45:00,0.13586,0.13636,0.13573,0.13574,444892.0
2025-12-01 23:00:00,0.13576,0.13629,0.13559,0.13566,468558.0
2025-12-01 23:15:00,0.13574,0.13623,0.13573,0.13623,16667.0
2025-12-01 23:30:00,0.13627,0.13652,0.13595,0.13597,202703.0
2025-12-01 23:45:00,0.13594,0.13595,0.13544,0.13544,96601.0
2025-12-02 00:00:00,0.13539,0.13586,0.13537,0.13542,556335.0
2025-12-02 00:15:00,0.13542,0.13554,0.13488,0.13511,714541.0
2025-12-02 00:30:00,0.13514,0.13574,0.13514,0.13529,458954.0
2025-12-02 00:45:00,0.13528,0.13581,0.13525,0.13553,89544.0
2025-12-02 01:00:00,0.13557,0.1372,0.1354,0.13605,2436999.0
2025-12-02 01:15:00,0.13606,0.13619,0.13566,0.13585,652507.0
2025-12-02 01:30:00,0.13588,0.13608,0.1356,0.13578,1806534.0
2025-12-02 01:45:00,0.1358,0.13588,0.13562,0.13569,208047.0
2025-12-02 02:00:00,0.13576,0.13602,0.13538,0.13594,852904.0
2025-12-02 02:15:00,0.1362,0.13639,0.13616,0.13632,175054.0
2025-12-02 02:30:00,0.13624,0.13631,0.1359,0.13609,341579.0
2025-12-02 02:45:00,0.13614,0.1362,0.13564,0.13568,193440.0
2025-12-02 03:00:00,0.13568,0.13588,0.13554,0.13588,153026.0
2025-12-02 03:15:00,0.13589,0.13589,0.13516,0.13529,36885.0
2025-12-02 03:30:00,0.13526,0.13622,0.13501,0.13622,84037.0
2025-12-02 03:45:00,0.13638,0.13658,0.13608,0.13624,35983.0
2025-12-02 04:00:00,0.13634,0.13668,0.13625,0.13625,73718.0
2025-12-02 04:15:00,0.13622,0.13631,0.13603,0.13613,286425.0
2025-12-02 04:30:00,0.13613,0.13627,0.13603,0.13618,42078.0
2025-12-02 04:45:00,0.13616,0.13623,0.13588,0.13592,61085.0
2025-12-02 05:00:00,0.1359,0.13618,0.13565,0.13593,48525.0
2025-12-02 05:15:00,0.13589,0.13615,0.13577,0.1358,163514.0
2025-12-02 05:30:00,0.1358,0.13581,0.13561,0.13569,203618.0
2025-12-02 05:45:00,0.13574,0.13595,0.13573,0.13583,160508.0
2025-12-02 06:00:00,0.13582,0.13582,0.13553,0.13567,75946.0
2025-12-02 06:15:00,0.13567,0.13584,0.13553,0.13562,102376.0
2025-12-02 06:30:00,0.13572,0.13616,0.1357,0.13604,197045.0
2025-12-02 06:45:00,0.13601,0.13618,0.13601,0.13613,247168.0
2025-12-02 07:00:00,0.13607,0.13608,0.13571,0.13577,89015.0
2025-12-02 07:15:00,0.13575,0.13576,0.13542,0.13546,24905.0
2025-12-02 07:30:00,0.13549,0.1356,0.13535,0.1356,19095.0
2025-12-02 07:45:00,0.13554,0.13559,0.13547,0.13556,46231.0
2025-12-02 08:00:00,0.13558,0.13558,0.13496,0.1351,148565.0
2025-12-02 08:15:00,0.13513,0.13516,0.13463,0.13468,491370.0
2025-12-02 08:30:00,0.13468,0.13491,0.13438,0.13476,1028236.0
2025-12-02 08:45:00,0.13479,0.13517,0.13453,0.13464,399428.0
2025-12-02 09:00:00,0.13467,0.13559,0.13466,0.13529,301042.0
2025-12-02 09:15:00,0.13531,0.13593,0.13518,0.13588,175529.0
2025-12-02 09:30:00,0.13578,0.1358,0.13557,0.13565,79006.0
2025-12-02 09:45:00,0.13557,0.13573,0.13553,0.13557,33865.0
2025-12-02 10:00:00,0.13546,0.13614,0.13546,0.13597,142677.0
2025-12-02 10:15:00,0.13591,0.13593,0.13575,0.13575,101930.0
2025-12-02 10:30:00,0.13581,0.13623,0.13581,0.13623,87099.0
2025-12-02 10:45:00,0.13629,0.13719,0.13629,0.13667,884175.0
2025-12-02 11:00:00,0.13663,0.13673,0.1362,0.13627,427855.0
2025-12-02 11:15:00,0.13626,0.13683,0.13614,0.13683,142993.0
2025-12-02 11:30:00,0.1369,0.13699,0.13674,0.1369,127723.0
2025-12-02 11:45:00,0.13697,0.1372,0.13686,0.13686,297756.0
2025-12-02 12:00:00,0.13695,0.13723,0.13682,0.1371,170499.0
2025-12-02 12:15:00,0.1371,0.13745,0.13706,0.13721,234280.0
2025-12-02 12:30:00,0.13735,0.13745,0.137,0.13716,343730.0
2025-12-02 12:45:00,0.13712,0.13714,0.13677,0.13712,92353.0
2025-12-02 13:00:00,0.13715,0.13739,0.13676,0.13722,527706.0
2025-12-02 13:15:00,0.13726,0.13788,0.13726,0.13765,1626511.0
2025-12-02 13:30:00,0.13763,0.13783,0.13763,0.13774,188771.0
2025-12-02 13:45:00,0.13775,0.13822,0.13771,0.13801,896118.0
2025-12-02 14:00:00,0.13804,0.13871,0.1378,0.13847,1314429.0
2025-12-02 14:15:00,0.1384,0.13926,0.13837,0.1388,647589.0
2025-12-02 14:30:00,0.13877,0.14016,0.13869,0.14005,1205996.0
2025-12-02 14:45:00,0.14021,0.14168,0.1402,0.14168,4273826.0
2025-12-02 15:00:00,0.14166,0.14489,0.14166,0.14438,7341280.0
2025-12-02 15:15:00,0.1444,0.145,0.14321,0.14322,6121161.0
2025-12-02 15:30:00,0.14322,0.14707,0.14322,0.14672,4163586.0
2025-12-02 15:45:00,0.14671,0.14777,0.14593,0.1464,2543009.0
2025-12-02 16:00:00,0.1463,0.1468,0.14581,0.14607,1544812.0
2025-12-02 16:15:00,0.14606,0.14606,0.14487,0.14501,1800931.0
2025-12-02 16:30:00,0.14501,0.14581,0.14499,0.14525,1021196.0
2025-12-02 16:45:00,0.14524,0.14616,0.14516,0.14569,702267.0
2025-12-02 17:00:00,0.14572,0.14613,0.1453,0.14553,711243.0
2025-12-02 17:15:00,0.14546,0.14722,0.14546,0.14681,1609185.0
2025-12-02 17:30:00,0.14682,0.147,0.14639,0.14648,3003848.0
2025-12-02 17:45:00,0.14643,0.14662,0.14617,0.14625,444718.0
2025-12-02 18:00:00,0.14617,0.14653,0.14607,0.14638,877256.0
2025-12-02 18:15:00,0.14635,0.14698,0.14622,0.14631,194460.0
2025-12-02 18:30:00,0.14632,0.14659,0.14603,0.14613,896571.0
2025-12-02 18:45:00,0.14606,0.14625,0.14586,0.14615,250242.0
2025-12-02 19:00:00,0.14626,0.14649,0.14616,0.14631,100823.0
2025-12-02 19:15:00,0.14628,0.1464,0.14569,0.14569,273352.0
2025-12-02 19:30:00,0.14571,0.14652,0.14571,0.14625,441992.0
2025-12-02 19:45:00,0.14627,0.14633,0.14586,0.14598,541366.0
2025-12-02 20:00:00,0.14607,0.14611,0.14566,0.14601,396268.0
2025-12-02 20:15:00,0.14598,0.14598,0.14532,0.14538,458789.0
2025-12-02 20:30:00,0.14537,0.14583,0.14474,0.14515,3784476.0
2025-12-02 20:45:00,0.14513,0.14558,0.14479,0.14537,1381218.0
2025-12-02 21:00:00,0.1454,0.14591,0.1453,0.14588,193270.0
2025-12-02 21:15:00,0.14576,0.14581,0.14533,0.14547,4247804.0
2025-12-02 21:30:00,0.14547,0.14564,0.14539,0.14556,388715.0
2025-12-02 21:45:00,0.14555,0.14607,0.14542,0.14596,366638.0
2025-12-02 22:00:00,0.14594,0.14662,0.14594,0.14649,484269.0
2025-12-02 22:15:00,0.14637,0.14654,0.14619,0.14623,3203021.0
2025-12-02 22:30:00,0.14623,0.1468,0.14619,0.1464,274655.0
2025-12-02 22:45:00,0.14637,0.1467,0.14636,0.1467,355848.0
2025-12-02 23:00:00,0.14674,0.14724,0.14668,0.14691,908597.0
2025-12-02 23:15:00,0.14688,0.14693,0.14635,0.1464,454410.0
2025-12-02 23:30:00,0.14642,0.14656,0.14608,0.1461,1418156.0
2025-12-02 23:45:00,0.14613,0.14625,0.14572,0.14572,489272.0
2025-12-03 00:00:00,0.14575,0.14595,0.14537,0.14572,533717.0
2025-12-03 00:15:00,0.14585,0.14599,0.14531,0.14544,255776.0
2025-12-03 00:30:00,0.14544,0.14601,0.14517,0.14601,260812.0
2025-12-03 00:45:00,0.146,0.14631,0.14596,0.14617,456202.0
2025-12-03 01:00:00,0.14616,0.14638,0.14596,0.14632,730644.0
2025-12-03 01:15:00,0.14621,0.14627,0.14574,0.14599,296834.0
2025-12-03 01:30:00,0.14596,0.14601,0.14574,0.14585,82449.0
2025-12-03 01:45:00,0.1459,0.14661,0.1459,0.14612,231451.0
2025-12-03 02:00:00,0.14619,0.14717,0.14615,0.14714,286035.0
2025-12-03 02:15:00,0.1472,0.14771,0.14687,0.14741,222890.0
2025-12-03 02:30:00,0.14739,0.14739,0.14696,0.14715,703917.0
2025-12-03 02:45:00,0.1472,0.14734,0.14687,0.1472,2025813.0
2025-12-03 03:00:00,0.14724,0.14759,0.14701,0.14714,285598.0
2025-12-03 03:15:00,0.14722,0.14785,0.14722,0.14778,497238.0
2025-12-03 03:30:00,0.14778,0.14788,0.1475,0.14754,162201.0
2025-12-03 03:45:00,0.14761,0.14766,0.14733,0.14733,633214.0
2025-12-03 04:00:00,0.14731,0.1477,0.14717,0.1477,151104.0
2025-12-03 04:15:00,0.14759,0.14871,0.14758,0.14785,1091315.0
2025-12-03 04:30:00,0.14792,0.14832,0.1479,0.1483,64403.0
2025-12-03 04:45:00,0.14835,0.14937,0.14828,0.14921,969624.0
2025-12-03 05:00:00,0.14927,0.15038,0.14927,0.14975,1473177.0
2025-12-03 05:15:00,0.14947,0.14991,0.14936,0.14986,468530.0
2025-12-03 05:30:00,0.14986,0.15058,0.14957,0.15032,233091.0
2025-12-03 05:45:00,0.15032,0.15083,0.15032,0.15035,187314.0
2025-12-03 06:00:00,0.15039,0.15138,0.15039,0.15076,1992824.0
2025-12-03 06:15:00,0.15077,0.15162,0.15077,0.15122,115477.0
2025-12-03 06:30:00,0.15127,0.15196,0.15022,0.15024,1460092.0
2025-12-03 06:45:00,0.15023,0.15043,0.14974,0.15043,802879.0
2025-12-03 07:00:00,0.15044,0.15072,0.15025,0.15072,97201.0
2025-12-03 07:15:00,0.15067,0.15078,0.15023,0.15048,154348.0
2025-12-03 07:30:00,0.15047,0.15055,0.15035,0.1505,144685.0
2025-12-03 07:45:00,0.15031,0.1505,0.15024,0.15045,76909.0
2025-12-03 08:00:00,0.15047,0.15087,0.15027,0.15051,300184.0
2025-12-03 08:15:00,0.15048,0.15048,0.14988,0.14988,213736.0
2025-12-03 08:30:00,0.15017,0.15039,0.14996,0.15038,164339.0
2025-12-03 08:45:00,0.15041,0.15077,0.15032,0.15066,805496.0
2025-12-03 09:00:00,0.15064,0.15064,0.15019,0.15053,248727.0
2025-12-03 09:15:00,0.1505,0.1505,0.15006,0.15006,354801.0
2025-12-03 09:30:00,0.15005,0.15016,0.14967,0.14994,376871.0
2025-12-03 09:45:00,0.15001,0.15026,0.14994,0.1501,175113.0
2025-12-03 10:00:00,0.15008,0.15009,0.14967,0.14994,942726.0
2025-12-03 10:15:00,0.14997,0.15057,0.14997,0.1504,251563.0
2025-12-03 10:30:00,0.1503,0.1503,0.14954,0.14971,210628.0
2025-12-03 10:45:00,0.14969,0.14983,0.14934,0.14938,4074430.0
2025-12-03 11:00:00,0.14942,0.14953,0.1491,0.14923,427871.0
2025-12-03 11:15:00,0.14926,0.15012,0.14917,0.15012,683308.0
2025-12-03 11:30:00,0.15003,0.15014,0.14985,0.1499,111786.0
2025-12-03 11:45:00,0.14994,0.1501,0.14986,0.14996,62259.0
2025-12-03 12:00:00,0.14997,0.15009,0.14965,0.14994,276537.0
2025-12-03 12:15:00,0.14991,0.15001,0.14971,0.14972,236521.0
2025-12-03 12:30:00,0.14971,0.14993,0.14941,0.14948,514306.0
2025-12-03 12:45:00,0.14945,0.14992,0.14943,0.14976,96302.0
2025-12-03 13:00:00,0.14973,0.14998,0.14965,0.14982,190535.0
2025-12-03 13:15:00,0.14986,0.15021,0.14965,0.14971,433836.0
2025-12-03 13:30:00,0.14953,0.14978,0.1494,0.14951,233577.0
2025-12-03 13:45:00,0.14952,0.1496,0.14911,0.1493,123956.0
2025-12-03 14:00:00,0.14932,0.14936,0.14648,0.14786,8562499.0
2025-12-03 14:15:00,0.14787,0.14832,0.14761,0.14826,231095.0
2025-12-03 14:30:00,0.14826,0.1508,0.14724,0.15015,6056778.0
2025-12-03 14:45:00,0.15018,0.15027,0.14837,0.14838,1353267.0
2025-12-03 15:00:00,0.1484,0.1496,0.14794,0.14803,1121343.0
2025-12-03 15:15:00,0.14834,0.14908,0.14792,0.14897,691351.0
2025-12-03 15:30:00,0.14875,0.14944,0.1487,0.14922,1141236.0
2025-12-03 15:45:00,0.14918,0.14944,0.1488,0.14911,211410.0
2025-12-03 16:00:00,0.1491,0.14942,0.14837,0.14857,4148670.0
2025-12-03 16:15:00,0.14863,0.14925,0.14853,0.149,310381.0
2025-12-03 16:30:00,0.14903,0.15044,0.14903,0.15044,184204.0
2025-12-03 16:45:00,0.15046,0.15046,0.14976,0.14984,68948.0
2025-12-03 17:00:00,0.14985,0.15053,0.14985,0.15051,817184.0
2025-12-03 17:15:00,0.15053,0.15076,0.14995,0.15032,270757.0
2025-12-03 17:30:00,0.15045,0.15131,0.15045,0.15106,151252.0
2025-12-03 17:45:00,0.151,0.15159,0.151,0.1513,888126.0
2025-12-03 18:00:00,0.15132,0.1519,0.15126,0.1516,2621696.0
2025-12-03 18:15:00,0.15162,0.15162,0.15081,0.15114,262983.0
2025-12-03 18:30:00,0.15117,0.15156,0.15099,0.15147,74626.0
2025-12-03 18:45:00,0.15146,0.15146,0.15016,0.15049,2434621.0
2025-12-03 19:00:00,0.15048,0.15093,0.15034,0.15064,85481.0
2025-12-03 19:15:00,0.15062,0.15097,0.15061,0.15066,104746.0
2025-12-03 19:30:00,0.15065,0.15069,0.15027,0.15033,85165.0
2025-12-03 19:45:00,0.15036,0.15073,0.15034,0.15053,158160.0
2025-12-03 20:00:00,0.15058,0.15079,0.1503,0.1505,432623.0
2025-12-03 20:15:00,0.15051,0.15064,0.1502,0.15039,52627.0
2025-12-03 20:30:00,0.15035,0.1505,0.15015,0.1503,341219.0
2025-12-03 20:45:00,0.15023,0.15139,0.15023,0.15073,320901.0
2025-12-03 21:00:00,0.15068,0.1513,0.15062,0.15111,678926.0
2025-12-03 21:15:00,0.15106,0.15143,0.151,0.15139,1954354.0
2025-12-03 21:30:00,0.15137,0.15144,0.15107,0.15141,482855.0
2025-12-03 21:45:00,0.15138,0.15235,0.15109,0.15217,1285805.0
2025-12-03 22:00:00,0.15212,0.15254,0.15147,0.15202,1205948.0
2025-12-03 22:15:00,0.15213,0.15216,0.15163,0.15168,163597.0
2025-12-03 22:30:00,0.15178,0.15223,0.15154,0.1518,94045.0
2025-12-03 22:45:00,0.15186,0.15283,0.15186,0.15228,673727.0
2025-12-03 23:00:00,0.1523,0.15331,0.15229,0.15266,445668.0
2025-12-03 23:15:00,0.15257,0.15267,0.15199,0.15199,60106.0
2025-12-03 23:30:00,0.15195,0.15201,0.15171,0.15187,627033.0
2025-12-03 23:45:00,0.15184,0.15197,0.15138,0.15158,827181.0
2025-12-04 00:00:00,0.15159,0.15184,0.15105,0.15106,614846.0
2025-12-04 00:15:00,0.15105,0.15157,0.15101,0.15118,280417.0
2025-12-04 00:30:00,0.1511,0.15149,0.15065,0.15147,3257705.0
2025-12-04 00:45:00,0.15142,0.15183,0.15125,0.15147,103374.0
2025-12-04 01:00:00,0.15144,0.153,0.15122,0.15294,1518037.0
2025-12-04 01:15:00,0.15304,0.15311,0.15173,0.15177,1558671.0
2025-12-04 01:30:00,0.15178,0.15226,0.15165,0.15213,586525.0
2025-12-04 01:45:00,0.1521,0.1521,0.15106,0.15111,1031742.0
2025-12-04 02:00:00,0.15117,0.15189,0.15096,0.15189,4771849.0
2025-12-04 02:15:00,0.15191,0.15241,0.15185,0.15228,406021.0
2025-12-04 02:30:00,0.15234,0.15263,0.15202,0.15229,196733.0
2025-12-04 02:45:00,0.15232,0.15246,0.15193,0.15196,1275772.0
2025-12-04 03:00:00,0.15199,0.15219,0.15156,0.15168,384107.0
2025-12-04 03:15:00,0.15156,0.15166,0.15119,0.15129,200375.0
2025-12-04 03:30:00,0.15129,0.15133,0.15086,0.15097,403526.0
2025-12-04 03:45:00,0.15096,0.15109,0.15084,0.15104,163929.0
2025-12-04 04:00:00,0.15103,0.15151,0.15079,0.1512,262933.0
2025-12-04 04:15:00,0.15121,0.15122,0.15078,0.15092,240842.0
2025-12-04 04:30:00,0.15097,0.15118,0.15073,0.15086,490471.0
2025-12-04 04:45:00,0.15082,0.15093,0.15063,0.15093,363383.0
2025-12-04 05:00:00,0.15099,0.15102,0.15029,0.15052,245391.0
2025-12-04 05:15:00,0.15053,0.15061,0.15019,0.15058,241646.0
2025-12-04 05:30:00,0.15051,0.15062,0.15002,0.15002,323464.0
2025-12-04 05:45:00,0.15004,0.15014,0.14971,0.15011,154033.0
2025-12-04 06:00:00,0.15016,0.15016,0.14981,0.14987,225438.0
2025-12-04 06:15:00,0.14987,0.15018,0.14974,0.15014,187800.0
2025-12-04 06:30:00,0.15015,0.15066,0.15015,0.15044,234290.0
2025-12-04 06:45:00,0.15045,0.15054,0.15026,0.15029,76960.0
2025-12-04 07:00:00,0.15024,0.15025,0.14916,0.14942,431919.0
2025-12-04 07:15:00,0.14943,0.1497,0.14933,0.14954,4733949.0
2025-12-04 07:30:00,0.14955,0.14988,0.1495,0.14988,481756.0
2025-12-04 07:45:00,0.14989,0.14994,0.14969,0.14983,4314177.0
2025-12-04 08:00:00,0.14981,0.15022,0.14931,0.14944,397792.0
2025-12-04 08:15:00,0.14944,0.14979,0.14943,0.14955,323599.0
2025-12-04 08:30:00,0.14941,0.14995,0.14936,0.14988,395100.0
2025-12-04 08:45:00,0.14988,0.1499,0.14926,0.14928,269375.0
2025-12-04 09:00:00,0.14953,0.15017,0.14944,0.14991,725080.0
2025-12-04 09:15:00,0.14987,0.15002,0.14975,0.14984,336434.0
2025-12-04 09:30:00,0.14988,0.15034,0.14988,0.15034,5429389.0
2025-12-04 09:45:00,0.1503,0.1503,0.14994,0.14994,182489.0
2025-12-04 10:00:00,0.15001,0.1501,0.14974,0.14989,287902.0
2025-12-04 10:15:00,0.14978,0.14985,0.14957,0.14972,301857.0
2025-12-04 10:30:00,0.14974,0.14981,0.14963,0.14965,288657.0
2025-12-04 10:45:00,0.14982,0.14982,0.14941,0.14955,524587.0
2025-12-04 11:00:00,0.14948,0.14971,0.14948,0.14967,200097.0
2025-12-04 11:15:00,0.14958,0.14962,0.14926,0.14943,70569.0
2025-12-04 11:30:00,0.14947,0.14962,0.14902,0.14914,104626.0
2025-12-04 11:45:00,0.14914,0.14942,0.14905,0.14929,72738.0
2025-12-04 12:00:00,0.1493,0.14967,0.14928,0.14955,84266.0
2025-12-04 12:15:00,0.14946,0.1495,0.14884,0.14888,5583559.0
2025-12-04 12:30:00,0.14887,0.14961,0.14887,0.1495,372245.0
2025-12-04 12:45:00,0.1495,0.14962,0.14924,0.14941,742835.0
2025-12-04 13:00:00,0.14942,0.14972,0.14909,0.14947,738480.0
2025-12-04 13:15:00,0.14945,0.14995,0.1494,0.14961,309743.0
2025-12-04 13:30:00,0.14967,0.14974,0.14901,0.14909,505680.0
2025-12-04 13:45:00,0.14909,0.14921,0.14886,0.14907,573068.0
2025-12-04 14:00:00,0.14909,0.1495,0.14897,0.14945,119820.0
2025-12-04 14:15:00,0.14935,0.14958,0.14926,0.14951,637005.0
2025-12-04 14:30:00,0.14945,0.14947,0.14864,0.14925,411304.0
2025-12-04 14:45:00,0.1492,0.14922,0.14774,0.14794,832556.0
2025-12-04 15:00:00,0.14798,0.14947,0.14798,0.14932,2836981.0
2025-12-04 15:15:00,0.1493,0.14955,0.14853,0.14894,1557188.0
2025-12-04 15:30:00,0.14884,0.15097,0.14876,0.15021,1021671.0
2025-12-04 15:45:00,0.15024,0.15028,0.14965,0.15007,309354.0
2025-12-04 16:00:00,0.15015,0.15015,0.1491,0.14954,936557.0
2025-12-04 16:15:00,0.14952,0.1503,0.14947,0.14979,343097.0
2025-12-04 16:30:00,0.14975,0.14977,0.14892,0.14901,638812.0
2025-12-04 16:45:00,0.14919,0.14947,0.14889,0.14923,536940.0
2025-12-04 17:00:00,0.1492,0.14946,0.14901,0.14942,912791.0
2025-12-04 17:15:00,0.14949,0.1495,0.14884,0.14885,172599.0
2025-12-04 17:30:00,0.14877,0.14912,0.14806,0.14863,460568.0
2025-12-04 17:45:00,0.14861,0.14913,0.1485,0.14908,255964.0
2025-12-04 18:00:00,0.14909,0.14928,0.14875,0.14914,459191.0
2025-12-04 18:15:00,0.14906,0.14944,0.14876,0.14931,191483.0
2025-12-04 18:30:00,0.14924,0.14938,0.14812,0.14813,5255653.0
2025-12-04 18:45:00,0.14818,0.14862,0.14818,0.14853,282498.0
2025-12-04 19:00:00,0.14856,0.14858,0.1465,0.14656,3170033.0
2025-12-04 19:15:00,0.14649,0.1469,0.14552,0.14662,20011457.0
2025-12-04 19:30:00,0.14661,0.14777,0.14652,0.14768,852586.0
2025-12-04 19:45:00,0.14771,0.14828,0.14766,0.14794,702423.0
2025-12-04 20:00:00,0.14796,0.14839,0.14744,0.14791,622658.0
2025-12-04 20:15:00,0.14785,0.14799,0.14758,0.14786,553221.0
2025-12-04 20:30:00,0.14753,0.14797,0.14745,0.14787,352325.0
2025-12-04 20:45:00,0.14799,0.1485,0.14798,0.14817,463080.0
2025-12-04 21:00:00,0.14815,0.14845,0.14797,0.14797,305926.0
2025-12-04 21:15:00,0.14801,0.14819,0.14773,0.14774,54866.0
2025-12-04 21:30:00,0.14768,0.14804,0.14761,0.14782,54537.0
2025-12-04 21:45:00,0.14781,0.14781,0.14714,0.14721,269224.0
2025-12-04 22:00:00,0.14721,0.14765,0.14721,0.14751,100058.0
2025-12-04 22:15:00,0.14753,0.14774,0.14733,0.14752,140235.0
2025-12-04 22:30:00,0.1477,0.14814,0.14769,0.14806,78157.0
2025-12-04 22:45:00,0.14806,0.14815,0.14786,0.14791,92271.0
2025-12-04 23:00:00,0.14775,0.14801,0.14754,0.14757,160176.0
2025-12-04 23:15:00,0.14757,0.14764,0.14743,0.14759,221623.0
2025-12-04 23:30:00,0.1476,0.14768,0.14726,0.14737,204651.0
2025-12-04 23:45:00,0.14738,0.14753,0.14729,0.14736,18252.0
2025-12-05 00:00:00,0.14736,0.14773,0.14732,0.14735,449028.0
2025-12-05 00:15:00,0.14739,0.14823,0.14733,0.14792,75512.0
2025-12-05 00:30:00,0.1479,0.14823,0.14781,0.1482,18048.0
2025-12-05 00:45:00,0.14807,0.14812,0.14774,0.14785,33156.0
2025-12-05 01:00:00,0.14775,0.14818,0.14765,0.14773,31745.0
2025-12-05 01:15:00,0.1477,0.14825,0.1477,0.14821,651449.0
2025-12-05 01:30:00,0.14787,0.14794,0.14771,0.14776,98205.0
2025-12-05 01:45:00,0.14767,0.1481,0.14767,0.14781,395863.0
2025-12-05 02:00:00,0.14781,0.14781,0.14749,0.14762,97720.0
2025-12-05 02:15:00,0.14764,0.14806,0.14764,0.14805,523163.0
2025-12-05 02:30:00,0.14806,0.14825,0.148,0.14811,185052.0
2025-12-05 02:45:00,0.14809,0.14809,0.14768,0.14777,107261.0
2025-12-05 03:00:00,0.14779,0.14814,0.14779,0.14794,23824.0
2025-12-05 03:15:00,0.14788,0.14797,0.14737,0.1474,74298.0
2025-12-05 03:30:00,0.14737,0.14741,0.14719,0.14719,92221.0
2025-12-05 03:45:00,0.14727,0.14754,0.14709,0.14736,201324.0
2025-12-05 04:00:00,0.14736,0.14776,0.14732,0.14763,59850.0
2025-12-05 04:15:00,0.14759,0.14763,0.14716,0.14716,42066.0
2025-12-05 04:30:00,0.14715,0.14715,0.14646,0.14653,1329055.0
2025-12-05 04:45:00,0.14656,0.14695,0.14637,0.14679,219469.0
2025-12-05 05:00:00,0.14677,0.14696,0.14667,0.14667,71797.0
2025-12-05 05:15:00,0.14668,0.14674,0.14618,0.1463,36677.0
2025-12-05 05:30:00,0.1462,0.14638,0.14615,0.14634,298875.0
2025-12-05 05:45:00,0.14633,0.14636,0.14621,0.14633,367984.0
2025-12-05 06:00:00,0.14636,0.14698,0.14636,0.1469,480344.0
2025-12-05 06:15:00,0.1468,0.14682,0.14657,0.14671,18120.0
2025-12-05 06:30:00,0.14671,0.14696,0.14642,0.14681,18819.0
2025-12-05 06:45:00,0.1468,0.14694,0.1467,0.14685,54148.0
2025-12-05 07:00:00,0.14681,0.14777,0.14675,0.14738,469349.0
2025-12-05 07:15:00,0.14737,0.14746,0.14723,0.14738,281763.0
2025-12-05 07:30:00,0.14735,0.14744,0.14709,0.14712,57368.0
2025-12-05 07:45:00,0.14706,0.14748,0.14698,0.14743,14212.0
2025-12-05 08:00:00,0.14734,0.14736,0.14686,0.14691,137923.0
2025-12-05 08:15:00,0.14685,0.14691,0.14663,0.14681,30875.0
2025-12-05 08:30:00,0.1468,0.1468,0.14604,0.1463,307719.0
2025-12-05 08:45:00,0.14628,0.14635,0.1462,0.14623,334353.0
2025-12-05 09:00:00,0.14623,0.14623,0.14563,0.14574,1483224.0
2025-12-05 09:15:00,0.14565,0.14568,0.14453,0.14471,1746330.0
2025-12-05 09:30:00,0.14451,0.14487,0.1441,0.14415,1431989.0
2025-12-05 09:45:00,0.14427,0.14435,0.14406,0.14425,1311585.0
2025-12-05 10:00:00,0.14424,0.14493,0.1442,0.14482,332762.0
2025-12-05 10:15:00,0.14476,0.14521,0.14453,0.14496,573629.0
2025-12-05 10:30:00,0.14491,0.14515,0.14485,0.14512,337676.0
2025-12-05 10:45:00,0.1451,0.1451,0.14461,0.14475,68131.0
2025-12-05 11:00:00,0.14479,0.14495,0.14461,0.14465,116944.0
2025-12-05 11:15:00,0.14463,0.14468,0.14409,0.14431,261641.0
2025-12-05 11:30:00,0.14429,0.14429,0.14358,0.14377,5825432.0
2025-12-05 11:45:00,0.14381,0.14435,0.14381,0.14425,768962.0
2025-12-05 12:00:00,0.1442,0.14426,0.14379,0.14385,1552419.0
2025-12-05 12:15:00,0.14388,0.14406,0.14388,0.14405,583255.0
2025-12-05 12:30:00,0.14404,0.14436,0.144,0.14423,218371.0
2025-12-05 12:45:00,0.14422,0.14444,0.14413,0.14442,537034.0
2025-12-05 13:00:00,0.14437,0.14485,0.14416,0.14429,334231.0
2025-12-05 13:15:00,0.14428,0.14434,0.14395,0.14407,225668.0
2025-12-05 13:30:00,0.14412,0.14412,0.14318,0.14336,279356.0
2025-12-05 13:45:00,0.14338,0.14374,0.14289,0.14307,740214.0
2025-12-05 14:00:00,0.14309,0.1433,0.14267,0.1428,551374.0
2025-12-05 14:15:00,0.1428,0.1429,0.14265,0.14276,320993.0
2025-12-05 14:30:00,0.14267,0.14321,0.14213,0.14236,807749.0
2025-12-05 14:45:00,0.14241,0.14274,0.14179,0.1423,706134.0
2025-12-05 15:00:00,0.14232,0.14457,0.14232,0.1436,4628328.0
2025-12-05 15:15:00,0.14368,0.14385,0.1431,0.14317,332401.0
2025-12-05 15:30:00,0.14337,0.14398,0.14297,0.14323,116069.0
2025-12-05 15:45:00,0.14312,0.14322,0.14215,0.1424,779166.0
2025-12-05 16:00:00,0.14245,0.14249,0.14044,0.14087,3161186.0
2025-12-05 16:15:00,0.14093,0.1414,0.14037,0.14069,1234345.0
2025-12-05 16:30:00,0.14057,0.14058,0.13762,0.13819,2701642.0
2025-12-05 16:45:00,0.13822,0.13917,0.13751,0.1387,4114199.0
2025-12-05 17:00:00,0.13868,0.13917,0.1385,0.13857,1567425.0
2025-12-05 17:15:00,0.1385,0.13903,0.13828,0.13839,288085.0
2025-12-05 17:30:00,0.13831,0.13895,0.13785,0.13824,957286.0
2025-12-05 17:45:00,0.13825,0.13927,0.13814,0.13852,298895.0
2025-12-05 18:00:00,0.13848,0.13928,0.13826,0.13891,638359.0
2025-12-05 18:15:00,0.13903,0.13903,0.13777,0.13804,204950.0
2025-12-05 18:30:00,0.1379,0.13839,0.13743,0.13752,160722.0
2025-12-05 18:45:00,0.13754,0.13795,0.13754,0.13768,228382.0
2025-12-05 19:00:00,0.13768,0.13816,0.13718,0.13815,840236.0
2025-12-05 19:15:00,0.13825,0.13854,0.13801,0.13846,178847.0
2025-12-05 19:30:00,0.13845,0.13905,0.13839,0.13889,87912.0
2025-12-05 19:45:00,0.13883,0.1393,0.1388,0.13895,230212.0
2025-12-05 20:00:00,0.13895,0.13895,0.13821,0.13848,199694.0
2025-12-05 20:15:00,0.13858,0.13893,0.13851,0.13853,183854.0
2025-12-05 20:30:00,0.13841,0.13845,0.13812,0.13824,4485638.0
2025-12-05 20:45:00,0.13819,0.13829,0.13796,0.13824,649598.0
2025-12-05 21:00:00,0.13819,0.13881,0.13819,0.13881,82653.0
2025-12-05 21:15:00,0.1388,0.13892,0.1386,0.13862,86904.0
2025-12-05 21:30:00,0.13864,0.13878,0.13844,0.13853,47881.0
2025-12-05 21:45:00,0.13855,0.13864,0.13825,0.13861,27244.0
2025-12-05 22:00:00,0.13857,0.13859,0.1381,0.13815,441162.0
2025-12-05 22:15:00,0.13823,0.13893,0.13823,0.13889,444154.0
2025-12-05 22:30:00,0.13887,0.13918,0.13869,0.13912,295353.0
2025-12-05 22:45:00,0.1392,0.13933,0.13903,0.13903,74827.0
2025-12-05 23:00:00,0.13908,0.13908,0.13849,0.13874,46026.0
2025-12-05 23:15:00,0.13876,0.13927,0.13876,0.13923,180184.0
2025-12-05 23:30:00,0.13923,0.13949,0.13923,0.13933,177253.0
2025-12-05 23:45:00,0.13932,0.13958,0.13931,0.13953,90458.0
2025-12-06 00:00:00,0.13949,0.1395,0.13909,0.13926,561200.0
2025-12-06 00:15:00,0.13924,0.13925,0.13888,0.13911,182821.0
2025-12-06 00:30:00,0.13911,0.13973,0.13909,0.13973,331310.0
2025-12-06 00:45:00,0.13972,0.13985,0.13944,0.13985,247919.0
2025-12-06 01:00:00,0.1398,0.13999,0.13968,0.13999,118949.0
2025-12-06 01:15:00,0.14,0.14031,0.13999,0.14014,184130.0
2025-12-06 01:30:00,0.1401,0.1401,0.13961,0.13967,49554.0
2025-12-06 01:45:00,0.1397,0.1399,0.13964,0.13981,71430.0
2025-12-06 02:00:00,0.13983,0.13984,0.13925,0.13931,96006.0
2025-12-06 02:15:00,0.13934,0.13934,0.13911,0.13912,58735.0
2025-12-06 02:30:00,0.13914,0.13942,0.13907,0.13934,56853.0
2025-12-06 02:45:00,0.1393,0.13954,0.1393,0.13939,76975.0
2025-12-06 03:00:00,0.13942,0.14012,0.13941,0.14005,150563.0
2025-12-06 03:15:00,0.14003,0.14003,0.13974,0.13979,23445.0
2025-12-06 03:30:00,0.13979,0.14022,0.13976,0.14004,25290.0
2025-12-06 03:45:00,0.14,0.14002,0.13986,0.13986,79687.0
2025-12-06 04:00:00,0.13986,0.13995,0.13947,0.13955,68737.0
2025-12-06 04:15:00,0.13954,0.13966,0.13919,0.13944,65136.0
2025-12-06 04:30:00,0.13938,0.13953,0.13928,0.13939,30359.0
2025-12-06 04:45:00,0.13941,0.13954,0.13935,0.13948,15413.0
2025-12-06 05:00:00,0.13952,0.13979,0.13951,0.13978,39978.0
2025-12-06 05:15:00,0.13979,0.13979,0.13921,0.13921,165565.0
2025-12-06 05:30:00,0.13927,0.13934,0.139,0.13918,78665.0
2025-12-06 05:45:00,0.13922,0.13937,0.13915,0.13925,402083.0
2025-12-06 06:00:00,0.13919,0.13938,0.13903,0.13928,95433.0
2025-12-06 06:15:00,0.13932,0.13948,0.13919,0.13948,192464.0
2025-12-06 06:30:00,0.13946,0.13947,0.13914,0.13914,41496.0
2025-12-06 06:45:00,0.13911,0.13916,0.13891,0.13897,126990.0
2025-12-06 07:00:00,0.13904,0.13931,0.13902,0.13931,44013.0
2025-12-06 07:15:00,0.1393,0.13943,0.13897,0.13897,579109.0
2025-12-06 07:30:00,0.13895,0.13937,0.13873,0.1393,42536.0
2025-12-06 07:45:00,0.1393,0.13959,0.13917,0.13919,248393.0
2025-12-06 08:00:00,0.1392,0.13936,0.13908,0.13916,689396.0
2025-12-06 08:15:00,0.13916,0.13931,0.13865,0.13867,714024.0
2025-12-06 08:30:00,0.1387,0.13879,0.13852,0.13875,497209.0
2025-12-06 08:45:00,0.13874,0.13879,0.13831,0.13843,635908.0
2025-12-06 09:00:00,0.1384,0.13911,0.1384,0.13903,696512.0
2025-12-06 09:15:00,0.13903,0.13918,0.13884,0.13918,517178.0
2025-12-06 09:30:00,0.13916,0.13931,0.13899,0.13925,127907.0
2025-12-06 09:45:00,0.13929,0.13933,0.13913,0.13913,117107.0
2025-12-06 10:00:00,0.13912,0.13917,0.13896,0.13917,275963.0
2025-12-06 10:15:00,0.1393,0.13942,0.13901,0.13902,111013.0
2025-12-06 10:30:00,0.13895,0.13928,0.13888,0.13923,408730.0
2025-12-06 10:45:00,0.13923,0.13928,0.13903,0.13907,367549.0
2025-12-06 11:00:00,0.13903,0.13946,0.13895,0.13943,343530.0
2025-12-06 11:15:00,0.13942,0.1396,0.13942,0.13945,202098.0
2025-12-06 11:30:00,0.1395,0.13975,0.13946,0.13969,205653.0
2025-12-06 11:45:00,0.13963,0.13977,0.13958,0.1396,104622.0
2025-12-06 12:00:00,0.1396,0.13979,0.1393,0.1393,4564587.0
2025-12-06 12:15:00,0.13928,0.13966,0.13918,0.13947,480429.0
2025-12-06 12:30:00,0.13959,0.13968,0.13952,0.1396,212223.0
2025-12-06 12:45:00,0.1396,0.13968,0.13938,0.1394,98043.0
2025-12-06 13:00:00,0.13941,0.13955,0.13931,0.1394,83557.0
2025-12-06 13:15:00,0.13945,0.13961,0.13936,0.13961,84631.0
2025-12-06 13:30:00,0.13957,0.14009,0.13952,0.14005,304133.0
2025-12-06 13:45:00,0.14,0.14001,0.13968,0.13968,538660.0
2025-12-06 14:00:00,0.13971,0.13971,0.13951,0.13957,131773.0
2025-12-06 14:15:00,0.13956,0.14067,0.13956,0.13972,821904.0
2025-12-06 14:30:00,0.13976,0.14005,0.13976,0.14002,93454.0
2025-12-06 14:45:00,0.14024,0.14024,0.13985,0.13997,288220.0
2025-12-06 15:00:00,0.14003,0.14007,0.13954,0.13959,239130.0
2025-12-06 15:15:00,0.13956,0.13956,0.139,0.13922,265223.0
2025-12-06 15:30:00,0.13928,0.13983,0.13914,0.13971,205354.0
2025-12-06 15:45:00,0.13971,0.1398,0.13954,0.13954,109057.0
2025-12-06 16:00:00,0.1395,0.14,0.13949,0.13993,168617.0
2025-12-06 16:15:00,0.13994,0.14004,0.1399,0.13995,580699.0
2025-12-06 16:30:00,0.13994,0.14022,0.13971,0.14016,355588.0
2025-12-06 16:45:00,0.14021,0.14028,0.13967,0.13967,108967.0
2025-12-06 17:00:00,0.13969,0.13984,0.13954,0.13956,231667.0
2025-12-06 17:15:00,0.1396,0.14015,0.13955,0.14015,79908.0
2025-12-06 17:30:00,0.14018,0.14018,0.13965,0.13965,30944.0
2025-12-06 17:45:00,0.13966,0.1398,0.1396,0.1398,52932.0
2025-12-06 18:00:00,0.13982,0.14003,0.13966,0.14002,139611.0
2025-12-06 18:15:00,0.14008,0.14049,0.14002,0.14038,133444.0
2025-12-06 18:30:00,0.14031,0.14031,0.13992,0.14003,738064.0
2025-12-06 18:45:00,0.13999,0.13999,0.13967,0.13984,100517.0
2025-12-06 19:00:00,0.13983,0.14,0.13912,0.13946,708819.0
2025-12-06 19:15:00,0.13941,0.13955,0.13938,0.13955,191586.0
2025-12-06 19:30:00,0.13954,0.13954,0.13904,0.13913,665356.0
2025-12-06 19:45:00,0.13917,0.13929,0.13917,0.13929,105304.0
2025-12-06 20:00:00,0.1393,0.13943,0.13919,0.13935,64936.0
2025-12-06 20:15:00,0.13935,0.13959,0.13929,0.13943,69219.0
2025-12-06 20:30:00,0.13941,0.13968,0.13933,0.13966,352980.0
2025-12-06 20:45:00,0.13964,0.13973,0.13959,0.13968,79940.0
2025-12-06 21:00:00,0.13965,0.1404,0.13951,0.13978,1532503.0
2025-12-06 21:15:00,0.13969,0.13999,0.13968,0.13976,730883.0
2025-12-06 21:30:00,0.13974,0.14003,0.13973,0.13993,122031.0
2025-12-06 21:45:00,0.13993,0.13993,0.13973,0.13983,61464.0
2025-12-06 22:00:00,0.13984,0.1399,0.13946,0.1399,120214.0
2025-12-06 22:15:00,0.13994,0.14014,0.13967,0.13967,6669932.0
2025-12-06 22:30:00,0.13963,0.13971,0.13956,0.13965,92283.0
2025-12-06 22:45:00,0.1396,0.13974,0.13944,0.13953,288189.0
2025-12-06 23:00:00,0.13956,0.1396,0.13905,0.13933,314240.0
2025-12-06 23:15:00,0.13941,0.13959,0.13903,0.13907,881083.0
2025-12-06 23:30:00,0.13905,0.13928,0.139,0.13928,969893.0
2025-12-06 23:45:00,0.13924,0.1397,0.13922,0.1397,210062.0
2025-12-07 00:00:00,0.13971,0.14002,0.13962,0.13964,5744206.0
2025-12-07 00:15:00,0.13967,0.13995,0.13966,0.13986,535995.0
2025-12-07 00:30:00,0.13983,0.14028,0.13983,0.14015,357815.0
2025-12-07 00:45:00,0.14015,0.1402,0.13997,0.14009,316119.0
2025-12-07 01:00:00,0.14008,0.14012,0.1398,0.13996,408727.0
2025-12-07 01:15:00,0.13996,0.14024,0.13982,0.13989,256725.0
2025-12-07 01:30:00,0.13991,0.14004,0.13988,0.14,196448.0
2025-12-07 01:45:00,0.13998,0.14003,0.13965,0.13965,261830.0
2025-12-07 02:00:00,0.13949,0.13973,0.13949,0.13964,560410.0
2025-12-07 02:15:00,0.13964,0.13995,0.13963,0.13975,170659.0
2025-12-07 02:30:00,0.13971,0.13983,0.13955,0.13977,69261.0
2025-12-07 02:45:00,0.1398,0.14029,0.13978,0.14023,144023.0
2025-12-07 03:00:00,0.14021,0.14024,0.13994,0.14006,510645.0
2025-12-07 03:15:00,0.14004,0.14006,0.13995,0.13996,70393.0
2025-12-07 03:30:00,0.13997,0.14024,0.13993,0.14016,81209.0
2025-12-07 03:45:00,0.14016,0.14032,0.14016,0.14032,105487.0
2025-12-07 04:00:00,0.1403,0.14032,0.14011,0.14011,103061.0
2025-12-07 04:15:00,0.1401,0.1401,0.14,0.14,87476.0
2025-12-07 04:30:00,0.14001,0.14001,0.13972,0.13983,215288.0
2025-12-07 04:45:00,0.13981,0.13998,0.13981,0.13995,178218.0
2025-12-07 05:00:00,0.13997,0.14019,0.13997,0.14005,69519.0
2025-12-07 05:15:00,0.14004,0.14016,0.13992,0.13992,606264.0
2025-12-07 05:30:00,0.13992,0.14018,0.13986,0.14013,91265.0
2025-12-07 05:45:00,0.1401,0.1401,0.13998,0.14006,136830.0
2025-12-07 06:00:00,0.14005,0.14079,0.14002,0.14079,306628.0
2025-12-07 06:15:00,0.14063,0.14077,0.14051,0.14061,129358.0
2025-12-07 06:30:00,0.14061,0.14067,0.14053,0.14064,99833.0
2025-12-07 06:45:00,0.14062,0.14067,0.14047,0.14067,135048.0
2025-12-07 07:00:00,0.1407,0.14077,0.13981,0.13985,183403.0
2025-12-07 07:15:00,0.13987,0.14,0.13978,0.13989,52786.0
2025-12-07 07:30:00,0.1399,0.1399,0.1393,0.13948,88836.0
2025-12-07 07:45:00,0.13943,0.13961,0.13929,0.1394,531023.0
2025-12-07 08:00:00,0.1394,0.13943,0.13902,0.13903,607881.0
2025-12-07 08:15:00,0.13903,0.13924,0.13897,0.13921,269511.0
2025-12-07 08:30:00,0.13921,0.13972,0.1392,0.13967,140418.0
2025-12-07 08:45:00,0.13964,0.13965,0.13915,0.13916,73767.0
2025-12-07 09:00:00,0.13916,0.13933,0.13915,0.13933,229187.0
2025-12-07 09:15:00,0.13931,0.13938,0.13854,0.13875,330880.0
2025-12-07 09:30:00,0.13872,0.13893,0.13868,0.13871,164568.0
2025-12-07 09:45:00,0.13873,0.13876,0.13836,0.13866,147215.0
2025-12-07 10:00:00,0.13866,0.13906,0.13865,0.13902,492768.0
2025-12-07 10:15:00,0.13906,0.13906,0.13882,0.13883,404730.0
2025-12-07 10:30:00,0.13883,0.13915,0.1386,0.13911,302397.0
2025-12-07 10:45:00,0.13911,0.13926,0.13874,0.13874,359580.0
2025-12-07 11:00:00,0.13876,0.13888,0.13871,0.13879,93865.0
2025-12-07 11:15:00,0.13886,0.13902,0.13877,0.13879,34804.0
2025-12-07 11:30:00,0.13882,0.13899,0.1388,0.13898,90424.0
2025-12-07 11:45:00,0.13896,0.13896,0.13869,0.13888,25231.0
2025-12-07 12:00:00,0.13883,0.13915,0.1388,0.13908,38236.0
2025-12-07 12:15:00,0.13914,0.13933,0.13901,0.13921,151727.0
2025-12-07 12:30:00,0.1393,0.13941,0.13914,0.13939,231261.0
2025-12-07 12:45:00,0.13942,0.13982,0.13942,0.13963,443708.0
2025-12-07 13:00:00,0.13967,0.13967,0.13893,0.13897,151647.0
2025-12-07 13:15:00,0.13896,0.13903,0.13781,0.13847,1066978.0
2025-12-07 13:30:00,0.13846,0.13864,0.13832,0.13837,88306.0
2025-12-07 13:45:00,0.1384,0.13853,0.13818,0.13818,50346.0
2025-12-07 14:00:00,0.13819,0.1382,0.13759,0.13764,753506.0
2025-12-07 14:15:00,0.13758,0.13773,0.13484,0.13557,6116802.0
2025-12-07 14:30:00,0.13556,0.13615,0.13506,0.13544,1740690.0
2025-12-07 14:45:00,0.13553,0.13578,0.13495,0.13511,304899.0
2025-12-07 15:00:00,0.13499,0.1371,0.13499,0.13659,1012106.0
2025-12-07 15:15:00,0.13653,0.13668,0.13607,0.13636,519519.0
2025-12-07 15:30:00,0.13625,0.13747,0.13625,0.13689,440983.0
2025-12-07 15:45:00,0.13693,0.13944,0.13688,0.13928,2575507.0
2025-12-07 16:00:00,0.13924,0.13924,0.13848,0.13874,674331.0
2025-12-07 16:15:00,0.13877,0.139,0.13825,0.13835,174732.0
2025-12-07 16:30:00,0.13837,0.13868,0.13823,0.13838,80367.0
2025-12-07 16:45:00,0.13827,0.13906,0.13811,0.13906,162235.0
2025-12-07 17:00:00,0.13915,0.13917,0.13861,0.13905,175484.0
2025-12-07 17:15:00,0.13918,0.14081,0.13911,0.14069,4695356.0
2025-12-07 17:30:00,0.14078,0.14198,0.14078,0.14107,1392508.0
2025-12-07 17:45:00,0.1411,0.14174,0.14082,0.1414,1105804.0
2025-12-07 18:00:00,0.14139,0.14228,0.14139,0.14202,1108343.0
2025-12-07 18:15:00,0.14202,0.1428,0.14185,0.14266,1281387.0
2025-12-07 18:30:00,0.14267,0.14274,0.14208,0.14226,1009813.0
2025-12-07 18:45:00,0.14223,0.14232,0.14197,0.14211,392558.0
2025-12-07 19:00:00,0.14221,0.14225,0.14163,0.14169,144345.0
2025-12-07 19:15:00,0.14172,0.14172,0.1412,0.14121,256804.0
2025-12-07 19:30:00,0.14121,0.14188,0.14117,0.14188,558176.0
2025-12-07 19:45:00,0.14188,0.142,0.1417,0.142,176184.0
2025-12-07 20:00:00,0.14206,0.14216,0.14175,0.14175,98955.0
2025-12-07 20:15:00,0.14182,0.14216,0.14173,0.14209,159317.0
2025-12-07 20:30:00,0.14211,0.14213,0.14182,0.14213,94305.0
2025-12-07 20:45:00,0.14209,0.14212,0.14181,0.14212,229492.0
2025-12-07 21:00:00,0.14204,0.14205,0.14166,0.14169,819741.0
2025-12-07 21:15:00,0.14163,0.1417,0.14124,0.14126,576516.0
2025-12-07 21:30:00,0.14125,0.14129,0.13988,0.14002,683171.0
2025-12-07 21:45:00,0.14002,0.14014,0.1384,0.13912,579835.0
2025-12-07 22:00:00,0.13907,0.13907,0.13587,0.13731,4627785.0
2025-12-07 22:15:00,0.13736,0.13771,0.1369,0.13771,2816456.0
2025-12-07 22:30:00,0.13766,0.13874,0.13758,0.13857,476488.0
2025-12-07 22:45:00,0.1387,0.13898,0.13714,0.13775,330704.0
2025-12-07 23:00:00,0.13766,0.13797,0.13745,0.13762,111228.0
2025-12-07 23:15:00,0.1377,0.13833,0.13765,0.1383,91542.0
2025-12-07 23:30:00,0.13827,0.13827,0.13759,0.13774,94028.0
2025-12-07 23:45:00,0.13776,0.13869,0.13774,0.13865,122208.0
2025-12-08 00:00:00,0.1386,0.13876,0.13823,0.13839,577270.0
2025-12-08 00:15:00,0.13836,0.13867,0.13799,0.13843,93352.0
2025-12-08 00:30:00,0.13842,0.13913,0.13834,0.13864,84026.0
2025-12-08 00:45:00,0.13854,0.13854,0.13808,0.13808,88771.0
2025-12-08 01:00:00,0.13811,0.13919,0.13806,0.13908,392606.0
2025-12-08 01:15:00,0.13911,0.14012,0.13881,0.13995,332794.0
2025-12-08 01:30:00,0.14004,0.14144,0.14002,0.14057,1203667.0
2025-12-08 01:45:00,0.14052,0.14064,0.13975,0.13997,648454.0
2025-12-08 02:00:00,0.13994,0.14002,0.13952,0.13976,451410.0
2025-12-08 02:15:00,0.13983,0.14008,0.13977,0.13995,165180.0
2025-12-08 02:30:00,0.13997,0.14006,0.13972,0.14006,126602.0
2025-12-08 02:45:00,0.1401,0.14056,0.14006,0.14044,447497.0
2025-12-08 03:00:00,0.14049,0.14055,0.14005,0.14007,63885.0
2025-12-08 03:15:00,0.14007,0.14064,0.14006,0.14063,19254.0
2025-12-08 03:30:00,0.14047,0.14058,0.14006,0.14009,115662.0
2025-12-08 03:45:00,0.14007,0.14035,0.14007,0.14024,308825.0
2025-12-08 04:00:00,0.14031,0.1406,0.14023,0.14045,213979.0
2025-12-08 04:15:00,0.14044,0.14096,0.14043,0.14051,63888.0
2025-12-08 04:30:00,0.14051,0.14127,0.14051,0.14082,2484113.0
2025-12-08 04:45:00,0.14085,0.14103,0.14071,0.14088,113011.0
2025-12-08 05:00:00,0.14088,0.14089,0.14067,0.14077,128066.0
2025-12-08 05:15:00,0.14081,0.1412,0.14069,0.14111,32775.0
2025-12-08 05:30:00,0.14112,0.14148,0.14112,0.14145,110943.0
2025-12-08 05:45:00,0.14142,0.1415,0.14127,0.14137,168759.0
2025-12-08 06:00:00,0.14143,0.14152,0.14124,0.14152,580330.0
2025-12-08 06:15:00,0.14156,0.14177,0.14156,0.14175,120566.0
2025-12-08 06:30:00,0.14177,0.14196,0.14172,0.14187,93063.0
2025-12-08 06:45:00,0.14193,0.14216,0.14171,0.14171,83592.0
2025-12-08 07:00:00,0.14171,0.14178,0.1415,0.14162,187811.0
2025-12-08 07:15:00,0.14162,0.14226,0.14154,0.14224,932720.0
2025-12-08 07:30:00,0.14224,0.14257,0.14214,0.14219,168210.0
2025-12-08 07:45:00,0.14216,0.14216,0.14195,0.14214,111441.0
2025-12-08 08:00:00,0.14218,0.14218,0.14189,0.14217,302854.0
2025-12-08 08:15:00,0.14218,0.14252,0.14218,0.14252,263354.0
2025-12-08 08:30:00,0.14253,0.14258,0.14219,0.14258,223070.0
2025-12-08 08:45:00,0.14252,0.14275,0.14229,0.14264,578640.0
2025-12-08 09:00:00,0.1426,0.14475,0.14256,0.14384,1717833.0
2025-12-08 09:15:00,0.14379,0.14438,0.14359,0.14395,349678.0
2025-12-08 09:30:00,0.14392,0.14428,0.14373,0.14373,643752.0
2025-12-08 09:45:00,0.14373,0.14382,0.14363,0.14378,178280.0
2025-12-08 10:00:00,0.1438,0.14407,0.14372,0.14388,193371.0
2025-12-08 10:15:00,0.14386,0.144,0.1436,0.14366,160609.0
2025-12-08 10:30:00,0.14359,0.14394,0.14354,0.14389,75954.0
2025-12-08 10:45:00,0.14385,0.14393,0.14378,0.14378,118827.0
2025-12-08 11:00:00,0.14379,0.14385,0.14345,0.14381,206776.0
2025-12-08 11:15:00,0.14388,0.14394,0.14358,0.14358,58560.0
2025-12-08 11:30:00,0.14351,0.14351,0.14308,0.14312,791884.0
2025-12-08 11:45:00,0.14309,0.14324,0.14295,0.14321,67156.0
2025-12-08 12:00:00,0.14324,0.14325,0.14269,0.14274,95989.0
2025-12-08 12:15:00,0.14281,0.14293,0.14267,0.14287,15675.0
2025-12-08 12:30:00,0.14285,0.14312,0.14274,0.14296,292921.0
2025-12-08 12:45:00,0.14301,0.14361,0.14297,0.14343,175802.0
2025-12-08 13:00:00,0.14346,0.14394,0.14335,0.14366,99645.0
2025-12-08 13:15:00,0.14351,0.14357,0.14323,0.14342,180820.0
2025-12-08 13:30:00,0.14346,0.14367,0.14324,0.14352,72958.0
2025-12-08 13:45:00,0.14363,0.1441,0.1436,0.14364,380541.0
2025-12-08 14:00:00,0.14366,0.14388,0.14342,0.14388,1123903.0
2025-12-08 14:15:00,0.14388,0.14394,0.14314,0.14354,274331.0
2025-12-08 14:30:00,0.14352,0.14483,0.14272,0.14446,2212920.0
2025-12-08 14:45:00,0.14444,0.14494,0.14321,0.1433,3732334.0
2025-12-08 15:00:00,0.1433,0.14394,0.14247,0.14286,1170327.0
2025-12-08 15:15:00,0.14276,0.14362,0.14214,0.1426,1023184.0
2025-12-08 15:30:00,0.1426,0.14311,0.14186,0.14205,1437514.0
2025-12-08 15:45:00,0.1419,0.14279,0.1419,0.14241,745609.0
2025-12-08 16:00:00,0.14245,0.14278,0.1416,0.14245,718657.0
2025-12-08 16:15:00,0.14241,0.1434,0.14235,0.14325,701875.0
2025-12-08 16:30:00,0.14327,0.14387,0.14302,0.14339,211111.0
2025-12-08 16:45:00,0.1433,0.14349,0.1425,0.14292,363604.0
2025-12-08 17:00:00,0.14295,0.14351,0.14246,0.14319,171598.0
2025-12-08 17:15:00,0.14315,0.14328,0.14248,0.14266,131903.0
2025-12-08 17:30:00,0.14256,0.14293,0.14211,0.14218,374075.0
2025-12-08 17:45:00,0.14219,0.14323,0.14177,0.14288,278176.0
2025-12-08 18:00:00,0.14294,0.14326,0.1427,0.1427,235581.0
2025-12-08 18:15:00,0.14282,0.14334,0.14227,0.14227,89877.0
2025-12-08 18:30:00,0.14215,0.14251,0.14201,0.14251,176468.0
2025-12-08 18:45:00,0.14264,0.14289,0.14118,0.14161,837242.0
2025-12-08 19:00:00,0.14163,0.14231,0.14162,0.14203,154705.0
2025-12-08 19:15:00,0.14206,0.14245,0.14192,0.14245,88381.0
2025-12-08 19:30:00,0.14239,0.14277,0.1423,0.14266,272807.0
2025-12-08 19:45:00,0.14267,0.14317,0.14253,0.14254,192492.0
2025-12-08 20:00:00,0.14262,0.14303,0.14258,0.14278,102549.0
2025-12-08 20:15:00,0.1428,0.14322,0.14266,0.14292,103010.0
2025-12-08 20:30:00,0.14288,0.14328,0.14259,0.14318,848900.0
2025-12-08 20:45:00,0.14322,0.14374,0.14302,0.14352,4751792.0
2025-12-08 21:00:00,0.14356,0.14376,0.14293,0.143,833064.0
2025-12-08 21:15:00,0.14301,0.14347,0.14293,0.14341,45947.0
2025-12-08 21:30:00,0.14339,0.14398,0.14335,0.14364,5661390.0
2025-12-08 21:45:00,0.14367,0.14385,0.14349,0.14377,295983.0
2025-12-08 22:00:00,0.14385,0.14388,0.14328,0.14334,311387.0
2025-12-08 22:15:00,0.14335,0.14335,0.14316,0.14325,145192.0
2025-12-08 22:30:00,0.14324,0.14342,0.14273,0.14279,1594033.0
2025-12-08 22:45:00,0.1428,0.14326,0.1428,0.14316,335145.0
2025-12-08 23:00:00,0.14316,0.14333,0.14265,0.14265,242714.0
2025-12-08 23:15:00,0.14267,0.14274,0.14187,0.14191,5128503.0
2025-12-08 23:30:00,0.14195,0.1426,0.14195,0.14249,197132.0
2025-12-08 23:45:00,0.1425,0.14256,0.1424,0.14253,88329.0
2025-12-09 00:00:00,0.14252,0.14253,0.14224,0.14245,576701.0
2025-12-09 00:15:00,0.14243,0.1426,0.14213,0.14213,760704.0
2025-12-09 00:30:00,0.14211,0.14211,0.14164,0.14176,479035.0
2025-12-09 00:45:00,0.14186,0.14195,0.14145,0.14163,162040.0
2025-12-09 01:00:00,0.14163,0.14176,0.14131,0.14164,198152.0
2025-12-09 01:15:00,0.14164,0.1419,0.14102,0.14115,123239.0
2025-12-09 01:30:00,0.1411,0.14119,0.14075,0.14075,361666.0
2025-12-09 01:45:00,0.14077,0.14077,0.14039,0.14063,1544803.0
2025-12-09 02:00:00,0.14066,0.14117,0.14062,0.1411,782271.0
2025-12-09 02:15:00,0.14102,0.14126,0.14077,0.14121,141882.0
2025-12-09 02:30:00,0.1412,0.1412,0.14091,0.14099,56838.0
2025-12-09 02:45:00,0.14096,0.1411,0.14056,0.14056,289905.0
2025-12-09 03:00:00,0.14054,0.14079,0.1405,0.1407,60361.0
2025-12-09 03:15:00,0.14071,0.14075,0.14021,0.14061,836908.0
2025-12-09 03:30:00,0.14063,0.14146,0.14063,0.14146,571746.0
2025-12-09 03:45:00,0.1414,0.14165,0.14126,0.14153,156341.0
2025-12-09 04:00:00,0.14156,0.14159,0.14131,0.14135,1056344.0
2025-12-09 04:15:00,0.14137,0.14152,0.14113,0.14136,306447.0
2025-12-09 04:30:00,0.14133,0.14133,0.14027,0.14053,359055.0
2025-12-09 04:45:00,0.14054,0.14057,0.14037,0.1404,20293.0
2025-12-09 05:00:00,0.14038,0.14044,0.13995,0.14014,96287.0
2025-12-09 05:15:00,0.14003,0.14026,0.1398,0.14012,661762.0
2025-12-09 05:30:00,0.14014,0.14073,0.14014,0.14068,327974.0
2025-12-09 05:45:00,0.14074,0.14079,0.14002,0.14002,22909.0
2025-12-09 06:00:00,0.14008,0.14035,0.13983,0.13988,124061.0
2025-12-09 06:15:00,0.13994,0.13998,0.13943,0.1397,109641.0
2025-12-09 06:30:00,0.13966,0.13979,0.13936,0.13979,228757.0
2025-12-09 06:45:00,0.13981,0.14007,0.13969,0.14005,36443.0
2025-12-09 07:00:00,0.14008,0.14019,0.13982,0.13985,406382.0
2025-12-09 07:15:00,0.13986,0.14052,0.13985,0.14047,167998.0
2025-12-09 07:30:00,0.14045,0.14069,0.14029,0.14065,189048.0
2025-12-09 07:45:00,0.14068,0.14086,0.14049,0.14073,194524.0
2025-12-09 08:00:00,0.14073,0.14086,0.14065,0.14077,459237.0
2025-12-09 08:15:00,0.14078,0.14096,0.14055,0.14061,106146.0
2025-12-09 08:30:00,0.14059,0.14067,0.14039,0.14067,57779.0
2025-12-09 08:45:00,0.14069,0.14091,0.14067,0.14071,27956.0
2025-12-09 09:00:00,0.14073,0.14074,0.14033,0.14041,114138.0
2025-12-09 09:15:00,0.14041,0.14047,0.14025,0.14028,122489.0
2025-12-09 09:30:00,0.14029,0.14041,0.14009,0.1401,78133.0
2025-12-09 09:45:00,0.14007,0.14021,0.13996,0.14007,87400.0
2025-12-09 10:00:00,0.14008,0.14031,0.14002,0.14021,176510.0
2025-12-09 10:15:00,0.1402,0.1403,0.1401,0.14029,162416.0
2025-12-09 10:30:00,0.14028,0.14045,0.13961,0.13991,427433.0
2025-12-09 10:45:00,0.13982,0.14014,0.13967,0.14013,537726.0
2025-12-09 11:00:00,0.14019,0.1402,0.14003,0.14006,85278.0
2025-12-09 11:15:00,0.14006,0.14016,0.1399,0.14016,27082.0
2025-12-09 11:30:00,0.14013,0.14036,0.1401,0.14036,302034.0
2025-12-09 11:45:00,0.14035,0.14083,0.14035,0.14081,238181.0
2025-12-09 12:00:00,0.14081,0.141,0.14064,0.14064,83014.0
2025-12-09 12:15:00,0.14067,0.14166,0.14065,0.14131,389344.0
2025-12-09 12:30:00,0.14137,0.14146,0.14108,0.14146,65221.0
2025-12-09 12:45:00,0.1415,0.14171,0.14141,0.1415,390399.0
2025-12-09 13:00:00,0.14149,0.1416,0.14133,0.14134,198533.0
2025-12-09 13:15:00,0.14136,0.14221,0.14136,0.14217,585829.0
2025-12-09 13:30:00,0.14217,0.1423,0.1413,0.1413,208264.0
2025-12-09 13:45:00,0.14142,0.14169,0.14136,0.14169,58106.0
2025-12-09 14:00:00,0.1417,0.1422,0.1417,0.14188,1987177.0
2025-12-09 14:15:00,0.14181,0.14231,0.14127,0.14157,546430.0
2025-12-09 14:30:00,0.14159,0.14164,0.14059,0.14112,1959263.0
2025-12-09 14:45:00,0.1411,0.1411,0.1405,0.14093,356012.0
2025-12-09 15:00:00,0.14097,0.14453,0.1409,0.1423,5854784.0
2025-12-09 15:15:00,0.14223,0.14426,0.14223,0.14362,918066.0
2025-12-09 15:30:00,0.1436,0.14562,0.14291,0.14551,3002597.0
2025-12-09 15:45:00,0.14552,0.14672,0.14531,0.14606,3259300.0
2025-12-09 16:00:00,0.14626,0.14937,0.14626,0.14911,3477365.0
2025-12-09 16:15:00,0.14912,0.14978,0.14867,0.14932,3532678.0
2025-12-09 16:30:00,0.1494,0.15205,0.1493,0.15157,3352939.0
2025-12-09 16:45:00,0.15152,0.15229,0.15089,0.15138,1498178.0
2025-12-09 17:00:00,0.15138,0.15292,0.15138,0.15287,7241936.0
2025-12-09 17:15:00,0.15288,0.1531,0.15066,0.15144,2118361.0
2025-12-09 17:30:00,0.15149,0.15165,0.15073,0.15102,1276881.0
2025-12-09 17:45:00,0.15101,0.15135,0.15081,0.15089,115561.0
2025-12-09 18:00:00,0.15104,0.15172,0.15055,0.15164,2255681.0
2025-12-09 18:15:00,0.15169,0.15192,0.15148,0.15172,414387.0
2025-12-09 18:30:00,0.15167,0.15167,0.15088,0.15089,660493.0
2025-12-09 18:45:00,0.15086,0.15123,0.15069,0.15123,302827.0
2025-12-09 19:00:00,0.15128,0.1514,0.15078,0.15133,1154976.0
2025-12-09 19:15:00,0.15117,0.15141,0.15091,0.15097,205981.0
2025-12-09 19:30:00,0.15101,0.15151,0.15046,0.15046,1588832.0
2025-12-09 19:45:00,0.15068,0.15095,0.15051,0.15095,3581716.0
2025-12-09 20:00:00,0.15086,0.15161,0.15071,0.15124,10801301.0
2025-12-09 20:15:00,0.15124,0.15127,0.14878,0.14962,11626916.0
2025-12-09 20:30:00,0.14958,0.14978,0.14876,0.14915,392156.0
2025-12-09 20:45:00,0.1492,0.14955,0.14871,0.14902,1359984.0
2025-12-09 21:00:00,0.14909,0.1498,0.14893,0.14948,220300.0
2025-12-09 21:15:00,0.14961,0.14974,0.14916,0.14958,400118.0
2025-12-09 21:30:00,0.14959,0.14963,0.14885,0.1489,144627.0
2025-12-09 21:45:00,0.14881,0.14881,0.1468,0.14793,860359.0
2025-12-09 22:00:00,0.14793,0.1488,0.14782,0.14816,929618.0
2025-12-09 22:15:00,0.14813,0.14842,0.14783,0.14827,127840.0
2025-12-09 22:30:00,0.14819,0.14908,0.14809,0.14876,170020.0
2025-12-09 22:45:00,0.14877,0.14914,0.14859,0.14868,282194.0
2025-12-09 23:00:00,0.14862,0.14892,0.14801,0.14801,230619.0
2025-12-09 23:15:00,0.14795,0.14849,0.14795,0.14847,136830.0
2025-12-09 23:30:00,0.14851,0.1486,0.14818,0.14845,166049.0
2025-12-09 23:45:00,0.14837,0.14843,0.14785,0.14793,82149.0
2025-12-10 00:00:00,0.1479,0.14822,0.14784,0.14784,299925.0
2025-12-10 00:15:00,0.14774,0.14774,0.14697,0.14744,1484643.0
2025-12-10 00:30:00,0.14741,0.14764,0.14706,0.14728,120186.0
2025-12-10 00:45:00,0.14731,0.14747,0.14662,0.14667,458921.0
2025-12-10 01:00:00,0.14666,0.14694,0.14637,0.14641,530142.0
2025-12-10 01:15:00,0.14639,0.14704,0.1463,0.14704,380419.0
2025-12-10 01:30:00,0.14702,0.14702,0.14617,0.14644,437493.0
2025-12-10 01:45:00,0.14646,0.14701,0.14637,0.14657,571194.0
2025-12-10 02:00:00,0.14656,0.14656,0.1459,0.14619,512718.0
2025-12-10 02:15:00,0.14621,0.14698,0.14619,0.1469,211267.0
2025-12-10 02:30:00,0.14684,0.14693,0.14658,0.14679,280008.0
2025-12-10 02:45:00,0.14676,0.14721,0.14646,0.14721,94824.0
2025-12-10 03:00:00,0.14717,0.14737,0.14692,0.14737,754832.0
2025-12-10 03:15:00,0.1474,0.1474,0.14685,0.14697,287102.0
2025-12-10 03:30:00,0.14686,0.14742,0.14677,0.14742,72160.0
2025-12-10 03:45:00,0.1474,0.14765,0.14734,0.14737,1034175.0
2025-12-10 04:00:00,0.14734,0.14746,0.147,0.14725,593811.0
2025-12-10 04:15:00,0.14722,0.14766,0.1468,0.14695,1035830.0
2025-12-10 04:30:00,0.1469,0.14751,0.14688,0.14748,392128.0
2025-12-10 04:45:00,0.14749,0.14775,0.1472,0.1472,25406.0
2025-12-10 05:00:00,0.14721,0.14725,0.14694,0.14722,135115.0
2025-12-10 05:15:00,0.14722,0.1476,0.14697,0.14701,380863.0
2025-12-10 05:30:00,0.14701,0.14704,0.14673,0.14687,74320.0
2025-12-10 05:45:00,0.14685,0.14689,0.14663,0.14682,26498.0
2025-12-10 06:00:00,0.14683,0.14692,0.14647,0.14678,118754.0
2025-12-10 06:15:00,0.14678,0.1468,0.14664,0.14666,198773.0
2025-12-10 06:30:00,0.14668,0.14675,0.1465,0.14675,281508.0
2025-12-10 06:45:00,0.14674,0.14682,0.14651,0.14675,229537.0
2025-12-10 07:00:00,0.14674,0.14674,0.1463,0.14636,162784.0
2025-12-10 07:15:00,0.14634,0.14636,0.14602,0.14628,37962.0
2025-12-10 07:30:00,0.14628,0.14643,0.14613,0.1464,52471.0
2025-12-10 07:45:00,0.14632,0.14664,0.14627,0.14663,53655.0
2025-12-10 08:00:00,0.14661,0.14701,0.1465,0.14685,96918.0
2025-12-10 08:15:00,0.14684,0.14692,0.14654,0.14669,197016.0
2025-12-10 08:30:00,0.1467,0.14676,0.14634,0.14651,1635279.0
2025-12-10 08:45:00,0.14647,0.14667,0.14631,0.14635,44979.0
2025-12-10 09:00:00,0.14635,0.14636,0.14579,0.14594,211647.0
2025-12-10 09:15:00,0.14597,0.14597,0.14566,0.14589,80438.0
2025-12-10 09:30:00,0.14592,0.14648,0.14592,0.14645,122156.0
2025-12-10 09:45:00,0.14646,0.14744,0.14645,0.1473,1593495.0
2025-12-10 10:00:00,0.14727,0.14804,0.14688,0.14699,2754498.0
2025-12-10 10:15:00,0.14691,0.14691,0.14619,0.14648,78620.0
2025-12-10 10:30:00,0.14632,0.14642,0.14572,0.14597,510225.0
2025-12-10 10:45:00,0.14594,0.14609,0.1455,0.14555,1639522.0
2025-12-10 11:00:00,0.14554,0.14614,0.1454,0.14581,565189.0
2025-12-10 11:15:00,0.14574,0.14601,0.14574,0.14597,32401.0
2025-12-10 11:30:00,0.14577,0.14596,0.14509,0.14542,279663.0
2025-12-10 11:45:00,0.14542,0.14582,0.1453,0.14579,388806.0
2025-12-10 12:00:00,0.14579,0.14584,0.14528,0.14537,203590.0
2025-12-10 12:15:00,0.14534,0.14562,0.1452,0.14528,669243.0
2025-12-10 12:30:00,0.14528,0.14543,0.14497,0.14533,844731.0
2025-12-10 12:45:00,0.14537,0.14577,0.14513,0.14569,35426.0
2025-12-10 13:00:00,0.14561,0.1459,0.14551,0.14571,45693.0
2025-12-10 13:15:00,0.14568,0.14653,0.14567,0.14635,261376.0
2025-12-10 13:30:00,0.1464,0.14651,0.14571,0.14582,341764.0
2025-12-10 13:45:00,0.14591,0.14609,0.1458,0.1459,58140.0
2025-12-10 14:00:00,0.14591,0.14591,0.1455,0.1455,377525.0
2025-12-10 14:15:00,0.14551,0.14564,0.14533,0.14542,635708.0
2025-12-10 14:30:00,0.14538,0.14583,0.14498,0.14507,195106.0
2025-12-10 14:45:00,0.14509,0.14537,0.14478,0.14527,183446.0
2025-12-10 15:00:00,0.14538,0.14598,0.14523,0.14578,366424.0
2025-12-10 15:15:00,0.14572,0.14572,0.14512,0.1453,151664.0
2025-12-10 15:30:00,0.14533,0.14537,0.14454,0.14526,173352.0
2025-12-10 15:45:00,0.14513,0.14522,0.14474,0.14509,126111.0
2025-12-10 16:00:00,0.14509,0.14553,0.14486,0.1453,397481.0
2025-12-10 16:15:00,0.14526,0.14605,0.14526,0.14591,274002.0
2025-12-10 16:30:00,0.14586,0.14586,0.1453,0.14559,768543.0
2025-12-10 16:45:00,0.14563,0.14613,0.14545,0.1458,230960.0
2025-12-10 17:00:00,0.1458,0.14581,0.14533,0.14563,429969.0
2025-12-10 17:15:00,0.14558,0.14673,0.14547,0.14618,374280.0
2025-12-10 17:30:00,0.14618,0.14627,0.14571,0.14613,167218.0
2025-12-10 17:45:00,0.14621,0.14628,0.14575,0.14601,67668.0
2025-12-10 18:00:00,0.14606,0.14638,0.14567,0.14623,188659.0
2025-12-10 18:15:00,0.14606,0.14645,0.14567,0.14622,403362.0
2025-12-10 18:30:00,0.1462,0.14841,0.14616,0.14722,1177955.0
2025-12-10 18:45:00,0.14736,0.1478,0.14624,0.14695,1239887.0
2025-12-10 19:00:00,0.14688,0.14921,0.1455,0.14788,8252584.0
2025-12-10 19:15:00,0.14788,0.14832,0.14646,0.1466,1462064.0
2025-12-10 19:30:00,0.14674,0.1485,0.14651,0.1468,6293204.0
2025-12-10 19:45:00,0.14685,0.14765,0.1466,0.14741,2161382.0
2025-12-10 20:00:00,0.14746,0.14994,0.1469,0.14994,2116696.0
2025-12-10 20:15:00,0.14996,0.15022,0.14731,0.14804,4187166.0
2025-12-10 20:30:00,0.14812,0.14872,0.14794,0.14843,949328.0
2025-12-10 20:45:00,0.14833,0.14839,0.14552,0.14615,1228734.0
2025-12-10 21:00:00,0.14615,0.1467,0.14504,0.14596,1542338.0
2025-12-10 21:15:00,0.14593,0.1464,0.1456,0.14563,424049.0
2025-12-10 21:30:00,0.14561,0.14579,0.14505,0.14539,427535.0
2025-12-10 21:45:00,0.14539,0.14559,0.14432,0.14448,321771.0
2025-12-10 22:00:00,0.14448,0.14511,0.14321,0.14329,2538204.0
2025-12-10 22:15:00,0.14332,0.14414,0.14231,0.14387,2957397.0
2025-12-10 22:30:00,0.14378,0.14454,0.14338,0.14451,435350.0
2025-12-10 22:45:00,0.14441,0.14466,0.1439,0.14439,271963.0
2025-12-10 23:00:00,0.1443,0.14471,0.1441,0.1445,693213.0
2025-12-10 23:15:00,0.14448,0.1445,0.144,0.144,32310.0
2025-12-10 23:30:00,0.14403,0.14404,0.14358,0.1437,25649.0
2025-12-10 23:45:00,0.14369,0.14369,0.14318,0.14326,369691.0
2025-12-11 00:00:00,0.14324,0.1435,0.14306,0.1434,1175885.0
2025-12-11 00:15:00,0.1433,0.14339,0.14286,0.14287,479382.0
2025-12-11 00:30:00,0.14283,0.14285,0.1413,0.14172,326131.0
2025-12-11 00:45:00,0.14175,0.1418,0.14047,0.14112,2297497.0
2025-12-11 01:00:00,0.14111,0.14118,0.1399,0.14005,623107.0
2025-12-11 01:15:00,0.13994,0.14047,0.13942,0.14047,350611.0
2025-12-11 01:30:00,0.14055,0.14094,0.14013,0.1402,150092.0
2025-12-11 01:45:00,0.14012,0.14022,0.13957,0.13963,141344.0
2025-12-11 02:00:00,0.13964,0.1397,0.1385,0.13872,1705575.0
2025-12-11 02:15:00,0.13866,0.13934,0.13818,0.13876,6085703.0
2025-12-11 02:30:00,0.13873,0.13931,0.13847,0.13891,6168707.0
2025-12-11 02:45:00,0.13898,0.13898,0.13834,0.13847,3230143.0
2025-12-11 03:00:00,0.13846,0.13849,0.1374,0.13792,1597634.0
2025-12-11 03:15:00,0.1379,0.13823,0.13747,0.13762,1893684.0
2025-12-11 03:30:00,0.13746,0.13784,0.1371,0.1377,15600976.0
2025-12-11 03:45:00,0.13765,0.13814,0.13748,0.13793,5232783.0
2025-12-11 04:00:00,0.13799,0.13834,0.13741,0.13813,16725222.0
2025-12-11 04:15:00,0.1381,0.13821,0.13783,0.13795,4198693.0
2025-12-11 04:30:00,0.13795,0.13833,0.13795,0.13824,877873.0
2025-12-11 04:45:00,0.13821,0.13898,0.13802,0.13873,6222451.0
2025-12-11 05:00:00,0.13876,0.13876,0.13826,0.13826,302469.0
2025-12-11 05:15:00,0.13825,0.1387,0.13821,0.13861,804403.0
2025-12-11 05:30:00,0.13859,0.13882,0.13854,0.13864,69546.0
2025-12-11 05:45:00,0.13869,0.13895,0.13869,0.13876,35403.0
2025-12-11 06:00:00,0.1388,0.1388,0.13842,0.13844,258804.0
2025-12-11 06:15:00,0.13847,0.1385,0.13786,0.13792,801711.0
2025-12-11 06:30:00,0.13812,0.13885,0.13812,0.13853,150746.0
2025-12-11 06:45:00,0.13853,0.13862,0.13824,0.13849,68592.0
2025-12-11 07:00:00,0.13847,0.13849,0.13822,0.13829,275217.0
2025-12-11 07:15:00,0.13826,0.13834,0.13804,0.13813,110144.0
2025-12-11 07:30:00,0.13814,0.13843,0.13799,0.138,5091418.0
2025-12-11 07:45:00,0.13796,0.13814,0.13794,0.138,343304.0
2025-12-11 08:00:00,0.13801,0.13801,0.13737,0.13738,607394.0
2025-12-11 08:15:00,0.13738,0.13764,0.13727,0.13746,417838.0
2025-12-11 08:30:00,0.13742,0.13755,0.13713,0.13748,547066.0
2025-12-11 08:45:00,0.13748,0.13792,0.13748,0.13791,88917.0
2025-12-11 09:00:00,0.13792,0.13809,0.13756,0.13756,232352.0
2025-12-11 09:15:00,0.13759,0.13807,0.13759,0.13797,826390.0
2025-12-11 09:30:00,0.13805,0.13815,0.1378,0.1378,82797.0
2025-12-11 09:45:00,0.13786,0.13799,0.13751,0.13762,157964.0
2025-12-11 10:00:00,0.1377,0.1379,0.13768,0.1379,235397.0
2025-12-11 10:15:00,0.1379,0.1379,0.13757,0.1376,253719.0
2025-12-11 10:30:00,0.13761,0.13762,0.13742,0.13755,139405.0
2025-12-11 10:45:00,0.13752,0.13806,0.13752,0.13798,212104.0
2025-12-11 11:00:00,0.13789,0.13812,0.13776,0.13785,535244.0
2025-12-11 11:15:00,0.13782,0.1381,0.13774,0.13805,598431.0
2025-12-11 11:30:00,0.13811,0.13833,0.13801,0.13816,53221.0
2025-12-11 11:45:00,0.13812,0.13819,0.13795,0.13795,68365.0
2025-12-11 12:00:00,0.13793,0.13793,0.13744,0.13751,150567.0
2025-12-11 12:15:00,0.13756,0.13785,0.13752,0.13772,139788.0
2025-12-11 12:30:00,0.13773,0.13797,0.13757,0.13776,81710.0
2025-12-11 12:45:00,0.13789,0.13799,0.13768,0.1378,171748.0
2025-12-11 13:00:00,0.1378,0.13806,0.13772,0.13772,222758.0
2025-12-11 13:15:00,0.1377,0.13804,0.13754,0.13794,423746.0
2025-12-11 13:30:00,0.13794,0.13805,0.13758,0.13784,318312.0
2025-12-11 13:45:00,0.1378,0.13798,0.13764,0.13797,33064.0
2025-12-11 14:00:00,0.13797,0.13799,0.13761,0.13778,131356.0
2025-12-11 14:15:00,0.13781,0.13788,0.13752,0.13752,62366.0
2025-12-11 14:30:00,0.1374,0.13814,0.13655,0.1377,1599906.0
2025-12-11 14:45:00,0.13773,0.13773,0.13668,0.1372,935001.0
2025-12-11 15:00:00,0.13711,0.13781,0.1368,0.13745,1472299.0
2025-12-11 15:15:00,0.13736,0.13822,0.13697,0.1374,2913302.0
2025-12-11 15:30:00,0.13743,0.13747,0.1367,0.13708,1162602.0
2025-12-11 15:45:00,0.13705,0.13736,0.13667,0.13704,850061.0
2025-12-11 16:00:00,0.13702,0.13719,0.13614,0.13651,1758817.0
2025-12-11 16:15:00,0.13652,0.1367,0.13644,0.1366,351035.0
2025-12-11 16:30:00,0.13664,0.13744,0.13628,0.13719,266041.0
2025-12-11 16:45:00,0.13722,0.13749,0.13677,0.13681,140837.0
2025-12-11 17:00:00,0.13687,0.13705,0.13671,0.13694,284775.0
2025-12-11 17:15:00,0.13692,0.13746,0.1369,0.13729,316056.0
2025-12-11 17:30:00,0.13724,0.13756,0.13713,0.13713,866748.0
2025-12-11 17:45:00,0.13719,0.13735,0.13693,0.13698,379551.0
2025-12-11 18:00:00,0.13699,0.13744,0.13684,0.1373,1559325.0
2025-12-11 18:15:00,0.13744,0.13773,0.13731,0.13744,436833.0
2025-12-11 18:30:00,0.13742,0.13896,0.13728,0.1388,6480482.0
2025-12-11 18:45:00,0.13894,0.13914,0.13772,0.13804,1288535.0
2025-12-11 19:00:00,0.13799,0.13845,0.13784,0.1381,117126.0
2025-12-11 19:15:00,0.13805,0.13899,0.13803,0.13892,5300991.0
2025-12-11 19:30:00,0.13894,0.13957,0.13885,0.13917,2276194.0
2025-12-11 19:45:00,0.13914,0.13932,0.13816,0.13833,1158302.0
2025-12-11 20:00:00,0.13832,0.1394,0.13832,0.13927,496630.0
2025-12-11 20:15:00,0.13931,0.13945,0.13888,0.1391,135333.0
2025-12-11 20:30:00,0.13913,0.13975,0.13908,0.13969,204227.0
2025-12-11 20:45:00,0.13977,0.1401,0.13946,0.13996,115235.0
2025-12-11 21:00:00,0.14001,0.14098,0.13999,0.14068,1584758.0
2025-12-11 21:15:00,0.14082,0.14209,0.14082,0.14171,761081.0
2025-12-11 21:30:00,0.14194,0.14271,0.14148,0.14232,1286146.0
2025-12-11 21:45:00,0.14229,0.14247,0.14165,0.14169,601400.0
2025-12-11 22:00:00,0.14171,0.14211,0.14137,0.1415,1326291.0
2025-12-11 22:15:00,0.14151,0.14164,0.1404,0.1406,310909.0
2025-12-11 22:30:00,0.14041,0.14098,0.1402,0.14043,499061.0
2025-12-11 22:45:00,0.14028,0.14054,0.13984,0.14047,246356.0
2025-12-11 23:00:00,0.14041,0.14071,0.13988,0.14034,841418.0
2025-12-11 23:15:00,0.14033,0.14066,0.14027,0.14034,241615.0
2025-12-11 23:30:00,0.14033,0.14085,0.14032,0.14077,15196.0
2025-12-11 23:45:00,0.14081,0.14083,0.14009,0.14024,99298.0
2025-12-12 00:00:00,0.14026,0.14042,0.14002,0.14003,216847.0
2025-12-12 00:15:00,0.14005,0.1407,0.14004,0.14032,2224264.0
2025-12-12 00:30:00,0.14035,0.1406,0.14025,0.14025,253812.0
2025-12-12 00:45:00,0.14017,0.14019,0.13866,0.13873,572251.0
2025-12-12 01:00:00,0.13882,0.13972,0.13882,0.13967,498637.0
2025-12-12 01:15:00,0.13972,0.14062,0.1397,0.14024,171710.0
2025-12-12 01:30:00,0.14019,0.14062,0.14015,0.14041,82536.0
2025-12-12 01:45:00,0.14043,0.14054,0.14009,0.14031,61309.0
2025-12-12 02:00:00,0.14029,0.14098,0.14005,0.1408,180295.0
2025-12-12 02:15:00,0.1408,0.141,0.14062,0.14076,2997925.0
2025-12-12 02:30:00,0.1408,0.14091,0.14062,0.14084,72533.0
2025-12-12 02:45:00,0.1408,0.14118,0.14071,0.14112,223244.0
2025-12-12 03:00:00,0.14113,0.14123,0.1408,0.1408,608109.0
2025-12-12 03:15:00,0.14081,0.14082,0.14027,0.14049,100389.0
2025-12-12 03:30:00,0.14047,0.14066,0.14032,0.14065,96719.0
2025-12-12 03:45:00,0.14068,0.14078,0.14052,0.14052,31224.0
2025-12-12 04:00:00,0.14049,0.14061,0.14023,0.14026,104106.0
2025-12-12 04:15:00,0.14027,0.14038,0.14014,0.14023,340926.0
2025-12-12 04:30:00,0.14024,0.14036,0.14014,0.14035,461646.0
2025-12-12 04:45:00,0.14037,0.14044,0.14018,0.14022,135828.0
2025-12-12 05:00:00,0.14021,0.1406,0.14004,0.14007,182190.0
2025-12-12 05:15:00,0.14008,0.14023,0.13973,0.13978,106363.0
2025-12-12 05:30:00,0.13976,0.14046,0.13976,0.14046,38913.0
2025-12-12 05:45:00,0.14047,0.14096,0.14045,0.14081,2036566.0
2025-12-12 06:00:00,0.14084,0.14145,0.14082,0.14142,412351.0
2025-12-12 06:15:00,0.14139,0.14144,0.14091,0.14092,53638.0
2025-12-12 06:30:00,0.1409,0.14091,0.14077,0.14077,143802.0
2025-12-12 06:45:00,0.14078,0.14081,0.14055,0.14074,49993.0
2025-12-12 07:00:00,0.14078,0.14085,0.14067,0.14068,131740.0
2025-12-12 07:15:00,0.14066,0.14076,0.14058,0.14065,289201.0
2025-12-12 07:30:00,0.14064,0.14079,0.14028,0.14064,1946047.0
2025-12-12 07:45:00,0.14066,0.14069,0.14047,0.14054,78501.0
2025-12-12 08:00:00,0.14055,0.14066,0.1405,0.14064,197652.0
2025-12-12 08:15:00,0.14063,0.14066,0.14015,0.14017,136690.0
2025-12-12 08:30:00,0.14018,0.14018,0.13986,0.14012,168992.0
2025-12-12 08:45:00,0.14012,0.14033,0.13989,0.14031,29378.0
2025-12-12 09:00:00,0.14031,0.14042,0.14009,0.14041,295969.0
2025-12-12 09:15:00,0.14043,0.1405,0.13999,0.13999,185025.0
2025-12-12 09:30:00,0.13994,0.14019,0.13992,0.1401,101494.0
2025-12-12 09:45:00,0.14009,0.14096,0.14004,0.14087,144640.0
2025-12-12 10:00:00,0.14085,0.14132,0.14084,0.14127,86972.0
2025-12-12 10:15:00,0.14126,0.14126,0.14094,0.14102,140501.0
2025-12-12 10:30:00,0.14102,0.14107,0.14082,0.14092,75852.0
2025-12-12 10:45:00,0.14087,0.14116,0.14082,0.14102,123435.0
2025-12-12 11:00:00,0.14103,0.14107,0.14079,0.14093,56316.0
2025-12-12 11:15:00,0.14091,0.14091,0.14067,0.14091,29778.0
2025-12-12 11:30:00,0.14092,0.14111,0.14082,0.14098,27244.0
2025-12-12 11:45:00,0.141,0.14107,0.14089,0.14104,3403575.0
2025-12-12 12:00:00,0.14102,0.14103,0.14079,0.1409,843447.0
2025-12-12 12:15:00,0.14087,0.14094,0.14069,0.14073,284046.0
2025-12-12 12:30:00,0.14074,0.14099,0.14072,0.14088,328913.0
2025-12-12 12:45:00,0.14087,0.14134,0.14086,0.1413,401423.0
2025-12-12 13:00:00,0.14127,0.14127,0.1409,0.14094,1120452.0
2025-12-12 13:15:00,0.14094,0.1412,0.14079,0.14088,728819.0
2025-12-12 13:30:00,0.14092,0.14109,0.14079,0.14086,3189867.0
2025-12-12 13:45:00,0.14085,0.14109,0.14085,0.14089,77428.0
2025-12-12 14:00:00,0.14091,0.14092,0.14039,0.14049,2746117.0
2025-12-12 14:15:00,0.14048,0.14087,0.1402,0.14022,868483.0
2025-12-12 14:30:00,0.14022,0.1411,0.13993,0.14082,2281507.0
2025-12-12 14:45:00,0.14081,0.14092,0.1402,0.14059,430738.0
2025-12-12 15:00:00,0.14054,0.14054,0.13938,0.13978,5362792.0
2025-12-12 15:15:00,0.13965,0.13977,0.13779,0.13785,8801470.0
2025-12-12 15:30:00,0.13792,0.13845,0.13659,0.13743,6516851.0
2025-12-12 15:45:00,0.13742,0.1378,0.13497,0.13554,2149803.0
2025-12-12 16:00:00,0.13546,0.1362,0.13528,0.13602,3929799.0
2025-12-12 16:15:00,0.13582,0.13626,0.13462,0.13597,1660254.0
2025-12-12 16:30:00,0.13592,0.13592,0.13425,0.13462,1526982.0
2025-12-12 16:45:00,0.13464,0.13546,0.13461,0.13518,787833.0
2025-12-12 17:00:00,0.13521,0.13632,0.13513,0.1361,449438.0
2025-12-12 17:15:00,0.13611,0.13664,0.13533,0.13533,2746378.0
2025-12-12 17:30:00,0.13533,0.13571,0.13519,0.13552,193908.0
2025-12-12 17:45:00,0.13556,0.13579,0.13544,0.13557,104635.0
2025-12-12 18:00:00,0.13559,0.13674,0.13544,0.13645,2987195.0
2025-12-12 18:15:00,0.13642,0.13682,0.13599,0.13651,701455.0
2025-12-12 18:30:00,0.13655,0.13705,0.13651,0.1369,500033.0
2025-12-12 18:45:00,0.13682,0.13719,0.13642,0.13645,229199.0
2025-12-12 19:00:00,0.13648,0.13649,0.1358,0.13591,223359.0
2025-12-12 19:15:00,0.13587,0.13655,0.13587,0.13612,2181624.0
2025-12-12 19:30:00,0.13624,0.13627,0.13588,0.13588,237872.0
2025-12-12 19:45:00,0.13586,0.13607,0.1357,0.13602,991670.0
2025-12-12 20:00:00,0.13596,0.13616,0.13561,0.13565,126910.0
2025-12-12 20:15:00,0.1356,0.13612,0.13554,0.13556,208905.0
2025-12-12 20:30:00,0.13557,0.13597,0.13545,0.1359,46512.0
2025-12-12 20:45:00,0.13586,0.13618,0.13578,0.13598,647503.0
2025-12-12 21:00:00,0.13603,0.13636,0.13592,0.1362,100382.0
2025-12-12 21:15:00,0.13621,0.13633,0.13616,0.1363,74486.0
2025-12-12 21:30:00,0.13635,0.13665,0.13632,0.13665,40401.0
2025-12-12 21:45:00,0.13665,0.13672,0.13635,0.13641,22334.0
2025-12-12 22:00:00,0.1364,0.1366,0.13627,0.13647,57952.0
2025-12-12 22:15:00,0.13651,0.13681,0.13645,0.13671,41311.0
2025-12-12 22:30:00,0.13671,0.13697,0.13654,0.13681,303779.0
2025-12-12 22:45:00,0.13682,0.1369,0.13665,0.1368,374009.0
2025-12-12 23:00:00,0.13689,0.13724,0.13686,0.13717,61550.0
2025-12-12 23:15:00,0.13718,0.13722,0.13682,0.13682,31222.0
2025-12-12 23:30:00,0.13686,0.13701,0.13683,0.13701,198307.0
2025-12-12 23:45:00,0.137,0.13707,0.13676,0.13685,32849.0
2025-12-13 00:00:00,0.13685,0.13752,0.13684,0.13736,991470.0
2025-12-13 00:15:00,0.13741,0.13743,0.13721,0.13724,198602.0
2025-12-13 00:30:00,0.13727,0.13741,0.13724,0.13734,63041.0
2025-12-13 00:45:00,0.13736,0.13736,0.13717,0.13718,89022.0
2025-12-13 01:00:00,0.13718,0.1373,0.13711,0.13718,161304.0
2025-12-13 01:15:00,0.13719,0.13739,0.13713,0.13737,23764.0
2025-12-13 01:30:00,0.13736,0.13736,0.13697,0.13711,120593.0
2025-12-13 01:45:00,0.13712,0.13724,0.137,0.13718,116580.0
2025-12-13 02:00:00,0.13723,0.13747,0.13719,0.1374,174889.0
2025-12-13 02:15:00,0.13742,0.13756,0.13724,0.13737,67730.0
2025-12-13 02:30:00,0.13736,0.13752,0.13721,0.13737,258739.0
2025-12-13 02:45:00,0.13733,0.13737,0.1372,0.13722,32997.0
2025-12-13 03:00:00,0.13723,0.13723,0.13699,0.13717,915493.0
2025-12-13 03:15:00,0.13722,0.13745,0.13722,0.13733,1358224.0
2025-12-13 03:30:00,0.13726,0.13761,0.13726,0.13759,148461.0
2025-12-13 03:45:00,0.1376,0.13761,0.13738,0.13744,106942.0
2025-12-13 04:00:00,0.13746,0.13749,0.13729,0.13742,349678.0
2025-12-13 04:15:00,0.13742,0.13758,0.13734,0.13746,398659.0
2025-12-13 04:30:00,0.13742,0.13749,0.13725,0.1374,226168.0
2025-12-13 04:45:00,0.1374,0.13749,0.13736,0.13745,12489.0
2025-12-13 05:00:00,0.13743,0.13781,0.13741,0.13767,605367.0
2025-12-13 05:15:00,0.13767,0.1377,0.13749,0.13758,108017.0
2025-12-13 05:30:00,0.13758,0.13758,0.13729,0.13736,33351.0
2025-12-13 05:45:00,0.13737,0.13738,0.13709,0.13726,178064.0
2025-12-13 06:00:00,0.13727,0.13729,0.13709,0.13714,972791.0
2025-12-13 06:15:00,0.13716,0.13717,0.13705,0.1371,99807.0
2025-12-13 06:30:00,0.1371,0.13747,0.13709,0.13733,126232.0
2025-12-13 06:45:00,0.13732,0.13745,0.13724,0.13733,77662.0
2025-12-13 07:00:00,0.13733,0.13764,0.13733,0.13758,1037630.0
2025-12-13 07:15:00,0.13758,0.1378,0.13758,0.13776,101503.0
2025-12-13 07:30:00,0.13777,0.13777,0.13757,0.13767,55212.0
2025-12-13 07:45:00,0.13768,0.13775,0.13759,0.1377,20728.0
2025-12-13 08:00:00,0.13774,0.13789,0.13774,0.13788,121953.0
2025-12-13 08:15:00,0.13789,0.13864,0.13787,0.13856,639880.0
2025-12-13 08:30:00,0.13857,0.13865,0.13821,0.13829,158118.0
2025-12-13 08:45:00,0.13832,0.13855,0.13826,0.13833,48719.0
2025-12-13 09:00:00,0.13837,0.13856,0.13837,0.1384,206664.0
2025-12-13 09:15:00,0.13841,0.13842,0.13818,0.13822,78751.0
2025-12-13 09:30:00,0.13823,0.13844,0.13814,0.13835,260055.0
2025-12-13 09:45:00,0.13835,0.13845,0.13824,0.13833,93050.0
2025-12-13 10:00:00,0.13831,0.1385,0.13829,0.13849,75802.0
2025-12-13 10:15:00,0.1385,0.13884,0.1385,0.1388,134503.0
2025-12-13 10:30:00,0.13883,0.13938,0.13881,0.13935,211909.0
2025-12-13 10:45:00,0.13932,0.13947,0.13913,0.13942,2154220.0
2025-12-13 11:00:00,0.13942,0.13943,0.13918,0.13926,456875.0
2025-12-13 11:15:00,0.13926,0.13926,0.13879,0.13881,1073410.0
2025-12-13 11:30:00,0.13882,0.13896,0.13863,0.1387,197073.0
2025-12-13 11:45:00,0.13866,0.13892,0.13865,0.13875,230851.0
2025-12-13 12:00:00,0.13875,0.13966,0.13875,0.13963,122065.0
2025-12-13 12:15:00,0.13962,0.13992,0.13931,0.13931,259473.0
2025-12-13 12:30:00,0.13939,0.1397,0.13897,0.13897,109659.0
2025-12-13 12:45:00,0.13899,0.13942,0.13899,0.13939,65398.0
2025-12-13 13:00:00,0.13947,0.13947,0.13909,0.13909,548396.0
2025-12-13 13:15:00,0.13907,0.13934,0.13887,0.1389,100279.0
2025-12-13 13:30:00,0.1389,0.13922,0.13886,0.13914,54896.0
2025-12-13 13:45:00,0.13915,0.13931,0.13909,0.13914,24574.0
2025-12-13 14:00:00,0.13916,0.13937,0.13885,0.13937,1204980.0
2025-12-13 14:15:00,0.13937,0.13943,0.13854,0.13863,177297.0
2025-12-13 14:30:00,0.1386,0.13922,0.1386,0.13907,946597.0
2025-12-13 14:45:00,0.13905,0.13926,0.13903,0.13914,1808155.0
2025-12-13 15:00:00,0.13915,0.1399,0.13912,0.13955,473063.0
2025-12-13 15:15:00,0.13953,0.13966,0.13934,0.1394,69162.0
2025-12-13 15:30:00,0.13945,0.13954,0.1393,0.13934,67440.0
2025-12-13 15:45:00,0.13938,0.13948,0.1391,0.13942,67575.0
2025-12-13 16:00:00,0.13941,0.13984,0.13936,0.13974,259939.0
2025-12-13 16:15:00,0.13976,0.13976,0.13918,0.13922,499435.0
2025-12-13 16:30:00,0.13923,0.13946,0.13903,0.13929,160139.0
2025-12-13 16:45:00,0.13928,0.13944,0.13919,0.1394,529300.0
2025-12-13 17:00:00,0.13937,0.13941,0.13886,0.13905,249453.0
2025-12-13 17:15:00,0.13905,0.13914,0.13882,0.13892,78244.0
2025-12-13 17:30:00,0.13889,0.13909,0.13882,0.13907,123545.0
2025-12-13 17:45:00,0.13906,0.13906,0.13883,0.13897,16090.0
2025-12-13 18:00:00,0.13896,0.13929,0.13885,0.13929,172903.0
2025-12-13 18:15:00,0.1393,0.13932,0.13912,0.13916,61281.0
2025-12-13 18:30:00,0.13917,0.13917,0.13888,0.13902,400990.0
2025-12-13 18:45:00,0.139,0.139,0.13859,0.13867,66406.0
2025-12-13 19:00:00,0.13868,0.13899,0.13862,0.13897,76622.0
2025-12-13 19:15:00,0.13896,0.13906,0.13886,0.13886,69317.0
2025-12-13 19:30:00,0.13887,0.13916,0.13883,0.13913,84484.0
2025-12-13 19:45:00,0.13916,0.13917,0.13885,0.13888,92335.0
2025-12-13 20:00:00,0.13895,0.139,0.13879,0.13879,1894253.0
2025-12-13 20:15:00,0.13878,0.13892,0.13877,0.13885,119669.0
2025-12-13 20:30:00,0.13887,0.13891,0.13871,0.13871,37561.0
2025-12-13 20:45:00,0.13871,0.13884,0.13856,0.13867,72077.0
2025-12-13 21:00:00,0.13869,0.13872,0.13831,0.13845,411368.0
2025-12-13 21:15:00,0.13846,0.13863,0.13843,0.13848,83068.0
2025-12-13 21:30:00,0.13851,0.13867,0.1378,0.13865,1662008.0
2025-12-13 21:45:00,0.13864,0.13894,0.1385,0.13885,44176.0
2025-12-13 22:00:00,0.13884,0.1391,0.13842,0.13851,3054983.0
2025-12-13 22:15:00,0.13856,0.13894,0.13856,0.1389,84065.0
2025-12-13 22:30:00,0.13889,0.13932,0.1388,0.13917,402456.0
2025-12-13 22:45:00,0.13916,0.13925,0.13898,0.13913,131758.0
2025-12-13 23:00:00,0.13904,0.13904,0.13881,0.13882,98819.0
2025-12-13 23:15:00,0.1388,0.13891,0.13871,0.13878,465723.0
2025-12-13 23:30:00,0.13878,0.13907,0.13876,0.13903,29641.0
2025-12-13 23:45:00,0.13902,0.13909,0.13896,0.13896,110984.0
2025-12-14 00:00:00,0.13897,0.13898,0.13861,0.13896,389283.0
2025-12-14 00:15:00,0.13893,0.13899,0.13864,0.13872,63331.0
2025-12-14 00:30:00,0.13871,0.1391,0.13869,0.13894,51713.0
2025-12-14 00:45:00,0.13895,0.13904,0.13875,0.13879,103450.0
2025-12-14 01:00:00,0.13881,0.13893,0.13873,0.13891,103804.0
2025-12-14 01:15:00,0.13892,0.13902,0.13878,0.1389,34118.0
2025-12-14 01:30:00,0.13891,0.13893,0.13853,0.13858,96453.0
2025-12-14 01:45:00,0.13858,0.13875,0.13857,0.13873,40478.0
2025-12-14 02:00:00,0.1387,0.13886,0.13866,0.13884,110376.0
2025-12-14 02:15:00,0.13883,0.13915,0.13877,0.13911,124660.0
2025-12-14 02:30:00,0.13912,0.13916,0.13881,0.13889,311906.0
2025-12-14 02:45:00,0.13891,0.13903,0.13885,0.13893,368834.0
2025-12-14 03:00:00,0.13895,0.13918,0.13886,0.13886,547542.0
2025-12-14 03:15:00,0.13885,0.13885,0.1387,0.13876,531112.0
2025-12-14 03:30:00,0.13876,0.13877,0.13862,0.13874,268486.0
2025-12-14 03:45:00,0.13875,0.13893,0.13867,0.13876,442780.0
2025-12-14 04:00:00,0.13876,0.13884,0.13859,0.13872,332653.0
2025-12-14 04:15:00,0.13872,0.13877,0.13858,0.13862,270271.0
2025-12-14 04:30:00,0.13861,0.13864,0.13827,0.13829,99220.0
2025-12-14 04:45:00,0.1383,0.1384,0.13827,0.13837,25647.0
2025-12-14 05:00:00,0.13832,0.13832,0.13793,0.13799,181463.0
2025-12-14 05:15:00,0.13798,0.13798,0.1376,0.13767,520930.0
2025-12-14 05:30:00,0.13763,0.13799,0.1376,0.13794,58262.0
2025-12-14 05:45:00,0.13794,0.13801,0.1379,0.13796,28376.0
2025-12-14 06:00:00,0.1379,0.13794,0.13778,0.13791,124117.0
2025-12-14 06:15:00,0.13796,0.13809,0.13767,0.1377,68797.0
2025-12-14 06:30:00,0.13769,0.13797,0.13746,0.13797,80139.0
2025-12-14 06:45:00,0.13799,0.138,0.13785,0.13793,41100.0
2025-12-14 07:00:00,0.13794,0.13813,0.13792,0.13813,44588.0
2025-12-14 07:15:00,0.13807,0.13814,0.13802,0.13802,23946.0
2025-12-14 07:30:00,0.13802,0.13809,0.13796,0.13797,37875.0
2025-12-14 07:45:00,0.13799,0.13836,0.13796,0.13819,13456.0
2025-12-14 08:00:00,0.13819,0.13836,0.13819,0.13828,88361.0
2025-12-14 08:15:00,0.13827,0.1383,0.13805,0.13818,67779.0
2025-12-14 08:30:00,0.13819,0.13819,0.13792,0.138,59869.0
2025-12-14 08:45:00,0.13799,0.13799,0.13774,0.13777,186160.0
2025-12-14 09:00:00,0.13776,0.13777,0.13762,0.13762,352579.0
2025-12-14 09:15:00,0.13765,0.13773,0.13755,0.13756,366467.0
2025-12-14 09:30:00,0.13755,0.1377,0.13742,0.13748,140909.0
2025-12-14 09:45:00,0.13749,0.13757,0.13748,0.13753,32786.0
2025-12-14 10:00:00,0.13754,0.13754,0.13674,0.13704,313173.0
2025-12-14 10:15:00,0.13704,0.1376,0.13704,0.13737,167303.0
2025-12-14 10:30:00,0.13735,0.13743,0.13714,0.13743,110597.0
2025-12-14 10:45:00,0.13748,0.13749,0.13736,0.1374,58662.0
2025-12-14 11:00:00,0.13738,0.1375,0.13703,0.13723,318722.0
2025-12-14 11:15:00,0.13721,0.13721,0.13687,0.13687,129911.0
2025-12-14 11:30:00,0.13687,0.13705,0.1361,0.13616,468116.0
2025-12-14 11:45:00,0.13612,0.13698,0.13569,0.13675,807609.0
2025-12-14 12:00:00,0.13672,0.13693,0.13621,0.13658,846096.0
2025-12-14 12:15:00,0.13668,0.13702,0.13661,0.13661,1106000.0
2025-12-14 12:30:00,0.1366,0.13708,0.1366,0.13701,450202.0
2025-12-14 12:45:00,0.13701,0.13711,0.13683,0.13687,74838.0
2025-12-14 13:00:00,0.13686,0.13687,0.13633,0.13662,64017.0
2025-12-14 13:15:00,0.13664,0.13679,0.13647,0.13661,50533.0
2025-12-14 13:30:00,0.13654,0.13669,0.13632,0.13637,31424.0
2025-12-14 13:45:00,0.13639,0.13684,0.13629,0.13684,178495.0
2025-12-14 14:00:00,0.13684,0.13701,0.13651,0.13653,98552.0
2025-12-14 14:15:00,0.13646,0.13659,0.13618,0.13625,145528.0
2025-12-14 14:30:00,0.13623,0.13624,0.1356,0.13577,237799.0
2025-12-14 14:45:00,0.13572,0.13588,0.13513,0.13549,391751.0
2025-12-14 15:00:00,0.13549,0.1355,0.13488,0.13513,440342.0
2025-12-14 15:15:00,0.13508,0.13541,0.13505,0.1353,198811.0
2025-12-14 15:30:00,0.13529,0.13562,0.13515,0.13556,310436.0
2025-12-14 15:45:00,0.13551,0.13551,0.1353,0.13539,16051.0
2025-12-14 16:00:00,0.13536,0.13544,0.1351,0.13516,112670.0
2025-12-14 16:15:00,0.13516,0.1361,0.13512,0.1358,80396.0
2025-12-14 16:30:00,0.13588,0.13588,0.13526,0.1353,132343.0
2025-12-14 16:45:00,0.13526,0.13561,0.13518,0.13555,81531.0
2025-12-14 17:00:00,0.13548,0.13565,0.1335,0.13401,2032107.0
2025-12-14 17:15:00,0.13395,0.13423,0.13334,0.13372,1003487.0
2025-12-14 17:30:00,0.13361,0.13399,0.1334,0.13394,917685.0
2025-12-14 17:45:00,0.13388,0.13402,0.13372,0.13375,274144.0
2025-12-14 18:00:00,0.13376,0.1343,0.13359,0.13418,194003.0
2025-12-14 18:15:00,0.13418,0.13449,0.13374,0.13392,465862.0
2025-12-14 18:30:00,0.13394,0.13436,0.13394,0.13418,211610.0
2025-12-14 18:45:00,0.1342,0.13479,0.1341,0.13477,213540.0
2025-12-14 19:00:00,0.13478,0.13484,0.13411,0.13425,192610.0
2025-12-14 19:15:00,0.13425,0.13446,0.13392,0.13445,385427.0
2025-12-14 19:30:00,0.13446,0.13451,0.13388,0.13403,457082.0
2025-12-14 19:45:00,0.13403,0.13431,0.13391,0.13423,167037.0
2025-12-14 20:00:00,0.13422,0.13449,0.13347,0.13448,1630702.0
2025-12-14 20:15:00,0.13451,0.1347,0.13404,0.13406,431144.0
2025-12-14 20:30:00,0.13407,0.13418,0.13399,0.13416,180714.0
2025-12-14 20:45:00,0.13416,0.13428,0.13372,0.13378,157985.0
2025-12-14 21:00:00,0.13377,0.13391,0.13356,0.13385,223850.0
2025-12-14 21:15:00,0.13386,0.13435,0.13386,0.1341,170651.0
2025-12-14 21:30:00,0.13408,0.13412,0.13381,0.13387,16259.0
2025-12-14 21:45:00,0.13386,0.13386,0.13339,0.13378,859474.0
2025-12-14 22:00:00,0.13377,0.13428,0.13376,0.1341,56192.0
2025-12-14 22:15:00,0.13418,0.13426,0.13383,0.13399,353152.0
2025-12-14 22:30:00,0.13397,0.13397,0.13341,0.13379,108836.0
2025-12-14 22:45:00,0.13382,0.13424,0.13365,0.13423,31958.0
2025-12-14 23:00:00,0.13421,0.13462,0.13366,0.13377,227029.0
2025-12-14 23:15:00,0.13396,0.13415,0.13373,0.13401,197198.0
2025-12-14 23:30:00,0.13404,0.13415,0.13263,0.13404,2612942.0
2025-12-14 23:45:00,0.13404,0.13433,0.13374,0.13395,819020.0
2025-12-15 00:00:00,0.134,0.13474,0.13397,0.13416,458415.0
2025-12-15 00:15:00,0.13418,0.13518,0.13415,0.13501,823168.0
2025-12-15 00:30:00,0.1351,0.13514,0.13431,0.13441,55624.0
2025-12-15 00:45:00,0.13443,0.13502,0.13442,0.13497,88360.0
2025-12-15 01:00:00,0.13496,0.13546,0.1349,0.13523,198238.0
2025-12-15 01:15:00,0.13524,0.13526,0.13482,0.135,131275.0
2025-12-15 01:30:00,0.13498,0.13669,0.1348,0.13603,589924.0
2025-12-15 01:45:00,0.13605,0.13649,0.13599,0.13632,619869.0
2025-12-15 02:00:00,0.13636,0.13734,0.13636,0.13678,1334251.0
2025-12-15 02:15:00,0.13687,0.13838,0.13686,0.13767,744110.0
2025-12-15 02:30:00,0.13769,0.13782,0.13704,0.13721,267453.0
2025-12-15 02:45:00,0.13718,0.13725,0.13647,0.13655,235698.0
2025-12-15 03:00:00,0.13663,0.13695,0.13648,0.13666,249128.0
2025-12-15 03:15:00,0.13668,0.13718,0.13668,0.1369,106811.0
2025-12-15 03:30:00,0.13693,0.13693,0.13639,0.13643,25947.0
2025-12-15 03:45:00,0.13648,0.13648,0.13611,0.13613,65794.0
2025-12-15 04:00:00,0.13613,0.13681,0.13613,0.13671,160429.0
2025-12-15 04:15:00,0.13669,0.13674,0.13594,0.13607,120472.0
2025-12-15 04:30:00,0.13606,0.13658,0.13596,0.13658,718345.0
2025-12-15 04:45:00,0.13659,0.13673,0.13648,0.13654,63740.0
2025-12-15 05:00:00,0.13655,0.13683,0.1365,0.13683,23532.0
2025-12-15 05:15:00,0.13681,0.13685,0.13669,0.13673,26870.0
2025-12-15 05:30:00,0.1367,0.13676,0.13648,0.13653,208545.0
2025-12-15 05:45:00,0.13653,0.13673,0.13653,0.13668,42980.0
2025-12-15 06:00:00,0.1367,0.13671,0.13633,0.13647,177499.0
2025-12-15 06:15:00,0.13643,0.13655,0.13636,0.13648,29864.0
2025-12-15 06:30:00,0.13646,0.13665,0.13645,0.13654,47459.0
2025-12-15 06:45:00,0.13658,0.13717,0.13658,0.13679,296918.0
2025-12-15 07:00:00,0.13687,0.13701,0.13623,0.13628,337228.0
2025-12-15 07:15:00,0.1363,0.13646,0.13622,0.13624,154741.0
2025-12-15 07:30:00,0.13625,0.13636,0.13592,0.13604,234715.0
2025-12-15 07:45:00,0.13605,0.13629,0.13602,0.13623,53388.0
2025-12-15 08:00:00,0.13626,0.13663,0.13612,0.13619,243065.0
2025-12-15 08:15:00,0.1362,0.13671,0.1362,0.13662,80015.0
2025-12-15 08:30:00,0.13659,0.13662,0.13643,0.13648,240164.0
2025-12-15 08:45:00,0.13648,0.13654,0.13623,0.13627,95996.0
2025-12-15 09:00:00,0.13626,0.13677,0.13623,0.13659,257262.0
2025-12-15 09:15:00,0.13662,0.13698,0.13657,0.13687,436872.0
2025-12-15 09:30:00,0.13694,0.13707,0.13676,0.1368,57456.0
2025-12-15 09:45:00,0.13681,0.13721,0.13677,0.13699,264748.0
2025-12-15 10:00:00,0.13702,0.13725,0.13694,0.13702,2068834.0
2025-12-15 10:15:00,0.13702,0.13746,0.13695,0.13732,182980.0
2025-12-15 10:30:00,0.13734,0.13758,0.13689,0.13695,147943.0
2025-12-15 10:45:00,0.13696,0.13701,0.13684,0.13697,93421.0
2025-12-15 11:00:00,0.137,0.13713,0.13691,0.13696,169771.0
2025-12-15 11:15:00,0.13694,0.137,0.13686,0.13686,118014.0
2025-12-15 11:30:00,0.13686,0.137,0.13648,0.13649,301614.0
2025-12-15 11:45:00,0.13649,0.13678,0.13648,0.13677,242094.0
2025-12-15 12:00:00,0.13676,0.13677,0.13642,0.13659,45594.0
2025-12-15 12:15:00,0.13658,0.13692,0.13658,0.13671,20192.0
2025-12-15 12:30:00,0.13673,0.13702,0.13673,0.13684,557493.0
2025-12-15 12:45:00,0.13685,0.13692,0.13675,0.13689,961080.0
2025-12-15 13:00:00,0.13688,0.13705,0.13623,0.13676,1960702.0
2025-12-15 13:15:00,0.13674,0.13681,0.13627,0.13628,50417.0
2025-12-15 13:30:00,0.13627,0.13664,0.13588,0.13653,419939.0
2025-12-15 13:45:00,0.1365,0.13662,0.13633,0.13633,360923.0
2025-12-15 14:00:00,0.13632,0.13692,0.13625,0.13689,382039.0
2025-12-15 14:15:00,0.13687,0.13742,0.13632,0.13656,542249.0
2025-12-15 14:30:00,0.13655,0.13728,0.13598,0.13648,1786341.0
2025-12-15 14:45:00,0.13651,0.13654,0.13266,0.13349,2758320.0
2025-12-15 15:00:00,0.13353,0.1336,0.1319,0.13262,9804521.0
2025-12-15 15:15:00,0.13266,0.13266,0.13013,0.13056,7600174.0
2025-12-15 15:30:00,0.13057,0.13126,0.12973,0.13084,3276645.0
2025-12-15 15:45:00,0.131,0.13178,0.13043,0.13088,2135712.0
2025-12-15 16:00:00,0.13065,0.13101,0.13011,0.1306,1455276.0
2025-12-15 16:15:00,0.13041,0.13111,0.13041,0.13075,848709.0
2025-12-15 16:30:00,0.13074,0.13074,0.1287,0.12942,3170869.0
2025-12-15 16:45:00,0.12932,0.1299,0.12907,0.12962,822543.0
2025-12-15 17:00:00,0.12955,0.1298,0.12894,0.12914,312623.0
2025-12-15 17:15:00,0.12914,0.12945,0.12896,0.12912,308838.0
2025-12-15 17:30:00,0.12907,0.12918,0.12842,0.1286,1510203.0
2025-12-15 17:45:00,0.12859,0.12883,0.1278,0.12786,1081287.0
2025-12-15 18:00:00,0.12785,0.1284,0.12757,0.12804,611617.0
2025-12-15 18:15:00,0.12795,0.12813,0.12712,0.12746,1219742.0
2025-12-15 18:30:00,0.12749,0.12791,0.12661,0.12745,1111206.0
2025-12-15 18:45:00,0.12762,0.12837,0.12756,0.12829,506496.0
2025-12-15 19:00:00,0.12833,0.12927,0.12815,0.12818,700887.0
2025-12-15 19:15:00,0.12803,0.12918,0.12803,0.12887,298734.0
2025-12-15 19:30:00,0.12891,0.12922,0.12883,0.12898,90566.0
2025-12-15 19:45:00,0.12895,0.12895,0.12841,0.12884,86351.0
2025-12-15 20:00:00,0.1288,0.1288,0.12785,0.12799,581686.0
2025-12-15 20:15:00,0.1279,0.12803,0.12744,0.12789,673119.0
2025-12-15 20:30:00,0.12788,0.12869,0.12781,0.12837,912499.0
2025-12-15 20:45:00,0.12835,0.12838,0.12796,0.12809,137838.0
2025-12-15 21:00:00,0.12792,0.12794,0.12765,0.12778,351868.0
2025-12-15 21:15:00,0.12782,0.12871,0.12776,0.1287,172732.0
2025-12-15 21:30:00,0.12869,0.12894,0.12843,0.12844,70738.0
2025-12-15 21:45:00,0.12842,0.12876,0.12841,0.12873,110823.0
2025-12-15 22:00:00,0.12876,0.12878,0.12828,0.12841,208881.0
2025-12-15 22:15:00,0.12839,0.12858,0.12822,0.12858,33053.0
2025-12-15 22:30:00,0.12857,0.12865,0.12843,0.12843,94258.0
2025-12-15 22:45:00,0.12844,0.12882,0.12833,0.1288,1585367.0
2025-12-15 23:00:00,0.12877,0.12954,0.12877,0.12954,289453.0
2025-12-15 23:15:00,0.12957,0.12957,0.12897,0.12909,167223.0
2025-12-15 23:30:00,0.1291,0.12967,0.12905,0.12957,360224.0
2025-12-15 23:45:00,0.12951,0.12972,0.12947,0.12971,546154.0
2025-12-16 00:00:00,0.12967,0.13,0.12948,0.12964,774730.0
2025-12-16 00:15:00,0.12961,0.12973,0.12934,0.12966,245056.0
2025-12-16 00:30:00,0.12963,0.12963,0.12908,0.12926,282893.0
2025-12-16 00:45:00,0.12922,0.12925,0.12868,0.1288,34942.0
2025-12-16 01:00:00,0.12875,0.12963,0.12873,0.12942,103436.0
2025-12-16 01:15:00,0.12942,0.12963,0.12897,0.12903,108292.0
2025-12-16 01:30:00,0.12902,0.12938,0.12872,0.12918,142362.0
2025-12-16 01:45:00,0.12913,0.12949,0.12905,0.12921,185098.0
2025-12-16 02:00:00,0.12918,0.12923,0.12879,0.12917,91460.0
2025-12-16 02:15:00,0.12916,0.12974,0.12891,0.12973,70638.0
2025-12-16 02:30:00,0.12974,0.12984,0.12926,0.12931,122861.0
2025-12-16 02:45:00,0.1293,0.12943,0.1291,0.12928,186376.0
2025-12-16 03:00:00,0.12929,0.12943,0.12878,0.1289,196598.0
2025-12-16 03:15:00,0.12889,0.12926,0.12889,0.12912,150111.0
2025-12-16 03:30:00,0.129,0.1292,0.12828,0.12893,336229.0
2025-12-16 03:45:00,0.12896,0.12916,0.12888,0.12916,21852.0
2025-12-16 04:00:00,0.12919,0.12933,0.12891,0.12892,259517.0
2025-12-16 04:15:00,0.12893,0.12898,0.12841,0.12852,257193.0
2025-12-16 04:30:00,0.12851,0.12857,0.12827,0.12831,255641.0
2025-12-16 04:45:00,0.12829,0.12891,0.12722,0.1289,973822.0
2025-12-16 05:00:00,0.12889,0.12891,0.12864,0.1287,798532.0
2025-12-16 05:15:00,0.12872,0.12892,0.12867,0.12889,15884.0
2025-12-16 05:30:00,0.12878,0.12922,0.12878,0.12912,25474.0
2025-12-16 05:45:00,0.12914,0.12931,0.12889,0.12896,319809.0
2025-12-16 06:00:00,0.12896,0.12946,0.12895,0.12942,36403.0
2025-12-16 06:15:00,0.12939,0.12981,0.12933,0.1298,77245.0
2025-12-16 06:30:00,0.12981,0.12993,0.12973,0.12981,24733.0
2025-12-16 06:45:00,0.12981,0.13008,0.12973,0.12986,458399.0
2025-12-16 07:00:00,0.12983,0.12991,0.12959,0.12959,102192.0
2025-12-16 07:15:00,0.1296,0.12963,0.12891,0.12896,161682.0
2025-12-16 07:30:00,0.12896,0.12905,0.12826,0.12831,226614.0
2025-12-16 07:45:00,0.1283,0.12853,0.1283,0.12835,456422.0
2025-12-16 08:00:00,0.12836,0.12891,0.12829,0.12882,370515.0
2025-12-16 08:15:00,0.12877,0.12884,0.12847,0.12884,38356.0
2025-12-16 08:30:00,0.12874,0.12883,0.12833,0.12877,255822.0
2025-12-16 08:45:00,0.12877,0.12909,0.12844,0.12856,735858.0
2025-12-16 09:00:00,0.12858,0.12882,0.12858,0.1288,187299.0
2025-12-16 09:15:00,0.12879,0.12901,0.12868,0.12875,157857.0
2025-12-16 09:30:00,0.12879,0.12909,0.12867,0.12894,74984.0
2025-12-16 09:45:00,0.12906,0.12906,0.12873,0.12884,27639.0
2025-12-16 10:00:00,0.12885,0.12911,0.12866,0.1291,147305.0
2025-12-16 10:15:00,0.1291,0.12934,0.12903,0.12918,36369.0
2025-12-16 10:30:00,0.1292,0.13113,0.12919,0.13094,506201.0
2025-12-16 10:45:00,0.13094,0.1314,0.13052,0.13088,154801.0
2025-12-16 11:00:00,0.13086,0.13098,0.13051,0.13094,454817.0
2025-12-16 11:15:00,0.13096,0.13173,0.13095,0.13161,206807.0
2025-12-16 11:30:00,0.1316,0.13193,0.13132,0.13144,125376.0
2025-12-16 11:45:00,0.13143,0.13169,0.13139,0.13157,173799.0
2025-12-16 12:00:00,0.13159,0.1318,0.13153,0.13167,99842.0
2025-12-16 12:15:00,0.13167,0.13179,0.13117,0.13126,105812.0
2025-12-16 12:30:00,0.13128,0.13133,0.13096,0.13122,575216.0
2025-12-16 12:45:00,0.13123,0.13162,0.13114,0.13132,164041.0
2025-12-16 13:00:00,0.13131,0.13134,0.1311,0.13118,180827.0
2025-12-16 13:15:00,0.13121,0.1317,0.13108,0.1317,264636.0
2025-12-16 13:30:00,0.13167,0.13255,0.12969,0.13029,4674898.0
2025-12-16 13:45:00,0.13029,0.13079,0.12976,0.12976,886826.0
2025-12-16 14:00:00,0.12979,0.13076,0.12885,0.1306,3121586.0
2025-12-16 14:15:00,0.13035,0.13124,0.13029,0.1308,193378.0
2025-12-16 14:30:00,0.13075,0.13155,0.13053,0.13059,2000579.0
2025-12-16 14:45:00,0.13056,0.13245,0.12994,0.13122,2078147.0
2025-12-16 15:00:00,0.13132,0.13174,0.13068,0.13141,937630.0
2025-12-16 15:15:00,0.13133,0.13144,0.13073,0.13111,584030.0
2025-12-16 15:30:00,0.13107,0.13164,0.13107,0.13161,340941.0
2025-12-16 15:45:00,0.13164,0.13297,0.13153,0.1326,2719310.0
2025-12-16 16:00:00,0.13261,0.13276,0.13191,0.13207,1325610.0
2025-12-16 16:15:00,0.13207,0.13249,0.13186,0.13214,369817.0
2025-12-16 16:30:00,0.13212,0.13213,0.13119,0.13149,461270.0
2025-12-16 16:45:00,0.13146,0.13195,0.13146,0.13155,450707.0
2025-12-16 17:00:00,0.13156,0.13209,0.13151,0.13203,242161.0
2025-12-16 17:15:00,0.13203,0.13214,0.1313,0.13137,216663.0
2025-12-16 17:30:00,0.1314,0.13161,0.13097,0.13103,129873.0
2025-12-16 17:45:00,0.13113,0.13129,0.13096,0.13105,252638.0
2025-12-16 18:00:00,0.1311,0.1317,0.13091,0.13169,192289.0
2025-12-16 18:15:00,0.13168,0.1317,0.13133,0.13143,183362.0
2025-12-16 18:30:00,0.13144,0.13239,0.13144,0.13237,540314.0
2025-12-16 18:45:00,0.13237,0.13294,0.13225,0.13225,325991.0
2025-12-16 19:00:00,0.13225,0.13227,0.13138,0.1314,343741.0
2025-12-16 19:15:00,0.13137,0.13161,0.13131,0.13155,207512.0
2025-12-16 19:30:00,0.13166,0.13193,0.13155,0.13186,186995.0
2025-12-16 19:45:00,0.13188,0.13246,0.13182,0.13202,260928.0
2025-12-16 20:00:00,0.13198,0.13222,0.13184,0.13192,51773.0
2025-12-16 20:15:00,0.1319,0.13217,0.13173,0.13203,344046.0
2025-12-16 20:30:00,0.13209,0.1324,0.132,0.13218,260993.0
2025-12-16 20:45:00,0.13216,0.13224,0.13185,0.1319,57013.0
2025-12-16 21:00:00,0.13185,0.13202,0.13178,0.13193,183381.0
2025-12-16 21:15:00,0.13194,0.13205,0.1318,0.13204,119485.0
2025-12-16 21:30:00,0.13207,0.1323,0.13204,0.1322,11705.0
2025-12-16 21:45:00,0.1322,0.13226,0.13199,0.13203,55843.0
2025-12-16 22:00:00,0.13208,0.13218,0.13175,0.13182,130715.0
2025-12-16 22:15:00,0.13181,0.13212,0.13181,0.13199,55563.0
2025-12-16 22:30:00,0.13203,0.13215,0.13191,0.13207,22898.0
2025-12-16 22:45:00,0.13204,0.13204,0.13188,0.13194,11058.0
2025-12-16 23:00:00,0.1319,0.1319,0.1315,0.13155,505663.0
2025-12-16 23:15:00,0.13156,0.13177,0.1314,0.13152,192654.0
2025-12-16 23:30:00,0.13152,0.13162,0.13136,0.13162,12582.0
2025-12-16 23:45:00,0.13162,0.13174,0.13142,0.13171,374036.0
2025-12-17 00:00:00,0.1317,0.1317,0.13125,0.1313,285875.0
2025-12-17 00:15:00,0.13128,0.13138,0.13111,0.13121,271018.0
2025-12-17 00:30:00,0.13123,0.13128,0.13104,0.1312,261231.0
2025-12-17 00:45:00,0.13124,0.13147,0.13114,0.13138,3899230.0
2025-12-17 01:00:00,0.1314,0.13185,0.1314,0.13176,520396.0
2025-12-17 01:15:00,0.13176,0.1323,0.13176,0.13194,82928.0
2025-12-17 01:30:00,0.13194,0.1321,0.13174,0.13174,50930.0
2025-12-17 01:45:00,0.13176,0.13192,0.13146,0.13163,42932.0
2025-12-17 02:00:00,0.13166,0.1317,0.13118,0.13118,46230.0
2025-12-17 02:15:00,0.13126,0.13134,0.13095,0.13131,219257.0
2025-12-17 02:30:00,0.13127,0.13161,0.13114,0.13161,204273.0
2025-12-17 02:45:00,0.13161,0.13201,0.13159,0.13181,187578.0
2025-12-17 03:00:00,0.13183,0.13202,0.13151,0.13151,169515.0
2025-12-17 03:15:00,0.1315,0.13152,0.13135,0.13135,20377.0
2025-12-17 03:30:00,0.13134,0.13134,0.13109,0.13122,47623.0
2025-12-17 03:45:00,0.13126,0.13137,0.13106,0.13118,40258.0
2025-12-17 04:00:00,0.1312,0.1312,0.13101,0.13106,42464.0
2025-12-17 04:15:00,0.13107,0.13107,0.13057,0.13086,301614.0
2025-12-17 04:30:00,0.13084,0.13092,0.13063,0.13078,16823.0
2025-12-17 04:45:00,0.13078,0.13095,0.13075,0.13092,237175.0
2025-12-17 05:00:00,0.13092,0.13092,0.13033,0.13078,327205.0
2025-12-17 05:15:00,0.13081,0.13084,0.13011,0.13027,138698.0
2025-12-17 05:30:00,0.13022,0.13049,0.12994,0.13049,127989.0
2025-12-17 05:45:00,0.13048,0.13101,0.13046,0.13091,63209.0
2025-12-17 06:00:00,0.1309,0.13123,0.13086,0.13114,138267.0
2025-12-17 06:15:00,0.13114,0.13118,0.13097,0.13109,67556.0
2025-12-17 06:30:00,0.1311,0.13115,0.13083,0.13085,25125.0
2025-12-17 06:45:00,0.13082,0.13089,0.13074,0.13083,34531.0
2025-12-17 07:00:00,0.13085,0.13096,0.13048,0.13049,110790.0
2025-12-17 07:15:00,0.13051,0.13077,0.13037,0.13075,48655.0
2025-12-17 07:30:00,0.13064,0.13128,0.13064,0.131,176605.0
2025-12-17 07:45:00,0.13104,0.13111,0.13085,0.13089,31042.0
2025-12-17 08:00:00,0.13082,0.13082,0.13064,0.13067,105037.0
2025-12-17 08:15:00,0.13066,0.13068,0.13026,0.13035,42362.0
2025-12-17 08:30:00,0.13046,0.13051,0.13023,0.13026,96245.0
2025-12-17 08:45:00,0.13025,0.13031,0.13016,0.13022,107206.0
2025-12-17 09:00:00,0.13022,0.13022,0.12989,0.13001,349487.0
2025-12-17 09:15:00,0.13,0.13012,0.12945,0.12964,356903.0
2025-12-17 09:30:00,0.12965,0.12977,0.12959,0.12977,324445.0
2025-12-17 09:45:00,0.12982,0.12985,0.12963,0.12966,274143.0
2025-12-17 10:00:00,0.12963,0.12988,0.12931,0.12984,108194.0
2025-12-17 10:15:00,0.12975,0.1299,0.12962,0.12975,18342.0
2025-12-17 10:30:00,0.12975,0.13013,0.12964,0.13004,88302.0
2025-12-17 10:45:00,0.13003,0.13005,0.12964,0.1298,301536.0
2025-12-17 11:00:00,0.12974,0.1304,0.12968,0.1304,1058121.0
2025-12-17 11:15:00,0.13039,0.13039,0.13014,0.13014,381471.0
2025-12-17 11:30:00,0.13013,0.13033,0.13013,0.13027,24580.0
2025-12-17 11:45:00,0.13025,0.13042,0.1301,0.13023,77690.0
2025-12-17 12:00:00,0.13024,0.13027,0.12995,0.13003,64104.0
2025-12-17 12:15:00,0.12995,0.12995,0.12969,0.12971,332436.0
2025-12-17 12:30:00,0.1298,0.12997,0.12962,0.12962,201398.0
2025-12-17 12:45:00,0.12969,0.13021,0.12968,0.13012,48351.0
2025-12-17 13:00:00,0.13012,0.13048,0.12962,0.12962,124260.0
2025-12-17 13:15:00,0.12967,0.12986,0.12957,0.1298,491170.0
2025-12-17 13:30:00,0.1298,0.1302,0.12972,0.1302,235836.0
2025-12-17 13:45:00,0.13042,0.13131,0.13039,0.13112,461158.0
2025-12-17 14:00:00,0.13125,0.1313,0.13086,0.13099,405829.0
2025-12-17 14:15:00,0.13099,0.1314,0.13096,0.13099,185681.0
2025-12-17 14:30:00,0.13101,0.13138,0.13044,0.13071,334878.0
2025-12-17 14:45:00,0.13079,0.13457,0.12932,0.13429,10418389.0
2025-12-17 15:00:00,0.13447,0.13624,0.13382,0.13577,4274002.0
2025-12-17 15:15:00,0.13568,0.1361,0.13428,0.13482,941403.0
2025-12-17 15:30:00,0.13486,0.13505,0.13197,0.13213,2338108.0
2025-12-17 15:45:00,0.13221,0.13221,0.12956,0.12986,5025305.0
2025-12-17 16:00:00,0.1298,0.13066,0.12874,0.12888,3610362.0
2025-12-17 16:15:00,0.12872,0.12872,0.12576,0.12681,6877399.0
2025-12-17 16:30:00,0.12683,0.12752,0.12588,0.12663,1733274.0
2025-12-17 16:45:00,0.12648,0.1274,0.12626,0.1274,1001233.0
2025-12-17 17:00:00,0.12733,0.12756,0.12623,0.12682,1564783.0
2025-12-17 17:15:00,0.12674,0.128,0.12651,0.12769,360209.0
2025-12-17 17:30:00,0.12765,0.12775,0.12664,0.12665,438501.0
2025-12-17 17:45:00,0.12663,0.127,0.1263,0.12656,503766.0
2025-12-17 18:00:00,0.12664,0.1274,0.12657,0.12708,1012689.0
2025-12-17 18:15:00,0.12705,0.12739,0.12672,0.12688,494312.0
2025-12-17 18:30:00,0.12691,0.12703,0.12528,0.12573,944111.0
2025-12-17 18:45:00,0.12574,0.12595,0.1253,0.12556,755360.0
2025-12-17 19:00:00,0.12557,0.12559,0.12475,0.12517,1341747.0
2025-12-17 19:15:00,0.12518,0.1258,0.12511,0.12524,1178051.0
2025-12-17 19:30:00,0.12527,0.12575,0.12491,0.12538,1054335.0
2025-12-17 19:45:00,0.1254,0.12633,0.12538,0.12633,749627.0
2025-12-17 20:00:00,0.12636,0.12648,0.12599,0.12603,316108.0
2025-12-17 20:15:00,0.12599,0.12772,0.12599,0.12766,1069327.0
2025-12-17 20:30:00,0.12761,0.12761,0.12687,0.12735,168017.0
2025-12-17 20:45:00,0.12735,0.12739,0.12661,0.12672,164710.0
2025-12-17 21:00:00,0.1267,0.12693,0.12652,0.12664,117744.0
2025-12-17 21:15:00,0.12664,0.12664,0.12607,0.12611,601880.0
2025-12-17 21:30:00,0.1261,0.12622,0.12569,0.12597,138666.0
2025-12-17 21:45:00,0.12594,0.12597,0.12567,0.12573,113618.0
2025-12-17 22:00:00,0.12571,0.12579,0.1253,0.12573,146142.0
2025-12-17 22:15:00,0.12577,0.1266,0.12565,0.12619,178684.0
2025-12-17 22:30:00,0.12623,0.12639,0.12614,0.1263,166397.0
2025-12-17 22:45:00,0.12628,0.12671,0.12615,0.12661,55846.0
2025-12-17 23:00:00,0.12655,0.12656,0.12598,0.12604,233964.0
2025-12-17 23:15:00,0.12603,0.12606,0.12567,0.12591,137409.0
2025-12-17 23:30:00,0.12592,0.12617,0.12587,0.12615,37823.0
2025-12-17 23:45:00,0.1261,0.12619,0.12606,0.12619,143175.0
2025-12-18 00:00:00,0.12626,0.12638,0.12598,0.1262,832486.0
2025-12-18 00:15:00,0.1262,0.12644,0.12599,0.12642,50332.0
2025-12-18 00:30:00,0.12643,0.12645,0.12621,0.12623,76279.0
2025-12-18 00:45:00,0.12625,0.1264,0.12621,0.12632,47514.0
2025-12-18 01:00:00,0.12632,0.12632,0.12531,0.12559,307754.0
2025-12-18 01:15:00,0.12568,0.1258,0.12542,0.12549,64585.0
2025-12-18 01:30:00,0.12536,0.12571,0.12531,0.12552,216580.0
2025-12-18 01:45:00,0.12555,0.12568,0.12515,0.12546,77316.0
2025-12-18 02:00:00,0.12552,0.12631,0.12525,0.12625,150457.0
2025-12-18 02:15:00,0.12617,0.1267,0.12585,0.12604,330607.0
2025-12-18 02:30:00,0.12603,0.12649,0.12603,0.12643,26842.0
2025-12-18 02:45:00,0.12642,0.12649,0.12615,0.12623,6487674.0
2025-12-18 03:00:00,0.12613,0.12619,0.12596,0.12596,47930.0
2025-12-18 03:15:00,0.1259,0.1259,0.12543,0.1255,130171.0
2025-12-18 03:30:00,0.1255,0.1256,0.12523,0.12539,195762.0
2025-12-18 03:45:00,0.1254,0.12543,0.1253,0.12535,137522.0
2025-12-18 04:00:00,0.12532,0.12582,0.12529,0.12561,493675.0
2025-12-18 04:15:00,0.1256,0.12572,0.12552,0.12562,392027.0
2025-12-18 04:30:00,0.12568,0.12583,0.12542,0.12555,328985.0
2025-12-18 04:45:00,0.12554,0.12554,0.12529,0.12541,107167.0
2025-12-18 05:00:00,0.12541,0.12541,0.12442,0.12447,7398339.0
2025-12-18 05:15:00,0.12449,0.12454,0.12401,0.12419,1275055.0
2025-12-18 05:30:00,0.12415,0.12471,0.12383,0.12454,726554.0
2025-12-18 05:45:00,0.12455,0.12462,0.1241,0.12415,192060.0
2025-12-18 06:00:00,0.12406,0.12479,0.12392,0.12472,126877.0
2025-12-18 06:15:00,0.12475,0.12479,0.12463,0.12468,57357.0
2025-12-18 06:30:00,0.12471,0.12497,0.12453,0.12453,72193.0
2025-12-18 06:45:00,0.12454,0.12481,0.1243,0.12457,166624.0
2025-12-18 07:00:00,0.1246,0.12487,0.1245,0.12486,477931.0
2025-12-18 07:15:00,0.12491,0.12498,0.1248,0.12486,133032.0
2025-12-18 07:30:00,0.12491,0.12492,0.1244,0.12445,63486.0
2025-12-18 07:45:00,0.12445,0.12483,0.12439,0.12471,1092211.0
2025-12-18 08:00:00,0.12472,0.12507,0.12459,0.12498,218806.0
2025-12-18 08:15:00,0.125,0.12559,0.12492,0.1253,1137633.0
2025-12-18 08:30:00,0.12531,0.12555,0.12521,0.12524,103387.0
2025-12-18 08:45:00,0.12526,0.12531,0.12496,0.12514,192144.0
2025-12-18 09:00:00,0.12511,0.12516,0.1248,0.12486,300877.0
2025-12-18 09:15:00,0.12489,0.12537,0.12483,0.12516,301143.0
2025-12-18 09:30:00,0.12517,0.12564,0.12509,0.12564,704870.0
2025-12-18 09:45:00,0.12566,0.12586,0.12564,0.1258,254021.0
2025-12-18 10:00:00,0.12582,0.12604,0.12564,0.12589,200606.0
2025-12-18 10:15:00,0.12592,0.12615,0.12579,0.12598,224215.0
2025-12-18 10:30:00,0.12603,0.12635,0.126,0.12632,234883.0
2025-12-18 10:45:00,0.12632,0.12632,0.12607,0.12619,46268.0
2025-12-18 11:00:00,0.12626,0.12626,0.12576,0.12576,745444.0
2025-12-18 11:15:00,0.12577,0.12586,0.12564,0.12582,167170.0
2025-12-18 11:30:00,0.12582,0.12594,0.12577,0.12586,470008.0
2025-12-18 11:45:00,0.12585,0.1261,0.12583,0.12604,46396.0
2025-12-18 12:00:00,0.12604,0.1261,0.12573,0.12573,487568.0
2025-12-18 12:15:00,0.12574,0.12604,0.12571,0.12573,142920.0
2025-12-18 12:30:00,0.12577,0.1267,0.12577,0.12655,141070.0
2025-12-18 12:45:00,0.12652,0.12661,0.12606,0.12624,343501.0
2025-12-18 13:00:00,0.12629,0.12828,0.12629,0.12787,1807511.0
2025-12-18 13:15:00,0.12794,0.12799,0.1272,0.12734,1512957.0
2025-12-18 13:30:00,0.12743,0.12916,0.12743,0.12905,6400203.0
2025-12-18 13:45:00,0.12901,0.1296,0.12886,0.12921,1035815.0
2025-12-18 14:00:00,0.12924,0.13036,0.12777,0.12814,1513910.0
2025-12-18 14:15:00,0.12806,0.12952,0.12799,0.12949,803458.0
2025-12-18 14:30:00,0.12956,0.13033,0.12785,0.12797,2962492.0
2025-12-18 14:45:00,0.12798,0.12872,0.12767,0.1285,638408.0
2025-12-18 15:00:00,0.12854,0.12915,0.12786,0.12807,560176.0
2025-12-18 15:15:00,0.12822,0.1296,0.12799,0.1296,482600.0
2025-12-18 15:30:00,0.12977,0.13061,0.12936,0.13019,780170.0
2025-12-18 15:45:00,0.13016,0.13021,0.1294,0.12942,245346.0
2025-12-18 16:00:00,0.12947,0.12959,0.12915,0.12937,677107.0
2025-12-18 16:15:00,0.1293,0.1293,0.1284,0.12865,391790.0
2025-12-18 16:30:00,0.12866,0.129,0.12845,0.12895,302918.0
2025-12-18 16:45:00,0.129,0.12909,0.12845,0.1286,114876.0
2025-12-18 17:00:00,0.12858,0.12863,0.12499,0.12519,4886498.0
2025-12-18 17:15:00,0.12518,0.12518,0.12137,0.12269,11603472.0
2025-12-18 17:30:00,0.12271,0.12365,0.12202,0.1236,2370872.0
2025-12-18 17:45:00,0.12366,0.12383,0.12305,0.12354,1083492.0
2025-12-18 18:00:00,0.12354,0.12492,0.12334,0.12462,696266.0
2025-12-18 18:15:00,0.12466,0.12467,0.12382,0.12394,1353547.0
2025-12-18 18:30:00,0.12403,0.12456,0.12387,0.12431,197390.0
2025-12-18 18:45:00,0.12419,0.12419,0.12271,0.12308,765626.0
2025-12-18 19:00:00,0.12307,0.1232,0.12233,0.12264,1220779.0
2025-12-18 19:15:00,0.12262,0.12285,0.12201,0.12259,1109515.0
2025-12-18 19:30:00,0.12258,0.12288,0.12046,0.12074,5677038.0
2025-12-18 19:45:00,0.12059,0.12091,0.11989,0.12021,1848491.0
2025-12-18 20:00:00,0.12017,0.12164,0.12009,0.12149,2244315.0
2025-12-18 20:15:00,0.12136,0.12154,0.12101,0.12102,357953.0
2025-12-18 20:30:00,0.12114,0.12123,0.1209,0.12102,159678.0
2025-12-18 20:45:00,0.12104,0.12125,0.12081,0.12082,126710.0
2025-12-18 21:00:00,0.12076,0.12198,0.12076,0.12189,641691.0
2025-12-18 21:15:00,0.12185,0.12254,0.1218,0.12254,184713.0
2025-12-18 21:30:00,0.1225,0.12282,0.12227,0.12234,179008.0
2025-12-18 21:45:00,0.12238,0.12311,0.12232,0.12311,228327.0
2025-12-18 22:00:00,0.12315,0.12363,0.123,0.1233,254124.0
2025-12-18 22:15:00,0.12327,0.12335,0.12293,0.12318,192464.0
2025-12-18 22:30:00,0.12319,0.12331,0.12297,0.12299,795328.0
2025-12-18 22:45:00,0.12294,0.12316,0.12276,0.12286,162210.0
2025-12-18 23:00:00,0.12292,0.12292,0.12248,0.12264,186209.0
2025-12-18 23:15:00,0.12261,0.12262,0.12214,0.12232,271854.0
2025-12-18 23:30:00,0.12236,0.1225,0.12194,0.12198,362215.0
2025-12-18 23:45:00,0.12196,0.12214,0.12188,0.122,84338.0
2025-12-19 00:00:00,0.12201,0.12228,0.12185,0.1221,1142091.0
2025-12-19 00:15:00,0.12207,0.12231,0.12177,0.12187,322566.0
2025-12-19 00:30:00,0.12187,0.12194,0.12154,0.12165,224155.0
2025-12-19 00:45:00,0.12169,0.12222,0.12149,0.1222,170575.0
2025-12-19 01:00:00,0.12223,0.12223,0.12136,0.12151,526760.0
2025-12-19 01:15:00,0.12159,0.12191,0.12118,0.12118,551248.0
2025-12-19 01:30:00,0.12111,0.12124,0.12095,0.12101,154828.0
2025-12-19 01:45:00,0.12097,0.12122,0.12053,0.12109,274946.0
2025-12-19 02:00:00,0.12111,0.12111,0.12057,0.12081,205389.0
2025-12-19 02:15:00,0.12071,0.12156,0.12068,0.12156,168330.0
2025-12-19 02:30:00,0.1215,0.1216,0.12108,0.12132,251601.0
2025-12-19 02:45:00,0.12148,0.12182,0.12148,0.12157,188068.0
2025-12-19 03:00:00,0.12151,0.12345,0.12149,0.12317,899607.0
2025-12-19 03:15:00,0.12334,0.12558,0.12251,0.12536,2192552.0
2025-12-19 03:30:00,0.12551,0.1262,0.12458,0.12537,1597695.0
2025-12-19 03:45:00,0.12547,0.12604,0.12489,0.12534,1148233.0
2025-12-19 04:00:00,0.12543,0.12638,0.12541,0.12624,872562.0
2025-12-19 04:15:00,0.12629,0.12629,0.12568,0.12574,738851.0
2025-12-19 04:30:00,0.12576,0.12615,0.12576,0.12586,136190.0
2025-12-19 04:45:00,0.12596,0.12616,0.12593,0.12601,261743.0
2025-12-19 05:00:00,0.12608,0.12608,0.12544,0.12574,749685.0
2025-12-19 05:15:00,0.12574,0.12574,0.12544,0.12551,171275.0
2025-12-19 05:30:00,0.12549,0.1257,0.12532,0.12548,126446.0
2025-12-19 05:45:00,0.12546,0.1258,0.12542,0.12559,82066.0
2025-12-19 06:00:00,0.12562,0.12582,0.12549,0.12555,200392.0
2025-12-19 06:15:00,0.12555,0.12568,0.12533,0.12564,155177.0
2025-12-19 06:30:00,0.12558,0.12582,0.1255,0.12582,198946.0
2025-12-19 06:45:00,0.12584,0.12661,0.12569,0.12637,279006.0
2025-12-19 07:00:00,0.12643,0.12875,0.12643,0.12794,1654196.0
2025-12-19 07:15:00,0.12796,0.12805,0.12748,0.1277,1951132.0
2025-12-19 07:30:00,0.12761,0.12783,0.12739,0.12775,514078.0
2025-12-19 07:45:00,0.12781,0.12785,0.12763,0.12785,472148.0
2025-12-19 08:00:00,0.12788,0.1282,0.12779,0.12794,471282.0
2025-12-19 08:15:00,0.128,0.12821,0.12767,0.12768,554266.0
2025-12-19 08:30:00,0.12774,0.12828,0.12768,0.12824,296374.0
2025-12-19 08:45:00,0.12828,0.12857,0.1281,0.12812,390840.0
2025-12-19 09:00:00,0.12813,0.12818,0.12793,0.128,505810.0
2025-12-19 09:15:00,0.128,0.12823,0.12793,0.12817,326685.0
2025-12-19 09:30:00,0.12814,0.12814,0.12765,0.12785,527849.0
2025-12-19 09:45:00,0.12789,0.12794,0.12779,0.1279,200370.0
2025-12-19 10:00:00,0.12802,0.12828,0.1278,0.12827,343441.0
2025-12-19 10:15:00,0.12822,0.12823,0.128,0.12807,165080.0
2025-12-19 10:30:00,0.12808,0.12821,0.128,0.12808,334445.0
2025-12-19 10:45:00,0.12818,0.12821,0.12799,0.12813,244853.0
2025-12-19 11:00:00,0.12814,0.12838,0.12795,0.12836,354176.0
2025-12-19 11:15:00,0.1283,0.12852,0.12808,0.12823,204181.0
2025-12-19 11:30:00,0.12823,0.12837,0.128,0.1282,226058.0
2025-12-19 11:45:00,0.12825,0.12825,0.12805,0.12814,398304.0
2025-12-19 12:00:00,0.1282,0.12857,0.12784,0.12846,464225.0
2025-12-19 12:15:00,0.12853,0.12888,0.12841,0.12851,207244.0
2025-12-19 12:30:00,0.12844,0.12872,0.12831,0.12856,486554.0
2025-12-19 12:45:00,0.12863,0.12876,0.12839,0.12851,604071.0
2025-12-19 13:00:00,0.12864,0.12904,0.12854,0.129,302108.0
2025-12-19 13:15:00,0.129,0.129,0.12863,0.12871,274494.0
2025-12-19 13:30:00,0.12873,0.12876,0.12813,0.12855,362284.0
2025-12-19 13:45:00,0.12857,0.12861,0.12838,0.12846,102184.0
2025-12-19 14:00:00,0.1285,0.12905,0.1285,0.12895,155990.0
2025-12-19 14:15:00,0.12893,0.12909,0.12792,0.12823,190957.0
2025-12-19 14:30:00,0.12837,0.13002,0.12792,0.13002,1385920.0
2025-12-19 14:45:00,0.13022,0.13033,0.12876,0.12946,972501.0
2025-12-19 15:00:00,0.12939,0.13024,0.12921,0.13013,260879.0
2025-12-19 15:15:00,0.13005,0.13198,0.12939,0.12994,3818789.0
2025-12-19 15:30:00,0.1299,0.13043,0.12945,0.12965,488894.0
2025-12-19 15:45:00,0.12961,0.12968,0.12925,0.12958,587260.0
2025-12-19 16:00:00,0.12955,0.1322,0.12953,0.13171,1464517.0
2025-12-19 16:15:00,0.13175,0.13201,0.13097,0.13121,359327.0
2025-12-19 16:30:00,0.13109,0.13239,0.13109,0.13159,635839.0
2025-12-19 16:45:00,0.13159,0.13163,0.13086,0.13096,237507.0
2025-12-19 17:00:00,0.13102,0.13175,0.13095,0.13157,495861.0
2025-12-19 17:15:00,0.13157,0.13214,0.1313,0.1313,538938.0
2025-12-19 17:30:00,0.13111,0.13111,0.12997,0.13047,861387.0
2025-12-19 17:45:00,0.13038,0.13084,0.12962,0.12962,710705.0
2025-12-19 18:00:00,0.12966,0.13045,0.12963,0.13045,673780.0
2025-12-19 18:15:00,0.1305,0.13129,0.1305,0.13108,403314.0
2025-12-19 18:30:00,0.13116,0.13118,0.13061,0.13081,116734.0
2025-12-19 18:45:00,0.13079,0.13144,0.13065,0.13118,988993.0
2025-12-19 19:00:00,0.1312,0.13153,0.1312,0.13134,747970.0
2025-12-19 19:15:00,0.13148,0.13231,0.13148,0.13219,551221.0
2025-12-19 19:30:00,0.13215,0.13344,0.13208,0.13296,660882.0
2025-12-19 19:45:00,0.13294,0.13329,0.13277,0.13279,421873.0
2025-12-19 20:00:00,0.13282,0.13319,0.13265,0.13288,430136.0
2025-12-19 20:15:00,0.13293,0.13323,0.13286,0.13292,574675.0
2025-12-19 20:30:00,0.13286,0.13332,0.13263,0.1328,367612.0
2025-12-19 20:45:00,0.13279,0.13322,0.13264,0.13288,182935.0
2025-12-19 21:00:00,0.13291,0.133,0.13264,0.13269,152091.0
2025-12-19 21:15:00,0.13268,0.13268,0.13218,0.1322,223863.0
2025-12-19 21:30:00,0.13222,0.13251,0.13214,0.13215,196823.0
2025-12-19 21:45:00,0.13215,0.13222,0.13175,0.13181,207426.0
2025-12-19 22:00:00,0.13192,0.13259,0.13192,0.13216,256382.0
2025-12-19 22:15:00,0.13221,0.13258,0.13221,0.13258,177187.0
2025-12-19 22:30:00,0.13252,0.13286,0.13242,0.13286,108768.0
2025-12-19 22:45:00,0.13278,0.13278,0.13245,0.13247,190013.0
2025-12-19 23:00:00,0.13249,0.13249,0.13227,0.13228,463595.0
2025-12-19 23:15:00,0.13227,0.13247,0.13227,0.13243,66788.0
2025-12-19 23:30:00,0.13242,0.13245,0.13209,0.13238,176514.0
2025-12-19 23:45:00,0.13235,0.1324,0.13215,0.13216,274195.0
2025-12-20 00:00:00,0.13217,0.13217,0.13184,0.13209,316985.0
2025-12-20 00:15:00,0.13198,0.13198,0.1316,0.13174,173871.0
2025-12-20 00:30:00,0.13172,0.13174,0.13139,0.13141,171602.0
2025-12-20 00:45:00,0.13132,0.1314,0.13096,0.13106,274450.0
2025-12-20 01:00:00,0.13104,0.13108,0.13095,0.13106,45391.0
2025-12-20 01:15:00,0.13109,0.13115,0.1308,0.131,119438.0
2025-12-20 01:30:00,0.13088,0.13102,0.13084,0.13092,73843.0
2025-12-20 01:45:00,0.13094,0.13115,0.13092,0.13096,214077.0
2025-12-20 02:00:00,0.131,0.131,0.13066,0.13076,260155.0
2025-12-20 02:15:00,0.13078,0.13099,0.13075,0.13084,19317.0
2025-12-20 02:30:00,0.13084,0.13127,0.1308,0.13123,80714.0
2025-12-20 02:45:00,0.13123,0.13123,0.13101,0.13101,239563.0
2025-12-20 03:00:00,0.13102,0.13114,0.13083,0.13087,366229.0
2025-12-20 03:15:00,0.13087,0.13126,0.13087,0.13121,155211.0
2025-12-20 03:30:00,0.13127,0.13177,0.13127,0.13172,110973.0
2025-12-20 03:45:00,0.13169,0.13169,0.1314,0.1314,17541.0
2025-12-20 04:00:00,0.13149,0.13151,0.13102,0.13102,112294.0
2025-12-20 04:15:00,0.13101,0.13112,0.13094,0.13107,49610.0
2025-12-20 04:30:00,0.13094,0.13111,0.13094,0.13105,39204.0
2025-12-20 04:45:00,0.13096,0.13104,0.13067,0.13074,45847.0
2025-12-20 05:00:00,0.13078,0.13111,0.13071,0.13111,154177.0
2025-12-20 05:15:00,0.13109,0.13131,0.13101,0.13115,19233.0
2025-12-20 05:30:00,0.13112,0.1314,0.13107,0.13131,69453.0
2025-12-20 05:45:00,0.13118,0.1313,0.13099,0.13099,209788.0
2025-12-20 06:00:00,0.13101,0.13114,0.13097,0.13109,157378.0
2025-12-20 06:15:00,0.13113,0.13125,0.13106,0.13125,37966.0
2025-12-20 06:30:00,0.13123,0.13123,0.1311,0.13117,20996.0
2025-12-20 06:45:00,0.13121,0.13133,0.13108,0.13113,15038.0
2025-12-20 07:00:00,0.13116,0.13129,0.13095,0.13099,44163.0
2025-12-20 07:15:00,0.13101,0.13122,0.13087,0.13122,12246.0
2025-12-20 07:30:00,0.1313,0.1316,0.13117,0.13145,179678.0
2025-12-20 07:45:00,0.13142,0.1315,0.13141,0.13147,854260.0
2025-12-20 08:00:00,0.13149,0.13165,0.13146,0.13158,244733.0
2025-12-20 08:15:00,0.13166,0.13241,0.13158,0.13238,90137.0
2025-12-20 08:30:00,0.13241,0.13248,0.13217,0.13217,446185.0
2025-12-20 08:45:00,0.13212,0.13214,0.13177,0.13185,35446.0
2025-12-20 09:00:00,0.13186,0.1321,0.13186,0.13198,85659.0
2025-12-20 09:15:00,0.132,0.13212,0.13196,0.13208,104189.0
2025-12-20 09:30:00,0.13215,0.13242,0.13211,0.13232,70383.0
2025-12-20 09:45:00,0.13233,0.13238,0.13216,0.13216,179710.0
2025-12-20 10:00:00,0.1322,0.13228,0.1321,0.1321,78927.0
2025-12-20 10:15:00,0.13219,0.13219,0.13182,0.13193,151466.0
2025-12-20 10:30:00,0.13193,0.13195,0.13155,0.13171,286075.0
2025-12-20 10:45:00,0.13169,0.13171,0.13159,0.13165,24531.0
2025-12-20 11:00:00,0.13166,0.13169,0.13154,0.13169,43661.0
2025-12-20 11:15:00,0.13169,0.13201,0.13163,0.13193,57520.0
2025-12-20 11:30:00,0.13192,0.13201,0.1318,0.1318,237633.0
2025-12-20 11:45:00,0.1318,0.13189,0.13179,0.13189,192972.0
2025-12-20 12:00:00,0.13188,0.13204,0.13187,0.13193,113447.0
2025-12-20 12:15:00,0.13189,0.1319,0.13177,0.13178,39989.0
2025-12-20 12:30:00,0.13177,0.13185,0.1317,0.13171,86312.0
2025-12-20 12:45:00,0.1317,0.13176,0.1317,0.13173,26495.0
2025-12-20 13:00:00,0.13174,0.13188,0.13129,0.13159,349984.0
2025-12-20 13:15:00,0.13163,0.13187,0.13136,0.13142,341054.0
2025-12-20 13:30:00,0.13136,0.13177,0.13136,0.13175,114502.0
2025-12-20 13:45:00,0.13179,0.13207,0.13179,0.13206,79737.0
2025-12-20 14:00:00,0.13195,0.13196,0.13114,0.13132,1811556.0
2025-12-20 14:15:00,0.13125,0.13161,0.13125,0.13157,1793046.0
2025-12-20 14:30:00,0.1316,0.13178,0.13153,0.13176,112780.0
2025-12-20 14:45:00,0.13176,0.13233,0.13176,0.13221,366657.0
2025-12-20 15:00:00,0.13226,0.13229,0.13189,0.13202,197818.0
2025-12-20 15:15:00,0.13202,0.13203,0.13166,0.13171,151723.0
2025-12-20 15:30:00,0.13173,0.13193,0.13162,0.13189,23791.0
2025-12-20 15:45:00,0.13189,0.13204,0.13189,0.13204,273197.0
2025-12-20 16:00:00,0.13204,0.13225,0.132,0.132,198885.0
2025-12-20 16:15:00,0.13198,0.132,0.13188,0.13198,40013.0
2025-12-20 16:30:00,0.13191,0.13192,0.13161,0.13172,440328.0
2025-12-20 16:45:00,0.13172,0.13185,0.13165,0.13184,430155.0
2025-12-20 17:00:00,0.13187,0.1321,0.13165,0.13179,106337.0
2025-12-20 17:15:00,0.13179,0.13197,0.13179,0.13183,133811.0
2025-12-20 17:30:00,0.13183,0.13183,0.13153,0.13157,55913.0
2025-12-20 17:45:00,0.13159,0.13167,0.13159,0.13165,44293.0
2025-12-20 18:00:00,0.13165,0.13194,0.13157,0.1319,114327.0
2025-12-20 18:15:00,0.13195,0.13218,0.13185,0.13198,21460.0
2025-12-20 18:30:00,0.13202,0.13208,0.13193,0.13194,73402.0
2025-12-20 18:45:00,0.13193,0.13222,0.1319,0.13207,201114.0
2025-12-20 19:00:00,0.13211,0.13228,0.1319,0.13226,235502.0
2025-12-20 19:15:00,0.13218,0.13227,0.13209,0.13221,141498.0
2025-12-20 19:30:00,0.13221,0.13221,0.13211,0.13213,18666.0
2025-12-20 19:45:00,0.13213,0.13218,0.13205,0.13211,64686.0
2025-12-20 20:00:00,0.13211,0.13214,0.13202,0.13208,22661.0
2025-12-20 20:15:00,0.13205,0.13212,0.13201,0.13209,379700.0
2025-12-20 20:30:00,0.13208,0.13218,0.13196,0.13205,60911.0
2025-12-20 20:45:00,0.13212,0.13224,0.13207,0.13219,12595.0
2025-12-20 21:00:00,0.13227,0.1323,0.13214,0.13226,190121.0
2025-12-20 21:15:00,0.13221,0.13238,0.13212,0.1322,64188.0
2025-12-20 21:30:00,0.13221,0.13239,0.13219,0.13223,32634.0
2025-12-20 21:45:00,0.13223,0.13229,0.13202,0.13209,37745.0
2025-12-20 22:00:00,0.13205,0.13207,0.13147,0.13173,43254.0
2025-12-20 22:15:00,0.1317,0.13189,0.13156,0.13185,58775.0
2025-12-20 22:30:00,0.13186,0.13225,0.13186,0.13216,80109.0
2025-12-20 22:45:00,0.13216,0.13229,0.13213,0.13224,17197.0
2025-12-20 23:00:00,0.13212,0.1323,0.13207,0.13215,87707.0
2025-12-20 23:15:00,0.13215,0.13219,0.13195,0.13205,13089.0
2025-12-20 23:30:00,0.13203,0.13212,0.13191,0.13191,14622.0
2025-12-20 23:45:00,0.13192,0.13197,0.13186,0.13186,90564.0
2025-12-21 00:00:00,0.13187,0.13196,0.13183,0.13191,176111.0
2025-12-21 00:15:00,0.13191,0.13212,0.1319,0.13193,522811.0
2025-12-21 00:30:00,0.13193,0.13193,0.13169,0.13182,242926.0
2025-12-21 00:45:00,0.13179,0.13193,0.13174,0.13189,138508.0
2025-12-21 01:00:00,0.13187,0.13187,0.13147,0.13147,196722.0
2025-12-21 01:15:00,0.13147,0.13158,0.13147,0.13152,36940.0
2025-12-21 01:30:00,0.13147,0.13151,0.13109,0.13121,155818.0
2025-12-21 01:45:00,0.13122,0.13138,0.13112,0.13112,41688.0
2025-12-21 02:00:00,0.13108,0.13132,0.1309,0.13101,180633.0
2025-12-21 02:15:00,0.131,0.13101,0.13045,0.13082,167272.0
2025-12-21 02:30:00,0.1308,0.13091,0.13054,0.13063,272607.0
2025-12-21 02:45:00,0.13063,0.1309,0.13061,0.13078,49601.0
2025-12-21 03:00:00,0.1308,0.13103,0.13074,0.13097,177772.0
2025-12-21 03:15:00,0.13096,0.13153,0.13096,0.13122,164853.0
2025-12-21 03:30:00,0.13124,0.13131,0.13101,0.13101,50417.0
2025-12-21 03:45:00,0.13101,0.1311,0.13101,0.13106,48453.0
2025-12-21 04:00:00,0.13106,0.13118,0.13091,0.13095,153985.0
2025-12-21 04:15:00,0.13098,0.13124,0.13094,0.13117,130913.0
2025-12-21 04:30:00,0.13116,0.13124,0.13107,0.1311,21059.0
2025-12-21 04:45:00,0.13111,0.13113,0.13106,0.13109,13790.0
2025-12-21 05:00:00,0.13107,0.13134,0.13107,0.13126,88569.0
2025-12-21 05:15:00,0.13143,0.13167,0.13126,0.13163,143777.0
2025-12-21 05:30:00,0.13162,0.13162,0.13141,0.13141,26874.0
2025-12-21 05:45:00,0.13136,0.13149,0.13136,0.13144,26419.0
2025-12-21 06:00:00,0.13144,0.13149,0.13132,0.13148,338331.0
2025-12-21 06:15:00,0.13147,0.13157,0.13136,0.13142,19252.0
2025-12-21 06:30:00,0.13148,0.13155,0.13144,0.13144,313487.0
2025-12-21 06:45:00,0.13145,0.13157,0.13138,0.13145,11085.0
2025-12-21 07:00:00,0.13145,0.13145,0.13131,0.13136,142018.0
2025-12-21 07:15:00,0.13134,0.13139,0.13127,0.13139,13949.0
2025-12-21 07:30:00,0.13141,0.13141,0.13116,0.13116,56697.0
2025-12-21 07:45:00,0.13116,0.13137,0.13116,0.1313,25272.0
2025-12-21 08:00:00,0.1313,0.13137,0.13118,0.13127,93177.0
2025-12-21 08:15:00,0.13126,0.13157,0.13122,0.13157,139408.0
2025-12-21 08:30:00,0.13161,0.13279,0.13159,0.13266,387231.0
2025-12-21 08:45:00,0.13285,0.13299,0.13244,0.13277,111436.0
2025-12-21 09:00:00,0.13283,0.13341,0.13235,0.1325,461799.0
2025-12-21 09:15:00,0.1325,0.13268,0.13235,0.13248,217098.0
2025-12-21 09:30:00,0.13247,0.13303,0.13245,0.13272,373042.0
2025-12-21 09:45:00,0.1327,0.13313,0.13255,0.13268,257910.0
2025-12-21 10:00:00,0.13271,0.13289,0.13249,0.13252,117258.0
2025-12-21 10:15:00,0.1326,0.1326,0.13234,0.13237,371246.0
2025-12-21 10:30:00,0.13238,0.13238,0.13185,0.13199,193257.0
2025-12-21 10:45:00,0.13196,0.13203,0.13169,0.13186,90060.0
2025-12-21 11:00:00,0.13187,0.13193,0.13156,0.13156,489986.0
2025-12-21 11:15:00,0.13155,0.13187,0.13135,0.13174,158975.0
2025-12-21 11:30:00,0.1317,0.13174,0.13155,0.13162,19724.0
2025-12-21 11:45:00,0.1316,0.13167,0.13157,0.13167,28643.0
2025-12-21 12:00:00,0.1317,0.13193,0.13164,0.13188,223544.0
2025-12-21 12:15:00,0.1319,0.13223,0.1319,0.13198,212443.0
2025-12-21 12:30:00,0.13201,0.13212,0.13133,0.13149,172821.0
2025-12-21 12:45:00,0.13123,0.13164,0.13118,0.13157,95548.0
2025-12-21 13:00:00,0.13164,0.13164,0.12982,0.13063,2309003.0
2025-12-21 13:15:00,0.13052,0.13059,0.12991,0.12994,190200.0
2025-12-21 13:30:00,0.13003,0.13008,0.12897,0.12927,2952622.0
2025-12-21 13:45:00,0.12926,0.12936,0.12867,0.1289,632132.0
2025-12-21 14:00:00,0.12887,0.12996,0.1288,0.12951,511345.0
2025-12-21 14:15:00,0.12961,0.1297,0.12935,0.12954,119032.0
2025-12-21 14:30:00,0.12952,0.12973,0.12932,0.12959,224036.0
2025-12-21 14:45:00,0.12958,0.1297,0.1295,0.12961,14873475.0
2025-12-21 15:00:00,0.12959,0.12959,0.12907,0.12909,6311363.0
2025-12-21 15:15:00,0.12908,0.12915,0.12891,0.12914,6725064.0
2025-12-21 15:30:00,0.12918,0.12938,0.1289,0.12914,1216530.0
2025-12-21 15:45:00,0.12914,0.12978,0.1291,0.12945,873877.0
2025-12-21 16:00:00,0.12943,0.12943,0.12908,0.12918,1468215.0
2025-12-21 16:15:00,0.12918,0.13016,0.12907,0.12993,1851729.0
2025-12-21 16:30:00,0.12996,0.13003,0.12981,0.12985,226757.0
2025-12-21 16:45:00,0.12987,0.13006,0.12976,0.13006,294100.0
2025-12-21 17:00:00,0.13007,0.13028,0.12969,0.13025,3211336.0
2025-12-21 17:15:00,0.13024,0.13037,0.12994,0.13002,225218.0
2025-12-21 17:30:00,0.13002,0.13012,0.12992,0.13008,8350729.0
2025-12-21 17:45:00,0.13008,0.13012,0.12994,0.12994,209134.0
2025-12-21 18:00:00,0.12991,0.12992,0.12906,0.12913,812772.0
2025-12-21 18:15:00,0.12911,0.12942,0.1291,0.12939,708708.0
2025-12-21 18:30:00,0.12938,0.1296,0.1293,0.12956,116597.0
2025-12-21 18:45:00,0.12957,0.1297,0.1295,0.12962,159454.0
2025-12-21 19:00:00,0.12967,0.13005,0.12967,0.1299,239732.0
2025-12-21 19:15:00,0.12991,0.12991,0.12977,0.12985,99402.0
2025-12-21 19:30:00,0.12977,0.12987,0.12944,0.12987,172253.0
2025-12-21 19:45:00,0.12986,0.13047,0.1298,0.1303,3029610.0
2025-12-21 20:00:00,0.13027,0.13029,0.12987,0.12987,92358.0
2025-12-21 20:15:00,0.12987,0.12991,0.12971,0.12982,260862.0
2025-12-21 20:30:00,0.12987,0.12995,0.1298,0.1299,81545.0
2025-12-21 20:45:00,0.12989,0.12989,0.1298,0.12984,23320.0
2025-12-21 21:00:00,0.12985,0.12994,0.12953,0.12982,126033.0
2025-12-21 21:15:00,0.12979,0.13001,0.12976,0.12985,90834.0
2025-12-21 21:30:00,0.12978,0.12996,0.12949,0.12949,80193.0
2025-12-21 21:45:00,0.12948,0.12952,0.12931,0.12945,177894.0
2025-12-21 22:00:00,0.12945,0.13019,0.12936,0.13017,397516.0
2025-12-21 22:15:00,0.13009,0.13031,0.12993,0.13012,101195.0
2025-12-21 22:30:00,0.13023,0.13037,0.13009,0.13027,54762.0
2025-12-21 22:45:00,0.13032,0.13055,0.13024,0.13055,58502.0
2025-12-21 23:00:00,0.13051,0.13127,0.13051,0.13079,1745296.0
2025-12-21 23:15:00,0.13088,0.13132,0.13088,0.13093,111882.0
2025-12-21 23:30:00,0.13087,0.13103,0.13057,0.13083,110304.0
2025-12-21 23:45:00,0.13089,0.13113,0.13089,0.13105,127157.0
2025-12-22 00:00:00,0.13106,0.13322,0.13106,0.13305,3115739.0
2025-12-22 00:15:00,0.13322,0.13406,0.13215,0.13269,3753882.0
2025-12-22 00:30:00,0.13269,0.13289,0.13217,0.13254,244405.0
2025-12-22 00:45:00,0.13237,0.13266,0.1316,0.1316,278741.0
2025-12-22 01:00:00,0.13157,0.13213,0.13154,0.13198,777041.0
2025-12-22 01:15:00,0.13215,0.13259,0.13213,0.13226,98200.0
2025-12-22 01:30:00,0.13238,0.13291,0.13235,0.13235,308466.0
2025-12-22 01:45:00,0.13229,0.13232,0.13135,0.13138,524424.0
2025-12-22 02:00:00,0.13136,0.13136,0.12947,0.13019,3052942.0
2025-12-22 02:15:00,0.13008,0.13046,0.12988,0.1303,1196897.0
2025-12-22 02:30:00,0.13032,0.13071,0.13031,0.13038,211226.0
2025-12-22 02:45:00,0.13051,0.13092,0.13051,0.13085,22795.0
2025-12-22 03:00:00,0.13088,0.13167,0.13055,0.13161,728033.0
2025-12-22 03:15:00,0.13166,0.13258,0.13159,0.13236,7535818.0
2025-12-22 03:30:00,0.13247,0.13273,0.13185,0.13196,837518.0
2025-12-22 03:45:00,0.13197,0.13214,0.13176,0.13195,40853.0
2025-12-22 04:00:00,0.13197,0.13226,0.13197,0.132,36023.0
2025-12-22 04:15:00,0.13198,0.13256,0.13196,0.13251,128170.0
2025-12-22 04:30:00,0.13248,0.13252,0.13205,0.13232,86995.0
2025-12-22 04:45:00,0.13232,0.13262,0.13226,0.13238,124417.0
2025-12-22 05:00:00,0.13242,0.13251,0.1321,0.13222,50540.0
2025-12-22 05:15:00,0.13227,0.13232,0.13195,0.13199,3342146.0
2025-12-22 05:30:00,0.13192,0.13229,0.13186,0.13209,522784.0
2025-12-22 05:45:00,0.13208,0.13226,0.13183,0.13183,18798.0
2025-12-22 06:00:00,0.13183,0.13184,0.1315,0.13153,104797.0
2025-12-22 06:15:00,0.13154,0.13191,0.13152,0.1316,145555.0
2025-12-22 06:30:00,0.13166,0.13191,0.1316,0.13189,82009.0
2025-12-22 06:45:00,0.13178,0.13188,0.13157,0.13158,30506.0
2025-12-22 07:00:00,0.13155,0.13228,0.13148,0.13218,83341.0
2025-12-22 07:15:00,0.1322,0.1322,0.1319,0.13201,49155.0
2025-12-22 07:30:00,0.13204,0.13219,0.13196,0.1321,27139.0
2025-12-22 07:45:00,0.13204,0.13204,0.13188,0.13204,21970.0
2025-12-22 08:00:00,0.13202,0.13229,0.13164,0.13172,193424.0
2025-12-22 08:15:00,0.13187,0.13313,0.13178,0.13297,494173.0
2025-12-22 08:30:00,0.13312,0.13322,0.13261,0.13272,423483.0
2025-12-22 08:45:00,0.13272,0.13275,0.13207,0.13215,184597.0
2025-12-22 09:00:00,0.13219,0.13224,0.13178,0.13179,128338.0
2025-12-22 09:15:00,0.13182,0.13232,0.13182,0.13226,294690.0
2025-12-22 09:30:00,0.1322,0.13251,0.13205,0.13211,171241.0
2025-12-22 09:45:00,0.13215,0.13223,0.1318,0.13221,125071.0
2025-12-22 10:00:00,0.13232,0.13232,0.1319,0.13225,91613.0
2025-12-22 10:15:00,0.13235,0.13243,0.13224,0.13224,79503.0
2025-12-22 10:30:00,0.13221,0.13233,0.13213,0.13229,221468.0
2025-12-22 10:45:00,0.13227,0.1323,0.13211,0.13215,16448.0
2025-12-22 11:00:00,0.13218,0.13232,0.132,0.13205,46160.0
2025-12-22 11:15:00,0.13202,0.13236,0.13189,0.13236,971282.0
2025-12-22 11:30:00,0.13229,0.13286,0.13226,0.1327,240436.0
2025-12-22 11:45:00,0.13268,0.13311,0.13268,0.13278,624246.0
2025-12-22 12:00:00,0.1328,0.13294,0.13248,0.13282,1679025.0
2025-12-22 12:15:00,0.13292,0.13335,0.13288,0.13331,763599.0
2025-12-22 12:30:00,0.13335,0.1341,0.13303,0.13322,541558.0
2025-12-22 12:45:00,0.13315,0.13333,0.13308,0.13321,202646.0
2025-12-22 13:00:00,0.13323,0.13338,0.13292,0.13292,274028.0
2025-12-22 13:15:00,0.13297,0.13314,0.13274,0.13304,171964.0
2025-12-22 13:30:00,0.13301,0.13301,0.1325,0.1325,170651.0
2025-12-22 13:45:00,0.13252,0.13288,0.13241,0.13286,1041073.0
2025-12-22 14:00:00,0.13286,0.13356,0.13284,0.13343,104298.0
2025-12-22 14:15:00,0.13345,0.13406,0.13344,0.13354,190786.0
2025-12-22 14:30:00,0.1335,0.13403,0.13272,0.13336,1301895.0
2025-12-22 14:45:00,0.1333,0.13434,0.13318,0.13401,1217073.0
2025-12-22 15:00:00,0.13402,0.1353,0.13345,0.13345,1469186.0
2025-12-22 15:15:00,0.13338,0.134,0.13276,0.13385,3764719.0
2025-12-22 15:30:00,0.13382,0.13382,0.13263,0.13349,566405.0
2025-12-22 15:45:00,0.13359,0.1345,0.13348,0.13432,428853.0
2025-12-22 16:00:00,0.13442,0.13494,0.13415,0.13482,236572.0
2025-12-22 16:15:00,0.13477,0.13514,0.13458,0.13467,320997.0
2025-12-22 16:30:00,0.13456,0.13458,0.13375,0.13376,201239.0
2025-12-22 16:45:00,0.13375,0.13397,0.13362,0.13365,213789.0
2025-12-22 17:00:00,0.13363,0.13371,0.13305,0.13348,889611.0
2025-12-22 17:15:00,0.13351,0.13398,0.13336,0.13353,266277.0
2025-12-22 17:30:00,0.13362,0.13396,0.13343,0.13376,346069.0
2025-12-22 17:45:00,0.13356,0.13391,0.13348,0.13388,81317.0
2025-12-22 18:00:00,0.1339,0.13411,0.13373,0.13399,538620.0
2025-12-22 18:15:00,0.134,0.13477,0.13397,0.13467,6175353.0
2025-12-22 18:30:00,0.13475,0.13512,0.13439,0.13496,268655.0
2025-12-22 18:45:00,0.13496,0.13496,0.13403,0.13431,326779.0
2025-12-22 19:00:00,0.13424,0.1343,0.13276,0.13276,12815956.0
2025-12-22 19:15:00,0.1328,0.13326,0.13225,0.13234,535278.0
2025-12-22 19:30:00,0.13227,0.13262,0.1318,0.13249,494187.0
2025-12-22 19:45:00,0.13236,0.13251,0.13158,0.13195,331247.0
2025-12-22 20:00:00,0.13185,0.13236,0.13175,0.13207,7334004.0
2025-12-22 20:15:00,0.13198,0.13204,0.13094,0.13105,2194503.0
2025-12-22 20:30:00,0.13108,0.13144,0.1308,0.13129,3135404.0
2025-12-22 20:45:00,0.13132,0.13164,0.13091,0.13126,3293008.0
2025-12-22 21:00:00,0.13115,0.13158,0.13111,0.13131,468473.0
2025-12-22 21:15:00,0.13128,0.13158,0.1312,0.13148,113985.0
2025-12-22 21:30:00,0.1314,0.13214,0.1314,0.13199,10128812.0
2025-12-22 21:45:00,0.13197,0.13197,0.13121,0.13136,5582371.0
2025-12-22 22:00:00,0.13136,0.13148,0.13104,0.13139,211889.0
2025-12-22 22:15:00,0.13148,0.13192,0.13148,0.13175,211872.0
2025-12-22 22:30:00,0.13182,0.13193,0.13165,0.13175,75191.0
2025-12-22 22:45:00,0.13175,0.1326,0.13175,0.1324,5955870.0
2025-12-22 23:00:00,0.1323,0.13232,0.13198,0.13232,171796.0
2025-12-22 23:15:00,0.1322,0.13245,0.13208,0.13242,175128.0
2025-12-22 23:30:00,0.13239,0.1325,0.13221,0.1324,310233.0
2025-12-22 23:45:00,0.13234,0.13253,0.13227,0.13241,140224.0
2025-12-23 00:00:00,0.13249,0.13249,0.13223,0.13246,992143.0
2025-12-23 00:15:00,0.13243,0.13271,0.13241,0.13257,480508.0
2025-12-23 00:30:00,0.1324,0.13309,0.13231,0.13264,195506.0
2025-12-23 00:45:00,0.13257,0.13327,0.13256,0.13327,156007.0
2025-12-23 01:00:00,0.13321,0.13337,0.13295,0.13312,145302.0
2025-12-23 01:15:00,0.13307,0.13307,0.13263,0.13272,68295.0
2025-12-23 01:30:00,0.13269,0.13298,0.1325,0.13273,1830106.0
2025-12-23 01:45:00,0.13274,0.13307,0.13274,0.13284,166303.0
2025-12-23 02:00:00,0.13282,0.13347,0.13259,0.13335,6735869.0
2025-12-23 02:15:00,0.13333,0.13361,0.13304,0.13309,130373.0
2025-12-23 02:30:00,0.13319,0.13319,0.13205,0.13222,198294.0
2025-12-23 02:45:00,0.13216,0.13234,0.13197,0.13222,339232.0
2025-12-23 03:00:00,0.13216,0.13216,0.13131,0.13198,548614.0
2025-12-23 03:15:00,0.13196,0.13243,0.13193,0.13228,465520.0
2025-12-23 03:30:00,0.13227,0.13266,0.13218,0.13266,72051.0
2025-12-23 03:45:00,0.13265,0.13265,0.13238,0.13249,19479.0
2025-12-23 04:00:00,0.13247,0.13298,0.13246,0.13285,141183.0
2025-12-23 04:15:00,0.13289,0.13289,0.13266,0.13268,99227.0
2025-12-23 04:30:00,0.13262,0.13262,0.13222,0.13223,137699.0
2025-12-23 04:45:00,0.13221,0.13225,0.13184,0.13184,304251.0
2025-12-23 05:00:00,0.13184,0.13193,0.1315,0.1315,515478.0
2025-12-23 05:15:00,0.13148,0.13171,0.13131,0.1316,117918.0
2025-12-23 05:30:00,0.1316,0.1316,0.13054,0.13103,8806848.0
2025-12-23 05:45:00,0.13113,0.13134,0.13094,0.13114,161624.0
2025-12-23 06:00:00,0.1311,0.13133,0.13067,0.13097,265643.0
2025-12-23 06:15:00,0.13086,0.13094,0.13007,0.13032,1095357.0
2025-12-23 06:30:00,0.13034,0.13059,0.13015,0.1305,355840.0
2025-12-23 06:45:00,0.13045,0.1309,0.13039,0.13066,266689.0
2025-12-23 07:00:00,0.1307,0.13087,0.13026,0.13026,179063.0
2025-12-23 07:15:00,0.13034,0.1306,0.12992,0.13056,459534.0
2025-12-23 07:30:00,0.13056,0.1306,0.13031,0.1304,106372.0
2025-12-23 07:45:00,0.13039,0.13059,0.13022,0.13038,67390.0
2025-12-23 08:00:00,0.1304,0.13053,0.13017,0.13034,394447.0
2025-12-23 08:15:00,0.13036,0.13086,0.13034,0.13069,777413.0
2025-12-23 08:30:00,0.13067,0.13067,0.13032,0.13038,731311.0
2025-12-23 08:45:00,0.13035,0.13035,0.12992,0.13001,133422.0
2025-12-23 09:00:00,0.13002,0.13032,0.12997,0.13032,327194.0
2025-12-23 09:15:00,0.13029,0.13042,0.12992,0.1301,283712.0
2025-12-23 09:30:00,0.13015,0.13033,0.12998,0.1303,121299.0
2025-12-23 09:45:00,0.1303,0.13036,0.13017,0.13018,116734.0
2025-12-23 10:00:00,0.13021,0.13044,0.13019,0.13024,228524.0
2025-12-23 10:15:00,0.13025,0.13059,0.13015,0.13046,86325.0
2025-12-23 10:30:00,0.13046,0.1305,0.13033,0.13047,24589.0
2025-12-23 10:45:00,0.13047,0.13086,0.13043,0.13074,104834.0
2025-12-23 11:00:00,0.1308,0.13098,0.13065,0.13091,70932.0
2025-12-23 11:15:00,0.13094,0.13134,0.13088,0.13099,175328.0
2025-12-23 11:30:00,0.13102,0.13128,0.13097,0.13119,21721.0
2025-12-23 11:45:00,0.13122,0.13122,0.13093,0.13106,65633.0
2025-12-23 12:00:00,0.13106,0.13106,0.1305,0.13052,521461.0
2025-12-23 12:15:00,0.13049,0.1305,0.13008,0.13023,94303.0
2025-12-23 12:30:00,0.13027,0.13046,0.13016,0.13041,90035.0
2025-12-23 12:45:00,0.13043,0.13062,0.1303,0.1303,36836.0
2025-12-23 13:00:00,0.13022,0.13036,0.13017,0.13028,170166.0
2025-12-23 13:15:00,0.13027,0.13036,0.13007,0.13028,76370.0
2025-12-23 13:30:00,0.13028,0.1304,0.12905,0.12991,1422556.0
2025-12-23 13:45:00,0.12989,0.12989,0.12928,0.1296,442552.0
2025-12-23 14:00:00,0.12953,0.13042,0.12948,0.1302,683989.0
2025-12-23 14:15:00,0.13018,0.13018,0.1296,0.12984,526806.0
2025-12-23 14:30:00,0.12985,0.13045,0.12934,0.12979,906783.0
2025-12-23 14:45:00,0.12984,0.12991,0.12787,0.12881,6400860.0
2025-12-23 15:00:00,0.12884,0.12936,0.12847,0.12869,960741.0
2025-12-23 15:15:00,0.12885,0.1297,0.12885,0.12915,819550.0
2025-12-23 15:30:00,0.12929,0.12957,0.12897,0.12916,47246.0
2025-12-23 15:45:00,0.12911,0.12945,0.12899,0.12941,218715.0
2025-12-23 16:00:00,0.12943,0.13027,0.12902,0.12969,1647652.0
2025-12-23 16:15:00,0.12973,0.13056,0.12973,0.13023,922414.0
2025-12-23 16:30:00,0.13025,0.13041,0.12995,0.13032,198914.0
2025-12-23 16:45:00,0.13037,0.13077,0.13028,0.13044,191377.0
2025-12-23 17:00:00,0.13043,0.13056,0.12986,0.13001,297590.0
2025-12-23 17:15:00,0.13003,0.13025,0.12944,0.12954,96774.0
2025-12-23 17:30:00,0.12948,0.12964,0.12915,0.1295,619619.0
2025-12-23 17:45:00,0.12951,0.12954,0.12821,0.12828,359591.0
2025-12-23 18:00:00,0.1283,0.12902,0.12823,0.12887,1510508.0
2025-12-23 18:15:00,0.12895,0.12944,0.12895,0.12914,151700.0
2025-12-23 18:30:00,0.12914,0.12997,0.12914,0.12976,258192.0
2025-12-23 18:45:00,0.12981,0.12985,0.1296,0.12972,50722.0
2025-12-23 19:00:00,0.12973,0.12988,0.12928,0.12929,247404.0
2025-12-23 19:15:00,0.1293,0.12942,0.1289,0.1289,252407.0
2025-12-23 19:30:00,0.12892,0.12905,0.12887,0.12898,62425.0
2025-12-23 19:45:00,0.12897,0.12904,0.1287,0.12892,15414.0
2025-12-23 20:00:00,0.12889,0.12893,0.12859,0.12893,92173.0
2025-12-23 20:15:00,0.12893,0.12927,0.12891,0.12913,210175.0
2025-12-23 20:30:00,0.12911,0.13016,0.12903,0.13004,1134490.0
2025-12-23 20:45:00,0.13007,0.13039,0.12933,0.12935,180480.0
2025-12-23 21:00:00,0.12946,0.12953,0.12915,0.12933,85578.0
2025-12-23 21:15:00,0.12927,0.12952,0.12926,0.12934,24564.0
2025-12-23 21:30:00,0.12936,0.12943,0.12926,0.12932,3427.0
2025-12-23 21:45:00,0.12939,0.12948,0.12926,0.12943,257655.0
2025-12-23 22:00:00,0.12949,0.12989,0.12927,0.12934,82293.0
2025-12-23 22:15:00,0.12927,0.12968,0.12921,0.12945,328226.0
2025-12-23 22:30:00,0.12938,0.12957,0.12903,0.12954,177440.0
2025-12-23 22:45:00,0.1295,0.12962,0.12921,0.12937,45710.0
2025-12-23 23:00:00,0.12935,0.12936,0.129,0.12925,94229.0
2025-12-23 23:15:00,0.12919,0.12935,0.12908,0.12935,36882.0
2025-12-23 23:30:00,0.1293,0.1296,0.12916,0.12942,68626.0
2025-12-23 23:45:00,0.12941,0.12943,0.12915,0.12921,101004.0
2025-12-24 00:00:00,0.12922,0.12954,0.12905,0.12913,279439.0
2025-12-24 00:15:00,0.12912,0.12947,0.12909,0.12938,361398.0
2025-12-24 00:30:00,0.12941,0.12974,0.12926,0.12974,65961.0
2025-12-24 00:45:00,0.12975,0.12994,0.12956,0.1299,185946.0
2025-12-24 01:00:00,0.12998,0.13029,0.12988,0.13015,160594.0
2025-12-24 01:15:00,0.13016,0.13016,0.12986,0.12987,54622.0
2025-12-24 01:30:00,0.12981,0.13,0.12945,0.1295,444919.0
2025-12-24 01:45:00,0.12952,0.12978,0.12942,0.12973,116767.0
2025-12-24 02:00:00,0.12965,0.12972,0.12897,0.12912,91941.0
2025-12-24 02:15:00,0.12902,0.12917,0.12878,0.12885,3665087.0
2025-12-24 02:30:00,0.12888,0.12902,0.12771,0.12815,4585675.0
2025-12-24 02:45:00,0.1281,0.12846,0.12804,0.12823,614805.0
2025-12-24 03:00:00,0.12818,0.12818,0.12743,0.12753,535901.0
2025-12-24 03:15:00,0.12745,0.12803,0.12745,0.12792,147173.0
2025-12-24 03:30:00,0.128,0.12836,0.12797,0.12826,109567.0
2025-12-24 03:45:00,0.12834,0.12858,0.12831,0.12842,159268.0
2025-12-24 04:00:00,0.12848,0.12886,0.12825,0.12858,152214.0
2025-12-24 04:15:00,0.12859,0.12859,0.12806,0.12812,61976.0
2025-12-24 04:30:00,0.12807,0.12822,0.12779,0.1281,69882.0
2025-12-24 04:45:00,0.12807,0.12816,0.12755,0.12755,114267.0
2025-12-24 05:00:00,0.12753,0.12775,0.12753,0.12773,112750.0
2025-12-24 05:15:00,0.12767,0.1279,0.12735,0.12745,315836.0
2025-12-24 05:30:00,0.1275,0.12752,0.12703,0.12715,393201.0
2025-12-24 05:45:00,0.12713,0.12736,0.12697,0.12725,232950.0
2025-12-24 06:00:00,0.12723,0.12724,0.12664,0.12668,184610.0
2025-12-24 06:15:00,0.12666,0.12713,0.12666,0.12706,131422.0
2025-12-24 06:30:00,0.12708,0.12711,0.1268,0.1271,8021353.0
2025-12-24 06:45:00,0.1271,0.12724,0.12693,0.1271,2780976.0
2025-12-24 07:00:00,0.12717,0.12748,0.12716,0.12748,10629972.0
2025-12-24 07:15:00,0.1275,0.12753,0.12721,0.12731,307298.0
2025-12-24 07:30:00,0.12732,0.12761,0.12727,0.12744,90529.0
2025-12-24 07:45:00,0.12741,0.12752,0.12704,0.12704,449766.0
2025-12-24 08:00:00,0.12703,0.12715,0.12691,0.12697,115557.0
2025-12-24 08:15:00,0.12691,0.1271,0.12657,0.12692,1003286.0
2025-12-24 08:30:00,0.12689,0.12723,0.12642,0.12719,342783.0
2025-12-24 08:45:00,0.12718,0.12726,0.12702,0.12706,80395.0
2025-12-24 09:00:00,0.12719,0.12754,0.12719,0.12752,146918.0
2025-12-24 09:15:00,0.12749,0.12751,0.12726,0.12734,196792.0
2025-12-24 09:30:00,0.12735,0.12745,0.12717,0.12735,238035.0
2025-12-24 09:45:00,0.12735,0.12756,0.12725,0.12749,251161.0
2025-12-24 10:00:00,0.12744,0.1275,0.12721,0.12739,183799.0
2025-12-24 10:15:00,0.12743,0.12752,0.12729,0.12747,149679.0
2025-12-24 10:30:00,0.12746,0.12782,0.12744,0.12774,302587.0
2025-12-24 10:45:00,0.12774,0.12787,0.12752,0.12752,87869.0
2025-12-24 11:00:00,0.12752,0.12829,0.12752,0.1282,765476.0
2025-12-24 11:15:00,0.12825,0.1283,0.12803,0.12803,269258.0
2025-12-24 11:30:00,0.12799,0.12818,0.12797,0.12809,60193.0
2025-12-24 11:45:00,0.1281,0.12815,0.12792,0.12794,238853.0
2025-12-24 12:00:00,0.12792,0.12792,0.12765,0.12787,87436.0
2025-12-24 12:15:00,0.12785,0.12815,0.12781,0.12796,53705.0
2025-12-24 12:30:00,0.12799,0.12832,0.12798,0.1282,119923.0
2025-12-24 12:45:00,0.1282,0.12842,0.12808,0.12833,378268.0
2025-12-24 13:00:00,0.12831,0.12836,0.12807,0.12811,85382.0
2025-12-24 13:15:00,0.12804,0.12821,0.12804,0.12818,89892.0
2025-12-24 13:30:00,0.12819,0.12835,0.12763,0.12785,325001.0
2025-12-24 13:45:00,0.12785,0.12809,0.12785,0.12801,428196.0
2025-12-24 14:00:00,0.12809,0.12844,0.12808,0.12832,373669.0
2025-12-24 14:15:00,0.12837,0.12837,0.12784,0.1279,479270.0
2025-12-24 14:30:00,0.12788,0.12826,0.12676,0.12819,1734190.0
2025-12-24 14:45:00,0.12805,0.12854,0.1271,0.12723,615585.0
2025-12-24 15:00:00,0.12737,0.12766,0.12694,0.12732,488050.0
2025-12-24 15:15:00,0.12729,0.12749,0.12691,0.12722,434635.0
2025-12-24 15:30:00,0.12742,0.12833,0.12742,0.12818,601174.0
2025-12-24 15:45:00,0.12821,0.12835,0.12799,0.12835,163777.0
2025-12-24 16:00:00,0.1283,0.12874,0.1282,0.12865,480876.0
2025-12-24 16:15:00,0.1286,0.12871,0.12803,0.12819,165249.0
2025-12-24 16:30:00,0.12825,0.12932,0.12825,0.12903,1404391.0
2025-12-24 16:45:00,0.12895,0.12897,0.12852,0.12852,105133.0
2025-12-24 17:00:00,0.12874,0.12893,0.12858,0.12878,219660.0
2025-12-24 17:15:00,0.12868,0.12888,0.12863,0.12875,111761.0
2025-12-24 17:30:00,0.12882,0.12898,0.12823,0.1283,110706.0
2025-12-24 17:45:00,0.12834,0.12841,0.12784,0.12795,1095971.0
2025-12-24 18:00:00,0.12792,0.12802,0.12757,0.1277,557338.0
2025-12-24 18:15:00,0.12772,0.1281,0.12772,0.12803,98044.0
2025-12-24 18:30:00,0.12802,0.12816,0.12789,0.1281,144715.0
2025-12-24 18:45:00,0.12809,0.12811,0.12786,0.12791,66676.0
2025-12-24 19:00:00,0.12791,0.12802,0.12772,0.12779,63604.0
2025-12-24 19:15:00,0.12777,0.12782,0.12765,0.12782,324083.0
2025-12-24 19:30:00,0.12783,0.12796,0.12773,0.12793,143796.0
2025-12-24 19:45:00,0.12793,0.12811,0.12786,0.12811,103658.0
2025-12-24 20:00:00,0.12814,0.12842,0.12804,0.12827,144274.0
2025-12-24 20:15:00,0.12822,0.12852,0.1282,0.12842,56040.0
2025-12-24 20:30:00,0.12842,0.12866,0.12825,0.1283,40248.0
2025-12-24 20:45:00,0.12832,0.12843,0.12811,0.12811,148842.0
2025-12-24 21:00:00,0.1282,0.12853,0.1282,0.12843,49987.0
2025-12-24 21:15:00,0.12837,0.1284,0.12821,0.12833,34010.0
2025-12-24 21:30:00,0.12832,0.12868,0.1283,0.12865,59420.0
2025-12-24 21:45:00,0.12867,0.12867,0.12835,0.12853,313400.0
2025-12-24 22:00:00,0.12853,0.129,0.12846,0.12886,285112.0
2025-12-24 22:15:00,0.12893,0.12901,0.12871,0.12872,656806.0
2025-12-24 22:30:00,0.12878,0.12925,0.12878,0.12913,269679.0
2025-12-24 22:45:00,0.1291,0.1292,0.12901,0.12913,195247.0
2025-12-24 23:00:00,0.12918,0.12918,0.12875,0.12888,845853.0
2025-12-24 23:15:00,0.12891,0.12898,0.1285,0.12855,294895.0
2025-12-24 23:30:00,0.12855,0.12863,0.12847,0.12853,35362.0
2025-12-24 23:45:00,0.12855,0.12864,0.12849,0.12849,56224.0
2025-12-25 00:00:00,0.12847,0.12849,0.1283,0.12834,270979.0
2025-12-25 00:15:00,0.12843,0.1286,0.12822,0.12822,172021.0
2025-12-25 00:30:00,0.12819,0.12848,0.12814,0.12814,60152.0
2025-12-25 00:45:00,0.12818,0.12822,0.12784,0.12787,2550356.0
2025-12-25 01:00:00,0.12792,0.12822,0.12792,0.12822,129936.0
2025-12-25 01:15:00,0.1283,0.12839,0.12816,0.12821,279881.0
2025-12-25 01:30:00,0.12823,0.12848,0.12799,0.12848,137871.0
2025-12-25 01:45:00,0.12848,0.12863,0.12841,0.12859,2536745.0
2025-12-25 02:00:00,0.12857,0.12865,0.12836,0.12865,109880.0
2025-12-25 02:15:00,0.12867,0.12867,0.12851,0.12864,58983.0
2025-12-25 02:30:00,0.12867,0.12896,0.12864,0.12892,47006.0
2025-12-25 02:45:00,0.12896,0.12896,0.12861,0.1287,69869.0
2025-12-25 03:00:00,0.12875,0.12883,0.12844,0.1288,73796.0
2025-12-25 03:15:00,0.12882,0.12902,0.12865,0.1287,89781.0
2025-12-25 03:30:00,0.12873,0.12873,0.12847,0.12856,219046.0
2025-12-25 03:45:00,0.12852,0.12877,0.12843,0.12873,236652.0
2025-12-25 04:00:00,0.12873,0.12876,0.1285,0.12856,180922.0
2025-12-25 04:15:00,0.12866,0.12874,0.12863,0.12867,36050.0
2025-12-25 04:30:00,0.12871,0.12871,0.12855,0.12863,15781.0
2025-12-25 04:45:00,0.12868,0.12871,0.12854,0.12867,62631.0
2025-12-25 05:00:00,0.12867,0.12867,0.1283,0.12832,147820.0
2025-12-25 05:15:00,0.1283,0.1284,0.1282,0.12835,284536.0
2025-12-25 05:30:00,0.1283,0.12845,0.12825,0.12842,228297.0
2025-12-25 05:45:00,0.12844,0.12849,0.12834,0.12835,198470.0
2025-12-25 06:00:00,0.12835,0.12835,0.12803,0.1281,91276.0
2025-12-25 06:15:00,0.12814,0.12829,0.12814,0.12823,93666.0
2025-12-25 06:30:00,0.1282,0.12841,0.12818,0.12834,229748.0
2025-12-25 06:45:00,0.12835,0.12849,0.12829,0.12831,32658.0
2025-12-25 07:00:00,0.12832,0.12832,0.12801,0.12803,226611.0
2025-12-25 07:15:00,0.12803,0.12803,0.12779,0.12784,30394.0
2025-12-25 07:30:00,0.1278,0.12781,0.12767,0.12771,38054.0
2025-12-25 07:45:00,0.12779,0.12798,0.12771,0.12792,29866.0
2025-12-25 08:00:00,0.12787,0.12852,0.12785,0.12818,374466.0
2025-12-25 08:15:00,0.12813,0.12814,0.12676,0.12706,301922.0
2025-12-25 08:30:00,0.127,0.12724,0.12697,0.12724,181323.0
2025-12-25 08:45:00,0.12724,0.1275,0.12718,0.12734,153690.0
2025-12-25 09:00:00,0.12734,0.12738,0.12709,0.12722,148054.0
2025-12-25 09:15:00,0.12723,0.12728,0.1271,0.12727,227422.0
2025-12-25 09:30:00,0.12735,0.12736,0.1272,0.12732,626981.0
2025-12-25 09:45:00,0.1273,0.12745,0.1273,0.12738,53431.0
2025-12-25 10:00:00,0.12739,0.12739,0.12692,0.12695,259077.0
2025-12-25 10:15:00,0.12688,0.12702,0.12688,0.12695,90603.0
2025-12-25 10:30:00,0.12694,0.12694,0.1256,0.12596,1025184.0
2025-12-25 10:45:00,0.12585,0.12603,0.12583,0.12601,186417.0
2025-12-25 11:00:00,0.12597,0.12625,0.12595,0.12612,217105.0
2025-12-25 11:15:00,0.12614,0.12636,0.12613,0.12635,57165.0
2025-12-25 11:30:00,0.12635,0.12645,0.12612,0.12622,100355.0
2025-12-25 11:45:00,0.12621,0.12642,0.12616,0.12616,46826.0
2025-12-25 12:00:00,0.12616,0.12625,0.12607,0.12611,147346.0
2025-12-25 12:15:00,0.12607,0.12654,0.12607,0.12653,95951.0
2025-12-25 12:30:00,0.12656,0.12656,0.12639,0.1265,44500.0
2025-12-25 12:45:00,0.12648,0.12659,0.12646,0.12659,754594.0
2025-12-25 13:00:00,0.12664,0.12664,0.12612,0.12631,744543.0
2025-12-25 13:15:00,0.1263,0.1263,0.12589,0.12611,252449.0
2025-12-25 13:30:00,0.12616,0.12657,0.12606,0.12656,165425.0
2025-12-25 13:45:00,0.12646,0.12647,0.1263,0.12633,1688586.0
2025-12-25 14:00:00,0.12631,0.12642,0.12624,0.12624,513559.0
2025-12-25 14:15:00,0.1262,0.12624,0.12589,0.12597,283523.0
2025-12-25 14:30:00,0.12595,0.12622,0.12595,0.12622,121085.0
2025-12-25 14:45:00,0.12615,0.12639,0.12615,0.12631,55897.0
2025-12-25 15:00:00,0.12631,0.12644,0.12618,0.12637,94189.0
2025-12-25 15:15:00,0.12643,0.12718,0.12628,0.1269,770261.0
2025-12-25 15:30:00,0.1269,0.12795,0.12641,0.12788,682455.0
2025-12-25 15:45:00,0.12785,0.12813,0.12747,0.12752,2400167.0
2025-12-25 16:00:00,0.12756,0.12764,0.12718,0.12746,276888.0
2025-12-25 16:15:00,0.12753,0.1279,0.12749,0.1278,783366.0
2025-12-25 16:30:00,0.12782,0.12793,0.12743,0.1277,586386.0
2025-12-25 16:45:00,0.12764,0.12766,0.12676,0.12702,167676.0
2025-12-25 17:00:00,0.127,0.12718,0.12677,0.12708,261504.0
2025-12-25 17:15:00,0.12698,0.12709,0.12688,0.12689,14570.0
2025-12-25 17:30:00,0.12685,0.12691,0.12674,0.1268,176597.0
2025-12-25 17:45:00,0.12678,0.12714,0.12678,0.12698,179697.0
2025-12-25 18:00:00,0.12699,0.12743,0.12699,0.12728,119876.0
2025-12-25 18:15:00,0.1273,0.12731,0.12715,0.12725,32931.0
2025-12-25 18:30:00,0.12724,0.12759,0.12704,0.12733,151750.0
2025-12-25 18:45:00,0.1273,0.1275,0.1273,0.12735,108302.0
2025-12-25 19:00:00,0.12736,0.12743,0.12725,0.12729,83703.0
2025-12-25 19:15:00,0.12728,0.12728,0.12695,0.12703,86566.0
2025-12-25 19:30:00,0.12697,0.12711,0.12686,0.12708,38728.0
2025-12-25 19:45:00,0.12704,0.12708,0.12697,0.12708,27893.0
2025-12-25 20:00:00,0.12708,0.12722,0.12681,0.12715,49008.0
2025-12-25 20:15:00,0.12715,0.12721,0.12669,0.12669,84121.0
2025-12-25 20:30:00,0.12675,0.12692,0.12666,0.12673,97363.0
2025-12-25 20:45:00,0.12674,0.12702,0.12674,0.127,33837.0
2025-12-25 21:00:00,0.127,0.12718,0.12693,0.12717,290825.0
2025-12-25 21:15:00,0.12714,0.12722,0.12708,0.12722,31859.0
2025-12-25 21:30:00,0.12717,0.12717,0.12704,0.12708,60169.0
2025-12-25 21:45:00,0.12707,0.12709,0.12686,0.12691,117176.0
2025-12-25 22:00:00,0.12683,0.12686,0.1263,0.12637,204230.0
2025-12-25 22:15:00,0.1263,0.12653,0.12618,0.12639,83361.0
2025-12-25 22:30:00,0.12632,0.12646,0.12588,0.12588,392313.0
2025-12-25 22:45:00,0.12581,0.12581,0.123,0.12392,3914263.0
2025-12-25 23:00:00,0.12393,0.12453,0.12371,0.12443,1150409.0
2025-12-25 23:15:00,0.1244,0.12459,0.12396,0.12402,69663.0
2025-12-25 23:30:00,0.12397,0.12397,0.12293,0.12337,1140560.0
2025-12-25 23:45:00,0.12338,0.1237,0.12308,0.12359,455927.0
2025-12-26 00:00:00,0.12357,0.12392,0.12322,0.12345,1114576.0
2025-12-26 00:15:00,0.12347,0.12383,0.12322,0.12326,217771.0
2025-12-26 00:30:00,0.12349,0.12356,0.12309,0.12331,360806.0
2025-12-26 00:45:00,0.12334,0.12363,0.1233,0.12363,261734.0
2025-12-26 01:00:00,0.12364,0.12391,0.12351,0.12384,168172.0
2025-12-26 01:15:00,0.12393,0.12403,0.12381,0.12403,82165.0
2025-12-26 01:30:00,0.12403,0.12408,0.12394,0.12402,180091.0
2025-12-26 01:45:00,0.12401,0.12405,0.12387,0.12388,37387.0
2025-12-26 02:00:00,0.12391,0.1252,0.12377,0.1252,1121909.0
2025-12-26 02:15:00,0.1252,0.12716,0.1252,0.12651,3338115.0
2025-12-26 02:30:00,0.12672,0.12739,0.12629,0.12646,1526984.0
2025-12-26 02:45:00,0.12642,0.12651,0.12608,0.12622,509329.0
2025-12-26 03:00:00,0.12627,0.1264,0.12575,0.12583,978329.0
2025-12-26 03:15:00,0.12584,0.1259,0.12548,0.12561,242970.0
2025-12-26 03:30:00,0.12572,0.12572,0.12543,0.12566,26196.0
2025-12-26 03:45:00,0.1257,0.12602,0.1257,0.12596,189025.0
2025-12-26 04:00:00,0.126,0.126,0.12537,0.12551,319740.0
2025-12-26 04:15:00,0.1255,0.12566,0.12542,0.12548,163633.0
2025-12-26 04:30:00,0.12552,0.12593,0.12546,0.12583,88879.0
2025-12-26 04:45:00,0.12584,0.12586,0.12533,0.12566,234922.0
2025-12-26 05:00:00,0.12562,0.12564,0.12534,0.12534,37236.0
2025-12-26 05:15:00,0.12532,0.12537,0.12524,0.12533,82310.0
2025-12-26 05:30:00,0.12535,0.12538,0.12526,0.12535,340215.0
2025-12-26 05:45:00,0.12535,0.12565,0.12522,0.12563,184064.0
2025-12-26 06:00:00,0.12559,0.12604,0.12556,0.12591,168295.0
2025-12-26 06:15:00,0.12606,0.12612,0.12583,0.12585,476317.0
2025-12-26 06:30:00,0.1259,0.12608,0.12566,0.12602,534321.0
2025-12-26 06:45:00,0.12602,0.1261,0.12572,0.12591,77596.0
2025-12-26 07:00:00,0.12593,0.12614,0.12583,0.12614,241328.0
2025-12-26 07:15:00,0.1262,0.12663,0.12606,0.12645,182629.0
2025-12-26 07:30:00,0.12642,0.12642,0.1257,0.12588,201755.0
2025-12-26 07:45:00,0.12587,0.12596,0.1252,0.12534,654784.0
2025-12-26 08:00:00,0.12531,0.1259,0.12531,0.12587,487324.0
2025-12-26 08:15:00,0.12588,0.12594,0.12575,0.12575,252620.0
2025-12-26 08:30:00,0.12575,0.12575,0.12546,0.12552,55618.0
2025-12-26 08:45:00,0.12552,0.12577,0.12541,0.12577,417326.0
2025-12-26 09:00:00,0.12575,0.12575,0.12548,0.12551,137886.0
2025-12-26 09:15:00,0.12555,0.12577,0.12552,0.12569,521171.0
2025-12-26 09:30:00,0.1257,0.12577,0.12565,0.12572,309637.0
2025-12-26 09:45:00,0.12571,0.126,0.12571,0.12581,455223.0
2025-12-26 10:00:00,0.12582,0.12585,0.12563,0.12573,81319.0
2025-12-26 10:15:00,0.12572,0.12572,0.12552,0.1257,8221.0
2025-12-26 10:30:00,0.12574,0.12574,0.12556,0.12568,77101.0
2025-12-26 10:45:00,0.12569,0.12576,0.12563,0.12567,57382.0
2025-12-26 11:00:00,0.12566,0.12567,0.12548,0.1255,94432.0
2025-12-26 11:15:00,0.12552,0.12552,0.12532,0.12547,277516.0
2025-12-26 11:30:00,0.12541,0.12551,0.1253,0.12534,39974.0
2025-12-26 11:45:00,0.12533,0.12537,0.12522,0.12525,97913.0
2025-12-26 12:00:00,0.1253,0.12557,0.1253,0.12547,236590.0
2025-12-26 12:15:00,0.12546,0.12559,0.12536,0.12554,144348.0
2025-12-26 12:30:00,0.12553,0.12576,0.12547,0.12573,145748.0
2025-12-26 12:45:00,0.12578,0.12578,0.12565,0.1257,501720.0
2025-12-26 13:00:00,0.12569,0.12595,0.12559,0.12591,139602.0
2025-12-26 13:15:00,0.12587,0.12587,0.12568,0.12571,153638.0
2025-12-26 13:30:00,0.12569,0.12598,0.12561,0.12591,288224.0
2025-12-26 13:45:00,0.12591,0.1263,0.12591,0.12613,810230.0
2025-12-26 14:00:00,0.12612,0.12617,0.12588,0.12597,592020.0
2025-12-26 14:15:00,0.12598,0.12611,0.12591,0.12591,263304.0
2025-12-26 14:30:00,0.12588,0.1261,0.12487,0.12496,228722.0
2025-12-26 14:45:00,0.125,0.125,0.12236,0.12268,6657497.0
2025-12-26 15:00:00,0.12258,0.12258,0.12123,0.12161,3016152.0
2025-12-26 15:15:00,0.12163,0.12242,0.12147,0.12219,1687966.0
2025-12-26 15:30:00,0.12221,0.12252,0.12178,0.12197,1487317.0
2025-12-26 15:45:00,0.12201,0.12236,0.1218,0.12208,420507.0
2025-12-26 16:00:00,0.1221,0.12218,0.12181,0.12181,1130103.0
2025-12-26 16:15:00,0.12182,0.12213,0.12181,0.12205,158280.0
2025-12-26 16:30:00,0.1221,0.12216,0.12159,0.12185,462618.0
2025-12-26 16:45:00,0.12185,0.1219,0.12058,0.12066,1650920.0
2025-12-26 17:00:00,0.12069,0.1212,0.12065,0.12114,1177721.0
2025-12-26 17:15:00,0.12114,0.12176,0.12113,0.12161,2346771.0
2025-12-26 17:30:00,0.12174,0.12189,0.12141,0.12176,726012.0
2025-12-26 17:45:00,0.12176,0.12186,0.12143,0.12153,250869.0
2025-12-26 18:00:00,0.12155,0.12184,0.12149,0.12184,145553.0
2025-12-26 18:15:00,0.12181,0.12193,0.12178,0.12183,14144884.0
2025-12-26 18:30:00,0.12183,0.12217,0.12183,0.12199,294209.0
2025-12-26 18:45:00,0.12192,0.122,0.12167,0.12178,4498923.0
2025-12-26 19:00:00,0.12178,0.12218,0.12175,0.1219,621951.0
2025-12-26 19:15:00,0.12189,0.12206,0.12163,0.12195,432188.0
2025-12-26 19:30:00,0.12198,0.12224,0.12198,0.1222,266343.0
2025-12-26 19:45:00,0.12223,0.12234,0.12197,0.12204,357331.0
2025-12-26 20:00:00,0.12203,0.1221,0.12181,0.12193,744533.0
2025-12-26 20:15:00,0.12189,0.12232,0.12177,0.12228,603779.0
2025-12-26 20:30:00,0.12224,0.1223,0.12202,0.1223,297634.0
2025-12-26 20:45:00,0.12236,0.12253,0.12209,0.12214,582285.0
2025-12-26 21:00:00,0.12214,0.12218,0.12172,0.12187,383036.0
2025-12-26 21:15:00,0.12183,0.12201,0.12182,0.12191,111784.0
2025-12-26 21:30:00,0.12189,0.122,0.1217,0.12189,265949.0
2025-12-26 21:45:00,0.1219,0.12203,0.12167,0.12171,663963.0
2025-12-26 22:00:00,0.12172,0.12214,0.12161,0.12187,2136039.0
2025-12-26 22:15:00,0.12197,0.12213,0.12187,0.12197,665267.0
2025-12-26 22:30:00,0.12192,0.12205,0.12179,0.12182,89293.0
2025-12-26 22:45:00,0.1218,0.1221,0.12174,0.1221,113884.0
2025-12-26 23:00:00,0.12207,0.12212,0.12198,0.12205,196735.0
2025-12-26 23:15:00,0.12203,0.12205,0.12168,0.12196,147937.0
2025-12-26 23:30:00,0.12195,0.12202,0.12185,0.1219,85089.0
2025-12-26 23:45:00,0.12191,0.12208,0.12191,0.12206,17955.0
2025-12-27 00:00:00,0.12206,0.12207,0.12194,0.12198,551020.0
2025-12-27 00:15:00,0.122,0.12203,0.12189,0.12199,181323.0
2025-12-27 00:30:00,0.12199,0.12241,0.12199,0.12238,149543.0
2025-12-27 00:45:00,0.12238,0.12238,0.12212,0.12215,141593.0
2025-12-27 01:00:00,0.12216,0.1223,0.12216,0.1223,149340.0
2025-12-27 01:15:00,0.12217,0.12222,0.12208,0.1222,89508.0
2025-12-27 01:30:00,0.1222,0.12231,0.1222,0.12225,35897.0
2025-12-27 01:45:00,0.12225,0.1226,0.12221,0.1226,165391.0
2025-12-27 02:00:00,0.12263,0.12267,0.12225,0.1225,460669.0
2025-12-27 02:15:00,0.12253,0.12253,0.12229,0.12238,508594.0
2025-12-27 02:30:00,0.12238,0.1227,0.12238,0.1227,612788.0
2025-12-27 02:45:00,0.1227,0.12272,0.12257,0.12258,687438.0
2025-12-27 03:00:00,0.12259,0.12268,0.12247,0.12256,860957.0
2025-12-27 03:15:00,0.12259,0.12291,0.12259,0.1229,4142690.0
2025-12-27 03:30:00,0.1229,0.12337,0.12289,0.12309,14483782.0
2025-12-27 03:45:00,0.12309,0.12323,0.12305,0.12322,308738.0
2025-12-27 04:00:00,0.12332,0.12332,0.12289,0.12301,730102.0
2025-12-27 04:15:00,0.123,0.12302,0.12286,0.12286,197877.0
2025-12-27 04:30:00,0.12282,0.1229,0.12282,0.12285,174915.0
2025-12-27 04:45:00,0.12283,0.12289,0.12269,0.12276,137601.0
2025-12-27 05:00:00,0.12284,0.12285,0.12268,0.12276,98009.0
2025-12-27 05:15:00,0.12276,0.12284,0.12265,0.12274,240208.0
2025-12-27 05:30:00,0.12273,0.12282,0.12272,0.12277,267268.0
2025-12-27 05:45:00,0.12278,0.1229,0.12275,0.12277,372057.0
2025-12-27 06:00:00,0.12279,0.12287,0.12268,0.12274,452513.0
2025-12-27 06:15:00,0.12275,0.12275,0.12257,0.12265,468390.0
2025-12-27 06:30:00,0.12265,0.12269,0.12257,0.12265,323527.0
2025-12-27 06:45:00,0.12265,0.12273,0.12261,0.12264,60450.0
2025-12-27 07:00:00,0.12265,0.12301,0.12265,0.12287,255011.0
2025-12-27 07:15:00,0.12287,0.12317,0.12284,0.12289,269176.0
2025-12-27 07:30:00,0.12293,0.12295,0.1227,0.12272,130649.0
2025-12-27 07:45:00,0.12273,0.12278,0.12266,0.12268,131530.0
2025-12-27 08:00:00,0.12268,0.12277,0.12261,0.12261,757764.0
2025-12-27 08:15:00,0.12261,0.12279,0.12261,0.12265,156910.0
2025-12-27 08:30:00,0.12262,0.12269,0.1226,0.12265,422046.0
2025-12-27 08:45:00,0.12265,0.12265,0.1224,0.12247,332720.0
2025-12-27 09:00:00,0.12247,0.12264,0.12245,0.12264,232428.0
2025-12-27 09:15:00,0.12264,0.12274,0.1225,0.12255,667421.0
2025-12-27 09:30:00,0.12257,0.1227,0.12257,0.1227,277130.0
2025-12-27 09:45:00,0.12266,0.12275,0.1226,0.12264,85616.0
2025-12-27 10:00:00,0.12265,0.12273,0.1226,0.12262,154512.0
2025-12-27 10:15:00,0.12262,0.1228,0.12229,0.12232,448618.0
2025-12-27 10:30:00,0.12232,0.12245,0.12201,0.12223,280243.0
2025-12-27 10:45:00,0.1222,0.12247,0.12218,0.12244,471655.0
2025-12-27 11:00:00,0.12244,0.12244,0.12219,0.12231,479209.0
2025-12-27 11:15:00,0.12232,0.12279,0.12229,0.12268,192395.0
2025-12-27 11:30:00,0.12274,0.12285,0.12263,0.12271,243734.0
2025-12-27 11:45:00,0.1227,0.12305,0.1227,0.12298,98718.0
2025-12-27 12:00:00,0.12306,0.1233,0.12293,0.12295,140590.0
2025-12-27 12:15:00,0.12295,0.12303,0.12281,0.12286,70239.0
2025-12-27 12:30:00,0.12284,0.12295,0.12283,0.12288,89342.0
2025-12-27 12:45:00,0.12289,0.1229,0.12272,0.12282,57525.0
2025-12-27 13:00:00,0.12284,0.12288,0.12268,0.12271,196559.0
2025-12-27 13:15:00,0.12271,0.12287,0.12259,0.12272,46888.0
2025-12-27 13:30:00,0.12276,0.12288,0.12257,0.12286,46690.0
2025-12-27 13:45:00,0.12287,0.12287,0.12261,0.12264,29330.0
2025-12-27 14:00:00,0.12265,0.12272,0.1224,0.12258,233399.0
2025-12-27 14:15:00,0.12256,0.12263,0.12241,0.1226,145094.0
2025-12-27 14:30:00,0.1226,0.12284,0.1226,0.12284,82236.0
2025-12-27 14:45:00,0.12279,0.12289,0.12269,0.12273,27429.0
2025-12-27 15:00:00,0.12274,0.12296,0.12267,0.12291,396891.0
2025-12-27 15:15:00,0.12288,0.12297,0.12277,0.12287,208988.0
2025-12-27 15:30:00,0.12288,0.12307,0.12285,0.12295,307254.0
2025-12-27 15:45:00,0.12295,0.12314,0.12293,0.12296,211287.0
2025-12-27 16:00:00,0.12295,0.12323,0.12295,0.12305,435521.0
2025-12-27 16:15:00,0.12305,0.12307,0.12273,0.12273,148966.0
2025-12-27 16:30:00,0.12289,0.12312,0.12283,0.12283,341614.0
2025-12-27 16:45:00,0.12288,0.1229,0.1226,0.12266,122212.0
2025-12-27 17:00:00,0.12268,0.12274,0.12257,0.12267,613621.0
2025-12-27 17:15:00,0.12266,0.1229,0.12266,0.12287,461702.0
2025-12-27 17:30:00,0.12283,0.12288,0.12268,0.12277,148109.0
2025-12-27 17:45:00,0.12277,0.12296,0.12277,0.12292,56262.0
2025-12-27 18:00:00,0.1229,0.12291,0.12281,0.12281,158536.0
2025-12-27 18:15:00,0.12283,0.12297,0.12275,0.12297,203606.0
2025-12-27 18:30:00,0.12297,0.12301,0.12281,0.12281,62465.0
2025-12-27 18:45:00,0.12281,0.12292,0.12279,0.12286,213585.0
2025-12-27 19:00:00,0.12287,0.12288,0.12276,0.12286,47740.0
2025-12-27 19:15:00,0.1229,0.12291,0.12285,0.12285,76813.0
2025-12-27 19:30:00,0.12285,0.1229,0.12272,0.12281,75857.0
2025-12-27 19:45:00,0.12284,0.1229,0.1228,0.12285,39979.0
2025-12-27 20:00:00,0.12293,0.12326,0.1229,0.12305,170271.0
2025-12-27 20:15:00,0.12308,0.12313,0.12286,0.12296,507860.0
2025-12-27 20:30:00,0.12292,0.12305,0.12292,0.12298,326112.0
2025-12-27 20:45:00,0.12299,0.12299,0.12288,0.12296,34117.0
2025-12-27 21:00:00,0.12296,0.1236,0.12295,0.12347,269976.0
2025-12-27 21:15:00,0.12351,0.12351,0.12322,0.12331,30584.0
2025-12-27 21:30:00,0.12332,0.12346,0.12326,0.1233,55951.0
2025-12-27 21:45:00,0.12331,0.12366,0.12331,0.12352,178836.0
2025-12-27 22:00:00,0.12353,0.12425,0.12346,0.12417,452082.0
2025-12-27 22:15:00,0.12427,0.12447,0.12369,0.1237,193296.0
2025-12-27 22:30:00,0.12368,0.1237,0.12322,0.12322,115200.0
2025-12-27 22:45:00,0.12321,0.12344,0.12311,0.12325,296984.0
2025-12-27 23:00:00,0.12326,0.12368,0.12322,0.12357,155700.0
2025-12-27 23:15:00,0.1236,0.12418,0.12359,0.12403,173581.0
2025-12-27 23:30:00,0.12409,0.12409,0.12384,0.12392,39481.0
2025-12-27 23:45:00,0.12392,0.12482,0.12388,0.1243,1396554.0
2025-12-28 00:00:00,0.12432,0.12456,0.12426,0.12426,1165857.0
2025-12-28 00:15:00,0.12427,0.1243,0.12399,0.12399,753622.0
2025-12-28 00:30:00,0.124,0.1242,0.12396,0.12407,91171.0
2025-12-28 00:45:00,0.1241,0.12423,0.12401,0.12405,172500.0
2025-12-28 01:00:00,0.12405,0.12415,0.12386,0.12386,274219.0
2025-12-28 01:15:00,0.12383,0.12383,0.12367,0.12377,403318.0
2025-12-28 01:30:00,0.12371,0.12386,0.12364,0.12373,53428.0
2025-12-28 01:45:00,0.12366,0.12379,0.12365,0.12379,60153.0
2025-12-28 02:00:00,0.12376,0.12391,0.12374,0.12383,119204.0
2025-12-28 02:15:00,0.12385,0.12424,0.12385,0.12415,49194.0
2025-12-28 02:30:00,0.12409,0.12421,0.12405,0.12412,73052.0
2025-12-28 02:45:00,0.12414,0.12415,0.12395,0.12401,187653.0
2025-12-28 03:00:00,0.12402,0.12406,0.1239,0.12402,143374.0
2025-12-28 03:15:00,0.12403,0.12405,0.12391,0.12391,37608.0
2025-12-28 03:30:00,0.12405,0.12415,0.12398,0.12398,32937.0
2025-12-28 03:45:00,0.12404,0.12412,0.12393,0.12408,60636.0
2025-12-28 04:00:00,0.12399,0.12419,0.12398,0.12414,86395.0
2025-12-28 04:15:00,0.12412,0.12414,0.12402,0.12408,67292.0
2025-12-28 04:30:00,0.12411,0.12417,0.12394,0.12406,147611.0
2025-12-28 04:45:00,0.12406,0.12406,0.12396,0.12398,56336.0
2025-12-28 05:00:00,0.12395,0.12402,0.12381,0.12397,1261480.0
2025-12-28 05:15:00,0.12396,0.12399,0.12372,0.12387,264838.0
2025-12-28 05:30:00,0.12387,0.12402,0.12386,0.12394,667352.0
2025-12-28 05:45:00,0.12394,0.12399,0.12376,0.12384,783656.0
2025-12-28 06:00:00,0.12385,0.12396,0.12379,0.12396,283968.0
2025-12-28 06:15:00,0.12392,0.12403,0.12387,0.12397,134996.0
2025-12-28 06:30:00,0.124,0.12425,0.12396,0.12416,51052.0
2025-12-28 06:45:00,0.12417,0.12419,0.12404,0.12414,85501.0
2025-12-28 07:00:00,0.12411,0.12433,0.12405,0.12424,53491.0
2025-12-28 07:15:00,0.12423,0.12426,0.12406,0.12411,66448.0
2025-12-28 07:30:00,0.12409,0.12416,0.12408,0.12412,87931.0
2025-12-28 07:45:00,0.12412,0.12422,0.12409,0.12412,162427.0
2025-12-28 08:00:00,0.12412,0.12423,0.12408,0.12414,543996.0
2025-12-28 08:15:00,0.12416,0.12416,0.12386,0.12392,195137.0
2025-12-28 08:30:00,0.1239,0.12431,0.12389,0.12407,175608.0
2025-12-28 08:45:00,0.12408,0.12415,0.12397,0.12397,31870.0
2025-12-28 09:00:00,0.12396,0.12396,0.12383,0.12389,271657.0
2025-12-28 09:15:00,0.12389,0.12394,0.12384,0.12394,1195542.0
2025-12-28 09:30:00,0.12394,0.12397,0.12345,0.12364,2438699.0
2025-12-28 09:45:00,0.12357,0.12367,0.12351,0.12364,244980.0
2025-12-28 10:00:00,0.12368,0.12409,0.12366,0.12402,1279761.0
2025-12-28 10:15:00,0.12396,0.12405,0.12396,0.124,1170622.0
2025-12-28 10:30:00,0.1241,0.12417,0.12383,0.12393,44631.0
2025-12-28 10:45:00,0.12393,0.12393,0.12381,0.12382,61897.0
2025-12-28 11:00:00,0.12381,0.12408,0.12381,0.12408,1154690.0
2025-12-28 11:15:00,0.12406,0.12411,0.124,0.12404,136991.0
2025-12-28 11:30:00,0.12403,0.12403,0.12372,0.1238,124181.0
2025-12-28 11:45:00,0.1238,0.12395,0.12374,0.12392,193135.0
2025-12-28 12:00:00,0.12392,0.12408,0.12379,0.12408,245976.0
2025-12-28 12:15:00,0.12404,0.12419,0.124,0.12413,132995.0
2025-12-28 12:30:00,0.12419,0.12419,0.12389,0.12389,65573.0
2025-12-28 12:45:00,0.12392,0.12398,0.12385,0.12392,168096.0
2025-12-28 13:00:00,0.12391,0.12411,0.12388,0.12395,120531.0
2025-12-28 13:15:00,0.12392,0.12407,0.12392,0.12395,273791.0
2025-12-28 13:30:00,0.12396,0.12413,0.12393,0.12406,272485.0
2025-12-28 13:45:00,0.12407,0.12418,0.12399,0.12415,87946.0
2025-12-28 14:00:00,0.12412,0.12445,0.1241,0.12426,135480.0
2025-12-28 14:15:00,0.12423,0.12466,0.12422,0.12458,116125.0
2025-12-28 14:30:00,0.12457,0.1247,0.12433,0.12458,148061.0
2025-12-28 14:45:00,0.12462,0.12472,0.12438,0.12443,108735.0
2025-12-28 15:00:00,0.12442,0.12476,0.12434,0.12469,193209.0
2025-12-28 15:15:00,0.12478,0.12484,0.12452,0.12452,582374.0
2025-12-28 15:30:00,0.12447,0.12447,0.1242,0.12429,54812.0
2025-12-28 15:45:00,0.12434,0.12444,0.12413,0.12419,79488.0
2025-12-28 16:00:00,0.12426,0.12446,0.12426,0.12444,378133.0
2025-12-28 16:15:00,0.12442,0.12457,0.12399,0.1242,85744.0
2025-12-28 16:30:00,0.12421,0.12425,0.12402,0.12403,77359.0
2025-12-28 16:45:00,0.12406,0.12414,0.12401,0.1241,136343.0
2025-12-28 17:00:00,0.12409,0.12443,0.12409,0.12438,105320.0
2025-12-28 17:15:00,0.1244,0.12453,0.12427,0.12428,138532.0
2025-12-28 17:30:00,0.12427,0.12429,0.12413,0.12424,62957.0
2025-12-28 17:45:00,0.12426,0.12429,0.12416,0.12417,118523.0
2025-12-28 18:00:00,0.12418,0.12422,0.12378,0.12379,82676.0
2025-12-28 18:15:00,0.12379,0.12382,0.12308,0.12382,2846489.0
2025-12-28 18:30:00,0.12373,0.12387,0.12366,0.12366,93416.0
2025-12-28 18:45:00,0.12366,0.12366,0.1233,0.1233,133217.0
2025-12-28 19:00:00,0.1233,0.12369,0.12319,0.12367,288072.0
2025-12-28 19:15:00,0.12362,0.12373,0.12331,0.12331,73989.0
2025-12-28 19:30:00,0.12336,0.12349,0.12331,0.12333,212358.0
2025-12-28 19:45:00,0.1233,0.12347,0.12328,0.12342,67412.0
2025-12-28 20:00:00,0.12338,0.12346,0.12314,0.12338,79970.0
2025-12-28 20:15:00,0.12344,0.12352,0.12332,0.12332,80326.0
2025-12-28 20:30:00,0.12332,0.12343,0.12329,0.12342,85865.0
2025-12-28 20:45:00,0.12338,0.12351,0.12314,0.12316,92336.0
2025-12-28 21:00:00,0.12314,0.12315,0.12273,0.12292,404048.0
2025-12-28 21:15:00,0.12294,0.123,0.12275,0.12297,41861.0
2025-12-28 21:30:00,0.12295,0.12335,0.12292,0.12325,155445.0
2025-12-28 21:45:00,0.12324,0.12339,0.12323,0.12339,105102.0
2025-12-28 22:00:00,0.1234,0.12342,0.1229,0.12306,257017.0
2025-12-28 22:15:00,0.12305,0.12325,0.12298,0.1232,83142.0
2025-12-28 22:30:00,0.12318,0.12341,0.12307,0.12337,29629.0
2025-12-28 22:45:00,0.12343,0.12398,0.12342,0.12388,197345.0
2025-12-28 23:00:00,0.12393,0.12402,0.12333,0.12334,303465.0
2025-12-28 23:15:00,0.12347,0.12361,0.12337,0.12337,108797.0
2025-12-28 23:30:00,0.12332,0.12374,0.12319,0.12373,34893.0
2025-12-28 23:45:00,0.12368,0.12402,0.12368,0.12384,162515.0
2025-12-29 00:00:00,0.12392,0.12405,0.12374,0.12389,255348.0
2025-12-29 00:15:00,0.12391,0.12462,0.12383,0.12456,246395.0
2025-12-29 00:30:00,0.12459,0.12564,0.12459,0.12506,1425516.0
2025-12-29 00:45:00,0.12502,0.12538,0.12502,0.12511,881742.0
2025-12-29 01:00:00,0.12511,0.12518,0.12463,0.12475,886383.0
2025-12-29 01:15:00,0.12472,0.12494,0.12438,0.12481,1218483.0
2025-12-29 01:30:00,0.12478,0.1259,0.12469,0.12551,1797723.0
2025-12-29 01:45:00,0.12566,0.12599,0.12543,0.12566,55486.0
2025-12-29 02:00:00,0.12581,0.12703,0.12581,0.12686,2985311.0
2025-12-29 02:15:00,0.12683,0.12692,0.12603,0.12636,1225278.0
2025-12-29 02:30:00,0.12641,0.12656,0.1259,0.12617,1019778.0
2025-12-29 02:45:00,0.12618,0.12647,0.12617,0.12637,469068.0
2025-12-29 03:00:00,0.12643,0.12674,0.12628,0.12671,1537835.0
2025-12-29 03:15:00,0.12668,0.12668,0.12641,0.12649,279251.0
2025-12-29 03:30:00,0.1265,0.12754,0.12637,0.12746,923730.0
2025-12-29 03:45:00,0.12746,0.12769,0.12721,0.12743,520749.0
2025-12-29 04:00:00,0.12743,0.12779,0.12743,0.12771,333910.0
2025-12-29 04:15:00,0.12775,0.12798,0.12741,0.12759,1302761.0
2025-12-29 04:30:00,0.12759,0.12794,0.12743,0.1276,355801.0
2025-12-29 04:45:00,0.1276,0.1276,0.12726,0.12732,1120262.0
2025-12-29 05:00:00,0.12732,0.12757,0.12719,0.12757,294987.0
2025-12-29 05:15:00,0.12749,0.12755,0.12715,0.12718,212579.0
2025-12-29 05:30:00,0.12716,0.12737,0.12713,0.12731,633010.0
2025-12-29 05:45:00,0.1273,0.1273,0.12684,0.12684,125356.0
2025-12-29 06:00:00,0.12685,0.12699,0.12657,0.12697,272236.0
2025-12-29 06:15:00,0.12697,0.12715,0.12678,0.12678,286523.0
2025-12-29 06:30:00,0.12685,0.12697,0.1268,0.12696,218867.0
2025-12-29 06:45:00,0.12691,0.12696,0.12679,0.12691,356993.0
2025-12-29 07:00:00,0.12693,0.1271,0.12623,0.12684,6227728.0
2025-12-29 07:15:00,0.12686,0.12688,0.12643,0.1265,254155.0
2025-12-29 07:30:00,0.1265,0.12708,0.12647,0.12681,233705.0
2025-12-29 07:45:00,0.12686,0.12718,0.12686,0.12709,90832.0
2025-12-29 08:00:00,0.1271,0.12718,0.12682,0.12693,497536.0
2025-12-29 08:15:00,0.12696,0.1271,0.12683,0.12695,251468.0
2025-12-29 08:30:00,0.12695,0.127,0.12662,0.12665,131395.0
2025-12-29 08:45:00,0.12664,0.12684,0.12644,0.12661,309827.0
2025-12-29 09:00:00,0.12665,0.1267,0.12634,0.1265,278964.0
2025-12-29 09:15:00,0.12646,0.12672,0.12641,0.12655,488749.0
2025-12-29 09:30:00,0.12656,0.12662,0.12473,0.12486,2177474.0
2025-12-29 09:45:00,0.1247,0.12488,0.1243,0.12488,2674639.0
2025-12-29 10:00:00,0.12487,0.12566,0.12478,0.12547,1022824.0
2025-12-29 10:15:00,0.12539,0.12566,0.12532,0.12543,1043963.0
2025-12-29 10:30:00,0.12539,0.12556,0.12537,0.12556,483263.0
2025-12-29 10:45:00,0.12557,0.1257,0.1252,0.12523,437177.0
2025-12-29 11:00:00,0.12522,0.12541,0.12511,0.1254,322004.0
2025-12-29 11:15:00,0.12529,0.12541,0.1251,0.1252,24637.0
2025-12-29 11:30:00,0.12511,0.12521,0.12502,0.12513,170366.0
2025-12-29 11:45:00,0.12509,0.1251,0.12484,0.12484,274797.0
2025-12-29 12:00:00,0.12482,0.12489,0.12262,0.1229,1364732.0
2025-12-29 12:15:00,0.12284,0.12365,0.12244,0.12342,944140.0
2025-12-29 12:30:00,0.12342,0.12369,0.12336,0.12356,227203.0
2025-12-29 12:45:00,0.12361,0.12393,0.12343,0.12386,157379.0
2025-12-29 13:00:00,0.12385,0.12394,0.12348,0.12349,352930.0
2025-12-29 13:15:00,0.1235,0.12369,0.12337,0.12342,97542.0
2025-12-29 13:30:00,0.12341,0.12356,0.12336,0.12339,147129.0
2025-12-29 13:45:00,0.12342,0.12348,0.12309,0.12348,152433.0
2025-12-29 14:00:00,0.12348,0.12357,0.12331,0.12352,199372.0
2025-12-29 14:15:00,0.12354,0.12372,0.12322,0.12372,291201.0
2025-12-29 14:30:00,0.12348,0.12482,0.12348,0.12451,957730.0
2025-12-29 14:45:00,0.12445,0.12456,0.12341,0.12363,462964.0
2025-12-29 15:00:00,0.12363,0.12447,0.12349,0.12447,616625.0
2025-12-29 15:15:00,0.12449,0.12462,0.12394,0.12429,436561.0
2025-12-29 15:30:00,0.12429,0.12456,0.12425,0.12456,401795.0
2025-12-29 15:45:00,0.12445,0.12455,0.12395,0.12403,146471.0
2025-12-29 16:00:00,0.12406,0.12406,0.12372,0.12388,426992.0
2025-12-29 16:15:00,0.12378,0.12383,0.12324,0.12343,395932.0
2025-12-29 16:30:00,0.12338,0.12371,0.12338,0.12359,791809.0
2025-12-29 16:45:00,0.12358,0.12391,0.12354,0.12359,489950.0
2025-12-29 17:00:00,0.1236,0.12375,0.12346,0.12357,101307.0
2025-12-29 17:15:00,0.12348,0.12378,0.12326,0.12335,409303.0
2025-12-29 17:30:00,0.12345,0.12345,0.12319,0.12328,409056.0
2025-12-29 17:45:00,0.12337,0.12395,0.12337,0.12389,131981.0
2025-12-29 18:00:00,0.12398,0.12405,0.12352,0.1236,119900.0
2025-12-29 18:15:00,0.12358,0.12374,0.12347,0.12349,266669.0
2025-12-29 18:30:00,0.12353,0.12363,0.12328,0.12337,66379.0
2025-12-29 18:45:00,0.12329,0.1233,0.12263,0.12293,601349.0
2025-12-29 19:00:00,0.12296,0.1234,0.12279,0.12319,299684.0
2025-12-29 19:15:00,0.12318,0.12335,0.12303,0.12305,53440.0
2025-12-29 19:30:00,0.12312,0.12325,0.12279,0.12281,87512.0
2025-12-29 19:45:00,0.12283,0.12291,0.12276,0.12277,139830.0
2025-12-29 20:00:00,0.12278,0.12286,0.12247,0.1228,224960.0
2025-12-29 20:15:00,0.12284,0.12296,0.12243,0.12244,139021.0
2025-12-29 20:30:00,0.12249,0.12261,0.12221,0.12235,74778.0
2025-12-29 20:45:00,0.12239,0.1225,0.12219,0.12242,364959.0
2025-12-29 21:00:00,0.12241,0.12276,0.12235,0.12273,456238.0
2025-12-29 21:15:00,0.12276,0.12278,0.12266,0.1227,34983.0
2025-12-29 21:30:00,0.12271,0.12294,0.1226,0.12294,43011.0
2025-12-29 21:45:00,0.12287,0.12291,0.12279,0.12286,28702.0
2025-12-29 22:00:00,0.12281,0.12281,0.12234,0.12245,399450.0
2025-12-29 22:15:00,0.12251,0.12284,0.12251,0.12275,589591.0
2025-12-29 22:30:00,0.12272,0.1232,0.12272,0.12315,48301.0
2025-12-29 22:45:00,0.12303,0.12312,0.12277,0.12277,28058.0
2025-12-29 23:00:00,0.12282,0.12305,0.12267,0.12305,124749.0
2025-12-29 23:15:00,0.12305,0.12311,0.12286,0.12286,81467.0
2025-12-29 23:30:00,0.12282,0.1229,0.12272,0.12277,77677.0
2025-12-29 23:45:00,0.12273,0.12285,0.12271,0.12282,798599.0
2025-12-30 00:00:00,0.12281,0.123,0.12273,0.12299,608638.0
2025-12-30 00:15:00,0.12293,0.12304,0.12279,0.12279,128894.0
2025-12-30 00:30:00,0.12274,0.1228,0.1225,0.12268,316396.0
2025-12-30 00:45:00,0.12273,0.1228,0.12271,0.12277,216773.0
2025-12-30 01:00:00,0.12277,0.12278,0.1225,0.12263,177766.0
2025-12-30 01:15:00,0.12261,0.12287,0.12252,0.12261,188043.0
2025-12-30 01:30:00,0.12264,0.12282,0.12249,0.12277,134853.0
2025-12-30 01:45:00,0.12274,0.123,0.12274,0.12284,159073.0
2025-12-30 02:00:00,0.12287,0.12287,0.12239,0.12257,212858.0
2025-12-30 02:15:00,0.12258,0.12284,0.12254,0.12258,269635.0
2025-12-30 02:30:00,0.12257,0.12266,0.12235,0.12259,121274.0
2025-12-30 02:45:00,0.12254,0.12269,0.12251,0.12266,79139.0
2025-12-30 03:00:00,0.12266,0.12273,0.12255,0.12272,98128.0
2025-12-30 03:15:00,0.12262,0.12309,0.12246,0.12308,278277.0
2025-12-30 03:30:00,0.12309,0.12327,0.12306,0.12326,21123.0
2025-12-30 03:45:00,0.1233,0.12363,0.1232,0.12341,383250.0
2025-12-30 04:00:00,0.12342,0.12342,0.12318,0.12323,103182.0
2025-12-30 04:15:00,0.12321,0.12353,0.1232,0.12349,128854.0
2025-12-30 04:30:00,0.12353,0.12359,0.12346,0.12355,35343.0
2025-12-30 04:45:00,0.12354,0.12355,0.1234,0.12343,75717.0
2025-12-30 05:00:00,0.12339,0.12342,0.12329,0.12341,353429.0
2025-12-30 05:15:00,0.12338,0.12342,0.12321,0.12321,67438.0
2025-12-30 05:30:00,0.12319,0.12319,0.12281,0.12293,277790.0
2025-12-30 05:45:00,0.12294,0.12303,0.1229,0.12291,62581.0
2025-12-30 06:00:00,0.12289,0.12323,0.12287,0.1232,445391.0
2025-12-30 06:15:00,0.12325,0.12331,0.12306,0.12318,22278.0
2025-12-30 06:30:00,0.12314,0.12344,0.1231,0.1234,332422.0
2025-12-30 06:45:00,0.12336,0.12353,0.12322,0.12322,86070.0
2025-12-30 07:00:00,0.1232,0.12359,0.12316,0.12354,36789.0
2025-12-30 07:15:00,0.12356,0.12362,0.12323,0.12333,1053523.0
2025-12-30 07:30:00,0.12328,0.12376,0.12325,0.1237,339588.0
2025-12-30 07:45:00,0.12371,0.12376,0.12359,0.12364,145773.0
2025-12-30 08:00:00,0.12367,0.12473,0.12367,0.12439,1004839.0
2025-12-30 08:15:00,0.12436,0.12478,0.1241,0.12447,1106792.0
2025-12-30 08:30:00,0.12446,0.12473,0.12437,0.12456,223414.0
2025-12-30 08:45:00,0.12455,0.12461,0.12444,0.12447,174996.0
2025-12-30 09:00:00,0.12452,0.12485,0.12442,0.12454,191591.0
2025-12-30 09:15:00,0.1245,0.12458,0.12425,0.12436,246386.0
2025-12-30 09:30:00,0.12435,0.12445,0.12428,0.12442,125788.0
2025-12-30 09:45:00,0.12443,0.12473,0.12443,0.12454,117735.0
2025-12-30 10:00:00,0.12459,0.12506,0.1245,0.12495,5191202.0
2025-12-30 10:15:00,0.12493,0.12498,0.12488,0.12489,71853.0
2025-12-30 10:30:00,0.12481,0.12486,0.12457,0.1248,206565.0
2025-12-30 10:45:00,0.12481,0.12485,0.12448,0.12448,244544.0
2025-12-30 11:00:00,0.12444,0.12479,0.12437,0.12475,153384.0
2025-12-30 11:15:00,0.12475,0.12491,0.12464,0.12465,857215.0
2025-12-30 11:30:00,0.1246,0.1247,0.12448,0.12451,81602.0
2025-12-30 11:45:00,0.12464,0.1247,0.12436,0.12448,308001.0
2025-12-30 12:00:00,0.12453,0.12479,0.12448,0.12474,43098.0
2025-12-30 12:15:00,0.12473,0.12473,0.1245,0.12455,219102.0
2025-12-30 12:30:00,0.12454,0.12455,0.12372,0.12391,7873475.0
2025-12-30 12:45:00,0.12389,0.12389,0.12353,0.12368,160189.0
2025-12-30 13:00:00,0.12369,0.12387,0.12352,0.12376,318277.0
2025-12-30 13:15:00,0.12377,0.12413,0.12377,0.12401,171099.0
2025-12-30 13:30:00,0.12406,0.12427,0.12375,0.12399,3221299.0
2025-12-30 13:45:00,0.12402,0.12419,0.12396,0.12412,70753.0
2025-12-30 14:00:00,0.1241,0.1241,0.12315,0.12375,712636.0
2025-12-30 14:15:00,0.12376,0.12406,0.12351,0.12351,499500.0
2025-12-30 14:30:00,0.12349,0.12404,0.12326,0.12381,1225009.0
2025-12-30 14:45:00,0.12379,0.12522,0.12365,0.1248,1121745.0
2025-12-30 15:00:00,0.12482,0.12496,0.12381,0.12414,1120547.0
2025-12-30 15:15:00,0.12413,0.12441,0.124,0.12436,230521.0
2025-12-30 15:30:00,0.12438,0.12445,0.1242,0.12442,138024.0
2025-12-30 15:45:00,0.12434,0.12469,0.12431,0.12449,202588.0
2025-12-30 16:00:00,0.12453,0.12459,0.12411,0.12417,550800.0
2025-12-30 16:15:00,0.12416,0.12488,0.12416,0.12455,255098.0
2025-12-30 16:30:00,0.12459,0.12459,0.12395,0.12405,110505.0
2025-12-30 16:45:00,0.124,0.12415,0.12385,0.12415,753460.0
2025-12-30 17:00:00,0.12412,0.12432,0.12409,0.12417,139543.0
2025-12-30 17:15:00,0.12419,0.12419,0.12392,0.124,83421.0
2025-12-30 17:30:00,0.12402,0.12414,0.12383,0.12389,167604.0
2025-12-30 17:45:00,0.12387,0.12388,0.12337,0.12368,571138.0
2025-12-30 18:00:00,0.12368,0.12377,0.12356,0.1236,354425.0
2025-12-30 18:15:00,0.12361,0.12362,0.12347,0.12353,173185.0
2025-12-30 18:30:00,0.12349,0.12355,0.12338,0.12346,199231.0
2025-12-30 18:45:00,0.12342,0.12343,0.12305,0.12333,331330.0
2025-12-30 19:00:00,0.12335,0.12335,0.12254,0.12284,597171.0
2025-12-30 19:15:00,0.12289,0.12332,0.12281,0.12326,477437.0
2025-12-30 19:30:00,0.12323,0.12336,0.12303,0.12306,95432.0
2025-12-30 19:45:00,0.12306,0.12325,0.12297,0.12325,270655.0
2025-12-30 20:00:00,0.12325,0.12326,0.12302,0.12302,52427.0
2025-12-30 20:15:00,0.12303,0.12316,0.12259,0.12271,21650440.0
2025-12-30 20:30:00,0.12271,0.12275,0.1226,0.12262,617754.0
2025-12-30 20:45:00,0.12262,0.1227,0.12252,0.12259,1000766.0
2025-12-30 21:00:00,0.12258,0.12285,0.12253,0.12285,389291.0
2025-12-30 21:15:00,0.12286,0.12286,0.12259,0.12263,1547771.0
2025-12-30 21:30:00,0.12265,0.1227,0.1226,0.12269,447083.0
2025-12-30 21:45:00,0.12277,0.12285,0.12268,0.12278,370075.0
2025-12-30 22:00:00,0.12279,0.12309,0.12273,0.12303,660899.0
2025-12-30 22:15:00,0.12304,0.12319,0.123,0.12313,1574491.0
2025-12-30 22:30:00,0.12312,0.12318,0.12304,0.12315,257146.0
2025-12-30 22:45:00,0.12314,0.12324,0.12313,0.12318,378901.0
2025-12-30 23:00:00,0.12316,0.12329,0.12303,0.12314,326661.0
2025-12-30 23:15:00,0.12317,0.12335,0.12309,0.12335,1310661.0
2025-12-30 23:30:00,0.12336,0.12341,0.12321,0.12323,1991972.0
2025-12-30 23:45:00,0.12326,0.1234,0.1232,0.12329,2155701.0
2025-12-31 00:00:00,0.12328,0.12329,0.12285,0.12298,1948122.0
2025-12-31 00:15:00,0.12297,0.1231,0.12291,0.1231,67406.0
2025-12-31 00:30:00,0.12301,0.12318,0.12288,0.12314,149195.0
2025-12-31 00:45:00,0.12312,0.12312,0.1229,0.12294,10020.0
2025-12-31 01:00:00,0.12294,0.12314,0.12289,0.12314,75179.0
2025-12-31 01:15:00,0.12314,0.12364,0.12314,0.12348,258025.0
2025-12-31 01:30:00,0.12351,0.12368,0.12344,0.12344,179437.0
2025-12-31 01:45:00,0.12357,0.12357,0.12321,0.12325,47460.0
2025-12-31 02:00:00,0.12324,0.12341,0.12299,0.1234,50284.0
2025-12-31 02:15:00,0.12338,0.12346,0.12336,0.1234,33587.0
2025-12-31 02:30:00,0.12343,0.12353,0.12334,0.1234,834155.0
2025-12-31 02:45:00,0.12344,0.12351,0.12326,0.12347,419931.0
2025-12-31 03:00:00,0.12349,0.12354,0.12328,0.12328,95140.0
2025-12-31 03:15:00,0.12326,0.12327,0.12307,0.12319,390814.0
2025-12-31 03:30:00,0.12316,0.12323,0.12293,0.12307,437535.0
2025-12-31 03:45:00,0.12307,0.12311,0.12297,0.12304,211959.0
2025-12-31 04:00:00,0.12306,0.12318,0.12302,0.12307,206434.0
2025-12-31 04:15:00,0.12304,0.12311,0.12293,0.12298,51801.0
2025-12-31 04:30:00,0.12303,0.12312,0.12301,0.12301,85496.0
2025-12-31 04:45:00,0.123,0.12301,0.12288,0.12291,83170.0
2025-12-31 05:00:00,0.12291,0.12312,0.12291,0.12305,90433.0
2025-12-31 05:15:00,0.12305,0.12323,0.12301,0.12323,31520.0
2025-12-31 05:30:00,0.12317,0.12319,0.12306,0.12316,21001.0
2025-12-31 05:45:00,0.12318,0.12322,0.12305,0.12308,43466.0
2025-12-31 06:00:00,0.12308,0.12315,0.12302,0.1231,98623.0
2025-12-31 06:15:00,0.12308,0.12309,0.12298,0.12304,42849.0
2025-12-31 06:30:00,0.12306,0.12313,0.12299,0.12301,53249.0
2025-12-31 06:45:00,0.123,0.12308,0.12298,0.123,76820.0
2025-12-31 07:00:00,0.12299,0.12299,0.12282,0.12299,62693.0
2025-12-31 07:15:00,0.12295,0.12315,0.12287,0.12305,81356.0
2025-12-31 07:30:00,0.12307,0.1232,0.12303,0.12316,54923.0
2025-12-31 07:45:00,0.12321,0.12332,0.12312,0.12332,46327.0
2025-12-31 08:00:00,0.12331,0.12364,0.1233,0.12354,351942.0
2025-12-31 08:15:00,0.12354,0.12354,0.12324,0.12332,142939.0
2025-12-31 08:30:00,0.12332,0.12332,0.12293,0.12302,365171.0
2025-12-31 08:45:00,0.12295,0.12305,0.12293,0.12301,162060.0
2025-12-31 09:00:00,0.12302,0.12318,0.12301,0.12305,113976.0
2025-12-31 09:15:00,0.12305,0.12312,0.12298,0.12298,655499.0
2025-12-31 09:30:00,0.12293,0.12307,0.12292,0.12301,380280.0
2025-12-31 09:45:00,0.12302,0.12311,0.12299,0.12308,246079.0
2025-12-31 10:00:00,0.12307,0.12315,0.12301,0.12311,210930.0
2025-12-31 10:15:00,0.12313,0.12321,0.12297,0.12301,192912.0
2025-12-31 10:30:00,0.12302,0.12304,0.12275,0.12292,381407.0
2025-12-31 10:45:00,0.1229,0.12299,0.12279,0.12298,417222.0
2025-12-31 11:00:00,0.12302,0.12334,0.12293,0.12326,379078.0
2025-12-31 11:15:00,0.12319,0.12335,0.12306,0.12335,521494.0
2025-12-31 11:30:00,0.12335,0.12356,0.12327,0.12349,217958.0
2025-12-31 11:45:00,0.12346,0.12348,0.12332,0.12336,356003.0
2025-12-31 12:00:00,0.12336,0.1234,0.1232,0.12321,167548.0
2025-12-31 12:15:00,0.12321,0.12326,0.12307,0.1231,36351.0
2025-12-31 12:30:00,0.12309,0.12317,0.12289,0.1229,231629.0
2025-12-31 12:45:00,0.12288,0.12297,0.12282,0.12292,37747.0
2025-12-31 13:00:00,0.12292,0.12306,0.12288,0.12297,57278.0
2025-12-31 13:15:00,0.12297,0.1232,0.12296,0.12312,216360.0
2025-12-31 13:30:00,0.12306,0.12306,0.12285,0.12292,67865.0
2025-12-31 13:45:00,0.12293,0.12323,0.12293,0.12314,213376.0
2025-12-31 14:00:00,0.12312,0.12369,0.12303,0.12343,559658.0
2025-12-31 14:15:00,0.12344,0.12344,0.12321,0.12323,217834.0
2025-12-31 14:30:00,0.12313,0.12325,0.12291,0.12306,127612.0
2025-12-31 14:45:00,0.12297,0.12316,0.12272,0.12289,654375.0
2025-12-31 15:00:00,0.12292,0.12292,0.12128,0.12181,923838.0
2025-12-31 15:15:00,0.12174,0.12176,0.12125,0.12147,242456.0
2025-12-31 15:30:00,0.12147,0.1215,0.12056,0.12087,674777.0
2025-12-31 15:45:00,0.12086,0.1212,0.12085,0.1211,166752.0
2025-12-31 16:00:00,0.1211,0.1211,0.12078,0.12103,269311.0
2025-12-31 16:15:00,0.12108,0.12145,0.12068,0.12091,352890.0
2025-12-31 16:30:00,0.12081,0.12087,0.11579,0.11831,22982172.0
2025-12-31 16:45:00,0.11817,0.11917,0.11811,0.1189,1699086.0
2025-12-31 17:00:00,0.11891,0.11895,0.11842,0.11851,738829.0
2025-12-31 17:15:00,0.11849,0.11877,0.11838,0.11854,346845.0
2025-12-31 17:30:00,0.11858,0.1187,0.11817,0.11822,221664.0
2025-12-31 17:45:00,0.11819,0.11822,0.11789,0.11793,144388.0
2025-12-31 18:00:00,0.11794,0.11822,0.11742,0.11769,739108.0
2025-12-31 18:15:00,0.11767,0.11803,0.11757,0.11788,629906.0
2025-12-31 18:30:00,0.11785,0.11801,0.11782,0.11791,194505.0
2025-12-31 18:45:00,0.1179,0.1179,0.1171,0.1171,375878.0
2025-12-31 19:00:00,0.11714,0.1175,0.11714,0.11732,275170.0
2025-12-31 19:15:00,0.1173,0.11749,0.11713,0.11742,180263.0
2025-12-31 19:30:00,0.11738,0.11749,0.11723,0.11725,269088.0
2025-12-31 19:45:00,0.11725,0.11741,0.11718,0.1172,237259.0
2025-12-31 20:00:00,0.11721,0.11721,0.11608,0.11646,1017226.0
2025-12-31 20:15:00,0.11637,0.11675,0.11627,0.11663,462074.0
2025-12-31 20:30:00,0.11658,0.11694,0.11634,0.11672,1588127.0
2025-12-31 20:45:00,0.11671,0.11732,0.11667,0.11713,1940133.0
2025-12-31 21:00:00,0.11713,0.11735,0.11704,0.11731,788357.0
2025-12-31 21:15:00,0.11734,0.11748,0.11724,0.11725,230860.0
2025-12-31 21:30:00,0.11723,0.11743,0.1172,0.11743,182148.0
2025-12-31 21:45:00,0.11743,0.11757,0.11736,0.11741,112024.0
2025-12-31 22:00:00,0.1174,0.1174,0.11708,0.11717,833913.0
2025-12-31 22:15:00,0.11713,0.11775,0.11703,0.11774,1004535.0
2025-12-31 22:30:00,0.11769,0.1177,0.11747,0.1175,515076.0
2025-12-31 22:45:00,0.11748,0.11766,0.11748,0.11763,807644.0
2025-12-31 23:00:00,0.1176,0.11761,0.11741,0.11755,355444.0
2025-12-31 23:15:00,0.11752,0.11752,0.11744,0.11751,52167.0
2025-12-31 23:30:00,0.11751,0.11754,0.11746,0.11747,375389.0
2025-12-31 23:45:00,0.11733,0.11743,0.11729,0.11736,316015.0
2026-01-01 00:00:00,0.1174,0.1177,0.11739,0.11764,262139.0
2026-01-01 00:15:00,0.11765,0.11783,0.11764,0.11781,87747.0
2026-01-01 00:30:00,0.1178,0.1179,0.11771,0.11771,174442.0
2026-01-01 00:45:00,0.11771,0.11789,0.11769,0.11789,85779.0
2026-01-01 01:00:00,0.11786,0.11843,0.11786,0.11841,274149.0
2026-01-01 01:15:00,0.11843,0.11845,0.11805,0.11808,509504.0
2026-01-01 01:30:00,0.11806,0.11834,0.11806,0.11829,266333.0
2026-01-01 01:45:00,0.11829,0.1186,0.11827,0.11845,131056.0
2026-01-01 02:00:00,0.11849,0.11856,0.11831,0.11831,174288.0
2026-01-01 02:15:00,0.11835,0.11847,0.11829,0.11841,145767.0
2026-01-01 02:30:00,0.11842,0.11873,0.1184,0.11855,155022.0
2026-01-01 02:45:00,0.11853,0.11858,0.11849,0.11853,84192.0
2026-01-01 03:00:00,0.1185,0.11857,0.11813,0.11825,111949.0
2026-01-01 03:15:00,0.11825,0.11849,0.11818,0.11849,7624.0
2026-01-01 03:30:00,0.11842,0.11863,0.11832,0.11853,127266.0
2026-01-01 03:45:00,0.11845,0.11849,0.11817,0.11818,224579.0
2026-01-01 04:00:00,0.11825,0.11836,0.11804,0.11824,253262.0
2026-01-01 04:15:00,0.11822,0.11824,0.11816,0.11817,57901.0
2026-01-01 04:30:00,0.11819,0.1182,0.1179,0.1179,5272.0
2026-01-01 04:45:00,0.11798,0.11808,0.11793,0.11794,43178.0
2026-01-01 05:00:00,0.11796,0.11841,0.11795,0.11834,122600.0
2026-01-01 05:15:00,0.11847,0.11851,0.11839,0.11843,114742.0
2026-01-01 05:30:00,0.1184,0.11864,0.11839,0.11849,680566.0
2026-01-01 05:45:00,0.11849,0.11852,0.11843,0.11848,92744.0
2026-01-01 06:00:00,0.11848,0.11857,0.11837,0.11852,127681.0
2026-01-01 06:15:00,0.11852,0.11855,0.11836,0.11838,49938.0
2026-01-01 06:30:00,0.11834,0.11836,0.11828,0.1183,35695.0
2026-01-01 06:45:00,0.11833,0.1184,0.11827,0.11838,8234.0
2026-01-01 07:00:00,0.11839,0.11858,0.11839,0.11848,56500.0
2026-01-01 07:15:00,0.11852,0.11853,0.11835,0.11836,48000.0
2026-01-01 07:30:00,0.11837,0.11859,0.11836,0.11853,7734.0
2026-01-01 07:45:00,0.11842,0.11853,0.1184,0.11842,8544.0
2026-01-01 08:00:00,0.11837,0.11855,0.11836,0.11849,89880.0
2026-01-01 08:15:00,0.11852,0.11915,0.11848,0.11899,416647.0
2026-01-01 08:30:00,0.11899,0.11932,0.11898,0.11932,307541.0
2026-01-01 08:45:00,0.11932,0.12038,0.11932,0.12032,221715.0
2026-01-01 09:00:00,0.12033,0.12114,0.12033,0.12072,1536330.0
2026-01-01 09:15:00,0.12068,0.12099,0.12057,0.1209,205865.0
2026-01-01 09:30:00,0.12089,0.12102,0.12083,0.12096,187413.0
2026-01-01 09:45:00,0.12093,0.12095,0.12014,0.12028,123863.0
2026-01-01 10:00:00,0.12035,0.1204,0.12018,0.12034,204864.0
2026-01-01 10:15:00,0.12025,0.12058,0.12021,0.12055,23887.0
2026-01-01 10:30:00,0.12047,0.12061,0.12043,0.12052,111237.0
2026-01-01 10:45:00,0.12053,0.12066,0.12042,0.12048,241131.0
2026-01-01 11:00:00,0.12054,0.12069,0.12054,0.12065,97508.0
2026-01-01 11:15:00,0.1207,0.12074,0.12044,0.12049,553752.0
2026-01-01 11:30:00,0.12046,0.12051,0.12033,0.12041,326650.0
2026-01-01 11:45:00,0.12044,0.12065,0.12044,0.12059,155632.0
2026-01-01 12:00:00,0.1206,0.12071,0.12059,0.12062,108638.0
2026-01-01 12:15:00,0.12061,0.12061,0.12046,0.12053,107510.0
2026-01-01 12:30:00,0.12048,0.1205,0.12043,0.12045,26212.0
2026-01-01 12:45:00,0.12048,0.12061,0.12048,0.12058,220462.0
2026-01-01 13:00:00,0.12054,0.12078,0.1205,0.12075,79066.0
2026-01-01 13:15:00,0.12078,0.12095,0.12078,0.12079,168128.0
2026-01-01 13:30:00,0.1208,0.12095,0.1208,0.12084,26250.0
2026-01-01 13:45:00,0.12081,0.12097,0.12077,0.12077,105983.0
2026-01-01 14:00:00,0.12074,0.12098,0.12072,0.12094,280149.0
2026-01-01 14:15:00,0.12094,0.12094,0.12032,0.12033,76158.0
2026-01-01 14:30:00,0.12033,0.12053,0.12026,0.12044,139983.0
2026-01-01 14:45:00,0.1204,0.12088,0.12038,0.12069,220872.0
2026-01-01 15:00:00,0.12071,0.12081,0.12064,0.12077,88765.0
2026-01-01 15:15:00,0.12077,0.12112,0.12077,0.12097,197293.0
2026-01-01 15:30:00,0.12102,0.12389,0.12102,0.12312,1849963.0
2026-01-01 15:45:00,0.12317,0.12727,0.12317,0.1246,8326740.0
2026-01-01 16:00:00,0.12464,0.12522,0.1242,0.12505,4061377.0
2026-01-01 16:15:00,0.12505,0.12545,0.12415,0.12465,1531458.0
2026-01-01 16:30:00,0.1247,0.12498,0.1236,0.12369,1124819.0
2026-01-01 16:45:00,0.12384,0.12435,0.12382,0.12435,649344.0
2026-01-01 17:00:00,0.12435,0.12461,0.12427,0.12448,262405.0
2026-01-01 17:15:00,0.12457,0.12482,0.12444,0.12477,176605.0
2026-01-01 17:30:00,0.1248,0.12528,0.1248,0.12514,687468.0
2026-01-01 17:45:00,0.12523,0.12543,0.12465,0.12485,511624.0
2026-01-01 18:00:00,0.12486,0.12523,0.12466,0.12473,635440.0
2026-01-01 18:15:00,0.12455,0.12498,0.12455,0.12459,562274.0
2026-01-01 18:30:00,0.12467,0.12477,0.12448,0.12471,116403.0
2026-01-01 18:45:00,0.12473,0.12487,0.12459,0.12471,85555.0
2026-01-01 19:00:00,0.12478,0.12525,0.12468,0.12512,1752145.0
2026-01-01 19:15:00,0.12521,0.12532,0.1251,0.12519,84300.0
2026-01-01 19:30:00,0.12516,0.12575,0.12506,0.12564,2305686.0
2026-01-01 19:45:00,0.12563,0.12583,0.12549,0.12572,41835.0
2026-01-01 20:00:00,0.12588,0.12631,0.12568,0.12594,522964.0
2026-01-01 20:15:00,0.12585,0.12595,0.12574,0.12574,204973.0
2026-01-01 20:30:00,0.12573,0.12619,0.12545,0.12584,569199.0
2026-01-01 20:45:00,0.1258,0.12607,0.1258,0.12606,37719.0
2026-01-01 21:00:00,0.12607,0.12623,0.12585,0.12598,195736.0
2026-01-01 21:15:00,0.12599,0.12605,0.12587,0.12587,1051911.0
2026-01-01 21:30:00,0.12579,0.1259,0.12561,0.12572,715781.0
2026-01-01 21:45:00,0.12573,0.12624,0.12573,0.1262,166560.0
2026-01-01 22:00:00,0.12622,0.12684,0.12622,0.1266,448724.0
2026-01-01 22:15:00,0.12666,0.12679,0.12658,0.12674,733612.0
2026-01-01 22:30:00,0.12682,0.12692,0.12623,0.12638,392279.0
2026-01-01 22:45:00,0.1264,0.12659,0.12638,0.12658,272610.0
2026-01-01 23:00:00,0.12661,0.1269,0.12637,0.12667,917385.0
2026-01-01 23:15:00,0.12675,0.12716,0.12656,0.12668,1401374.0
2026-01-01 23:30:00,0.1267,0.12681,0.12662,0.12674,338346.0
2026-01-01 23:45:00,0.12672,0.12683,0.12653,0.12678,421786.0
2026-01-02 00:00:00,0.12678,0.1269,0.12631,0.12637,1460531.0
2026-01-02 00:15:00,0.12639,0.12643,0.12607,0.12607,446015.0
2026-01-02 00:30:00,0.12604,0.12633,0.12587,0.12594,380668.0
2026-01-02 00:45:00,0.12599,0.12642,0.12594,0.12641,230358.0
2026-01-02 01:00:00,0.12642,0.1266,0.1262,0.1265,1126752.0
2026-01-02 01:15:00,0.12646,0.12684,0.1263,0.12671,429721.0
2026-01-02 01:30:00,0.12677,0.12678,0.12635,0.12649,538602.0
2026-01-02 01:45:00,0.12649,0.12664,0.12635,0.12655,1528169.0
2026-01-02 02:00:00,0.12654,0.12654,0.12628,0.12637,821843.0
2026-01-02 02:15:00,0.12637,0.12644,0.12619,0.12624,714651.0
2026-01-02 02:30:00,0.12621,0.12669,0.12621,0.12661,402487.0
2026-01-02 02:45:00,0.12662,0.1269,0.12656,0.12681,303639.0
2026-01-02 03:00:00,0.12677,0.12698,0.12654,0.12698,2568968.0
2026-01-02 03:15:00,0.12702,0.12733,0.12688,0.12701,2126291.0
2026-01-02 03:30:00,0.1271,0.12864,0.1271,0.12829,7966798.0
2026-01-02 03:45:00,0.12832,0.1294,0.12831,0.12853,1230823.0
2026-01-02 04:00:00,0.12865,0.12901,0.12851,0.1288,576033.0
2026-01-02 04:15:00,0.12874,0.12881,0.12785,0.12785,6589962.0
2026-01-02 04:30:00,0.12782,0.12836,0.12782,0.12806,367121.0
2026-01-02 04:45:00,0.12805,0.12842,0.12803,0.12825,166777.0
2026-01-02 05:00:00,0.12832,0.12834,0.12795,0.12802,151500.0
2026-01-02 05:15:00,0.12801,0.12811,0.12744,0.12748,1578525.0
2026-01-02 05:30:00,0.12752,0.12789,0.12751,0.12787,3465706.0
2026-01-02 05:45:00,0.12795,0.12824,0.12792,0.12809,106640.0
2026-01-02 06:00:00,0.12809,0.1287,0.12809,0.12846,355472.0
2026-01-02 06:15:00,0.12849,0.12871,0.12844,0.1286,230993.0
2026-01-02 06:30:00,0.12859,0.12877,0.12851,0.12859,74204.0
2026-01-02 06:45:00,0.1287,0.12874,0.12848,0.12849,74897.0
2026-01-02 07:00:00,0.12851,0.12868,0.12851,0.12861,64609.0
2026-01-02 07:15:00,0.12857,0.12857,0.12793,0.12799,128184.0
2026-01-02 07:30:00,0.128,0.12801,0.12765,0.12779,54639.0
2026-01-02 07:45:00,0.12782,0.12792,0.12773,0.12782,180046.0
2026-01-02 08:00:00,0.12788,0.12865,0.12786,0.12855,143025.0
2026-01-02 08:15:00,0.12842,0.12842,0.12802,0.12808,1965893.0
2026-01-02 08:30:00,0.12799,0.12854,0.12798,0.1285,436464.0
2026-01-02 08:45:00,0.1285,0.12884,0.1285,0.12884,363928.0
2026-01-02 09:00:00,0.12881,0.12933,0.12868,0.12893,611227.0
2026-01-02 09:15:00,0.12905,0.12905,0.12869,0.12888,558648.0
2026-01-02 09:30:00,0.12886,0.13037,0.12881,0.13035,1534685.0
2026-01-02 09:45:00,0.13035,0.13449,0.13008,0.13264,12159636.0
2026-01-02 10:00:00,0.13272,0.13338,0.13256,0.13309,1912939.0
2026-01-02 10:15:00,0.13304,0.13327,0.13197,0.13212,17316427.0
2026-01-02 10:30:00,0.13209,0.13281,0.13207,0.13255,1387176.0
2026-01-02 10:45:00,0.13257,0.13303,0.13246,0.13293,6002084.0
2026-01-02 11:00:00,0.13298,0.13298,0.13256,0.13261,3110656.0
2026-01-02 11:15:00,0.13256,0.13267,0.13206,0.13206,174300.0
2026-01-02 11:30:00,0.13213,0.13221,0.12981,0.13006,2195199.0
2026-01-02 11:45:00,0.13007,0.13007,0.12851,0.12942,2009722.0
2026-01-02 12:00:00,0.12941,0.12975,0.12922,0.12955,421636.0
2026-01-02 12:15:00,0.12958,0.12988,0.12941,0.12988,231574.0
2026-01-02 12:30:00,0.12987,0.13176,0.12987,0.13128,3716618.0
2026-01-02 12:45:00,0.13133,0.13171,0.13126,0.13135,324130.0
2026-01-02 13:00:00,0.13134,0.13173,0.13116,0.13144,860094.0
2026-01-02 13:15:00,0.13144,0.13238,0.13144,0.13201,797862.0
2026-01-02 13:30:00,0.132,0.13224,0.13176,0.13209,1059779.0
2026-01-02 13:45:00,0.13208,0.13208,0.13149,0.13163,457689.0
2026-01-02 14:00:00,0.13172,0.13202,0.13091,0.13146,773856.0
2026-01-02 14:15:00,0.13143,0.13143,0.12994,0.13054,4465960.0
2026-01-02 14:30:00,0.13053,0.13428,0.12956,0.13307,15103551.0
2026-01-02 14:45:00,0.13315,0.13529,0.1326,0.13396,5633060.0
2026-01-02 15:00:00,0.134,0.13458,0.13346,0.13376,1532210.0
2026-01-02 15:15:00,0.13355,0.13432,0.13305,0.13376,540673.0
2026-01-02 15:30:00,0.13377,0.13609,0.13358,0.13557,3131970.0
2026-01-02 15:45:00,0.13555,0.13563,0.13478,0.13522,913113.0
2026-01-02 16:00:00,0.13524,0.13586,0.13478,0.13576,1692831.0
2026-01-02 16:15:00,0.13584,0.13775,0.13565,0.1371,6198350.0
2026-01-02 16:30:00,0.13715,0.1384,0.13684,0.1372,3420073.0
2026-01-02 16:45:00,0.13734,0.13836,0.1371,0.1383,2864147.0
2026-01-02 17:00:00,0.13828,0.13935,0.13815,0.13873,5643807.0
2026-01-02 17:15:00,0.13873,0.13918,0.1386,0.13878,1307988.0
2026-01-02 17:30:00,0.13874,0.13886,0.13837,0.13874,110065.0
